{"2980000":{"prefectureJa":"千葉県","cityJa":"いすみ市","townJa":"以下に掲載がない場合","prefectureEn":"CHIBA KEN","cityEn":"ISUMI SHI","townEn":"IKANIKEISAIGANAIBAAI"},"2980001":{"prefectureJa":"千葉県","cityJa":"いすみ市","townJa":"若山","prefectureEn":"CHIBA KEN","cityEn":"ISUMI SHI","townEn":"WAKAYAMA"},"2980002":{"prefectureJa":"千葉県","cityJa":"いすみ市","townJa":"日在","prefectureEn":"CHIBA KEN","cityEn":"ISUMI SHI","townEn":"HIARI"},"2980003":{"prefectureJa":"千葉県","cityJa":"いすみ市","townJa":"深堀","prefectureEn":"CHIBA KEN","cityEn":"ISUMI SHI","townEn":"FUKAHORI"},"2980004":{"prefectureJa":"千葉県","cityJa":"いすみ市","townJa":"大原","prefectureEn":"CHIBA KEN","cityEn":"ISUMI SHI","townEn":"OHARA"},"2980005":{"prefectureJa":"千葉県","cityJa":"いすみ市","townJa":"新田","prefectureEn":"CHIBA KEN","cityEn":"ISUMI SHI","townEn":"NITTA"},"2980006":{"prefectureJa":"千葉県","cityJa":"いすみ市","townJa":"大原最上台","prefectureEn":"CHIBA KEN","cityEn":"ISUMI SHI","townEn":"OHARAMOGAMIDAI"},"2980011":{"prefectureJa":"千葉県","cityJa":"いすみ市","townJa":"岩船","prefectureEn":"CHIBA KEN","cityEn":"ISUMI SHI","townEn":"IWAFUNE"},"2980012":{"prefectureJa":"千葉県","cityJa":"いすみ市","townJa":"小沢","prefectureEn":"CHIBA KEN","cityEn":"ISUMI SHI","townEn":"OZAWA"},"2980013":{"prefectureJa":"千葉県","cityJa":"いすみ市","townJa":"小池","prefectureEn":"CHIBA KEN","cityEn":"ISUMI SHI","townEn":"OIKE"},"2980014":{"prefectureJa":"千葉県","cityJa":"いすみ市","townJa":"大原台","prefectureEn":"CHIBA KEN","cityEn":"ISUMI SHI","townEn":"OHARADAI"},"2980015":{"prefectureJa":"千葉県","cityJa":"いすみ市","townJa":"釈迦谷","prefectureEn":"CHIBA KEN","cityEn":"ISUMI SHI","townEn":"SHAKAYATSU"},"2980016":{"prefectureJa":"千葉県","cityJa":"いすみ市","townJa":"新田若山深堀入会地","prefectureEn":"CHIBA KEN","cityEn":"ISUMI SHI","townEn":"NITTAWAKAYAMAFUKAHORIIRIAICHI"},"2980017":{"prefectureJa":"千葉県","cityJa":"いすみ市","townJa":"下布施","prefectureEn":"CHIBA KEN","cityEn":"ISUMI SHI","townEn":"SHIMOBUSE"},"2980018":{"prefectureJa":"千葉県","cityJa":"いすみ市","townJa":"上布施","prefectureEn":"CHIBA KEN","cityEn":"ISUMI SHI","townEn":"KAMIBUSE"},"2980021":{"prefectureJa":"千葉県","cityJa":"いすみ市","townJa":"高谷","prefectureEn":"CHIBA KEN","cityEn":"ISUMI SHI","townEn":"TAKADANI"},"2980022":{"prefectureJa":"千葉県","cityJa":"いすみ市","townJa":"佐室","prefectureEn":"CHIBA KEN","cityEn":"ISUMI SHI","townEn":"SAMURO"},"2980023":{"prefectureJa":"千葉県","cityJa":"いすみ市","townJa":"沢部","prefectureEn":"CHIBA KEN","cityEn":"ISUMI SHI","townEn":"SAWABE"},"2980024":{"prefectureJa":"千葉県","cityJa":"いすみ市","townJa":"長志","prefectureEn":"CHIBA KEN","cityEn":"ISUMI SHI","townEn":"NAGASHI"},"2980025":{"prefectureJa":"千葉県","cityJa":"いすみ市","townJa":"山田","prefectureEn":"CHIBA KEN","cityEn":"ISUMI SHI","townEn":"YAMADA"},"2980026":{"prefectureJa":"千葉県","cityJa":"いすみ市","townJa":"新田野","prefectureEn":"CHIBA KEN","cityEn":"ISUMI SHI","townEn":"NITTANO"},"2980027":{"prefectureJa":"千葉県","cityJa":"いすみ市","townJa":"下原","prefectureEn":"CHIBA KEN","cityEn":"ISUMI SHI","townEn":"SHIMOHARA"},"2980028":{"prefectureJa":"千葉県","cityJa":"いすみ市","townJa":"細尾","prefectureEn":"CHIBA KEN","cityEn":"ISUMI SHI","townEn":"HOSO"},"2980029":{"prefectureJa":"千葉県","cityJa":"いすみ市","townJa":"大和田","prefectureEn":"CHIBA KEN","cityEn":"ISUMI SHI","townEn":"OWADA"},"2980101":{"prefectureJa":"千葉県","cityJa":"いすみ市","townJa":"小又井","prefectureEn":"CHIBA KEN","cityEn":"ISUMI SHI","townEn":"KOMATAI"},"2980102":{"prefectureJa":"千葉県","cityJa":"いすみ市","townJa":"小高","prefectureEn":"CHIBA KEN","cityEn":"ISUMI SHI","townEn":"ODAKA"},"2980103":{"prefectureJa":"千葉県","cityJa":"いすみ市","townJa":"神置","prefectureEn":"CHIBA KEN","cityEn":"ISUMI SHI","townEn":"KAMIOKI"},"2980104":{"prefectureJa":"千葉県","cityJa":"いすみ市","townJa":"松丸","prefectureEn":"CHIBA KEN","cityEn":"ISUMI SHI","townEn":"MATSUMARU"},"2980105":{"prefectureJa":"千葉県","cityJa":"いすみ市","townJa":"能実","prefectureEn":"CHIBA KEN","cityEn":"ISUMI SHI","townEn":"NOJITSU"},"2980106":{"prefectureJa":"千葉県","cityJa":"いすみ市","townJa":"須賀谷","prefectureEn":"CHIBA KEN","cityEn":"ISUMI SHI","townEn":"SUGAYA"},"2980111":{"prefectureJa":"千葉県","cityJa":"いすみ市","townJa":"万木","prefectureEn":"CHIBA KEN","cityEn":"ISUMI SHI","townEn":"MANGI"},"2980112":{"prefectureJa":"千葉県","cityJa":"いすみ市","townJa":"国府台","prefectureEn":"CHIBA KEN","cityEn":"ISUMI SHI","townEn":"KONODAI"},"2980113":{"prefectureJa":"千葉県","cityJa":"いすみ市","townJa":"大野","prefectureEn":"CHIBA KEN","cityEn":"ISUMI SHI","townEn":"ONO"},"2980114":{"prefectureJa":"千葉県","cityJa":"いすみ市","townJa":"札森","prefectureEn":"CHIBA KEN","cityEn":"ISUMI SHI","townEn":"SATSUMORI"},"2980115":{"prefectureJa":"千葉県","cityJa":"いすみ市","townJa":"柿和田","prefectureEn":"CHIBA KEN","cityEn":"ISUMI SHI","townEn":"KAKIWADA"},"2980116":{"prefectureJa":"千葉県","cityJa":"いすみ市","townJa":"正立寺","prefectureEn":"CHIBA KEN","cityEn":"ISUMI SHI","townEn":"SHORYUJI"},"2980117":{"prefectureJa":"千葉県","cityJa":"いすみ市","townJa":"増田","prefectureEn":"CHIBA KEN","cityEn":"ISUMI SHI","townEn":"MASUDA"},"2980121":{"prefectureJa":"千葉県","cityJa":"いすみ市","townJa":"島","prefectureEn":"CHIBA KEN","cityEn":"ISUMI SHI","townEn":"SHIMA"},"2980122":{"prefectureJa":"千葉県","cityJa":"いすみ市","townJa":"楽町","prefectureEn":"CHIBA KEN","cityEn":"ISUMI SHI","townEn":"RAKUMACHI"},"2980123":{"prefectureJa":"千葉県","cityJa":"いすみ市","townJa":"苅谷","prefectureEn":"CHIBA KEN","cityEn":"ISUMI SHI","townEn":"KARIYA"},"2980124":{"prefectureJa":"千葉県","cityJa":"いすみ市","townJa":"弥正","prefectureEn":"CHIBA KEN","cityEn":"ISUMI SHI","townEn":"YAMASA"},"2980125":{"prefectureJa":"千葉県","cityJa":"いすみ市","townJa":"深谷","prefectureEn":"CHIBA KEN","cityEn":"ISUMI SHI","townEn":"FUKAYA"},"2980126":{"prefectureJa":"千葉県","cityJa":"いすみ市","townJa":"今関","prefectureEn":"CHIBA KEN","cityEn":"ISUMI SHI","townEn":"IMAZEKI"},"2980131":{"prefectureJa":"千葉県","cityJa":"いすみ市","townJa":"荻原","prefectureEn":"CHIBA KEN","cityEn":"ISUMI SHI","townEn":"OGIWARA"},"2980132":{"prefectureJa":"千葉県","cityJa":"いすみ市","townJa":"八乙女","prefectureEn":"CHIBA KEN","cityEn":"ISUMI SHI","townEn":"YAOTOME"},"2980133":{"prefectureJa":"千葉県","cityJa":"いすみ市","townJa":"引田","prefectureEn":"CHIBA KEN","cityEn":"ISUMI SHI","townEn":"HIKIDA"},"2980134":{"prefectureJa":"千葉県","cityJa":"いすみ市","townJa":"行川","prefectureEn":"CHIBA KEN","cityEn":"ISUMI SHI","townEn":"NAMEGAWA"},"2980135":{"prefectureJa":"千葉県","cityJa":"いすみ市","townJa":"作田","prefectureEn":"CHIBA KEN","cityEn":"ISUMI SHI","townEn":"SAKUDA"},"2980200":{"prefectureJa":"千葉県","cityJa":"夷隅郡大多喜町","townJa":"以下に掲載がない場合","prefectureEn":"CHIBA KEN","cityEn":"ISUMI GUN OTAKI MACHI","townEn":"IKANIKEISAIGANAIBAAI"},"2980201":{"prefectureJa":"千葉県","cityJa":"夷隅郡大多喜町","townJa":"小土呂","prefectureEn":"CHIBA KEN","cityEn":"ISUMI GUN OTAKI MACHI","townEn":"ODORO"},"2980202":{"prefectureJa":"千葉県","cityJa":"夷隅郡大多喜町","townJa":"下大多喜","prefectureEn":"CHIBA KEN","cityEn":"ISUMI GUN OTAKI MACHI","townEn":"SHIMOOTAKI"},"2980203":{"prefectureJa":"千葉県","cityJa":"夷隅郡大多喜町","townJa":"森宮","prefectureEn":"CHIBA KEN","cityEn":"ISUMI GUN OTAKI MACHI","townEn":"MORIMIYA"},"2980204":{"prefectureJa":"千葉県","cityJa":"夷隅郡大多喜町","townJa":"船子","prefectureEn":"CHIBA KEN","cityEn":"ISUMI GUN OTAKI MACHI","townEn":"FUNAKO"},"2980205":{"prefectureJa":"千葉県","cityJa":"夷隅郡大多喜町","townJa":"上原西部田柳原入会","prefectureEn":"CHIBA KEN","cityEn":"ISUMI GUN OTAKI MACHI","townEn":"UEBARANISHIBETAYANABARAIRIAI"},"2980206":{"prefectureJa":"千葉県","cityJa":"夷隅郡大多喜町","townJa":"横山","prefectureEn":"CHIBA KEN","cityEn":"ISUMI GUN OTAKI MACHI","townEn":"YOKOYAMA"},"2980207":{"prefectureJa":"千葉県","cityJa":"夷隅郡大多喜町","townJa":"泉水","prefectureEn":"CHIBA KEN","cityEn":"ISUMI GUN OTAKI MACHI","townEn":"SENZUI"},"2980211":{"prefectureJa":"千葉県","cityJa":"夷隅郡大多喜町","townJa":"紺屋","prefectureEn":"CHIBA KEN","cityEn":"ISUMI GUN OTAKI MACHI","townEn":"KOYA"},"2980212":{"prefectureJa":"千葉県","cityJa":"夷隅郡大多喜町","townJa":"猿稲","prefectureEn":"CHIBA KEN","cityEn":"ISUMI GUN OTAKI MACHI","townEn":"SARUINE"},"2980213":{"prefectureJa":"千葉県","cityJa":"夷隅郡大多喜町","townJa":"桜台","prefectureEn":"CHIBA KEN","cityEn":"ISUMI GUN OTAKI MACHI","townEn":"SAKURADAI"},"2980214":{"prefectureJa":"千葉県","cityJa":"夷隅郡大多喜町","townJa":"新丁","prefectureEn":"CHIBA KEN","cityEn":"ISUMI GUN OTAKI MACHI","townEn":"SHIMMACHI"},"2980215":{"prefectureJa":"千葉県","cityJa":"夷隅郡大多喜町","townJa":"久保","prefectureEn":"CHIBA KEN","cityEn":"ISUMI GUN OTAKI MACHI","townEn":"KUBO"},"2980216":{"prefectureJa":"千葉県","cityJa":"夷隅郡大多喜町","townJa":"大多喜","prefectureEn":"CHIBA KEN","cityEn":"ISUMI GUN OTAKI MACHI","townEn":"OTAKI"},"2980217":{"prefectureJa":"千葉県","cityJa":"夷隅郡大多喜町","townJa":"田丁","prefectureEn":"CHIBA KEN","cityEn":"ISUMI GUN OTAKI MACHI","townEn":"TAMACHI"},"2980221":{"prefectureJa":"千葉県","cityJa":"夷隅郡大多喜町","townJa":"柳原","prefectureEn":"CHIBA KEN","cityEn":"ISUMI GUN OTAKI MACHI","townEn":"YANABARA"},"2980222":{"prefectureJa":"千葉県","cityJa":"夷隅郡大多喜町","townJa":"八声","prefectureEn":"CHIBA KEN","cityEn":"ISUMI GUN OTAKI MACHI","townEn":"YAKOE"},"2980223":{"prefectureJa":"千葉県","cityJa":"夷隅郡大多喜町","townJa":"上原","prefectureEn":"CHIBA KEN","cityEn":"ISUMI GUN OTAKI MACHI","townEn":"UEBARA"},"2980224":{"prefectureJa":"千葉県","cityJa":"夷隅郡大多喜町","townJa":"堀之内","prefectureEn":"CHIBA KEN","cityEn":"ISUMI GUN OTAKI MACHI","townEn":"HORINOCHI"},"2980225":{"prefectureJa":"千葉県","cityJa":"夷隅郡大多喜町","townJa":"大戸","prefectureEn":"CHIBA KEN","cityEn":"ISUMI GUN OTAKI MACHI","townEn":"OTO"},"2980226":{"prefectureJa":"千葉県","cityJa":"夷隅郡大多喜町","townJa":"部田","prefectureEn":"CHIBA KEN","cityEn":"ISUMI GUN OTAKI MACHI","townEn":"HETA"},"2980227":{"prefectureJa":"千葉県","cityJa":"夷隅郡大多喜町","townJa":"西部田","prefectureEn":"CHIBA KEN","cityEn":"ISUMI GUN OTAKI MACHI","townEn":"NISHIBETA"},"2980228":{"prefectureJa":"千葉県","cityJa":"夷隅郡大多喜町","townJa":"小谷松","prefectureEn":"CHIBA KEN","cityEn":"ISUMI GUN OTAKI MACHI","townEn":"KOYAMATSU"},"2980231":{"prefectureJa":"千葉県","cityJa":"夷隅郡大多喜町","townJa":"馬場内","prefectureEn":"CHIBA KEN","cityEn":"ISUMI GUN OTAKI MACHI","townEn":"BABAUCHI"},"2980232":{"prefectureJa":"千葉県","cityJa":"夷隅郡大多喜町","townJa":"小内","prefectureEn":"CHIBA KEN","cityEn":"ISUMI GUN OTAKI MACHI","townEn":"KOCHI"},"2980233":{"prefectureJa":"千葉県","cityJa":"夷隅郡大多喜町","townJa":"笛倉","prefectureEn":"CHIBA KEN","cityEn":"ISUMI GUN OTAKI MACHI","townEn":"FUEGURA"},"2980234":{"prefectureJa":"千葉県","cityJa":"夷隅郡大多喜町","townJa":"押沼","prefectureEn":"CHIBA KEN","cityEn":"ISUMI GUN OTAKI MACHI","townEn":"OSHINUMA"},"2980235":{"prefectureJa":"千葉県","cityJa":"夷隅郡大多喜町","townJa":"宇筒原","prefectureEn":"CHIBA KEN","cityEn":"ISUMI GUN OTAKI MACHI","townEn":"UTOBARA"},"2980236":{"prefectureJa":"千葉県","cityJa":"夷隅郡大多喜町","townJa":"百鉾","prefectureEn":"CHIBA KEN","cityEn":"ISUMI GUN OTAKI MACHI","townEn":"MOFUKU"},"2980237":{"prefectureJa":"千葉県","cityJa":"夷隅郡大多喜町","townJa":"原内","prefectureEn":"CHIBA KEN","cityEn":"ISUMI GUN OTAKI MACHI","townEn":"HARAUCHI"},"2980238":{"prefectureJa":"千葉県","cityJa":"夷隅郡大多喜町","townJa":"小内笛倉入会","prefectureEn":"CHIBA KEN","cityEn":"ISUMI GUN OTAKI MACHI","townEn":"KOCHIFUEGURAIRIAI"},"2980241":{"prefectureJa":"千葉県","cityJa":"夷隅郡大多喜町","townJa":"紙敷","prefectureEn":"CHIBA KEN","cityEn":"ISUMI GUN OTAKI MACHI","townEn":"KAMISHIKI"},"2980242":{"prefectureJa":"千葉県","cityJa":"夷隅郡大多喜町","townJa":"小苗","prefectureEn":"CHIBA KEN","cityEn":"ISUMI GUN OTAKI MACHI","townEn":"KOMYO"},"2980243":{"prefectureJa":"千葉県","cityJa":"夷隅郡大多喜町","townJa":"湯倉","prefectureEn":"CHIBA KEN","cityEn":"ISUMI GUN OTAKI MACHI","townEn":"YUGURA"},"2980244":{"prefectureJa":"千葉県","cityJa":"夷隅郡大多喜町","townJa":"松尾","prefectureEn":"CHIBA KEN","cityEn":"ISUMI GUN OTAKI MACHI","townEn":"MATSUO"},"2980245":{"prefectureJa":"千葉県","cityJa":"夷隅郡大多喜町","townJa":"弥喜用","prefectureEn":"CHIBA KEN","cityEn":"ISUMI GUN OTAKI MACHI","townEn":"YAKIYO"},"2980246":{"prefectureJa":"千葉県","cityJa":"夷隅郡大多喜町","townJa":"庄司","prefectureEn":"CHIBA KEN","cityEn":"ISUMI GUN OTAKI MACHI","townEn":"SHOJI"},"2980251":{"prefectureJa":"千葉県","cityJa":"夷隅郡大多喜町","townJa":"久我原","prefectureEn":"CHIBA KEN","cityEn":"ISUMI GUN OTAKI MACHI","townEn":"KUGAHARA"},"2980252":{"prefectureJa":"千葉県","cityJa":"夷隅郡大多喜町","townJa":"三又","prefectureEn":"CHIBA KEN","cityEn":"ISUMI GUN OTAKI MACHI","townEn":"MIMATA"},"2980253":{"prefectureJa":"千葉県","cityJa":"夷隅郡大多喜町","townJa":"川畑","prefectureEn":"CHIBA KEN","cityEn":"ISUMI GUN OTAKI MACHI","townEn":"KAWAHATA"},"2980254":{"prefectureJa":"千葉県","cityJa":"夷隅郡大多喜町","townJa":"平沢","prefectureEn":"CHIBA KEN","cityEn":"ISUMI GUN OTAKI MACHI","townEn":"HIRASAWA"},"2980255":{"prefectureJa":"千葉県","cityJa":"夷隅郡大多喜町","townJa":"黒原","prefectureEn":"CHIBA KEN","cityEn":"ISUMI GUN OTAKI MACHI","townEn":"KUROHARA"},"2980256":{"prefectureJa":"千葉県","cityJa":"夷隅郡大多喜町","townJa":"石神","prefectureEn":"CHIBA KEN","cityEn":"ISUMI GUN OTAKI MACHI","townEn":"ISHIGAMI"},"2980261":{"prefectureJa":"千葉県","cityJa":"夷隅郡大多喜町","townJa":"板谷","prefectureEn":"CHIBA KEN","cityEn":"ISUMI GUN OTAKI MACHI","townEn":"ITAYA"},"2980262":{"prefectureJa":"千葉県","cityJa":"夷隅郡大多喜町","townJa":"堀切","prefectureEn":"CHIBA KEN","cityEn":"ISUMI GUN OTAKI MACHI","townEn":"HORIKIRI"},"2980263":{"prefectureJa":"千葉県","cityJa":"夷隅郡大多喜町","townJa":"伊保田","prefectureEn":"CHIBA KEN","cityEn":"ISUMI GUN OTAKI MACHI","townEn":"IHOTA"},"2980264":{"prefectureJa":"千葉県","cityJa":"夷隅郡大多喜町","townJa":"大田代","prefectureEn":"CHIBA KEN","cityEn":"ISUMI GUN OTAKI MACHI","townEn":"OTADAI"},"2980265":{"prefectureJa":"千葉県","cityJa":"夷隅郡大多喜町","townJa":"小田代","prefectureEn":"CHIBA KEN","cityEn":"ISUMI GUN OTAKI MACHI","townEn":"KOTADAI"},"2980266":{"prefectureJa":"千葉県","cityJa":"夷隅郡大多喜町","townJa":"筒森","prefectureEn":"CHIBA KEN","cityEn":"ISUMI GUN OTAKI MACHI","townEn":"TSUTSUMORI"},"2980267":{"prefectureJa":"千葉県","cityJa":"夷隅郡大多喜町","townJa":"葛藤","prefectureEn":"CHIBA KEN","cityEn":"ISUMI GUN OTAKI MACHI","townEn":"KUZUFUJI"},"2980271":{"prefectureJa":"千葉県","cityJa":"夷隅郡大多喜町","townJa":"中野","prefectureEn":"CHIBA KEN","cityEn":"ISUMI GUN OTAKI MACHI","townEn":"NAKANO"},"2980272":{"prefectureJa":"千葉県","cityJa":"夷隅郡大多喜町","townJa":"市川","prefectureEn":"CHIBA KEN","cityEn":"ISUMI GUN OTAKI MACHI","townEn":"ICHIKAWA"},"2980273":{"prefectureJa":"千葉県","cityJa":"夷隅郡大多喜町","townJa":"三条","prefectureEn":"CHIBA KEN","cityEn":"ISUMI GUN OTAKI MACHI","townEn":"SANJO"},"2980274":{"prefectureJa":"千葉県","cityJa":"夷隅郡大多喜町","townJa":"田代","prefectureEn":"CHIBA KEN","cityEn":"ISUMI GUN OTAKI MACHI","townEn":"TASHIRO"},"2980275":{"prefectureJa":"千葉県","cityJa":"夷隅郡大多喜町","townJa":"弓木","prefectureEn":"CHIBA KEN","cityEn":"ISUMI GUN OTAKI MACHI","townEn":"YUMIGI"},"2980276":{"prefectureJa":"千葉県","cityJa":"夷隅郡大多喜町","townJa":"会所","prefectureEn":"CHIBA KEN","cityEn":"ISUMI GUN OTAKI MACHI","townEn":"KAISHO"},"2980277":{"prefectureJa":"千葉県","cityJa":"夷隅郡大多喜町","townJa":"粟又","prefectureEn":"CHIBA KEN","cityEn":"ISUMI GUN OTAKI MACHI","townEn":"AWAMATA"},"2980278":{"prefectureJa":"千葉県","cityJa":"夷隅郡大多喜町","townJa":"小沢又","prefectureEn":"CHIBA KEN","cityEn":"ISUMI GUN OTAKI MACHI","townEn":"KOZAWAMATA"},"2980279":{"prefectureJa":"千葉県","cityJa":"夷隅郡大多喜町","townJa":"面白","prefectureEn":"CHIBA KEN","cityEn":"ISUMI GUN OTAKI MACHI","townEn":"OMOJIRO"}}