{"8528001":{"prefectureJa":"長崎県","cityJa":"長崎市","townJa":"光町","prefectureEn":"NAGASAKI KEN","cityEn":"NAGASAKI SHI","townEn":"HIKARIMACHI"},"8528002":{"prefectureJa":"長崎県","cityJa":"長崎市","townJa":"弁天町","prefectureEn":"NAGASAKI KEN","cityEn":"NAGASAKI SHI","townEn":"BENTEMMACHI"},"8528003":{"prefectureJa":"長崎県","cityJa":"長崎市","townJa":"旭町","prefectureEn":"NAGASAKI KEN","cityEn":"NAGASAKI SHI","townEn":"ASAHIMACHI"},"8528004":{"prefectureJa":"長崎県","cityJa":"長崎市","townJa":"丸尾町","prefectureEn":"NAGASAKI KEN","cityEn":"NAGASAKI SHI","townEn":"MARUOMACHI"},"8528005":{"prefectureJa":"長崎県","cityJa":"長崎市","townJa":"大鳥町","prefectureEn":"NAGASAKI KEN","cityEn":"NAGASAKI SHI","townEn":"OTORIMACHI"},"8528006":{"prefectureJa":"長崎県","cityJa":"長崎市","townJa":"平戸小屋町","prefectureEn":"NAGASAKI KEN","cityEn":"NAGASAKI SHI","townEn":"HIRADOGOYAMACHI"},"8528007":{"prefectureJa":"長崎県","cityJa":"長崎市","townJa":"江の浦町","prefectureEn":"NAGASAKI KEN","cityEn":"NAGASAKI SHI","townEn":"ENORAMACHI"},"8528008":{"prefectureJa":"長崎県","cityJa":"長崎市","townJa":"曙町","prefectureEn":"NAGASAKI KEN","cityEn":"NAGASAKI SHI","townEn":"AKEBONOMACHI"},"8528011":{"prefectureJa":"長崎県","cityJa":"長崎市","townJa":"稲佐町","prefectureEn":"NAGASAKI KEN","cityEn":"NAGASAKI SHI","townEn":"INASAMACHI"},"8528012":{"prefectureJa":"長崎県","cityJa":"長崎市","townJa":"淵町","prefectureEn":"NAGASAKI KEN","cityEn":"NAGASAKI SHI","townEn":"FUCHIMACHI"},"8528013":{"prefectureJa":"長崎県","cityJa":"長崎市","townJa":"梁川町","prefectureEn":"NAGASAKI KEN","cityEn":"NAGASAKI SHI","townEn":"YANAGAWAMACHI"},"8528014":{"prefectureJa":"長崎県","cityJa":"長崎市","townJa":"竹の久保町","prefectureEn":"NAGASAKI KEN","cityEn":"NAGASAKI SHI","townEn":"TAKENOKUBOMACHI"},"8528015":{"prefectureJa":"長崎県","cityJa":"長崎市","townJa":"春木町","prefectureEn":"NAGASAKI KEN","cityEn":"NAGASAKI SHI","townEn":"HARUKIMACHI"},"8528016":{"prefectureJa":"長崎県","cityJa":"長崎市","townJa":"宝栄町","prefectureEn":"NAGASAKI KEN","cityEn":"NAGASAKI SHI","townEn":"HOEIMACHI"},"8528017":{"prefectureJa":"長崎県","cityJa":"長崎市","townJa":"岩見町","prefectureEn":"NAGASAKI KEN","cityEn":"NAGASAKI SHI","townEn":"IWAMIMACHI"},"8528021":{"prefectureJa":"長崎県","cityJa":"長崎市","townJa":"城山町","prefectureEn":"NAGASAKI KEN","cityEn":"NAGASAKI SHI","townEn":"SHIROYAMAMACHI"},"8528022":{"prefectureJa":"長崎県","cityJa":"長崎市","townJa":"富士見町","prefectureEn":"NAGASAKI KEN","cityEn":"NAGASAKI SHI","townEn":"FUJIMIMACHI"},"8528023":{"prefectureJa":"長崎県","cityJa":"長崎市","townJa":"若草町","prefectureEn":"NAGASAKI KEN","cityEn":"NAGASAKI SHI","townEn":"WAKAKUSAMACHI"},"8528024":{"prefectureJa":"長崎県","cityJa":"長崎市","townJa":"花園町","prefectureEn":"NAGASAKI KEN","cityEn":"NAGASAKI SHI","townEn":"HANAZONOMACHI"},"8528025":{"prefectureJa":"長崎県","cityJa":"長崎市","townJa":"立岩町","prefectureEn":"NAGASAKI KEN","cityEn":"NAGASAKI SHI","townEn":"TATEIWAMACHI"},"8528026":{"prefectureJa":"長崎県","cityJa":"長崎市","townJa":"金堀町","prefectureEn":"NAGASAKI KEN","cityEn":"NAGASAKI SHI","townEn":"KANAHORIMACHI"},"8528027":{"prefectureJa":"長崎県","cityJa":"長崎市","townJa":"城山台","prefectureEn":"NAGASAKI KEN","cityEn":"NAGASAKI SHI","townEn":"SHIROYAMADAI"},"8528031":{"prefectureJa":"長崎県","cityJa":"長崎市","townJa":"三芳町","prefectureEn":"NAGASAKI KEN","cityEn":"NAGASAKI SHI","townEn":"MIYOSHIMACHI"},"8528032":{"prefectureJa":"長崎県","cityJa":"長崎市","townJa":"江里町","prefectureEn":"NAGASAKI KEN","cityEn":"NAGASAKI SHI","townEn":"ERIMACHI"},"8528033":{"prefectureJa":"長崎県","cityJa":"長崎市","townJa":"緑が丘町","prefectureEn":"NAGASAKI KEN","cityEn":"NAGASAKI SHI","townEn":"MIDORIGAOKAMACHI"},"8528034":{"prefectureJa":"長崎県","cityJa":"長崎市","townJa":"城栄町","prefectureEn":"NAGASAKI KEN","cityEn":"NAGASAKI SHI","townEn":"JOEIMACHI"},"8528035":{"prefectureJa":"長崎県","cityJa":"長崎市","townJa":"油木町","prefectureEn":"NAGASAKI KEN","cityEn":"NAGASAKI SHI","townEn":"ABURAGIMACHI"},"8528036":{"prefectureJa":"長崎県","cityJa":"長崎市","townJa":"青山町","prefectureEn":"NAGASAKI KEN","cityEn":"NAGASAKI SHI","townEn":"AOYAMAMACHI"},"8528041":{"prefectureJa":"長崎県","cityJa":"長崎市","townJa":"清水町","prefectureEn":"NAGASAKI KEN","cityEn":"NAGASAKI SHI","townEn":"SHIMIZUMACHI"},"8528042":{"prefectureJa":"長崎県","cityJa":"長崎市","townJa":"白鳥町","prefectureEn":"NAGASAKI KEN","cityEn":"NAGASAKI SHI","townEn":"SHIRATORIMACHI"},"8528043":{"prefectureJa":"長崎県","cityJa":"長崎市","townJa":"西町","prefectureEn":"NAGASAKI KEN","cityEn":"NAGASAKI SHI","townEn":"NISHIMACHI"},"8528044":{"prefectureJa":"長崎県","cityJa":"長崎市","townJa":"音無町","prefectureEn":"NAGASAKI KEN","cityEn":"NAGASAKI SHI","townEn":"OTONASHIMACHI"},"8528045":{"prefectureJa":"長崎県","cityJa":"長崎市","townJa":"錦","prefectureEn":"NAGASAKI KEN","cityEn":"NAGASAKI SHI","townEn":"NISHIKI"},"8528046":{"prefectureJa":"長崎県","cityJa":"長崎市","townJa":"柳谷町","prefectureEn":"NAGASAKI KEN","cityEn":"NAGASAKI SHI","townEn":"YANAGIDANIMACHI"},"8528047":{"prefectureJa":"長崎県","cityJa":"長崎市","townJa":"若竹町","prefectureEn":"NAGASAKI KEN","cityEn":"NAGASAKI SHI","townEn":"WAKATAKEMACHI"},"8528051":{"prefectureJa":"長崎県","cityJa":"長崎市","townJa":"西北町","prefectureEn":"NAGASAKI KEN","cityEn":"NAGASAKI SHI","townEn":"NISHIKITAMACHI"},"8528052":{"prefectureJa":"長崎県","cityJa":"長崎市","townJa":"岩屋町","prefectureEn":"NAGASAKI KEN","cityEn":"NAGASAKI SHI","townEn":"IWAYAMACHI"},"8528053":{"prefectureJa":"長崎県","cityJa":"長崎市","townJa":"葉山","prefectureEn":"NAGASAKI KEN","cityEn":"NAGASAKI SHI","townEn":"HAYAMA"},"8528054":{"prefectureJa":"長崎県","cityJa":"長崎市","townJa":"エミネント葉山町","prefectureEn":"NAGASAKI KEN","cityEn":"NAGASAKI SHI","townEn":"EMINENTOHAYAMAMACHI"},"8528055":{"prefectureJa":"長崎県","cityJa":"長崎市","townJa":"虹が丘町","prefectureEn":"NAGASAKI KEN","cityEn":"NAGASAKI SHI","townEn":"NIJIGAOKAMACHI"},"8528056":{"prefectureJa":"長崎県","cityJa":"長崎市","townJa":"大宮町","prefectureEn":"NAGASAKI KEN","cityEn":"NAGASAKI SHI","townEn":"OMIYAMACHI"},"8528061":{"prefectureJa":"長崎県","cityJa":"長崎市","townJa":"滑石","prefectureEn":"NAGASAKI KEN","cityEn":"NAGASAKI SHI","townEn":"NAMESHI"},"8528062":{"prefectureJa":"長崎県","cityJa":"長崎市","townJa":"大園町","prefectureEn":"NAGASAKI KEN","cityEn":"NAGASAKI SHI","townEn":"OZONOMACHI"},"8528063":{"prefectureJa":"長崎県","cityJa":"長崎市","townJa":"北栄町","prefectureEn":"NAGASAKI KEN","cityEn":"NAGASAKI SHI","townEn":"HOKUEIMACHI"},"8528064":{"prefectureJa":"長崎県","cityJa":"長崎市","townJa":"北陽町","prefectureEn":"NAGASAKI KEN","cityEn":"NAGASAKI SHI","townEn":"HOKUYOMACHI"},"8528065":{"prefectureJa":"長崎県","cityJa":"長崎市","townJa":"横尾","prefectureEn":"NAGASAKI KEN","cityEn":"NAGASAKI SHI","townEn":"YOKO"},"8528101":{"prefectureJa":"長崎県","cityJa":"長崎市","townJa":"江平","prefectureEn":"NAGASAKI KEN","cityEn":"NAGASAKI SHI","townEn":"EBIRA"},"8528102":{"prefectureJa":"長崎県","cityJa":"長崎市","townJa":"坂本","prefectureEn":"NAGASAKI KEN","cityEn":"NAGASAKI SHI","townEn":"SAKAMOTO"},"8528103":{"prefectureJa":"長崎県","cityJa":"長崎市","townJa":"緑町","prefectureEn":"NAGASAKI KEN","cityEn":"NAGASAKI SHI","townEn":"MIDORIMACHI"},"8528104":{"prefectureJa":"長崎県","cityJa":"長崎市","townJa":"茂里町","prefectureEn":"NAGASAKI KEN","cityEn":"NAGASAKI SHI","townEn":"MORIMACHI"},"8528105":{"prefectureJa":"長崎県","cityJa":"長崎市","townJa":"目覚町","prefectureEn":"NAGASAKI KEN","cityEn":"NAGASAKI SHI","townEn":"MEZAMEMACHI"},"8528106":{"prefectureJa":"長崎県","cityJa":"長崎市","townJa":"岩川町","prefectureEn":"NAGASAKI KEN","cityEn":"NAGASAKI SHI","townEn":"IWAKAWAMACHI"},"8528107":{"prefectureJa":"長崎県","cityJa":"長崎市","townJa":"浜口町","prefectureEn":"NAGASAKI KEN","cityEn":"NAGASAKI SHI","townEn":"HAMAGUCHIMACHI"},"8528108":{"prefectureJa":"長崎県","cityJa":"長崎市","townJa":"川口町","prefectureEn":"NAGASAKI KEN","cityEn":"NAGASAKI SHI","townEn":"KAWAGUCHIMACHI"},"8528111":{"prefectureJa":"長崎県","cityJa":"長崎市","townJa":"高尾町","prefectureEn":"NAGASAKI KEN","cityEn":"NAGASAKI SHI","townEn":"TAKAOMACHI"},"8528112":{"prefectureJa":"長崎県","cityJa":"長崎市","townJa":"本尾町","prefectureEn":"NAGASAKI KEN","cityEn":"NAGASAKI SHI","townEn":"MOTOMACHI"},"8528113":{"prefectureJa":"長崎県","cityJa":"長崎市","townJa":"上野町","prefectureEn":"NAGASAKI KEN","cityEn":"NAGASAKI SHI","townEn":"UENOMACHI"},"8528114":{"prefectureJa":"長崎県","cityJa":"長崎市","townJa":"橋口町","prefectureEn":"NAGASAKI KEN","cityEn":"NAGASAKI SHI","townEn":"HASHIGUCHIMACHI"},"8528115":{"prefectureJa":"長崎県","cityJa":"長崎市","townJa":"岡町","prefectureEn":"NAGASAKI KEN","cityEn":"NAGASAKI SHI","townEn":"OKAMACHI"},"8528116":{"prefectureJa":"長崎県","cityJa":"長崎市","townJa":"平和町","prefectureEn":"NAGASAKI KEN","cityEn":"NAGASAKI SHI","townEn":"HEIWAMACHI"},"8528117":{"prefectureJa":"長崎県","cityJa":"長崎市","townJa":"平野町","prefectureEn":"NAGASAKI KEN","cityEn":"NAGASAKI SHI","townEn":"HIRANOMACHI"},"8528118":{"prefectureJa":"長崎県","cityJa":"長崎市","townJa":"松山町","prefectureEn":"NAGASAKI KEN","cityEn":"NAGASAKI SHI","townEn":"MATSUYAMAMACHI"},"8528121":{"prefectureJa":"長崎県","cityJa":"長崎市","townJa":"三川町","prefectureEn":"NAGASAKI KEN","cityEn":"NAGASAKI SHI","townEn":"MIKAWAMACHI"},"8528122":{"prefectureJa":"長崎県","cityJa":"長崎市","townJa":"西山台","prefectureEn":"NAGASAKI KEN","cityEn":"NAGASAKI SHI","townEn":"NISHIYAMADAI"},"8528123":{"prefectureJa":"長崎県","cityJa":"長崎市","townJa":"三原","prefectureEn":"NAGASAKI KEN","cityEn":"NAGASAKI SHI","townEn":"MIHARA"},"8528124":{"prefectureJa":"長崎県","cityJa":"長崎市","townJa":"辻町","prefectureEn":"NAGASAKI KEN","cityEn":"NAGASAKI SHI","townEn":"TSUJIMACHI"},"8528125":{"prefectureJa":"長崎県","cityJa":"長崎市","townJa":"小峰町","prefectureEn":"NAGASAKI KEN","cityEn":"NAGASAKI SHI","townEn":"KOMINEMACHI"},"8528126":{"prefectureJa":"長崎県","cityJa":"長崎市","townJa":"石神町","prefectureEn":"NAGASAKI KEN","cityEn":"NAGASAKI SHI","townEn":"ISHIGAMIMACHI"},"8528127":{"prefectureJa":"長崎県","cityJa":"長崎市","townJa":"大手","prefectureEn":"NAGASAKI KEN","cityEn":"NAGASAKI SHI","townEn":"OTE"},"8528131":{"prefectureJa":"長崎県","cityJa":"長崎市","townJa":"文教町","prefectureEn":"NAGASAKI KEN","cityEn":"NAGASAKI SHI","townEn":"BUNKYOMACHI"},"8528132":{"prefectureJa":"長崎県","cityJa":"長崎市","townJa":"扇町","prefectureEn":"NAGASAKI KEN","cityEn":"NAGASAKI SHI","townEn":"OGIMACHI"},"8528133":{"prefectureJa":"長崎県","cityJa":"長崎市","townJa":"本原町","prefectureEn":"NAGASAKI KEN","cityEn":"NAGASAKI SHI","townEn":"MOTOHARAMACHI"},"8528134":{"prefectureJa":"長崎県","cityJa":"長崎市","townJa":"大橋町","prefectureEn":"NAGASAKI KEN","cityEn":"NAGASAKI SHI","townEn":"OBASHIMACHI"},"8528135":{"prefectureJa":"長崎県","cityJa":"長崎市","townJa":"千歳町","prefectureEn":"NAGASAKI KEN","cityEn":"NAGASAKI SHI","townEn":"CHITOSEMACHI"},"8528136":{"prefectureJa":"長崎県","cityJa":"長崎市","townJa":"家野町","prefectureEn":"NAGASAKI KEN","cityEn":"NAGASAKI SHI","townEn":"IENOMACHI"},"8528137":{"prefectureJa":"長崎県","cityJa":"長崎市","townJa":"若葉町","prefectureEn":"NAGASAKI KEN","cityEn":"NAGASAKI SHI","townEn":"WAKABAMACHI"},"8528141":{"prefectureJa":"長崎県","cityJa":"長崎市","townJa":"畦別当町","prefectureEn":"NAGASAKI KEN","cityEn":"NAGASAKI SHI","townEn":"AZEBETSUTOMACHI"},"8528142":{"prefectureJa":"長崎県","cityJa":"長崎市","townJa":"三ツ山町","prefectureEn":"NAGASAKI KEN","cityEn":"NAGASAKI SHI","townEn":"MITSUYAMAMACHI"},"8528143":{"prefectureJa":"長崎県","cityJa":"長崎市","townJa":"川平町","prefectureEn":"NAGASAKI KEN","cityEn":"NAGASAKI SHI","townEn":"KAWAHIRAMACHI"},"8528144":{"prefectureJa":"長崎県","cityJa":"長崎市","townJa":"女の都","prefectureEn":"NAGASAKI KEN","cityEn":"NAGASAKI SHI","townEn":"MENOTO"},"8528145":{"prefectureJa":"長崎県","cityJa":"長崎市","townJa":"昭和","prefectureEn":"NAGASAKI KEN","cityEn":"NAGASAKI SHI","townEn":"SHOWA"},"8528146":{"prefectureJa":"長崎県","cityJa":"長崎市","townJa":"けやき台町","prefectureEn":"NAGASAKI KEN","cityEn":"NAGASAKI SHI","townEn":"KEYAKIDAIMACHI"},"8528151":{"prefectureJa":"長崎県","cityJa":"長崎市","townJa":"泉","prefectureEn":"NAGASAKI KEN","cityEn":"NAGASAKI SHI","townEn":"IZUMI"},"8528152":{"prefectureJa":"長崎県","cityJa":"長崎市","townJa":"住吉台町","prefectureEn":"NAGASAKI KEN","cityEn":"NAGASAKI SHI","townEn":"SUMIYOSHIDAIMACHI"},"8528153":{"prefectureJa":"長崎県","cityJa":"長崎市","townJa":"花丘町","prefectureEn":"NAGASAKI KEN","cityEn":"NAGASAKI SHI","townEn":"HANAOKAMACHI"},"8528154":{"prefectureJa":"長崎県","cityJa":"長崎市","townJa":"住吉町","prefectureEn":"NAGASAKI KEN","cityEn":"NAGASAKI SHI","townEn":"SUMIYOSHIMACHI"},"8528155":{"prefectureJa":"長崎県","cityJa":"長崎市","townJa":"中園町","prefectureEn":"NAGASAKI KEN","cityEn":"NAGASAKI SHI","townEn":"NAKAZONOMACHI"},"8528156":{"prefectureJa":"長崎県","cityJa":"長崎市","townJa":"赤迫","prefectureEn":"NAGASAKI KEN","cityEn":"NAGASAKI SHI","townEn":"AKASAKO"},"8528157":{"prefectureJa":"長崎県","cityJa":"長崎市","townJa":"泉町","prefectureEn":"NAGASAKI KEN","cityEn":"NAGASAKI SHI","townEn":"IZUMIMACHI"}}