{"3920000":{"prefectureJa":"長野県","cityJa":"諏訪市","townJa":"以下に掲載がない場合","prefectureEn":"NAGANO KEN","cityEn":"SUWA SHI","townEn":"IKANIKEISAIGANAIBAAI"},"3920001":{"prefectureJa":"長野県","cityJa":"諏訪市","townJa":"大和","prefectureEn":"NAGANO KEN","cityEn":"SUWA SHI","townEn":"OWA"},"3920002":{"prefectureJa":"長野県","cityJa":"諏訪市","townJa":"湯の脇","prefectureEn":"NAGANO KEN","cityEn":"SUWA SHI","townEn":"YUNOWAKI"},"3920003":{"prefectureJa":"長野県","cityJa":"諏訪市","townJa":"上諏訪","prefectureEn":"NAGANO KEN","cityEn":"SUWA SHI","townEn":"KAMISUWA"},"3920004":{"prefectureJa":"長野県","cityJa":"諏訪市","townJa":"諏訪","prefectureEn":"NAGANO KEN","cityEn":"SUWA SHI","townEn":"SUWA"},"3920005":{"prefectureJa":"長野県","cityJa":"諏訪市","townJa":"岡村","prefectureEn":"NAGANO KEN","cityEn":"SUWA SHI","townEn":"OKAMURA"},"3920006":{"prefectureJa":"長野県","cityJa":"諏訪市","townJa":"元町","prefectureEn":"NAGANO KEN","cityEn":"SUWA SHI","townEn":"MOTOMACHI"},"3920007":{"prefectureJa":"長野県","cityJa":"諏訪市","townJa":"清水","prefectureEn":"NAGANO KEN","cityEn":"SUWA SHI","townEn":"SHIMIZU"},"3920008":{"prefectureJa":"長野県","cityJa":"諏訪市","townJa":"霧ケ峰","prefectureEn":"NAGANO KEN","cityEn":"SUWA SHI","townEn":"KIRIGAMINE"},"3920009":{"prefectureJa":"長野県","cityJa":"諏訪市","townJa":"杉菜池","prefectureEn":"NAGANO KEN","cityEn":"SUWA SHI","townEn":"SUGINAIKE"},"3920010":{"prefectureJa":"長野県","cityJa":"諏訪市","townJa":"渋崎","prefectureEn":"NAGANO KEN","cityEn":"SUWA SHI","townEn":"SHIBUSAKI"},"3920011":{"prefectureJa":"長野県","cityJa":"諏訪市","townJa":"赤羽根","prefectureEn":"NAGANO KEN","cityEn":"SUWA SHI","townEn":"AKAHANE"},"3920012":{"prefectureJa":"長野県","cityJa":"諏訪市","townJa":"四賀","prefectureEn":"NAGANO KEN","cityEn":"SUWA SHI","townEn":"SHIGA"},"3920013":{"prefectureJa":"長野県","cityJa":"諏訪市","townJa":"沖田町","prefectureEn":"NAGANO KEN","cityEn":"SUWA SHI","townEn":"OKITAMACHI"},"3920014":{"prefectureJa":"長野県","cityJa":"諏訪市","townJa":"南町","prefectureEn":"NAGANO KEN","cityEn":"SUWA SHI","townEn":"MINAMIMACHI"},"3920015":{"prefectureJa":"長野県","cityJa":"諏訪市","townJa":"中洲","prefectureEn":"NAGANO KEN","cityEn":"SUWA SHI","townEn":"NAKASU"},"3920016":{"prefectureJa":"長野県","cityJa":"諏訪市","townJa":"豊田","prefectureEn":"NAGANO KEN","cityEn":"SUWA SHI","townEn":"TOYODA"},"3920017":{"prefectureJa":"長野県","cityJa":"諏訪市","townJa":"城南","prefectureEn":"NAGANO KEN","cityEn":"SUWA SHI","townEn":"JONAN"},"3920021":{"prefectureJa":"長野県","cityJa":"諏訪市","townJa":"上川","prefectureEn":"NAGANO KEN","cityEn":"SUWA SHI","townEn":"KAMIGAWA"},"3920022":{"prefectureJa":"長野県","cityJa":"諏訪市","townJa":"高島","prefectureEn":"NAGANO KEN","cityEn":"SUWA SHI","townEn":"TAKASHIMA"},"3920023":{"prefectureJa":"長野県","cityJa":"諏訪市","townJa":"小和田南","prefectureEn":"NAGANO KEN","cityEn":"SUWA SHI","townEn":"KOWATAMINAMI"},"3920024":{"prefectureJa":"長野県","cityJa":"諏訪市","townJa":"小和田","prefectureEn":"NAGANO KEN","cityEn":"SUWA SHI","townEn":"KOWATA"},"3920025":{"prefectureJa":"長野県","cityJa":"諏訪市","townJa":"末広","prefectureEn":"NAGANO KEN","cityEn":"SUWA SHI","townEn":"SUEHIRO"},"3920026":{"prefectureJa":"長野県","cityJa":"諏訪市","townJa":"大手","prefectureEn":"NAGANO KEN","cityEn":"SUWA SHI","townEn":"OTE"},"3920027":{"prefectureJa":"長野県","cityJa":"諏訪市","townJa":"湖岸通り","prefectureEn":"NAGANO KEN","cityEn":"SUWA SHI","townEn":"KOGANDORI"},"3920131":{"prefectureJa":"長野県","cityJa":"諏訪市","townJa":"湖南","prefectureEn":"NAGANO KEN","cityEn":"SUWA SHI","townEn":"KONAMI"}}