{"3900221":{"prefectureJa":"長野県","cityJa":"松本市","townJa":"里山辺","prefectureEn":"NAGANO KEN","cityEn":"MATSUMOTO SHI","townEn":"SATOYAMABE"},"3900222":{"prefectureJa":"長野県","cityJa":"松本市","townJa":"入山辺","prefectureEn":"NAGANO KEN","cityEn":"MATSUMOTO SHI","townEn":"IRIYAMABE"},"3900301":{"prefectureJa":"長野県","cityJa":"松本市","townJa":"稲倉","prefectureEn":"NAGANO KEN","cityEn":"MATSUMOTO SHI","townEn":"SHINAGURA"},"3900302":{"prefectureJa":"長野県","cityJa":"松本市","townJa":"三才山","prefectureEn":"NAGANO KEN","cityEn":"MATSUMOTO SHI","townEn":"MISAYAMA"},"3900303":{"prefectureJa":"長野県","cityJa":"松本市","townJa":"浅間温泉","prefectureEn":"NAGANO KEN","cityEn":"MATSUMOTO SHI","townEn":"ASAMAONSEN"},"3900304":{"prefectureJa":"長野県","cityJa":"松本市","townJa":"大村","prefectureEn":"NAGANO KEN","cityEn":"MATSUMOTO SHI","townEn":"OMURA"},"3900305":{"prefectureJa":"長野県","cityJa":"松本市","townJa":"惣社","prefectureEn":"NAGANO KEN","cityEn":"MATSUMOTO SHI","townEn":"SOZA"},"3900306":{"prefectureJa":"長野県","cityJa":"松本市","townJa":"南浅間","prefectureEn":"NAGANO KEN","cityEn":"MATSUMOTO SHI","townEn":"MINAMIASAMA"},"3900311":{"prefectureJa":"長野県","cityJa":"松本市","townJa":"水汲","prefectureEn":"NAGANO KEN","cityEn":"MATSUMOTO SHI","townEn":"MIZUKUMA"},"3900312":{"prefectureJa":"長野県","cityJa":"松本市","townJa":"岡田松岡","prefectureEn":"NAGANO KEN","cityEn":"MATSUMOTO SHI","townEn":"OKADAMATSUOKA"},"3900313":{"prefectureJa":"長野県","cityJa":"松本市","townJa":"岡田下岡田","prefectureEn":"NAGANO KEN","cityEn":"MATSUMOTO SHI","townEn":"OKADASHIMOKADA"},"3900314":{"prefectureJa":"長野県","cityJa":"松本市","townJa":"岡田伊深","prefectureEn":"NAGANO KEN","cityEn":"MATSUMOTO SHI","townEn":"OKADAIBUKA"},"3900315":{"prefectureJa":"長野県","cityJa":"松本市","townJa":"岡田町","prefectureEn":"NAGANO KEN","cityEn":"MATSUMOTO SHI","townEn":"OKADAMACHI"},"3900316":{"prefectureJa":"長野県","cityJa":"松本市","townJa":"原","prefectureEn":"NAGANO KEN","cityEn":"MATSUMOTO SHI","townEn":"HARA"},"3900317":{"prefectureJa":"長野県","cityJa":"松本市","townJa":"洞","prefectureEn":"NAGANO KEN","cityEn":"MATSUMOTO SHI","townEn":"HORA"},"3900801":{"prefectureJa":"長野県","cityJa":"松本市","townJa":"美須々","prefectureEn":"NAGANO KEN","cityEn":"MATSUMOTO SHI","townEn":"MISUZU"},"3900802":{"prefectureJa":"長野県","cityJa":"松本市","townJa":"旭","prefectureEn":"NAGANO KEN","cityEn":"MATSUMOTO SHI","townEn":"ASAHI"},"3900803":{"prefectureJa":"長野県","cityJa":"松本市","townJa":"元町","prefectureEn":"NAGANO KEN","cityEn":"MATSUMOTO SHI","townEn":"MOTOMACHI"},"3900804":{"prefectureJa":"長野県","cityJa":"松本市","townJa":"横田","prefectureEn":"NAGANO KEN","cityEn":"MATSUMOTO SHI","townEn":"YOKOTA"},"3900805":{"prefectureJa":"長野県","cityJa":"松本市","townJa":"清水","prefectureEn":"NAGANO KEN","cityEn":"MATSUMOTO SHI","townEn":"SHIMIZU"},"3900806":{"prefectureJa":"長野県","cityJa":"松本市","townJa":"女鳥羽","prefectureEn":"NAGANO KEN","cityEn":"MATSUMOTO SHI","townEn":"METOBA"},"3900807":{"prefectureJa":"長野県","cityJa":"松本市","townJa":"城東","prefectureEn":"NAGANO KEN","cityEn":"MATSUMOTO SHI","townEn":"JOTO"},"3900811":{"prefectureJa":"長野県","cityJa":"松本市","townJa":"中央","prefectureEn":"NAGANO KEN","cityEn":"MATSUMOTO SHI","townEn":"CHUO"},"3900812":{"prefectureJa":"長野県","cityJa":"松本市","townJa":"県","prefectureEn":"NAGANO KEN","cityEn":"MATSUMOTO SHI","townEn":"AGATA"},"3900813":{"prefectureJa":"長野県","cityJa":"松本市","townJa":"埋橋","prefectureEn":"NAGANO KEN","cityEn":"MATSUMOTO SHI","townEn":"UZUHASHI"},"3900814":{"prefectureJa":"長野県","cityJa":"松本市","townJa":"本庄","prefectureEn":"NAGANO KEN","cityEn":"MATSUMOTO SHI","townEn":"HONJO"},"3900815":{"prefectureJa":"長野県","cityJa":"松本市","townJa":"深志","prefectureEn":"NAGANO KEN","cityEn":"MATSUMOTO SHI","townEn":"FUKASHI"},"3900816":{"prefectureJa":"長野県","cityJa":"松本市","townJa":"中条","prefectureEn":"NAGANO KEN","cityEn":"MATSUMOTO SHI","townEn":"NAKAJO"},"3900817":{"prefectureJa":"長野県","cityJa":"松本市","townJa":"巾上","prefectureEn":"NAGANO KEN","cityEn":"MATSUMOTO SHI","townEn":"HABAUE"},"3900821":{"prefectureJa":"長野県","cityJa":"松本市","townJa":"筑摩","prefectureEn":"NAGANO KEN","cityEn":"MATSUMOTO SHI","townEn":"TSUKAMA"},"3900822":{"prefectureJa":"長野県","cityJa":"松本市","townJa":"神田","prefectureEn":"NAGANO KEN","cityEn":"MATSUMOTO SHI","townEn":"KANDA"},"3900823":{"prefectureJa":"長野県","cityJa":"松本市","townJa":"中山","prefectureEn":"NAGANO KEN","cityEn":"MATSUMOTO SHI","townEn":"NAKAYAMA"},"3900824":{"prefectureJa":"長野県","cityJa":"松本市","townJa":"中山台","prefectureEn":"NAGANO KEN","cityEn":"MATSUMOTO SHI","townEn":"NAKAYAMADAI"},"3900825":{"prefectureJa":"長野県","cityJa":"松本市","townJa":"並柳","prefectureEn":"NAGANO KEN","cityEn":"MATSUMOTO SHI","townEn":"NAMIYANAGI"},"3900826":{"prefectureJa":"長野県","cityJa":"松本市","townJa":"出川町","prefectureEn":"NAGANO KEN","cityEn":"MATSUMOTO SHI","townEn":"IDEGAWAMACHI"},"3900827":{"prefectureJa":"長野県","cityJa":"松本市","townJa":"出川","prefectureEn":"NAGANO KEN","cityEn":"MATSUMOTO SHI","townEn":"IDEGAWA"},"3900828":{"prefectureJa":"長野県","cityJa":"松本市","townJa":"庄内","prefectureEn":"NAGANO KEN","cityEn":"MATSUMOTO SHI","townEn":"SHONAI"},"3900831":{"prefectureJa":"長野県","cityJa":"松本市","townJa":"井川城","prefectureEn":"NAGANO KEN","cityEn":"MATSUMOTO SHI","townEn":"IGAWAJO"},"3900832":{"prefectureJa":"長野県","cityJa":"松本市","townJa":"南松本","prefectureEn":"NAGANO KEN","cityEn":"MATSUMOTO SHI","townEn":"MINAMIMATSUMOTO"},"3900833":{"prefectureJa":"長野県","cityJa":"松本市","townJa":"双葉","prefectureEn":"NAGANO KEN","cityEn":"MATSUMOTO SHI","townEn":"FUTABA"},"3900834":{"prefectureJa":"長野県","cityJa":"松本市","townJa":"高宮中","prefectureEn":"NAGANO KEN","cityEn":"MATSUMOTO SHI","townEn":"TAKAMIYA NAKA"},"3900835":{"prefectureJa":"長野県","cityJa":"松本市","townJa":"高宮東","prefectureEn":"NAGANO KEN","cityEn":"MATSUMOTO SHI","townEn":"TAKAMIYA HIGASHI"},"3900836":{"prefectureJa":"長野県","cityJa":"松本市","townJa":"高宮北","prefectureEn":"NAGANO KEN","cityEn":"MATSUMOTO SHI","townEn":"TAKAMIYA KITA"},"3900837":{"prefectureJa":"長野県","cityJa":"松本市","townJa":"鎌田","prefectureEn":"NAGANO KEN","cityEn":"MATSUMOTO SHI","townEn":"KAMADA"},"3900841":{"prefectureJa":"長野県","cityJa":"松本市","townJa":"渚","prefectureEn":"NAGANO KEN","cityEn":"MATSUMOTO SHI","townEn":"NAGISA"},"3900842":{"prefectureJa":"長野県","cityJa":"松本市","townJa":"征矢野","prefectureEn":"NAGANO KEN","cityEn":"MATSUMOTO SHI","townEn":"SOYANO"},"3900843":{"prefectureJa":"長野県","cityJa":"松本市","townJa":"高宮南","prefectureEn":"NAGANO KEN","cityEn":"MATSUMOTO SHI","townEn":"TAKAMIYA MINAMI"},"3900844":{"prefectureJa":"長野県","cityJa":"松本市","townJa":"高宮西","prefectureEn":"NAGANO KEN","cityEn":"MATSUMOTO SHI","townEn":"TAKAMIYA NISHI"},"3900845":{"prefectureJa":"長野県","cityJa":"松本市","townJa":"石芝（１、２丁目）","prefectureEn":"NAGANO KEN","cityEn":"MATSUMOTO SHI","townEn":"ISHISHIBA(1.2-CHOME)"},"3900846":{"prefectureJa":"長野県","cityJa":"松本市","townJa":"南原","prefectureEn":"NAGANO KEN","cityEn":"MATSUMOTO SHI","townEn":"MINAMIHARA"},"3900847":{"prefectureJa":"長野県","cityJa":"松本市","townJa":"笹部","prefectureEn":"NAGANO KEN","cityEn":"MATSUMOTO SHI","townEn":"SASABE"},"3900848":{"prefectureJa":"長野県","cityJa":"松本市","townJa":"両島","prefectureEn":"NAGANO KEN","cityEn":"MATSUMOTO SHI","townEn":"RYOSHIMA"},"3900851":{"prefectureJa":"長野県","cityJa":"松本市","townJa":"島内（１～９８１９、９８２２、９８３１～９８６３番地）","prefectureEn":"NAGANO KEN","cityEn":"MATSUMOTO SHI","townEn":"SHIMAUCHI(1-9819.9822.9831-9863-BAN"},"3900852":{"prefectureJa":"長野県","cityJa":"松本市","townJa":"島立","prefectureEn":"NAGANO KEN","cityEn":"MATSUMOTO SHI","townEn":"SHIMADACHI"},"3900861":{"prefectureJa":"長野県","cityJa":"松本市","townJa":"蟻ケ崎","prefectureEn":"NAGANO KEN","cityEn":"MATSUMOTO SHI","townEn":"ARIGASAKI"},"3900862":{"prefectureJa":"長野県","cityJa":"松本市","townJa":"宮渕","prefectureEn":"NAGANO KEN","cityEn":"MATSUMOTO SHI","townEn":"MIYABUCHI"},"3900863":{"prefectureJa":"長野県","cityJa":"松本市","townJa":"白板","prefectureEn":"NAGANO KEN","cityEn":"MATSUMOTO SHI","townEn":"SHIRAITA"},"3900864":{"prefectureJa":"長野県","cityJa":"松本市","townJa":"宮渕本村","prefectureEn":"NAGANO KEN","cityEn":"MATSUMOTO SHI","townEn":"MIYABUCHIHOMMURA"},"3900865":{"prefectureJa":"長野県","cityJa":"松本市","townJa":"新橋","prefectureEn":"NAGANO KEN","cityEn":"MATSUMOTO SHI","townEn":"SHIMBASHI"},"3900866":{"prefectureJa":"長野県","cityJa":"松本市","townJa":"城山","prefectureEn":"NAGANO KEN","cityEn":"MATSUMOTO SHI","townEn":"JOYAMA"},"3900867":{"prefectureJa":"長野県","cityJa":"松本市","townJa":"蟻ケ崎台","prefectureEn":"NAGANO KEN","cityEn":"MATSUMOTO SHI","townEn":"ARIGASAKIDAI"},"3900871":{"prefectureJa":"長野県","cityJa":"松本市","townJa":"桐","prefectureEn":"NAGANO KEN","cityEn":"MATSUMOTO SHI","townEn":"KIRI"},"3900872":{"prefectureJa":"長野県","cityJa":"松本市","townJa":"北深志","prefectureEn":"NAGANO KEN","cityEn":"MATSUMOTO SHI","townEn":"KITAFUKASHI"},"3900873":{"prefectureJa":"長野県","cityJa":"松本市","townJa":"丸の内","prefectureEn":"NAGANO KEN","cityEn":"MATSUMOTO SHI","townEn":"MARUNOCHI"},"3900874":{"prefectureJa":"長野県","cityJa":"松本市","townJa":"大手","prefectureEn":"NAGANO KEN","cityEn":"MATSUMOTO SHI","townEn":"OTE"},"3900875":{"prefectureJa":"長野県","cityJa":"松本市","townJa":"城西","prefectureEn":"NAGANO KEN","cityEn":"MATSUMOTO SHI","townEn":"JOSEI"},"3900876":{"prefectureJa":"長野県","cityJa":"松本市","townJa":"開智","prefectureEn":"NAGANO KEN","cityEn":"MATSUMOTO SHI","townEn":"KAICHI"},"3900877":{"prefectureJa":"長野県","cityJa":"松本市","townJa":"沢村","prefectureEn":"NAGANO KEN","cityEn":"MATSUMOTO SHI","townEn":"SAWAMURA"},"3901100":{"prefectureJa":"長野県","cityJa":"東筑摩郡朝日村","townJa":"以下に掲載がない場合","prefectureEn":"NAGANO KEN","cityEn":"HIGASHICHIKUMA GUN ASAHI MURA","townEn":"IKANIKEISAIGANAIBAAI"},"3901101":{"prefectureJa":"長野県","cityJa":"東筑摩郡朝日村","townJa":"西洗馬","prefectureEn":"NAGANO KEN","cityEn":"HIGASHICHIKUMA GUN ASAHI MURA","townEn":"NISHISEBA"},"3901102":{"prefectureJa":"長野県","cityJa":"東筑摩郡朝日村","townJa":"小野沢","prefectureEn":"NAGANO KEN","cityEn":"HIGASHICHIKUMA GUN ASAHI MURA","townEn":"ONOZAWA"},"3901103":{"prefectureJa":"長野県","cityJa":"東筑摩郡朝日村","townJa":"針尾","prefectureEn":"NAGANO KEN","cityEn":"HIGASHICHIKUMA GUN ASAHI MURA","townEn":"HARIO"},"3901104":{"prefectureJa":"長野県","cityJa":"東筑摩郡朝日村","townJa":"古見","prefectureEn":"NAGANO KEN","cityEn":"HIGASHICHIKUMA GUN ASAHI MURA","townEn":"KOMI"},"3901131":{"prefectureJa":"長野県","cityJa":"松本市","townJa":"今井","prefectureEn":"NAGANO KEN","cityEn":"MATSUMOTO SHI","townEn":"IMAI"},"3901132":{"prefectureJa":"長野県","cityJa":"松本市","townJa":"空港東","prefectureEn":"NAGANO KEN","cityEn":"MATSUMOTO SHI","townEn":"KUKOHIGASHI"},"3901241":{"prefectureJa":"長野県","cityJa":"松本市","townJa":"新村","prefectureEn":"NAGANO KEN","cityEn":"MATSUMOTO SHI","townEn":"NIIMURA"},"3901242":{"prefectureJa":"長野県","cityJa":"松本市","townJa":"和田","prefectureEn":"NAGANO KEN","cityEn":"MATSUMOTO SHI","townEn":"WADA"},"3901243":{"prefectureJa":"長野県","cityJa":"松本市","townJa":"神林","prefectureEn":"NAGANO KEN","cityEn":"MATSUMOTO SHI","townEn":"KAMBAYASHI"},"3901301":{"prefectureJa":"長野県","cityJa":"東筑摩郡山形村","townJa":"山形村一円","prefectureEn":"NAGANO KEN","cityEn":"HIGASHICHIKUMA GUN YAMAGATA MURA","townEn":"YAMAGATAMURAICHIEN"},"3901401":{"prefectureJa":"長野県","cityJa":"松本市","townJa":"波田","prefectureEn":"NAGANO KEN","cityEn":"MATSUMOTO SHI","townEn":"HATA"},"3901501":{"prefectureJa":"長野県","cityJa":"松本市","townJa":"安曇（大野田）","prefectureEn":"NAGANO KEN","cityEn":"MATSUMOTO SHI","townEn":"AZUMI (ONOTA)"},"3901502":{"prefectureJa":"長野県","cityJa":"松本市","townJa":"安曇（島々）","prefectureEn":"NAGANO KEN","cityEn":"MATSUMOTO SHI","townEn":"AZUMI (SHIMASHIMA)"},"3901503":{"prefectureJa":"長野県","cityJa":"松本市","townJa":"安曇（橋場）","prefectureEn":"NAGANO KEN","cityEn":"MATSUMOTO SHI","townEn":"AZUMI (HASHIBA)"},"3901504":{"prefectureJa":"長野県","cityJa":"松本市","townJa":"安曇（稲核）","prefectureEn":"NAGANO KEN","cityEn":"MATSUMOTO SHI","townEn":"AZUMI (INEKOKI)"},"3901506":{"prefectureJa":"長野県","cityJa":"松本市","townJa":"安曇（番所）","prefectureEn":"NAGANO KEN","cityEn":"MATSUMOTO SHI","townEn":"AZUMI (BANDOKORO)"},"3901507":{"prefectureJa":"長野県","cityJa":"松本市","townJa":"安曇（宮の原）","prefectureEn":"NAGANO KEN","cityEn":"MATSUMOTO SHI","townEn":"AZUMI (MIYANOHARA)"},"3901511":{"prefectureJa":"長野県","cityJa":"松本市","townJa":"安曇（千石平）","prefectureEn":"NAGANO KEN","cityEn":"MATSUMOTO SHI","townEn":"AZUMI (SENGOKUDAIRA)"},"3901512":{"prefectureJa":"長野県","cityJa":"松本市","townJa":"安曇（楢ノ木）","prefectureEn":"NAGANO KEN","cityEn":"MATSUMOTO SHI","townEn":"AZUMI (NARANOKI)"},"3901513":{"prefectureJa":"長野県","cityJa":"松本市","townJa":"安曇（鈴蘭）","prefectureEn":"NAGANO KEN","cityEn":"MATSUMOTO SHI","townEn":"AZUMI (SUZURAN)"},"3901514":{"prefectureJa":"長野県","cityJa":"松本市","townJa":"安曇（沢渡）","prefectureEn":"NAGANO KEN","cityEn":"MATSUMOTO SHI","townEn":"AZUMI (SAWANDO)"},"3901515":{"prefectureJa":"長野県","cityJa":"松本市","townJa":"安曇（白骨）","prefectureEn":"NAGANO KEN","cityEn":"MATSUMOTO SHI","townEn":"AZUMI (SHIRAHONE)"},"3901516":{"prefectureJa":"長野県","cityJa":"松本市","townJa":"安曇（上高地）","prefectureEn":"NAGANO KEN","cityEn":"MATSUMOTO SHI","townEn":"AZUMI (KAMIKOCHI)"},"3901520":{"prefectureJa":"長野県","cityJa":"松本市","townJa":"安曇（その他）","prefectureEn":"NAGANO KEN","cityEn":"MATSUMOTO SHI","townEn":"AZUMI(SONOTA)"},"3901611":{"prefectureJa":"長野県","cityJa":"松本市","townJa":"奈川","prefectureEn":"NAGANO KEN","cityEn":"MATSUMOTO SHI","townEn":"NAGAWA"},"3901701":{"prefectureJa":"長野県","cityJa":"松本市","townJa":"梓川倭","prefectureEn":"NAGANO KEN","cityEn":"MATSUMOTO SHI","townEn":"AZUSAGAWA YAMATO"},"3901702":{"prefectureJa":"長野県","cityJa":"松本市","townJa":"梓川梓","prefectureEn":"NAGANO KEN","cityEn":"MATSUMOTO SHI","townEn":"AZUSAGAWA AZUSA"},"3901703":{"prefectureJa":"長野県","cityJa":"松本市","townJa":"梓川上野","prefectureEn":"NAGANO KEN","cityEn":"MATSUMOTO SHI","townEn":"AZUSAGAWA UENO"}}