{"8570000":{"prefectureJa":"長崎県","cityJa":"佐世保市","townJa":"以下に掲載がない場合","prefectureEn":"NAGASAKI KEN","cityEn":"SASEBO SHI","townEn":"IKANIKEISAIGANAIBAAI"},"8570001":{"prefectureJa":"長崎県","cityJa":"佐世保市","townJa":"烏帽子町","prefectureEn":"NAGASAKI KEN","cityEn":"SASEBO SHI","townEn":"EBOSHICHO"},"8570011":{"prefectureJa":"長崎県","cityJa":"佐世保市","townJa":"春日町","prefectureEn":"NAGASAKI KEN","cityEn":"SASEBO SHI","townEn":"KASUGACHO"},"8570012":{"prefectureJa":"長崎県","cityJa":"佐世保市","townJa":"桜木町","prefectureEn":"NAGASAKI KEN","cityEn":"SASEBO SHI","townEn":"SAKURAGICHO"},"8570013":{"prefectureJa":"長崎県","cityJa":"佐世保市","townJa":"赤木町","prefectureEn":"NAGASAKI KEN","cityEn":"SASEBO SHI","townEn":"AKAGICHO"},"8570014":{"prefectureJa":"長崎県","cityJa":"佐世保市","townJa":"田代町","prefectureEn":"NAGASAKI KEN","cityEn":"SASEBO SHI","townEn":"TASHIROCHO"},"8570015":{"prefectureJa":"長崎県","cityJa":"佐世保市","townJa":"松山町","prefectureEn":"NAGASAKI KEN","cityEn":"SASEBO SHI","townEn":"MATSUYAMACHO"},"8570016":{"prefectureJa":"長崎県","cityJa":"佐世保市","townJa":"俵町","prefectureEn":"NAGASAKI KEN","cityEn":"SASEBO SHI","townEn":"TAWARAMACHI"},"8570017":{"prefectureJa":"長崎県","cityJa":"佐世保市","townJa":"梅田町","prefectureEn":"NAGASAKI KEN","cityEn":"SASEBO SHI","townEn":"UMEDAMACHI"},"8570018":{"prefectureJa":"長崎県","cityJa":"佐世保市","townJa":"横尾町","prefectureEn":"NAGASAKI KEN","cityEn":"SASEBO SHI","townEn":"YOKOCHO"},"8570021":{"prefectureJa":"長崎県","cityJa":"佐世保市","townJa":"折橋町","prefectureEn":"NAGASAKI KEN","cityEn":"SASEBO SHI","townEn":"ORIHASHICHO"},"8570022":{"prefectureJa":"長崎県","cityJa":"佐世保市","townJa":"山手町","prefectureEn":"NAGASAKI KEN","cityEn":"SASEBO SHI","townEn":"YAMATECHO"},"8570023":{"prefectureJa":"長崎県","cityJa":"佐世保市","townJa":"名切町","prefectureEn":"NAGASAKI KEN","cityEn":"SASEBO SHI","townEn":"NAKIRICHO"},"8570024":{"prefectureJa":"長崎県","cityJa":"佐世保市","townJa":"花園町","prefectureEn":"NAGASAKI KEN","cityEn":"SASEBO SHI","townEn":"HANAZONOCHO"},"8570025":{"prefectureJa":"長崎県","cityJa":"佐世保市","townJa":"熊野町","prefectureEn":"NAGASAKI KEN","cityEn":"SASEBO SHI","townEn":"KUMANOCHO"},"8570026":{"prefectureJa":"長崎県","cityJa":"佐世保市","townJa":"宮地町","prefectureEn":"NAGASAKI KEN","cityEn":"SASEBO SHI","townEn":"MIYAJICHO"},"8570027":{"prefectureJa":"長崎県","cityJa":"佐世保市","townJa":"谷郷町","prefectureEn":"NAGASAKI KEN","cityEn":"SASEBO SHI","townEn":"TANIGOCHO"},"8570028":{"prefectureJa":"長崎県","cityJa":"佐世保市","townJa":"八幡町","prefectureEn":"NAGASAKI KEN","cityEn":"SASEBO SHI","townEn":"HACHIMANCHO"},"8570031":{"prefectureJa":"長崎県","cityJa":"佐世保市","townJa":"保立町","prefectureEn":"NAGASAKI KEN","cityEn":"SASEBO SHI","townEn":"HOTATECHO"},"8570032":{"prefectureJa":"長崎県","cityJa":"佐世保市","townJa":"宮田町","prefectureEn":"NAGASAKI KEN","cityEn":"SASEBO SHI","townEn":"MIYADAMACHI"},"8570033":{"prefectureJa":"長崎県","cityJa":"佐世保市","townJa":"城山町","prefectureEn":"NAGASAKI KEN","cityEn":"SASEBO SHI","townEn":"SHIROYAMACHO"},"8570034":{"prefectureJa":"長崎県","cityJa":"佐世保市","townJa":"万徳町","prefectureEn":"NAGASAKI KEN","cityEn":"SASEBO SHI","townEn":"MANTOKUCHO"},"8570035":{"prefectureJa":"長崎県","cityJa":"佐世保市","townJa":"福田町","prefectureEn":"NAGASAKI KEN","cityEn":"SASEBO SHI","townEn":"FUKUDAMACHI"},"8570036":{"prefectureJa":"長崎県","cityJa":"佐世保市","townJa":"清水町","prefectureEn":"NAGASAKI KEN","cityEn":"SASEBO SHI","townEn":"SHIMIZUCHO"},"8570037":{"prefectureJa":"長崎県","cityJa":"佐世保市","townJa":"石坂町","prefectureEn":"NAGASAKI KEN","cityEn":"SASEBO SHI","townEn":"ISHIZAKACHO"},"8570038":{"prefectureJa":"長崎県","cityJa":"佐世保市","townJa":"中通町","prefectureEn":"NAGASAKI KEN","cityEn":"SASEBO SHI","townEn":"NAKADORICHO"},"8570040":{"prefectureJa":"長崎県","cityJa":"佐世保市","townJa":"比良町","prefectureEn":"NAGASAKI KEN","cityEn":"SASEBO SHI","townEn":"HIRAMACHI"},"8570041":{"prefectureJa":"長崎県","cityJa":"佐世保市","townJa":"木場田町","prefectureEn":"NAGASAKI KEN","cityEn":"SASEBO SHI","townEn":"KOBATACHO"},"8570042":{"prefectureJa":"長崎県","cityJa":"佐世保市","townJa":"高砂町","prefectureEn":"NAGASAKI KEN","cityEn":"SASEBO SHI","townEn":"TAKASAGOCHO"},"8570043":{"prefectureJa":"長崎県","cityJa":"佐世保市","townJa":"天満町","prefectureEn":"NAGASAKI KEN","cityEn":"SASEBO SHI","townEn":"TEMMACHO"},"8570044":{"prefectureJa":"長崎県","cityJa":"佐世保市","townJa":"相生町","prefectureEn":"NAGASAKI KEN","cityEn":"SASEBO SHI","townEn":"AIOICHO"},"8570045":{"prefectureJa":"長崎県","cityJa":"佐世保市","townJa":"園田町","prefectureEn":"NAGASAKI KEN","cityEn":"SASEBO SHI","townEn":"SONODAMACHI"},"8570046":{"prefectureJa":"長崎県","cityJa":"佐世保市","townJa":"長尾町","prefectureEn":"NAGASAKI KEN","cityEn":"SASEBO SHI","townEn":"NAGAOCHO"},"8570047":{"prefectureJa":"長崎県","cityJa":"佐世保市","townJa":"矢岳町","prefectureEn":"NAGASAKI KEN","cityEn":"SASEBO SHI","townEn":"YATAKECHO"},"8570048":{"prefectureJa":"長崎県","cityJa":"佐世保市","townJa":"西大久保町","prefectureEn":"NAGASAKI KEN","cityEn":"SASEBO SHI","townEn":"NISHIOKUBOCHO"},"8570049":{"prefectureJa":"長崎県","cityJa":"佐世保市","townJa":"東大久保町","prefectureEn":"NAGASAKI KEN","cityEn":"SASEBO SHI","townEn":"HIGASHIOKUBOCHO"},"8570051":{"prefectureJa":"長崎県","cityJa":"佐世保市","townJa":"浜田町","prefectureEn":"NAGASAKI KEN","cityEn":"SASEBO SHI","townEn":"HAMADAMACHI"},"8570052":{"prefectureJa":"長崎県","cityJa":"佐世保市","townJa":"松浦町","prefectureEn":"NAGASAKI KEN","cityEn":"SASEBO SHI","townEn":"MATSURACHO"},"8570053":{"prefectureJa":"長崎県","cityJa":"佐世保市","townJa":"常盤町","prefectureEn":"NAGASAKI KEN","cityEn":"SASEBO SHI","townEn":"TOKIWACHO"},"8570054":{"prefectureJa":"長崎県","cityJa":"佐世保市","townJa":"栄町","prefectureEn":"NAGASAKI KEN","cityEn":"SASEBO SHI","townEn":"SAKAEMACHI"},"8570055":{"prefectureJa":"長崎県","cityJa":"佐世保市","townJa":"湊町","prefectureEn":"NAGASAKI KEN","cityEn":"SASEBO SHI","townEn":"MINATOMACHI"},"8570056":{"prefectureJa":"長崎県","cityJa":"佐世保市","townJa":"平瀬町","prefectureEn":"NAGASAKI KEN","cityEn":"SASEBO SHI","townEn":"HIRASECHO"},"8570057":{"prefectureJa":"長崎県","cityJa":"佐世保市","townJa":"泉町","prefectureEn":"NAGASAKI KEN","cityEn":"SASEBO SHI","townEn":"IZUMICHO"},"8570058":{"prefectureJa":"長崎県","cityJa":"佐世保市","townJa":"上町","prefectureEn":"NAGASAKI KEN","cityEn":"SASEBO SHI","townEn":"UWAMACHI"},"8570059":{"prefectureJa":"長崎県","cityJa":"佐世保市","townJa":"元町","prefectureEn":"NAGASAKI KEN","cityEn":"SASEBO SHI","townEn":"MOTOMACHI"},"8570061":{"prefectureJa":"長崎県","cityJa":"佐世保市","townJa":"今福町","prefectureEn":"NAGASAKI KEN","cityEn":"SASEBO SHI","townEn":"IMABUKUCHO"},"8570062":{"prefectureJa":"長崎県","cityJa":"佐世保市","townJa":"金比良町","prefectureEn":"NAGASAKI KEN","cityEn":"SASEBO SHI","townEn":"KOMPIRACHO"},"8570063":{"prefectureJa":"長崎県","cityJa":"佐世保市","townJa":"立神町","prefectureEn":"NAGASAKI KEN","cityEn":"SASEBO SHI","townEn":"TATEGAMICHO"},"8570064":{"prefectureJa":"長崎県","cityJa":"佐世保市","townJa":"赤崎町","prefectureEn":"NAGASAKI KEN","cityEn":"SASEBO SHI","townEn":"AKASAKICHO"},"8570065":{"prefectureJa":"長崎県","cityJa":"佐世保市","townJa":"小野町（１２００～１４９９番地）","prefectureEn":"NAGASAKI KEN","cityEn":"SASEBO SHI","townEn":"ONOCHO(1200-1499-BANCHI)"},"8570066":{"prefectureJa":"長崎県","cityJa":"佐世保市","townJa":"小島町","prefectureEn":"NAGASAKI KEN","cityEn":"SASEBO SHI","townEn":"KOJIMACHO"},"8570067":{"prefectureJa":"長崎県","cityJa":"佐世保市","townJa":"神島町","prefectureEn":"NAGASAKI KEN","cityEn":"SASEBO SHI","townEn":"KAMISHIMACHO"},"8570068":{"prefectureJa":"長崎県","cityJa":"佐世保市","townJa":"御船町","prefectureEn":"NAGASAKI KEN","cityEn":"SASEBO SHI","townEn":"MIFUNECHO"},"8570069":{"prefectureJa":"長崎県","cityJa":"佐世保市","townJa":"鵜渡越町","prefectureEn":"NAGASAKI KEN","cityEn":"SASEBO SHI","townEn":"UDOGOECHO"},"8570071":{"prefectureJa":"長崎県","cityJa":"長崎市","townJa":"池島町","prefectureEn":"NAGASAKI KEN","cityEn":"NAGASAKI SHI","townEn":"IKESHIMAMACHI"},"8570101":{"prefectureJa":"長崎県","cityJa":"佐世保市","townJa":"知見寺町","prefectureEn":"NAGASAKI KEN","cityEn":"SASEBO SHI","townEn":"CHIKENJICHO"},"8570102":{"prefectureJa":"長崎県","cityJa":"佐世保市","townJa":"松瀬町","prefectureEn":"NAGASAKI KEN","cityEn":"SASEBO SHI","townEn":"MATSUSECHO"},"8570103":{"prefectureJa":"長崎県","cityJa":"佐世保市","townJa":"原分町","prefectureEn":"NAGASAKI KEN","cityEn":"SASEBO SHI","townEn":"HARUBUNCHO"},"8570104":{"prefectureJa":"長崎県","cityJa":"佐世保市","townJa":"楠木町","prefectureEn":"NAGASAKI KEN","cityEn":"SASEBO SHI","townEn":"KUSUNOKICHO"},"8570105":{"prefectureJa":"長崎県","cityJa":"佐世保市","townJa":"白仁田町","prefectureEn":"NAGASAKI KEN","cityEn":"SASEBO SHI","townEn":"SHIRANITACHO"},"8570106":{"prefectureJa":"長崎県","cityJa":"佐世保市","townJa":"菰田町","prefectureEn":"NAGASAKI KEN","cityEn":"SASEBO SHI","townEn":"KOMODACHO"},"8570111":{"prefectureJa":"長崎県","cityJa":"佐世保市","townJa":"筒井町","prefectureEn":"NAGASAKI KEN","cityEn":"SASEBO SHI","townEn":"TSUTSUICHO"},"8570112":{"prefectureJa":"長崎県","cityJa":"佐世保市","townJa":"柚木町","prefectureEn":"NAGASAKI KEN","cityEn":"SASEBO SHI","townEn":"YUNOKICHO"},"8570113":{"prefectureJa":"長崎県","cityJa":"佐世保市","townJa":"下宇戸町","prefectureEn":"NAGASAKI KEN","cityEn":"SASEBO SHI","townEn":"SHIMODOCHO"},"8570114":{"prefectureJa":"長崎県","cityJa":"佐世保市","townJa":"小舟町","prefectureEn":"NAGASAKI KEN","cityEn":"SASEBO SHI","townEn":"KOFUNECHO"},"8570115":{"prefectureJa":"長崎県","cityJa":"佐世保市","townJa":"柚木元町","prefectureEn":"NAGASAKI KEN","cityEn":"SASEBO SHI","townEn":"YUNOKIMOTOMACHI"},"8570121":{"prefectureJa":"長崎県","cityJa":"佐世保市","townJa":"潜木町","prefectureEn":"NAGASAKI KEN","cityEn":"SASEBO SHI","townEn":"KUGURUGICHO"},"8570122":{"prefectureJa":"長崎県","cityJa":"佐世保市","townJa":"里美町","prefectureEn":"NAGASAKI KEN","cityEn":"SASEBO SHI","townEn":"SATOYOSHICHO"},"8570123":{"prefectureJa":"長崎県","cityJa":"佐世保市","townJa":"川谷町","prefectureEn":"NAGASAKI KEN","cityEn":"SASEBO SHI","townEn":"KAWATANICHO"},"8570124":{"prefectureJa":"長崎県","cityJa":"佐世保市","townJa":"戸ケ倉町","prefectureEn":"NAGASAKI KEN","cityEn":"SASEBO SHI","townEn":"TOGAKURACHO"},"8570125":{"prefectureJa":"長崎県","cityJa":"佐世保市","townJa":"高花町","prefectureEn":"NAGASAKI KEN","cityEn":"SASEBO SHI","townEn":"TAKAHANACHO"},"8570126":{"prefectureJa":"長崎県","cityJa":"佐世保市","townJa":"上柚木町","prefectureEn":"NAGASAKI KEN","cityEn":"SASEBO SHI","townEn":"KAMIYUNOKICHO"},"8570131":{"prefectureJa":"長崎県","cityJa":"佐世保市","townJa":"大野町","prefectureEn":"NAGASAKI KEN","cityEn":"SASEBO SHI","townEn":"ONOCHO"},"8570132":{"prefectureJa":"長崎県","cityJa":"佐世保市","townJa":"松原町","prefectureEn":"NAGASAKI KEN","cityEn":"SASEBO SHI","townEn":"MATSUBARACHO"},"8570133":{"prefectureJa":"長崎県","cityJa":"佐世保市","townJa":"矢峰町","prefectureEn":"NAGASAKI KEN","cityEn":"SASEBO SHI","townEn":"YAMINECHO"},"8570134":{"prefectureJa":"長崎県","cityJa":"佐世保市","townJa":"瀬戸越","prefectureEn":"NAGASAKI KEN","cityEn":"SASEBO SHI","townEn":"SETOGOE"},"8570135":{"prefectureJa":"長崎県","cityJa":"佐世保市","townJa":"瀬戸越町","prefectureEn":"NAGASAKI KEN","cityEn":"SASEBO SHI","townEn":"SETOGOECHO"},"8570136":{"prefectureJa":"長崎県","cityJa":"佐世保市","townJa":"田原町","prefectureEn":"NAGASAKI KEN","cityEn":"SASEBO SHI","townEn":"TABARUCHO"},"8570141":{"prefectureJa":"長崎県","cityJa":"佐世保市","townJa":"十文野町","prefectureEn":"NAGASAKI KEN","cityEn":"SASEBO SHI","townEn":"TOMONNOCHO"},"8570142":{"prefectureJa":"長崎県","cityJa":"佐世保市","townJa":"野中町","prefectureEn":"NAGASAKI KEN","cityEn":"SASEBO SHI","townEn":"NONAKACHO"},"8570143":{"prefectureJa":"長崎県","cityJa":"佐世保市","townJa":"吉岡町","prefectureEn":"NAGASAKI KEN","cityEn":"SASEBO SHI","townEn":"YOSHIOKACHO"},"8570144":{"prefectureJa":"長崎県","cityJa":"佐世保市","townJa":"皆瀬町","prefectureEn":"NAGASAKI KEN","cityEn":"SASEBO SHI","townEn":"KAIZECHO"},"8570145":{"prefectureJa":"長崎県","cityJa":"佐世保市","townJa":"牧の地町","prefectureEn":"NAGASAKI KEN","cityEn":"SASEBO SHI","townEn":"MAKINOJICHO"},"8570146":{"prefectureJa":"長崎県","cityJa":"佐世保市","townJa":"小川内町","prefectureEn":"NAGASAKI KEN","cityEn":"SASEBO SHI","townEn":"OGAWACHICHO"},"8570300":{"prefectureJa":"長崎県","cityJa":"北松浦郡佐々町","townJa":"以下に掲載がない場合","prefectureEn":"NAGASAKI KEN","cityEn":"KITAMATSURA GUN SAZA CHO","townEn":"IKANIKEISAIGANAIBAAI"},"8570311":{"prefectureJa":"長崎県","cityJa":"北松浦郡佐々町","townJa":"本田原免","prefectureEn":"NAGASAKI KEN","cityEn":"KITAMATSURA GUN SAZA CHO","townEn":"HONTABARUMEN"},"8570312":{"prefectureJa":"長崎県","cityJa":"北松浦郡佐々町","townJa":"市場免","prefectureEn":"NAGASAKI KEN","cityEn":"KITAMATSURA GUN SAZA CHO","townEn":"ICHIBAMEN"},"8570313":{"prefectureJa":"長崎県","cityJa":"北松浦郡佐々町","townJa":"鴨川免","prefectureEn":"NAGASAKI KEN","cityEn":"KITAMATSURA GUN SAZA CHO","townEn":"KAMOGAWAMEN"},"8570314":{"prefectureJa":"長崎県","cityJa":"北松浦郡佐々町","townJa":"古川免","prefectureEn":"NAGASAKI KEN","cityEn":"KITAMATSURA GUN SAZA CHO","townEn":"FURUKAWAMEN"},"8570315":{"prefectureJa":"長崎県","cityJa":"北松浦郡佐々町","townJa":"志方免","prefectureEn":"NAGASAKI KEN","cityEn":"KITAMATSURA GUN SAZA CHO","townEn":"SHIKATAMEN"},"8570321":{"prefectureJa":"長崎県","cityJa":"北松浦郡佐々町","townJa":"市瀬免","prefectureEn":"NAGASAKI KEN","cityEn":"KITAMATSURA GUN SAZA CHO","townEn":"ICHINOSEMEN"},"8570322":{"prefectureJa":"長崎県","cityJa":"北松浦郡佐々町","townJa":"松瀬免","prefectureEn":"NAGASAKI KEN","cityEn":"KITAMATSURA GUN SAZA CHO","townEn":"MATSUSEMEN"},"8570323":{"prefectureJa":"長崎県","cityJa":"北松浦郡佐々町","townJa":"江里免","prefectureEn":"NAGASAKI KEN","cityEn":"KITAMATSURA GUN SAZA CHO","townEn":"ERIMEN"},"8570324":{"prefectureJa":"長崎県","cityJa":"北松浦郡佐々町","townJa":"大茂免","prefectureEn":"NAGASAKI KEN","cityEn":"KITAMATSURA GUN SAZA CHO","townEn":"OSHIGEMEN"},"8570331":{"prefectureJa":"長崎県","cityJa":"北松浦郡佐々町","townJa":"野寄免","prefectureEn":"NAGASAKI KEN","cityEn":"KITAMATSURA GUN SAZA CHO","townEn":"NOYORIMEN"},"8570332":{"prefectureJa":"長崎県","cityJa":"北松浦郡佐々町","townJa":"栗林免","prefectureEn":"NAGASAKI KEN","cityEn":"KITAMATSURA GUN SAZA CHO","townEn":"KURIBAYASHIMEN"},"8570333":{"prefectureJa":"長崎県","cityJa":"北松浦郡佐々町","townJa":"中川原免","prefectureEn":"NAGASAKI KEN","cityEn":"KITAMATSURA GUN SAZA CHO","townEn":"NAKAGAWARAMEN"},"8570334":{"prefectureJa":"長崎県","cityJa":"北松浦郡佐々町","townJa":"石木場免","prefectureEn":"NAGASAKI KEN","cityEn":"KITAMATSURA GUN SAZA CHO","townEn":"ISHIKOBAMEN"},"8570335":{"prefectureJa":"長崎県","cityJa":"北松浦郡佐々町","townJa":"皆瀬免","prefectureEn":"NAGASAKI KEN","cityEn":"KITAMATSURA GUN SAZA CHO","townEn":"KAIZEMEN"},"8570336":{"prefectureJa":"長崎県","cityJa":"北松浦郡佐々町","townJa":"神田免","prefectureEn":"NAGASAKI KEN","cityEn":"KITAMATSURA GUN SAZA CHO","townEn":"KODAMEN"},"8570337":{"prefectureJa":"長崎県","cityJa":"北松浦郡佐々町","townJa":"八口免","prefectureEn":"NAGASAKI KEN","cityEn":"KITAMATSURA GUN SAZA CHO","townEn":"YAKUCHIMEN"},"8570338":{"prefectureJa":"長崎県","cityJa":"北松浦郡佐々町","townJa":"角山免","prefectureEn":"NAGASAKI KEN","cityEn":"KITAMATSURA GUN SAZA CHO","townEn":"TSUNOYAMAMEN"},"8570341":{"prefectureJa":"長崎県","cityJa":"北松浦郡佐々町","townJa":"羽須和免","prefectureEn":"NAGASAKI KEN","cityEn":"KITAMATSURA GUN SAZA CHO","townEn":"HASUWAMEN"},"8570342":{"prefectureJa":"長崎県","cityJa":"北松浦郡佐々町","townJa":"平野免","prefectureEn":"NAGASAKI KEN","cityEn":"KITAMATSURA GUN SAZA CHO","townEn":"HIRANOMEN"},"8570343":{"prefectureJa":"長崎県","cityJa":"北松浦郡佐々町","townJa":"木場免","prefectureEn":"NAGASAKI KEN","cityEn":"KITAMATSURA GUN SAZA CHO","townEn":"KOBAMEN"},"8570344":{"prefectureJa":"長崎県","cityJa":"北松浦郡佐々町","townJa":"迎木場免","prefectureEn":"NAGASAKI KEN","cityEn":"KITAMATSURA GUN SAZA CHO","townEn":"MUKAEKOBAMEN"},"8570351":{"prefectureJa":"長崎県","cityJa":"北松浦郡佐々町","townJa":"須崎免","prefectureEn":"NAGASAKI KEN","cityEn":"KITAMATSURA GUN SAZA CHO","townEn":"SUSAKIMEN"},"8570352":{"prefectureJa":"長崎県","cityJa":"北松浦郡佐々町","townJa":"口石免","prefectureEn":"NAGASAKI KEN","cityEn":"KITAMATSURA GUN SAZA CHO","townEn":"KUCHIISHIMEN"},"8570353":{"prefectureJa":"長崎県","cityJa":"北松浦郡佐々町","townJa":"沖田免","prefectureEn":"NAGASAKI KEN","cityEn":"KITAMATSURA GUN SAZA CHO","townEn":"OKITAMEN"},"8570361":{"prefectureJa":"長崎県","cityJa":"北松浦郡佐々町","townJa":"小浦免","prefectureEn":"NAGASAKI KEN","cityEn":"KITAMATSURA GUN SAZA CHO","townEn":"KORAMEN"},"8570401":{"prefectureJa":"長崎県","cityJa":"佐世保市","townJa":"小佐々町黒石","prefectureEn":"NAGASAKI KEN","cityEn":"SASEBO SHI","townEn":"KOSAZACHO KUROISHI"},"8570402":{"prefectureJa":"長崎県","cityJa":"佐世保市","townJa":"小佐々町小坂","prefectureEn":"NAGASAKI KEN","cityEn":"SASEBO SHI","townEn":"KOSAZACHO KOSAKA"},"8570403":{"prefectureJa":"長崎県","cityJa":"佐世保市","townJa":"小佐々町臼ノ浦","prefectureEn":"NAGASAKI KEN","cityEn":"SASEBO SHI","townEn":"KOSAZACHO USUNORA"},"8570404":{"prefectureJa":"長崎県","cityJa":"佐世保市","townJa":"小佐々町田原","prefectureEn":"NAGASAKI KEN","cityEn":"SASEBO SHI","townEn":"KOSAZACHO TABARU"},"8570405":{"prefectureJa":"長崎県","cityJa":"佐世保市","townJa":"小佐々町葛籠","prefectureEn":"NAGASAKI KEN","cityEn":"SASEBO SHI","townEn":"KOSAZACHO TSUZURA"},"8570406":{"prefectureJa":"長崎県","cityJa":"佐世保市","townJa":"小佐々町平原","prefectureEn":"NAGASAKI KEN","cityEn":"SASEBO SHI","townEn":"KOSAZACHO HIRABARU"},"8570411":{"prefectureJa":"長崎県","cityJa":"佐世保市","townJa":"小佐々町岳ノ木場","prefectureEn":"NAGASAKI KEN","cityEn":"SASEBO SHI","townEn":"KOSAZACHO TAKENOKOBA"},"8570412":{"prefectureJa":"長崎県","cityJa":"佐世保市","townJa":"小佐々町西川内","prefectureEn":"NAGASAKI KEN","cityEn":"SASEBO SHI","townEn":"KOSAZACHO NISHIKAWAUCHI"},"8570413":{"prefectureJa":"長崎県","cityJa":"佐世保市","townJa":"小佐々町楠泊","prefectureEn":"NAGASAKI KEN","cityEn":"SASEBO SHI","townEn":"KOSAZACHO KUSUDOMARI"},"8570414":{"prefectureJa":"長崎県","cityJa":"佐世保市","townJa":"小佐々町矢岳","prefectureEn":"NAGASAKI KEN","cityEn":"SASEBO SHI","townEn":"KOSAZACHO YADAKE"},"8570431":{"prefectureJa":"長崎県","cityJa":"佐世保市","townJa":"浅子町","prefectureEn":"NAGASAKI KEN","cityEn":"SASEBO SHI","townEn":"ASAGOCHO"},"8570801":{"prefectureJa":"長崎県","cityJa":"佐世保市","townJa":"祇園町","prefectureEn":"NAGASAKI KEN","cityEn":"SASEBO SHI","townEn":"GIONCHO"},"8570802":{"prefectureJa":"長崎県","cityJa":"佐世保市","townJa":"高天町","prefectureEn":"NAGASAKI KEN","cityEn":"SASEBO SHI","townEn":"KOTENCHO"},"8570803":{"prefectureJa":"長崎県","cityJa":"佐世保市","townJa":"勝富町","prefectureEn":"NAGASAKI KEN","cityEn":"SASEBO SHI","townEn":"KATSUTOMICHO"},"8570804":{"prefectureJa":"長崎県","cityJa":"佐世保市","townJa":"松川町","prefectureEn":"NAGASAKI KEN","cityEn":"SASEBO SHI","townEn":"MATSUKAWACHO"},"8570805":{"prefectureJa":"長崎県","cityJa":"佐世保市","townJa":"光月町","prefectureEn":"NAGASAKI KEN","cityEn":"SASEBO SHI","townEn":"KOGETSUCHO"},"8570806":{"prefectureJa":"長崎県","cityJa":"佐世保市","townJa":"島瀬町","prefectureEn":"NAGASAKI KEN","cityEn":"SASEBO SHI","townEn":"SHIMANOSECHO"},"8570811":{"prefectureJa":"長崎県","cityJa":"佐世保市","townJa":"高梨町","prefectureEn":"NAGASAKI KEN","cityEn":"SASEBO SHI","townEn":"TAKANASHICHO"},"8570812":{"prefectureJa":"長崎県","cityJa":"佐世保市","townJa":"須佐町","prefectureEn":"NAGASAKI KEN","cityEn":"SASEBO SHI","townEn":"SUSAMACHI"},"8570813":{"prefectureJa":"長崎県","cityJa":"佐世保市","townJa":"小佐世保町","prefectureEn":"NAGASAKI KEN","cityEn":"SASEBO SHI","townEn":"KOSASEBOCHO"},"8570821":{"prefectureJa":"長崎県","cityJa":"佐世保市","townJa":"白木町","prefectureEn":"NAGASAKI KEN","cityEn":"SASEBO SHI","townEn":"SHIRAKICHO"},"8570822":{"prefectureJa":"長崎県","cityJa":"佐世保市","townJa":"山祇町","prefectureEn":"NAGASAKI KEN","cityEn":"SASEBO SHI","townEn":"YAMAZUMICHO"},"8570831":{"prefectureJa":"長崎県","cityJa":"佐世保市","townJa":"須田尾町","prefectureEn":"NAGASAKI KEN","cityEn":"SASEBO SHI","townEn":"SUDAOCHO"},"8570832":{"prefectureJa":"長崎県","cityJa":"佐世保市","townJa":"藤原町","prefectureEn":"NAGASAKI KEN","cityEn":"SASEBO SHI","townEn":"FUJIWARACHO"},"8570833":{"prefectureJa":"長崎県","cityJa":"佐世保市","townJa":"若葉町","prefectureEn":"NAGASAKI KEN","cityEn":"SASEBO SHI","townEn":"WAKABACHO"},"8570834":{"prefectureJa":"長崎県","cityJa":"佐世保市","townJa":"潮見町","prefectureEn":"NAGASAKI KEN","cityEn":"SASEBO SHI","townEn":"SHIOMICHO"},"8570841":{"prefectureJa":"長崎県","cityJa":"佐世保市","townJa":"大宮町","prefectureEn":"NAGASAKI KEN","cityEn":"SASEBO SHI","townEn":"OMIYACHO"},"8570842":{"prefectureJa":"長崎県","cityJa":"佐世保市","townJa":"東山町","prefectureEn":"NAGASAKI KEN","cityEn":"SASEBO SHI","townEn":"HIGASHIYAMACHO"},"8570843":{"prefectureJa":"長崎県","cityJa":"佐世保市","townJa":"大黒町","prefectureEn":"NAGASAKI KEN","cityEn":"SASEBO SHI","townEn":"DAIKOKUCHO"},"8570851":{"prefectureJa":"長崎県","cityJa":"佐世保市","townJa":"稲荷町","prefectureEn":"NAGASAKI KEN","cityEn":"SASEBO SHI","townEn":"INARICHO"},"8570852":{"prefectureJa":"長崎県","cityJa":"佐世保市","townJa":"干尽町","prefectureEn":"NAGASAKI KEN","cityEn":"SASEBO SHI","townEn":"HIZUKUSHIMACHI"},"8570853":{"prefectureJa":"長崎県","cityJa":"佐世保市","townJa":"前畑町","prefectureEn":"NAGASAKI KEN","cityEn":"SASEBO SHI","townEn":"MAEHATACHO"},"8570854":{"prefectureJa":"長崎県","cityJa":"佐世保市","townJa":"福石町","prefectureEn":"NAGASAKI KEN","cityEn":"SASEBO SHI","townEn":"FUKUISHICHO"},"8570855":{"prefectureJa":"長崎県","cityJa":"佐世保市","townJa":"新港町","prefectureEn":"NAGASAKI KEN","cityEn":"SASEBO SHI","townEn":"SHIMMINATOMACHI"},"8570861":{"prefectureJa":"長崎県","cityJa":"佐世保市","townJa":"峰坂町","prefectureEn":"NAGASAKI KEN","cityEn":"SASEBO SHI","townEn":"MINENOSAKACHO"},"8570862":{"prefectureJa":"長崎県","cityJa":"佐世保市","townJa":"白南風町","prefectureEn":"NAGASAKI KEN","cityEn":"SASEBO SHI","townEn":"SHIRAHAECHO"},"8570863":{"prefectureJa":"長崎県","cityJa":"佐世保市","townJa":"三浦町","prefectureEn":"NAGASAKI KEN","cityEn":"SASEBO SHI","townEn":"MIURACHO"},"8570864":{"prefectureJa":"長崎県","cityJa":"佐世保市","townJa":"戸尾町","prefectureEn":"NAGASAKI KEN","cityEn":"SASEBO SHI","townEn":"TONOCHO"},"8570871":{"prefectureJa":"長崎県","cityJa":"佐世保市","townJa":"本島町","prefectureEn":"NAGASAKI KEN","cityEn":"SASEBO SHI","townEn":"MOTOSHIMACHO"},"8570872":{"prefectureJa":"長崎県","cityJa":"佐世保市","townJa":"上京町","prefectureEn":"NAGASAKI KEN","cityEn":"SASEBO SHI","townEn":"KAMIKYOMACHI"},"8570873":{"prefectureJa":"長崎県","cityJa":"佐世保市","townJa":"宮崎町","prefectureEn":"NAGASAKI KEN","cityEn":"SASEBO SHI","townEn":"MIYAZAKICHO"},"8570874":{"prefectureJa":"長崎県","cityJa":"佐世保市","townJa":"京坪町","prefectureEn":"NAGASAKI KEN","cityEn":"SASEBO SHI","townEn":"KYONOTSUBOCHO"},"8570875":{"prefectureJa":"長崎県","cityJa":"佐世保市","townJa":"下京町","prefectureEn":"NAGASAKI KEN","cityEn":"SASEBO SHI","townEn":"SHIMOKYOMACHI"},"8570876":{"prefectureJa":"長崎県","cityJa":"佐世保市","townJa":"塩浜町","prefectureEn":"NAGASAKI KEN","cityEn":"SASEBO SHI","townEn":"SHIOHAMACHO"},"8570877":{"prefectureJa":"長崎県","cityJa":"佐世保市","townJa":"万津町","prefectureEn":"NAGASAKI KEN","cityEn":"SASEBO SHI","townEn":"YOROZUCHO"},"8570878":{"prefectureJa":"長崎県","cityJa":"佐世保市","townJa":"山県町","prefectureEn":"NAGASAKI KEN","cityEn":"SASEBO SHI","townEn":"YAMAGATACHO"},"8570879":{"prefectureJa":"長崎県","cityJa":"佐世保市","townJa":"島地町","prefectureEn":"NAGASAKI KEN","cityEn":"SASEBO SHI","townEn":"SHIMANJICHO"},"8571151":{"prefectureJa":"長崎県","cityJa":"佐世保市","townJa":"日宇町","prefectureEn":"NAGASAKI KEN","cityEn":"SASEBO SHI","townEn":"HIUCHO"},"8571152":{"prefectureJa":"長崎県","cityJa":"佐世保市","townJa":"黒髪町","prefectureEn":"NAGASAKI KEN","cityEn":"SASEBO SHI","townEn":"KUROKAMICHO"},"8571153":{"prefectureJa":"長崎県","cityJa":"佐世保市","townJa":"もみじが丘町","prefectureEn":"NAGASAKI KEN","cityEn":"SASEBO SHI","townEn":"MOMIJIGAOKAMACHI"},"8571161":{"prefectureJa":"長崎県","cityJa":"佐世保市","townJa":"大塔町","prefectureEn":"NAGASAKI KEN","cityEn":"SASEBO SHI","townEn":"DAITOCHO"},"8571162":{"prefectureJa":"長崎県","cityJa":"佐世保市","townJa":"卸本町","prefectureEn":"NAGASAKI KEN","cityEn":"SASEBO SHI","townEn":"OROSHIHOMMACHI"},"8571163":{"prefectureJa":"長崎県","cityJa":"佐世保市","townJa":"大岳台町","prefectureEn":"NAGASAKI KEN","cityEn":"SASEBO SHI","townEn":"OTAKEDAIMACHI"},"8571164":{"prefectureJa":"長崎県","cityJa":"佐世保市","townJa":"白岳町","prefectureEn":"NAGASAKI KEN","cityEn":"SASEBO SHI","townEn":"SHIRATAKECHO"},"8571165":{"prefectureJa":"長崎県","cityJa":"佐世保市","townJa":"大和町","prefectureEn":"NAGASAKI KEN","cityEn":"SASEBO SHI","townEn":"YAMATOCHO"},"8571166":{"prefectureJa":"長崎県","cityJa":"佐世保市","townJa":"木風町","prefectureEn":"NAGASAKI KEN","cityEn":"SASEBO SHI","townEn":"KIKAZECHO"},"8571167":{"prefectureJa":"長崎県","cityJa":"佐世保市","townJa":"ひうみ町","prefectureEn":"NAGASAKI KEN","cityEn":"SASEBO SHI","townEn":"HIUMIMACHI"},"8571171":{"prefectureJa":"長崎県","cityJa":"佐世保市","townJa":"沖新町","prefectureEn":"NAGASAKI KEN","cityEn":"SASEBO SHI","townEn":"OKISHIMMACHI"},"8571172":{"prefectureJa":"長崎県","cityJa":"佐世保市","townJa":"東浜町","prefectureEn":"NAGASAKI KEN","cityEn":"SASEBO SHI","townEn":"HIGASHIHAMACHO"},"8571173":{"prefectureJa":"長崎県","cityJa":"佐世保市","townJa":"十郎新町","prefectureEn":"NAGASAKI KEN","cityEn":"SASEBO SHI","townEn":"JUROSHIMMACHI"},"8571174":{"prefectureJa":"長崎県","cityJa":"佐世保市","townJa":"天神","prefectureEn":"NAGASAKI KEN","cityEn":"SASEBO SHI","townEn":"TENJIN"},"8571175":{"prefectureJa":"長崎県","cityJa":"佐世保市","townJa":"天神町","prefectureEn":"NAGASAKI KEN","cityEn":"SASEBO SHI","townEn":"TENJINCHO"},"8571176":{"prefectureJa":"長崎県","cityJa":"佐世保市","townJa":"崎辺町","prefectureEn":"NAGASAKI KEN","cityEn":"SASEBO SHI","townEn":"SAKIBECHO"},"8571231":{"prefectureJa":"長崎県","cityJa":"佐世保市","townJa":"船越町","prefectureEn":"NAGASAKI KEN","cityEn":"SASEBO SHI","townEn":"FUNAKOSHICHO"},"8571232":{"prefectureJa":"長崎県","cityJa":"佐世保市","townJa":"下船越町","prefectureEn":"NAGASAKI KEN","cityEn":"SASEBO SHI","townEn":"SHIMOFUNAKOSHICHO"},"8571233":{"prefectureJa":"長崎県","cityJa":"佐世保市","townJa":"庵浦町","prefectureEn":"NAGASAKI KEN","cityEn":"SASEBO SHI","townEn":"IONORACHO"},"8571234":{"prefectureJa":"長崎県","cityJa":"佐世保市","townJa":"野崎町","prefectureEn":"NAGASAKI KEN","cityEn":"SASEBO SHI","townEn":"NOZAKICHO"},"8571235":{"prefectureJa":"長崎県","cityJa":"佐世保市","townJa":"俵ケ浦町","prefectureEn":"NAGASAKI KEN","cityEn":"SASEBO SHI","townEn":"TAWARAGAURACHO"},"8572221":{"prefectureJa":"長崎県","cityJa":"西海市","townJa":"西海町中浦南郷","prefectureEn":"NAGASAKI KEN","cityEn":"SAIKAI SHI","townEn":"SAIKAICHO NAKAURAMINAMIGO"},"8572222":{"prefectureJa":"長崎県","cityJa":"西海市","townJa":"西海町中浦北郷","prefectureEn":"NAGASAKI KEN","cityEn":"SAIKAI SHI","townEn":"SAIKAICHO NAKAURAKITAGO"},"8572223":{"prefectureJa":"長崎県","cityJa":"西海市","townJa":"西海町七釜郷","prefectureEn":"NAGASAKI KEN","cityEn":"SAIKAI SHI","townEn":"SAIKAICHO NANATSUGAMAGO"},"8572301":{"prefectureJa":"長崎県","cityJa":"西海市","townJa":"大瀬戸町瀬戸板浦郷","prefectureEn":"NAGASAKI KEN","cityEn":"SAIKAI SHI","townEn":"OSETOCHO SETOITANORAGO"},"8572302":{"prefectureJa":"長崎県","cityJa":"西海市","townJa":"大瀬戸町瀬戸樫浦郷","prefectureEn":"NAGASAKI KEN","cityEn":"SAIKAI SHI","townEn":"OSETOCHO SETOKASHINORAGO"},"8572303":{"prefectureJa":"長崎県","cityJa":"西海市","townJa":"大瀬戸町瀬戸西濱郷","prefectureEn":"NAGASAKI KEN","cityEn":"SAIKAI SHI","townEn":"OSETOCHO SETONISHIHAMAGO"},"8572304":{"prefectureJa":"長崎県","cityJa":"西海市","townJa":"大瀬戸町瀬戸下山郷","prefectureEn":"NAGASAKI KEN","cityEn":"SAIKAI SHI","townEn":"OSETOCHO SETOSHITAYAMAGO"},"8572305":{"prefectureJa":"長崎県","cityJa":"西海市","townJa":"大瀬戸町瀬戸羽出川郷","prefectureEn":"NAGASAKI KEN","cityEn":"SAIKAI SHI","townEn":"OSETOCHO SETOHADEGAWAGO"},"8572306":{"prefectureJa":"長崎県","cityJa":"西海市","townJa":"大瀬戸町瀬戸東濱郷","prefectureEn":"NAGASAKI KEN","cityEn":"SAIKAI SHI","townEn":"OSETOCHO SETOHIGASHIHAMAGO"},"8572307":{"prefectureJa":"長崎県","cityJa":"西海市","townJa":"大瀬戸町瀬戸福島郷","prefectureEn":"NAGASAKI KEN","cityEn":"SAIKAI SHI","townEn":"OSETOCHO SETOFUKUSHIMAGO"},"8572311":{"prefectureJa":"長崎県","cityJa":"西海市","townJa":"大瀬戸町多以良外郷","prefectureEn":"NAGASAKI KEN","cityEn":"SAIKAI SHI","townEn":"OSETOCHO TAIRASOTOGO"},"8572312":{"prefectureJa":"長崎県","cityJa":"西海市","townJa":"大瀬戸町多以良内郷","prefectureEn":"NAGASAKI KEN","cityEn":"SAIKAI SHI","townEn":"OSETOCHO TAIRAUCHIGO"},"8572321":{"prefectureJa":"長崎県","cityJa":"西海市","townJa":"大瀬戸町雪浦幸物郷","prefectureEn":"NAGASAKI KEN","cityEn":"SAIKAI SHI","townEn":"OSETOCHO YUKINORAKOBUTSUGO"},"8572322":{"prefectureJa":"長崎県","cityJa":"西海市","townJa":"大瀬戸町雪浦久良木郷","prefectureEn":"NAGASAKI KEN","cityEn":"SAIKAI SHI","townEn":"OSETOCHO YUKINORAKYURAGIGO"},"8572323":{"prefectureJa":"長崎県","cityJa":"西海市","townJa":"大瀬戸町雪浦河通郷","prefectureEn":"NAGASAKI KEN","cityEn":"SAIKAI SHI","townEn":"OSETOCHO YUKINORAGOTSUGO"},"8572324":{"prefectureJa":"長崎県","cityJa":"西海市","townJa":"大瀬戸町雪浦奥浦郷","prefectureEn":"NAGASAKI KEN","cityEn":"SAIKAI SHI","townEn":"OSETOCHO YUKINORAOKURAGO"},"8572325":{"prefectureJa":"長崎県","cityJa":"西海市","townJa":"大瀬戸町雪浦小松郷","prefectureEn":"NAGASAKI KEN","cityEn":"SAIKAI SHI","townEn":"OSETOCHO YUKINORAKOMATSUGO"},"8572326":{"prefectureJa":"長崎県","cityJa":"西海市","townJa":"大瀬戸町雪浦下郷","prefectureEn":"NAGASAKI KEN","cityEn":"SAIKAI SHI","townEn":"OSETOCHO YUKINORASHIMOGO"},"8572327":{"prefectureJa":"長崎県","cityJa":"西海市","townJa":"大瀬戸町雪浦上郷","prefectureEn":"NAGASAKI KEN","cityEn":"SAIKAI SHI","townEn":"OSETOCHO YUKINORAKAMIGO"},"8572328":{"prefectureJa":"長崎県","cityJa":"西海市","townJa":"大瀬戸町雪浦下釜郷","prefectureEn":"NAGASAKI KEN","cityEn":"SAIKAI SHI","townEn":"OSETOCHO YUKINORASHIMONOKAMAGO"},"8572401":{"prefectureJa":"長崎県","cityJa":"西海市","townJa":"大島町黒瀬","prefectureEn":"NAGASAKI KEN","cityEn":"SAIKAI SHI","townEn":"OSHIMACHOKUROSE"},"8572402":{"prefectureJa":"長崎県","cityJa":"西海市","townJa":"大島町内浦地区","prefectureEn":"NAGASAKI KEN","cityEn":"SAIKAI SHI","townEn":"OSHIMACHOUCHIURACHIKU"},"8572403":{"prefectureJa":"長崎県","cityJa":"西海市","townJa":"大島町馬込","prefectureEn":"NAGASAKI KEN","cityEn":"SAIKAI SHI","townEn":"OSHIMACHOMAGOME"},"8572405":{"prefectureJa":"長崎県","cityJa":"西海市","townJa":"大島町中央地区","prefectureEn":"NAGASAKI KEN","cityEn":"SAIKAI SHI","townEn":"OSHIMACHOCHUOCHIKU"},"8572411":{"prefectureJa":"長崎県","cityJa":"西海市","townJa":"大島町寺島","prefectureEn":"NAGASAKI KEN","cityEn":"SAIKAI SHI","townEn":"OSHIMACHOTERASHIMA"},"8572412":{"prefectureJa":"長崎県","cityJa":"西海市","townJa":"大島町真砂","prefectureEn":"NAGASAKI KEN","cityEn":"SAIKAI SHI","townEn":"OSHIMACHOMASAGO"},"8572413":{"prefectureJa":"長崎県","cityJa":"西海市","townJa":"大島町間瀬","prefectureEn":"NAGASAKI KEN","cityEn":"SAIKAI SHI","townEn":"OSHIMACHOMAZE"},"8572417":{"prefectureJa":"長崎県","cityJa":"西海市","townJa":"大島町百合が丘","prefectureEn":"NAGASAKI KEN","cityEn":"SAIKAI SHI","townEn":"OSHIMACHOYURIGAOKA"},"8572418":{"prefectureJa":"長崎県","cityJa":"西海市","townJa":"大島町徳万","prefectureEn":"NAGASAKI KEN","cityEn":"SAIKAI SHI","townEn":"OSHIMACHOTOKUMAN"},"8572419":{"prefectureJa":"長崎県","cityJa":"西海市","townJa":"大島町蛤","prefectureEn":"NAGASAKI KEN","cityEn":"SAIKAI SHI","townEn":"OSHIMACHOHAMAGURI"},"8572421":{"prefectureJa":"長崎県","cityJa":"西海市","townJa":"大島町中戸","prefectureEn":"NAGASAKI KEN","cityEn":"SAIKAI SHI","townEn":"OSHIMACHONAKATO"},"8572422":{"prefectureJa":"長崎県","cityJa":"西海市","townJa":"大島町太田尾","prefectureEn":"NAGASAKI KEN","cityEn":"SAIKAI SHI","townEn":"OSHIMACHOODAO"},"8572423":{"prefectureJa":"長崎県","cityJa":"西海市","townJa":"大島町塔尾","prefectureEn":"NAGASAKI KEN","cityEn":"SAIKAI SHI","townEn":"OSHIMACHOTONO"},"8572424":{"prefectureJa":"長崎県","cityJa":"西海市","townJa":"大島町塩田","prefectureEn":"NAGASAKI KEN","cityEn":"SAIKAI SHI","townEn":"OSHIMACHOSHIODA"},"8572425":{"prefectureJa":"長崎県","cityJa":"西海市","townJa":"大島町田浦","prefectureEn":"NAGASAKI KEN","cityEn":"SAIKAI SHI","townEn":"OSHIMACHOTANORA"},"8572426":{"prefectureJa":"長崎県","cityJa":"西海市","townJa":"大島町大島","prefectureEn":"NAGASAKI KEN","cityEn":"SAIKAI SHI","townEn":"OSHIMACHOOJIMA"},"8572427":{"prefectureJa":"長崎県","cityJa":"西海市","townJa":"大島町の次に番地がくる場合","prefectureEn":"NAGASAKI KEN","cityEn":"SAIKAI SHI","townEn":"OSHIMACHO NOTSUGINIBANCHIGAKURUBAAI"},"8572531":{"prefectureJa":"長崎県","cityJa":"西海市","townJa":"大瀬戸町松島内郷","prefectureEn":"NAGASAKI KEN","cityEn":"SAIKAI SHI","townEn":"OSETOCHO MATSUSHIMAUCHIGO"},"8572532":{"prefectureJa":"長崎県","cityJa":"西海市","townJa":"大瀬戸町松島外郷","prefectureEn":"NAGASAKI KEN","cityEn":"SAIKAI SHI","townEn":"OSETOCHO MATSUSHIMASOTOGO"},"8573101":{"prefectureJa":"長崎県","cityJa":"西海市","townJa":"崎戸町蠣浦郷","prefectureEn":"NAGASAKI KEN","cityEn":"SAIKAI SHI","townEn":"SAKITOCHO KAKINORAGO"},"8573102":{"prefectureJa":"長崎県","cityJa":"西海市","townJa":"崎戸町本郷","prefectureEn":"NAGASAKI KEN","cityEn":"SAIKAI SHI","townEn":"SAKITOCHO HONGO"},"8573103":{"prefectureJa":"長崎県","cityJa":"西海市","townJa":"崎戸町江島","prefectureEn":"NAGASAKI KEN","cityEn":"SAIKAI SHI","townEn":"SAKITOCHO ENOSHIMA"},"8573271":{"prefectureJa":"長崎県","cityJa":"佐世保市","townJa":"黒島町","prefectureEn":"NAGASAKI KEN","cityEn":"SASEBO SHI","townEn":"KUROSHIMACHO"},"8573311":{"prefectureJa":"長崎県","cityJa":"西海市","townJa":"崎戸町平島","prefectureEn":"NAGASAKI KEN","cityEn":"SAIKAI SHI","townEn":"SAKITOCHO HIRASHIMA"},"8574101":{"prefectureJa":"長崎県","cityJa":"南松浦郡新上五島町","townJa":"赤尾郷","prefectureEn":"NAGASAKI KEN","cityEn":"MINAMIMATSURA GUN SHINKAMIGOTO CHO","townEn":"AKAOGO"},"8574102":{"prefectureJa":"長崎県","cityJa":"南松浦郡新上五島町","townJa":"友住郷","prefectureEn":"NAGASAKI KEN","cityEn":"MINAMIMATSURA GUN SHINKAMIGOTO CHO","townEn":"TOMOSUMIGO"},"8574103":{"prefectureJa":"長崎県","cityJa":"南松浦郡新上五島町","townJa":"江ノ浜郷","prefectureEn":"NAGASAKI KEN","cityEn":"MINAMIMATSURA GUN SHINKAMIGOTO CHO","townEn":"ENOHAMAGO"},"8574211":{"prefectureJa":"長崎県","cityJa":"南松浦郡新上五島町","townJa":"有川郷","prefectureEn":"NAGASAKI KEN","cityEn":"MINAMIMATSURA GUN SHINKAMIGOTO CHO","townEn":"ARIKAWAGO"},"8574212":{"prefectureJa":"長崎県","cityJa":"南松浦郡新上五島町","townJa":"小河原郷","prefectureEn":"NAGASAKI KEN","cityEn":"MINAMIMATSURA GUN SHINKAMIGOTO CHO","townEn":"OGAWARAGO"},"8574213":{"prefectureJa":"長崎県","cityJa":"南松浦郡新上五島町","townJa":"太田郷","prefectureEn":"NAGASAKI KEN","cityEn":"MINAMIMATSURA GUN SHINKAMIGOTO CHO","townEn":"OTAGO"},"8574214":{"prefectureJa":"長崎県","cityJa":"南松浦郡新上五島町","townJa":"七目郷","prefectureEn":"NAGASAKI KEN","cityEn":"MINAMIMATSURA GUN SHINKAMIGOTO CHO","townEn":"NANAMEGO"},"8574400":{"prefectureJa":"長崎県","cityJa":"南松浦郡新上五島町","townJa":"以下に掲載がない場合","prefectureEn":"NAGASAKI KEN","cityEn":"MINAMIMATSURA GUN SHINKAMIGOTO CHO","townEn":"IKANIKEISAIGANAIBAAI"},"8574401":{"prefectureJa":"長崎県","cityJa":"南松浦郡新上五島町","townJa":"網上郷","prefectureEn":"NAGASAKI KEN","cityEn":"MINAMIMATSURA GUN SHINKAMIGOTO CHO","townEn":"AMIAGEGO"},"8574402":{"prefectureJa":"長崎県","cityJa":"南松浦郡新上五島町","townJa":"奈摩郷","prefectureEn":"NAGASAKI KEN","cityEn":"MINAMIMATSURA GUN SHINKAMIGOTO CHO","townEn":"NAMAGO"},"8574404":{"prefectureJa":"長崎県","cityJa":"南松浦郡新上五島町","townJa":"青方郷","prefectureEn":"NAGASAKI KEN","cityEn":"MINAMIMATSURA GUN SHINKAMIGOTO CHO","townEn":"AOKATAGO"},"8574405":{"prefectureJa":"長崎県","cityJa":"南松浦郡新上五島町","townJa":"船崎郷","prefectureEn":"NAGASAKI KEN","cityEn":"MINAMIMATSURA GUN SHINKAMIGOTO CHO","townEn":"FUNASAKIGO"},"8574411":{"prefectureJa":"長崎県","cityJa":"南松浦郡新上五島町","townJa":"相河郷","prefectureEn":"NAGASAKI KEN","cityEn":"MINAMIMATSURA GUN SHINKAMIGOTO CHO","townEn":"AIKOGO"},"8574412":{"prefectureJa":"長崎県","cityJa":"南松浦郡新上五島町","townJa":"三日ノ浦郷","prefectureEn":"NAGASAKI KEN","cityEn":"MINAMIMATSURA GUN SHINKAMIGOTO CHO","townEn":"MIKANORAGO"},"8574413":{"prefectureJa":"長崎県","cityJa":"南松浦郡新上五島町","townJa":"今里郷","prefectureEn":"NAGASAKI KEN","cityEn":"MINAMIMATSURA GUN SHINKAMIGOTO CHO","townEn":"IMAZATOGO"},"8574414":{"prefectureJa":"長崎県","cityJa":"南松浦郡新上五島町","townJa":"飯ノ瀬戸郷","prefectureEn":"NAGASAKI KEN","cityEn":"MINAMIMATSURA GUN SHINKAMIGOTO CHO","townEn":"INOSEDOGO"},"8574415":{"prefectureJa":"長崎県","cityJa":"南松浦郡新上五島町","townJa":"続浜ノ浦郷","prefectureEn":"NAGASAKI KEN","cityEn":"MINAMIMATSURA GUN SHINKAMIGOTO CHO","townEn":"TSUZUKIHAMANORAGO"},"8574416":{"prefectureJa":"長崎県","cityJa":"南松浦郡新上五島町","townJa":"道土井郷","prefectureEn":"NAGASAKI KEN","cityEn":"MINAMIMATSURA GUN SHINKAMIGOTO CHO","townEn":"MICHIDOIGO"},"8574511":{"prefectureJa":"長崎県","cityJa":"南松浦郡新上五島町","townJa":"浦桑郷","prefectureEn":"NAGASAKI KEN","cityEn":"MINAMIMATSURA GUN SHINKAMIGOTO CHO","townEn":"URAKUWAGO"},"8574512":{"prefectureJa":"長崎県","cityJa":"南松浦郡新上五島町","townJa":"榎津郷","prefectureEn":"NAGASAKI KEN","cityEn":"MINAMIMATSURA GUN SHINKAMIGOTO CHO","townEn":"ENOKIZUGO"},"8574513":{"prefectureJa":"長崎県","cityJa":"南松浦郡新上五島町","townJa":"丸尾郷","prefectureEn":"NAGASAKI KEN","cityEn":"MINAMIMATSURA GUN SHINKAMIGOTO CHO","townEn":"MARUOGO"},"8574514":{"prefectureJa":"長崎県","cityJa":"南松浦郡新上五島町","townJa":"似首郷","prefectureEn":"NAGASAKI KEN","cityEn":"MINAMIMATSURA GUN SHINKAMIGOTO CHO","townEn":"NITAKUBIGO"},"8574601":{"prefectureJa":"長崎県","cityJa":"南松浦郡新上五島町","townJa":"小串郷","prefectureEn":"NAGASAKI KEN","cityEn":"MINAMIMATSURA GUN SHINKAMIGOTO CHO","townEn":"KOGUSHIGO"},"8574602":{"prefectureJa":"長崎県","cityJa":"南松浦郡新上五島町","townJa":"曽根郷","prefectureEn":"NAGASAKI KEN","cityEn":"MINAMIMATSURA GUN SHINKAMIGOTO CHO","townEn":"SONEGO"},"8574603":{"prefectureJa":"長崎県","cityJa":"南松浦郡新上五島町","townJa":"立串郷","prefectureEn":"NAGASAKI KEN","cityEn":"MINAMIMATSURA GUN SHINKAMIGOTO CHO","townEn":"TATEKUSHIGO"},"8574604":{"prefectureJa":"長崎県","cityJa":"南松浦郡新上五島町","townJa":"津和崎郷","prefectureEn":"NAGASAKI KEN","cityEn":"MINAMIMATSURA GUN SHINKAMIGOTO CHO","townEn":"TSUWAZAKIGO"},"8574700":{"prefectureJa":"長崎県","cityJa":"北松浦郡小値賀町","townJa":"以下に掲載がない場合","prefectureEn":"NAGASAKI KEN","cityEn":"KITAMATSURA GUN OJIKA CHO","townEn":"IKANIKEISAIGANAIBAAI"},"8574701":{"prefectureJa":"長崎県","cityJa":"北松浦郡小値賀町","townJa":"笛吹郷","prefectureEn":"NAGASAKI KEN","cityEn":"KITAMATSURA GUN OJIKA CHO","townEn":"FUEFUKIGO"},"8574702":{"prefectureJa":"長崎県","cityJa":"北松浦郡小値賀町","townJa":"前方郷","prefectureEn":"NAGASAKI KEN","cityEn":"KITAMATSURA GUN OJIKA CHO","townEn":"MAEGATAGO"},"8574703":{"prefectureJa":"長崎県","cityJa":"北松浦郡小値賀町","townJa":"中村郷","prefectureEn":"NAGASAKI KEN","cityEn":"KITAMATSURA GUN OJIKA CHO","townEn":"NAKAMURAGO"},"8574704":{"prefectureJa":"長崎県","cityJa":"北松浦郡小値賀町","townJa":"柳郷","prefectureEn":"NAGASAKI KEN","cityEn":"KITAMATSURA GUN OJIKA CHO","townEn":"YANAGIGO"},"8574705":{"prefectureJa":"長崎県","cityJa":"北松浦郡小値賀町","townJa":"浜津郷","prefectureEn":"NAGASAKI KEN","cityEn":"KITAMATSURA GUN OJIKA CHO","townEn":"HAMAZUGO"},"8574706":{"prefectureJa":"長崎県","cityJa":"北松浦郡小値賀町","townJa":"黒島郷","prefectureEn":"NAGASAKI KEN","cityEn":"KITAMATSURA GUN OJIKA CHO","townEn":"KUROSHIMAGO"},"8574707":{"prefectureJa":"長崎県","cityJa":"北松浦郡小値賀町","townJa":"班島郷","prefectureEn":"NAGASAKI KEN","cityEn":"KITAMATSURA GUN OJIKA CHO","townEn":"MADARASHIMAGO"},"8574708":{"prefectureJa":"長崎県","cityJa":"北松浦郡小値賀町","townJa":"大島郷","prefectureEn":"NAGASAKI KEN","cityEn":"KITAMATSURA GUN OJIKA CHO","townEn":"OSHIMAGO"},"8574709":{"prefectureJa":"長崎県","cityJa":"北松浦郡小値賀町","townJa":"野崎郷","prefectureEn":"NAGASAKI KEN","cityEn":"KITAMATSURA GUN OJIKA CHO","townEn":"NOZAKIGO"},"8574711":{"prefectureJa":"長崎県","cityJa":"北松浦郡小値賀町","townJa":"納島郷","prefectureEn":"NAGASAKI KEN","cityEn":"KITAMATSURA GUN OJIKA CHO","townEn":"NOSHIMAGO"},"8574712":{"prefectureJa":"長崎県","cityJa":"北松浦郡小値賀町","townJa":"六島郷","prefectureEn":"NAGASAKI KEN","cityEn":"KITAMATSURA GUN OJIKA CHO","townEn":"MUSHIMAGO"},"8574811":{"prefectureJa":"長崎県","cityJa":"佐世保市","townJa":"宇久町神浦","prefectureEn":"NAGASAKI KEN","cityEn":"SASEBO SHI","townEn":"UKUMACHI KONORA"},"8574812":{"prefectureJa":"長崎県","cityJa":"佐世保市","townJa":"宇久町小浜","prefectureEn":"NAGASAKI KEN","cityEn":"SASEBO SHI","townEn":"UKUMACHI OBAMA"},"8574813":{"prefectureJa":"長崎県","cityJa":"佐世保市","townJa":"宇久町飯良","prefectureEn":"NAGASAKI KEN","cityEn":"SASEBO SHI","townEn":"UKUMACHI IIRA"},"8574814":{"prefectureJa":"長崎県","cityJa":"佐世保市","townJa":"宇久町本飯良","prefectureEn":"NAGASAKI KEN","cityEn":"SASEBO SHI","townEn":"UKUMACHI MOTOIIRA"},"8574815":{"prefectureJa":"長崎県","cityJa":"佐世保市","townJa":"宇久町大久保","prefectureEn":"NAGASAKI KEN","cityEn":"SASEBO SHI","townEn":"UKUMACHI OKUBO"},"8574816":{"prefectureJa":"長崎県","cityJa":"佐世保市","townJa":"宇久町寺島","prefectureEn":"NAGASAKI KEN","cityEn":"SASEBO SHI","townEn":"UKUMACHI TERASHIMA"},"8574901":{"prefectureJa":"長崎県","cityJa":"佐世保市","townJa":"宇久町平","prefectureEn":"NAGASAKI KEN","cityEn":"SASEBO SHI","townEn":"UKUMACHI TAIRA"},"8574902":{"prefectureJa":"長崎県","cityJa":"佐世保市","townJa":"宇久町野方","prefectureEn":"NAGASAKI KEN","cityEn":"SASEBO SHI","townEn":"UKUMACHI NOGATA"},"8574903":{"prefectureJa":"長崎県","cityJa":"佐世保市","townJa":"宇久町太田江","prefectureEn":"NAGASAKI KEN","cityEn":"SASEBO SHI","townEn":"UKUMACHI ODAE"},"8574904":{"prefectureJa":"長崎県","cityJa":"佐世保市","townJa":"宇久町木場","prefectureEn":"NAGASAKI KEN","cityEn":"SASEBO SHI","townEn":"UKUMACHI KOBA"}}