{"3250000":{"prefectureJa":"栃木県","cityJa":"那須塩原市","townJa":"以下に掲載がない場合","prefectureEn":"TOCHIGI KEN","cityEn":"NASUSHIOBARA SHI","townEn":"IKANIKEISAIGANAIBAAI"},"3250001":{"prefectureJa":"栃木県","cityJa":"那須郡那須町","townJa":"高久甲（その他）","prefectureEn":"TOCHIGI KEN","cityEn":"NASU GUN NASU MACHI","townEn":"TAKAKUKO(SONOTA)"},"3250002":{"prefectureJa":"栃木県","cityJa":"那須郡那須町","townJa":"高久丙（穂積、山梨子）","prefectureEn":"TOCHIGI KEN","cityEn":"NASU GUN NASU MACHI","townEn":"TAKAKUHEI(HOZUMI.YAMANASHI)"},"3250003":{"prefectureJa":"栃木県","cityJa":"那須郡那須町","townJa":"寺子乙（７２０番地）","prefectureEn":"TOCHIGI KEN","cityEn":"NASU GUN NASU MACHI","townEn":"TERAKOTSU(720-BANCHI)"},"3250011":{"prefectureJa":"栃木県","cityJa":"那須塩原市","townJa":"寺子","prefectureEn":"TOCHIGI KEN","cityEn":"NASUSHIOBARA SHI","townEn":"TERAGO"},"3250012":{"prefectureJa":"栃木県","cityJa":"那須塩原市","townJa":"越堀","prefectureEn":"TOCHIGI KEN","cityEn":"NASUSHIOBARA SHI","townEn":"KOEBORI"},"3250013":{"prefectureJa":"栃木県","cityJa":"那須塩原市","townJa":"鍋掛","prefectureEn":"TOCHIGI KEN","cityEn":"NASUSHIOBARA SHI","townEn":"NABEKAKE"},"3250014":{"prefectureJa":"栃木県","cityJa":"那須塩原市","townJa":"野間","prefectureEn":"TOCHIGI KEN","cityEn":"NASUSHIOBARA SHI","townEn":"NOMA"},"3250015":{"prefectureJa":"栃木県","cityJa":"那須塩原市","townJa":"原町","prefectureEn":"TOCHIGI KEN","cityEn":"NASUSHIOBARA SHI","townEn":"HARAMACHI"},"3250016":{"prefectureJa":"栃木県","cityJa":"那須塩原市","townJa":"東栄","prefectureEn":"TOCHIGI KEN","cityEn":"NASUSHIOBARA SHI","townEn":"TOEI"},"3250017":{"prefectureJa":"栃木県","cityJa":"那須塩原市","townJa":"黒磯","prefectureEn":"TOCHIGI KEN","cityEn":"NASUSHIOBARA SHI","townEn":"KUROISO"},"3250021":{"prefectureJa":"栃木県","cityJa":"那須塩原市","townJa":"安藤町","prefectureEn":"TOCHIGI KEN","cityEn":"NASUSHIOBARA SHI","townEn":"ANDOCHO"},"3250022":{"prefectureJa":"栃木県","cityJa":"那須塩原市","townJa":"東豊浦","prefectureEn":"TOCHIGI KEN","cityEn":"NASUSHIOBARA SHI","townEn":"HIGASHITOYORA"},"3250023":{"prefectureJa":"栃木県","cityJa":"那須塩原市","townJa":"豊浦","prefectureEn":"TOCHIGI KEN","cityEn":"NASUSHIOBARA SHI","townEn":"TOYORA"},"3250024":{"prefectureJa":"栃木県","cityJa":"那須塩原市","townJa":"渡辺","prefectureEn":"TOCHIGI KEN","cityEn":"NASUSHIOBARA SHI","townEn":"WATANABE"},"3250025":{"prefectureJa":"栃木県","cityJa":"那須塩原市","townJa":"下厚崎","prefectureEn":"TOCHIGI KEN","cityEn":"NASUSHIOBARA SHI","townEn":"SHIMOATSUSAKI"},"3250026":{"prefectureJa":"栃木県","cityJa":"那須塩原市","townJa":"上厚崎","prefectureEn":"TOCHIGI KEN","cityEn":"NASUSHIOBARA SHI","townEn":"KAMIATSUSAKI"},"3250027":{"prefectureJa":"栃木県","cityJa":"那須塩原市","townJa":"共墾社","prefectureEn":"TOCHIGI KEN","cityEn":"NASUSHIOBARA SHI","townEn":"KYOKONSHA"},"3250031":{"prefectureJa":"栃木県","cityJa":"那須塩原市","townJa":"並木町","prefectureEn":"TOCHIGI KEN","cityEn":"NASUSHIOBARA SHI","townEn":"NAMIKICHO"},"3250032":{"prefectureJa":"栃木県","cityJa":"那須塩原市","townJa":"若草町","prefectureEn":"TOCHIGI KEN","cityEn":"NASUSHIOBARA SHI","townEn":"WAKAKUSACHO"},"3250033":{"prefectureJa":"栃木県","cityJa":"那須塩原市","townJa":"埼玉","prefectureEn":"TOCHIGI KEN","cityEn":"NASUSHIOBARA SHI","townEn":"SAKITAMA"},"3250034":{"prefectureJa":"栃木県","cityJa":"那須塩原市","townJa":"東原","prefectureEn":"TOCHIGI KEN","cityEn":"NASUSHIOBARA SHI","townEn":"HIGASHIHARA"},"3250035":{"prefectureJa":"栃木県","cityJa":"那須塩原市","townJa":"小結","prefectureEn":"TOCHIGI KEN","cityEn":"NASUSHIOBARA SHI","townEn":"KOYUI"},"3250036":{"prefectureJa":"栃木県","cityJa":"那須塩原市","townJa":"鳥野目","prefectureEn":"TOCHIGI KEN","cityEn":"NASUSHIOBARA SHI","townEn":"TORINOME"},"3250037":{"prefectureJa":"栃木県","cityJa":"那須塩原市","townJa":"美原町","prefectureEn":"TOCHIGI KEN","cityEn":"NASUSHIOBARA SHI","townEn":"MIHARACHO"},"3250038":{"prefectureJa":"栃木県","cityJa":"那須塩原市","townJa":"豊浦北町","prefectureEn":"TOCHIGI KEN","cityEn":"NASUSHIOBARA SHI","townEn":"TOYORAKITAMACHI"},"3250039":{"prefectureJa":"栃木県","cityJa":"那須塩原市","townJa":"北栄町","prefectureEn":"TOCHIGI KEN","cityEn":"NASUSHIOBARA SHI","townEn":"KITASAKAECHO"},"3250041":{"prefectureJa":"栃木県","cityJa":"那須塩原市","townJa":"東大和町","prefectureEn":"TOCHIGI KEN","cityEn":"NASUSHIOBARA SHI","townEn":"HIGASHIYAMATOCHO"},"3250042":{"prefectureJa":"栃木県","cityJa":"那須塩原市","townJa":"桜町","prefectureEn":"TOCHIGI KEN","cityEn":"NASUSHIOBARA SHI","townEn":"SAKURACHO"},"3250043":{"prefectureJa":"栃木県","cityJa":"那須塩原市","townJa":"橋本町","prefectureEn":"TOCHIGI KEN","cityEn":"NASUSHIOBARA SHI","townEn":"HASHIMOTOCHO"},"3250044":{"prefectureJa":"栃木県","cityJa":"那須塩原市","townJa":"弥生町","prefectureEn":"TOCHIGI KEN","cityEn":"NASUSHIOBARA SHI","townEn":"YAYOICHO"},"3250045":{"prefectureJa":"栃木県","cityJa":"那須塩原市","townJa":"高砂町","prefectureEn":"TOCHIGI KEN","cityEn":"NASUSHIOBARA SHI","townEn":"TAKASAGOCHO"},"3250046":{"prefectureJa":"栃木県","cityJa":"那須塩原市","townJa":"大黒町","prefectureEn":"TOCHIGI KEN","cityEn":"NASUSHIOBARA SHI","townEn":"DAIKOKUCHO"},"3250047":{"prefectureJa":"栃木県","cityJa":"那須塩原市","townJa":"若葉町","prefectureEn":"TOCHIGI KEN","cityEn":"NASUSHIOBARA SHI","townEn":"WAKABACHO"},"3250048":{"prefectureJa":"栃木県","cityJa":"那須塩原市","townJa":"材木町","prefectureEn":"TOCHIGI KEN","cityEn":"NASUSHIOBARA SHI","townEn":"ZAIMOKUCHO"},"3250051":{"prefectureJa":"栃木県","cityJa":"那須塩原市","townJa":"豊町","prefectureEn":"TOCHIGI KEN","cityEn":"NASUSHIOBARA SHI","townEn":"YUTAKACHO"},"3250052":{"prefectureJa":"栃木県","cityJa":"那須塩原市","townJa":"中央町","prefectureEn":"TOCHIGI KEN","cityEn":"NASUSHIOBARA SHI","townEn":"CHUOCHO"},"3250053":{"prefectureJa":"栃木県","cityJa":"那須塩原市","townJa":"本郷町","prefectureEn":"TOCHIGI KEN","cityEn":"NASUSHIOBARA SHI","townEn":"HONGOCHO"},"3250054":{"prefectureJa":"栃木県","cityJa":"那須塩原市","townJa":"新朝日","prefectureEn":"TOCHIGI KEN","cityEn":"NASUSHIOBARA SHI","townEn":"SHINASAHI"},"3250055":{"prefectureJa":"栃木県","cityJa":"那須塩原市","townJa":"宮町","prefectureEn":"TOCHIGI KEN","cityEn":"NASUSHIOBARA SHI","townEn":"MIYACHO"},"3250056":{"prefectureJa":"栃木県","cityJa":"那須塩原市","townJa":"本町","prefectureEn":"TOCHIGI KEN","cityEn":"NASUSHIOBARA SHI","townEn":"HONCHO"},"3250057":{"prefectureJa":"栃木県","cityJa":"那須塩原市","townJa":"黒磯幸町","prefectureEn":"TOCHIGI KEN","cityEn":"NASUSHIOBARA SHI","townEn":"KUROISOSAIWAICHO"},"3250058":{"prefectureJa":"栃木県","cityJa":"那須塩原市","townJa":"錦町","prefectureEn":"TOCHIGI KEN","cityEn":"NASUSHIOBARA SHI","townEn":"NISHIKICHO"},"3250061":{"prefectureJa":"栃木県","cityJa":"那須塩原市","townJa":"末広町","prefectureEn":"TOCHIGI KEN","cityEn":"NASUSHIOBARA SHI","townEn":"SUEHIROCHO"},"3250062":{"prefectureJa":"栃木県","cityJa":"那須塩原市","townJa":"住吉町","prefectureEn":"TOCHIGI KEN","cityEn":"NASUSHIOBARA SHI","townEn":"SUMIYOSHICHO"},"3250063":{"prefectureJa":"栃木県","cityJa":"那須塩原市","townJa":"豊浦中町","prefectureEn":"TOCHIGI KEN","cityEn":"NASUSHIOBARA SHI","townEn":"TOYORANAKAMACHI"},"3250064":{"prefectureJa":"栃木県","cityJa":"那須塩原市","townJa":"豊浦町","prefectureEn":"TOCHIGI KEN","cityEn":"NASUSHIOBARA SHI","townEn":"TOYORACHO"},"3250065":{"prefectureJa":"栃木県","cityJa":"那須塩原市","townJa":"豊浦南町","prefectureEn":"TOCHIGI KEN","cityEn":"NASUSHIOBARA SHI","townEn":"TOYORAMINAMICHO"},"3250066":{"prefectureJa":"栃木県","cityJa":"那須塩原市","townJa":"新緑町","prefectureEn":"TOCHIGI KEN","cityEn":"NASUSHIOBARA SHI","townEn":"SHIMMIDORICHO"},"3250067":{"prefectureJa":"栃木県","cityJa":"那須塩原市","townJa":"清住町","prefectureEn":"TOCHIGI KEN","cityEn":"NASUSHIOBARA SHI","townEn":"KIYOSUMICHO"},"3250071":{"prefectureJa":"栃木県","cityJa":"那須塩原市","townJa":"新町","prefectureEn":"TOCHIGI KEN","cityEn":"NASUSHIOBARA SHI","townEn":"SHIMMACHI"},"3250072":{"prefectureJa":"栃木県","cityJa":"那須塩原市","townJa":"豊住町","prefectureEn":"TOCHIGI KEN","cityEn":"NASUSHIOBARA SHI","townEn":"TOYOSUMICHO"},"3250073":{"prefectureJa":"栃木県","cityJa":"那須塩原市","townJa":"阿波町","prefectureEn":"TOCHIGI KEN","cityEn":"NASUSHIOBARA SHI","townEn":"AWACHO"},"3250074":{"prefectureJa":"栃木県","cityJa":"那須塩原市","townJa":"松浦町","prefectureEn":"TOCHIGI KEN","cityEn":"NASUSHIOBARA SHI","townEn":"MATSURACHO"},"3250075":{"prefectureJa":"栃木県","cityJa":"那須塩原市","townJa":"春日町","prefectureEn":"TOCHIGI KEN","cityEn":"NASUSHIOBARA SHI","townEn":"KASUGACHO"},"3250076":{"prefectureJa":"栃木県","cityJa":"那須塩原市","townJa":"西新町","prefectureEn":"TOCHIGI KEN","cityEn":"NASUSHIOBARA SHI","townEn":"NISHISHIMMACHI"},"3250101":{"prefectureJa":"栃木県","cityJa":"那須塩原市","townJa":"西岩崎","prefectureEn":"TOCHIGI KEN","cityEn":"NASUSHIOBARA SHI","townEn":"NISHIIWAZAKI"},"3250102":{"prefectureJa":"栃木県","cityJa":"那須塩原市","townJa":"亀山","prefectureEn":"TOCHIGI KEN","cityEn":"NASUSHIOBARA SHI","townEn":"KAMEYAMA"},"3250103":{"prefectureJa":"栃木県","cityJa":"那須塩原市","townJa":"青木","prefectureEn":"TOCHIGI KEN","cityEn":"NASUSHIOBARA SHI","townEn":"AOKI"},"3250104":{"prefectureJa":"栃木県","cityJa":"那須塩原市","townJa":"鹿野崎新田","prefectureEn":"TOCHIGI KEN","cityEn":"NASUSHIOBARA SHI","townEn":"KANOSAKISHINDEN"},"3250105":{"prefectureJa":"栃木県","cityJa":"那須塩原市","townJa":"箕輪","prefectureEn":"TOCHIGI KEN","cityEn":"NASUSHIOBARA SHI","townEn":"MINOWA"},"3250106":{"prefectureJa":"栃木県","cityJa":"那須塩原市","townJa":"洞島","prefectureEn":"TOCHIGI KEN","cityEn":"NASUSHIOBARA SHI","townEn":"DOJIMA"},"3250107":{"prefectureJa":"栃木県","cityJa":"那須塩原市","townJa":"高林","prefectureEn":"TOCHIGI KEN","cityEn":"NASUSHIOBARA SHI","townEn":"TAKABAYASHI"},"3250108":{"prefectureJa":"栃木県","cityJa":"那須塩原市","townJa":"箭坪","prefectureEn":"TOCHIGI KEN","cityEn":"NASUSHIOBARA SHI","townEn":"YATSUBO"},"3250111":{"prefectureJa":"栃木県","cityJa":"那須塩原市","townJa":"板室","prefectureEn":"TOCHIGI KEN","cityEn":"NASUSHIOBARA SHI","townEn":"ITAMURO"},"3250112":{"prefectureJa":"栃木県","cityJa":"那須塩原市","townJa":"油井","prefectureEn":"TOCHIGI KEN","cityEn":"NASUSHIOBARA SHI","townEn":"YUI"},"3250113":{"prefectureJa":"栃木県","cityJa":"那須塩原市","townJa":"細竹","prefectureEn":"TOCHIGI KEN","cityEn":"NASUSHIOBARA SHI","townEn":"HOSODAKE"},"3250114":{"prefectureJa":"栃木県","cityJa":"那須塩原市","townJa":"戸田","prefectureEn":"TOCHIGI KEN","cityEn":"NASUSHIOBARA SHI","townEn":"TODA"},"3250115":{"prefectureJa":"栃木県","cityJa":"那須塩原市","townJa":"百村","prefectureEn":"TOCHIGI KEN","cityEn":"NASUSHIOBARA SHI","townEn":"MOMURA"},"3250116":{"prefectureJa":"栃木県","cityJa":"那須塩原市","townJa":"木綿畑","prefectureEn":"TOCHIGI KEN","cityEn":"NASUSHIOBARA SHI","townEn":"KIWATAHATA"},"3250117":{"prefectureJa":"栃木県","cityJa":"那須塩原市","townJa":"湯宮","prefectureEn":"TOCHIGI KEN","cityEn":"NASUSHIOBARA SHI","townEn":"YUGU"},"3250118":{"prefectureJa":"栃木県","cityJa":"那須塩原市","townJa":"鴫内","prefectureEn":"TOCHIGI KEN","cityEn":"NASUSHIOBARA SHI","townEn":"SHIGIUCHI"},"3250301":{"prefectureJa":"栃木県","cityJa":"那須郡那須町","townJa":"湯本","prefectureEn":"TOCHIGI KEN","cityEn":"NASU GUN NASU MACHI","townEn":"YUMOTO"},"3250302":{"prefectureJa":"栃木県","cityJa":"那須郡那須町","townJa":"高久丙（その他）","prefectureEn":"TOCHIGI KEN","cityEn":"NASU GUN NASU MACHI","townEn":"TAKAKUHEI(SONOTA)"},"3250303":{"prefectureJa":"栃木県","cityJa":"那須郡那須町","townJa":"高久乙","prefectureEn":"TOCHIGI KEN","cityEn":"NASU GUN NASU MACHI","townEn":"TAKAKUOTSU"},"3250304":{"prefectureJa":"栃木県","cityJa":"那須郡那須町","townJa":"高久甲（２８８８、４５９５、５２３５～６０１９、６０２１～６１１２、","prefectureEn":"TOCHIGI KEN","cityEn":"NASU GUN NASU MACHI","townEn":"6114-6141.6328.6437.6438)"}}