{"8510101":{"prefectureJa":"長崎県","cityJa":"長崎市","townJa":"古賀町","prefectureEn":"NAGASAKI KEN","cityEn":"NAGASAKI SHI","townEn":"KOGAMACHI"},"8510102":{"prefectureJa":"長崎県","cityJa":"長崎市","townJa":"つつじが丘","prefectureEn":"NAGASAKI KEN","cityEn":"NAGASAKI SHI","townEn":"TSUTSUJIGAOKA"},"8510103":{"prefectureJa":"長崎県","cityJa":"長崎市","townJa":"中里町","prefectureEn":"NAGASAKI KEN","cityEn":"NAGASAKI SHI","townEn":"NAKAZATOMACHI"},"8510104":{"prefectureJa":"長崎県","cityJa":"長崎市","townJa":"船石町","prefectureEn":"NAGASAKI KEN","cityEn":"NAGASAKI SHI","townEn":"FUNAISHIMACHI"},"8510111":{"prefectureJa":"長崎県","cityJa":"長崎市","townJa":"上戸石町","prefectureEn":"NAGASAKI KEN","cityEn":"NAGASAKI SHI","townEn":"KAMITOISHIMACHI"},"8510112":{"prefectureJa":"長崎県","cityJa":"長崎市","townJa":"川内町","prefectureEn":"NAGASAKI KEN","cityEn":"NAGASAKI SHI","townEn":"KAWACHIMACHI"},"8510113":{"prefectureJa":"長崎県","cityJa":"長崎市","townJa":"戸石町","prefectureEn":"NAGASAKI KEN","cityEn":"NAGASAKI SHI","townEn":"TOISHIMACHI"},"8510114":{"prefectureJa":"長崎県","cityJa":"長崎市","townJa":"牧島町","prefectureEn":"NAGASAKI KEN","cityEn":"NAGASAKI SHI","townEn":"MAKISHIMAMACHI"},"8510115":{"prefectureJa":"長崎県","cityJa":"長崎市","townJa":"かき道","prefectureEn":"NAGASAKI KEN","cityEn":"NAGASAKI SHI","townEn":"KAKIDO"},"8510116":{"prefectureJa":"長崎県","cityJa":"長崎市","townJa":"東町","prefectureEn":"NAGASAKI KEN","cityEn":"NAGASAKI SHI","townEn":"HIGASHIMACHI"},"8510121":{"prefectureJa":"長崎県","cityJa":"長崎市","townJa":"宿町","prefectureEn":"NAGASAKI KEN","cityEn":"NAGASAKI SHI","townEn":"SHUKUMACHI"},"8510122":{"prefectureJa":"長崎県","cityJa":"長崎市","townJa":"界","prefectureEn":"NAGASAKI KEN","cityEn":"NAGASAKI SHI","townEn":"SAKAI"},"8510123":{"prefectureJa":"長崎県","cityJa":"長崎市","townJa":"網場町","prefectureEn":"NAGASAKI KEN","cityEn":"NAGASAKI SHI","townEn":"ABAMACHI"},"8510124":{"prefectureJa":"長崎県","cityJa":"長崎市","townJa":"春日町","prefectureEn":"NAGASAKI KEN","cityEn":"NAGASAKI SHI","townEn":"KASUGAMACHI"},"8510125":{"prefectureJa":"長崎県","cityJa":"長崎市","townJa":"潮見町","prefectureEn":"NAGASAKI KEN","cityEn":"NAGASAKI SHI","townEn":"SHIOMIMACHI"},"8510126":{"prefectureJa":"長崎県","cityJa":"長崎市","townJa":"芒塚町","prefectureEn":"NAGASAKI KEN","cityEn":"NAGASAKI SHI","townEn":"SUSUKIZUKAMACHI"},"8510131":{"prefectureJa":"長崎県","cityJa":"長崎市","townJa":"松原町","prefectureEn":"NAGASAKI KEN","cityEn":"NAGASAKI SHI","townEn":"MATSUBARAMACHI"},"8510132":{"prefectureJa":"長崎県","cityJa":"長崎市","townJa":"鶴の尾町","prefectureEn":"NAGASAKI KEN","cityEn":"NAGASAKI SHI","townEn":"TSURUNOMACHI"},"8510133":{"prefectureJa":"長崎県","cityJa":"長崎市","townJa":"矢上町","prefectureEn":"NAGASAKI KEN","cityEn":"NAGASAKI SHI","townEn":"YAGAMIMACHI"},"8510134":{"prefectureJa":"長崎県","cityJa":"長崎市","townJa":"田中町","prefectureEn":"NAGASAKI KEN","cityEn":"NAGASAKI SHI","townEn":"TANAKAMACHI"},"8510135":{"prefectureJa":"長崎県","cityJa":"長崎市","townJa":"現川町","prefectureEn":"NAGASAKI KEN","cityEn":"NAGASAKI SHI","townEn":"UTSUTSUGAWAMACHI"},"8510136":{"prefectureJa":"長崎県","cityJa":"長崎市","townJa":"平間町","prefectureEn":"NAGASAKI KEN","cityEn":"NAGASAKI SHI","townEn":"HIRAMAMACHI"},"8510137":{"prefectureJa":"長崎県","cityJa":"長崎市","townJa":"高城台","prefectureEn":"NAGASAKI KEN","cityEn":"NAGASAKI SHI","townEn":"TAKASHIRODAI"},"8510241":{"prefectureJa":"長崎県","cityJa":"長崎市","townJa":"茂木町","prefectureEn":"NAGASAKI KEN","cityEn":"NAGASAKI SHI","townEn":"MOGIMACHI"},"8510242":{"prefectureJa":"長崎県","cityJa":"長崎市","townJa":"北浦町","prefectureEn":"NAGASAKI KEN","cityEn":"NAGASAKI SHI","townEn":"KITAURAMACHI"},"8510243":{"prefectureJa":"長崎県","cityJa":"長崎市","townJa":"宮摺町","prefectureEn":"NAGASAKI KEN","cityEn":"NAGASAKI SHI","townEn":"MIYAZURIMACHI"},"8510244":{"prefectureJa":"長崎県","cityJa":"長崎市","townJa":"大崎町","prefectureEn":"NAGASAKI KEN","cityEn":"NAGASAKI SHI","townEn":"OSAKIMACHI"},"8510245":{"prefectureJa":"長崎県","cityJa":"長崎市","townJa":"千々町","prefectureEn":"NAGASAKI KEN","cityEn":"NAGASAKI SHI","townEn":"CHIJIMACHI"},"8510251":{"prefectureJa":"長崎県","cityJa":"長崎市","townJa":"田上","prefectureEn":"NAGASAKI KEN","cityEn":"NAGASAKI SHI","townEn":"TAGAMI"},"8510252":{"prefectureJa":"長崎県","cityJa":"長崎市","townJa":"田手原町","prefectureEn":"NAGASAKI KEN","cityEn":"NAGASAKI SHI","townEn":"TADEWARAMACHI"},"8510253":{"prefectureJa":"長崎県","cityJa":"長崎市","townJa":"早坂町","prefectureEn":"NAGASAKI KEN","cityEn":"NAGASAKI SHI","townEn":"HAYASAKAMACHI"},"8510254":{"prefectureJa":"長崎県","cityJa":"長崎市","townJa":"飯香浦町","prefectureEn":"NAGASAKI KEN","cityEn":"NAGASAKI SHI","townEn":"IKANORAMACHI"},"8510255":{"prefectureJa":"長崎県","cityJa":"長崎市","townJa":"太田尾町","prefectureEn":"NAGASAKI KEN","cityEn":"NAGASAKI SHI","townEn":"OTAOMACHI"},"8510301":{"prefectureJa":"長崎県","cityJa":"長崎市","townJa":"深堀町","prefectureEn":"NAGASAKI KEN","cityEn":"NAGASAKI SHI","townEn":"FUKAHORIMACHI"},"8510302":{"prefectureJa":"長崎県","cityJa":"長崎市","townJa":"大籠町","prefectureEn":"NAGASAKI KEN","cityEn":"NAGASAKI SHI","townEn":"OGOMORIMACHI"},"8510310":{"prefectureJa":"長崎県","cityJa":"長崎市","townJa":"香焼町","prefectureEn":"NAGASAKI KEN","cityEn":"NAGASAKI SHI","townEn":"KOYAGIMACHI"},"8510401":{"prefectureJa":"長崎県","cityJa":"長崎市","townJa":"蚊焼町","prefectureEn":"NAGASAKI KEN","cityEn":"NAGASAKI SHI","townEn":"KAYAKIMACHI"},"8510402":{"prefectureJa":"長崎県","cityJa":"長崎市","townJa":"晴海台町","prefectureEn":"NAGASAKI KEN","cityEn":"NAGASAKI SHI","townEn":"HARUMIDAIMACHI"},"8510403":{"prefectureJa":"長崎県","cityJa":"長崎市","townJa":"布巻町","prefectureEn":"NAGASAKI KEN","cityEn":"NAGASAKI SHI","townEn":"NUNOMAKIMACHI"},"8510404":{"prefectureJa":"長崎県","cityJa":"長崎市","townJa":"藤田尾町","prefectureEn":"NAGASAKI KEN","cityEn":"NAGASAKI SHI","townEn":"TODAOMACHI"},"8510405":{"prefectureJa":"長崎県","cityJa":"長崎市","townJa":"為石町","prefectureEn":"NAGASAKI KEN","cityEn":"NAGASAKI SHI","townEn":"TAMESHIMACHI"},"8510406":{"prefectureJa":"長崎県","cityJa":"長崎市","townJa":"椿が丘町","prefectureEn":"NAGASAKI KEN","cityEn":"NAGASAKI SHI","townEn":"TSUBAKIGAOKAMACHI"},"8510407":{"prefectureJa":"長崎県","cityJa":"長崎市","townJa":"川原町","prefectureEn":"NAGASAKI KEN","cityEn":"NAGASAKI SHI","townEn":"KAWARAMACHI"},"8510408":{"prefectureJa":"長崎県","cityJa":"長崎市","townJa":"宮崎町","prefectureEn":"NAGASAKI KEN","cityEn":"NAGASAKI SHI","townEn":"MIYAZAKIMACHI"},"8510501":{"prefectureJa":"長崎県","cityJa":"長崎市","townJa":"黒浜町","prefectureEn":"NAGASAKI KEN","cityEn":"NAGASAKI SHI","townEn":"KUROHAMAMACHI"},"8510502":{"prefectureJa":"長崎県","cityJa":"長崎市","townJa":"以下宿町","prefectureEn":"NAGASAKI KEN","cityEn":"NAGASAKI SHI","townEn":"IGAYADOMACHI"},"8510503":{"prefectureJa":"長崎県","cityJa":"長崎市","townJa":"高浜町","prefectureEn":"NAGASAKI KEN","cityEn":"NAGASAKI SHI","townEn":"TAKAHAMAMACHI"},"8510504":{"prefectureJa":"長崎県","cityJa":"長崎市","townJa":"南越町","prefectureEn":"NAGASAKI KEN","cityEn":"NAGASAKI SHI","townEn":"NANGOSHIMACHI"},"8510505":{"prefectureJa":"長崎県","cityJa":"長崎市","townJa":"野母町","prefectureEn":"NAGASAKI KEN","cityEn":"NAGASAKI SHI","townEn":"NOMOMACHI"},"8510506":{"prefectureJa":"長崎県","cityJa":"長崎市","townJa":"脇岬町","prefectureEn":"NAGASAKI KEN","cityEn":"NAGASAKI SHI","townEn":"WAKIMISAKIMACHI"},"8510507":{"prefectureJa":"長崎県","cityJa":"長崎市","townJa":"野母崎樺島町","prefectureEn":"NAGASAKI KEN","cityEn":"NAGASAKI SHI","townEn":"NOMOZAKIKABASHIMAMACHI"},"8511121":{"prefectureJa":"長崎県","cityJa":"長崎市","townJa":"見崎町","prefectureEn":"NAGASAKI KEN","cityEn":"NAGASAKI SHI","townEn":"MISAKIMACHI"},"8511122":{"prefectureJa":"長崎県","cityJa":"長崎市","townJa":"相川町","prefectureEn":"NAGASAKI KEN","cityEn":"NAGASAKI SHI","townEn":"AIGAWAMACHI"},"8511123":{"prefectureJa":"長崎県","cityJa":"長崎市","townJa":"四杖町","prefectureEn":"NAGASAKI KEN","cityEn":"NAGASAKI SHI","townEn":"YOTSUEMACHI"},"8511124":{"prefectureJa":"長崎県","cityJa":"長崎市","townJa":"牧野町","prefectureEn":"NAGASAKI KEN","cityEn":"NAGASAKI SHI","townEn":"MAKINOMACHI"},"8511125":{"prefectureJa":"長崎県","cityJa":"長崎市","townJa":"園田町","prefectureEn":"NAGASAKI KEN","cityEn":"NAGASAKI SHI","townEn":"SONODAMACHI"},"8511131":{"prefectureJa":"長崎県","cityJa":"長崎市","townJa":"上浦町","prefectureEn":"NAGASAKI KEN","cityEn":"NAGASAKI SHI","townEn":"KAMIURAMACHI"},"8511132":{"prefectureJa":"長崎県","cityJa":"長崎市","townJa":"小江原","prefectureEn":"NAGASAKI KEN","cityEn":"NAGASAKI SHI","townEn":"KOEBARU"},"8511133":{"prefectureJa":"長崎県","cityJa":"長崎市","townJa":"小江町","prefectureEn":"NAGASAKI KEN","cityEn":"NAGASAKI SHI","townEn":"KOEMACHI"},"8511134":{"prefectureJa":"長崎県","cityJa":"長崎市","townJa":"柿泊町","prefectureEn":"NAGASAKI KEN","cityEn":"NAGASAKI SHI","townEn":"KAKIDOMARIMACHI"},"8511135":{"prefectureJa":"長崎県","cityJa":"長崎市","townJa":"手熊町","prefectureEn":"NAGASAKI KEN","cityEn":"NAGASAKI SHI","townEn":"TEGUMAMACHI"},"8511136":{"prefectureJa":"長崎県","cityJa":"長崎市","townJa":"向町","prefectureEn":"NAGASAKI KEN","cityEn":"NAGASAKI SHI","townEn":"MUKAEMACHI"},"8511137":{"prefectureJa":"長崎県","cityJa":"長崎市","townJa":"式見町","prefectureEn":"NAGASAKI KEN","cityEn":"NAGASAKI SHI","townEn":"SHIKIMIMACHI"},"8511201":{"prefectureJa":"長崎県","cityJa":"長崎市","townJa":"伊王島町","prefectureEn":"NAGASAKI KEN","cityEn":"NAGASAKI SHI","townEn":"IOJIMAMACHI"},"8511315":{"prefectureJa":"長崎県","cityJa":"長崎市","townJa":"高島町","prefectureEn":"NAGASAKI KEN","cityEn":"NAGASAKI SHI","townEn":"TAKASHIMAMACHI"},"8512100":{"prefectureJa":"長崎県","cityJa":"西彼杵郡長与町","townJa":"以下に掲載がない場合","prefectureEn":"NAGASAKI KEN","cityEn":"NISHISONOGI GUN TOGITSU CHO","townEn":"IKANIKEISAIGANAIBAAI"},"8512101":{"prefectureJa":"長崎県","cityJa":"西彼杵郡時津町","townJa":"西時津郷","prefectureEn":"NAGASAKI KEN","cityEn":"NISHISONOGI GUN TOGITSU CHO","townEn":"NISHITOGITSUGO"},"8512102":{"prefectureJa":"長崎県","cityJa":"西彼杵郡時津町","townJa":"浜田郷","prefectureEn":"NAGASAKI KEN","cityEn":"NISHISONOGI GUN TOGITSU CHO","townEn":"HAMADAGO"},"8512103":{"prefectureJa":"長崎県","cityJa":"西彼杵郡時津町","townJa":"元村郷","prefectureEn":"NAGASAKI KEN","cityEn":"NISHISONOGI GUN TOGITSU CHO","townEn":"MOTOMURAGO"},"8512104":{"prefectureJa":"長崎県","cityJa":"西彼杵郡時津町","townJa":"野田郷","prefectureEn":"NAGASAKI KEN","cityEn":"NISHISONOGI GUN TOGITSU CHO","townEn":"NODAGO"},"8512105":{"prefectureJa":"長崎県","cityJa":"西彼杵郡時津町","townJa":"浦郷","prefectureEn":"NAGASAKI KEN","cityEn":"NISHISONOGI GUN TOGITSU CHO","townEn":"URAGO"},"8512106":{"prefectureJa":"長崎県","cityJa":"西彼杵郡時津町","townJa":"左底郷","prefectureEn":"NAGASAKI KEN","cityEn":"NISHISONOGI GUN TOGITSU CHO","townEn":"SASOKOGO"},"8512107":{"prefectureJa":"長崎県","cityJa":"西彼杵郡時津町","townJa":"久留里郷","prefectureEn":"NAGASAKI KEN","cityEn":"NISHISONOGI GUN TOGITSU CHO","townEn":"KURURIGO"},"8512108":{"prefectureJa":"長崎県","cityJa":"西彼杵郡時津町","townJa":"日並郷","prefectureEn":"NAGASAKI KEN","cityEn":"NISHISONOGI GUN TOGITSU CHO","townEn":"HINAMIGO"},"8512111":{"prefectureJa":"長崎県","cityJa":"西彼杵郡時津町","townJa":"子々川郷","prefectureEn":"NAGASAKI KEN","cityEn":"NISHISONOGI GUN TOGITSU CHO","townEn":"SHISHIGAWAGO"},"8512121":{"prefectureJa":"長崎県","cityJa":"西彼杵郡長与町","townJa":"岡郷","prefectureEn":"NAGASAKI KEN","cityEn":"NISHISONOGI GUN NAGAYO CHO","townEn":"OKAGO"},"8512122":{"prefectureJa":"長崎県","cityJa":"西彼杵郡長与町","townJa":"本川内郷","prefectureEn":"NAGASAKI KEN","cityEn":"NISHISONOGI GUN NAGAYO CHO","townEn":"HONGAWACHIGO"},"8512123":{"prefectureJa":"長崎県","cityJa":"西彼杵郡長与町","townJa":"平木場郷","prefectureEn":"NAGASAKI KEN","cityEn":"NISHISONOGI GUN NAGAYO CHO","townEn":"HIRAKOBAGO"},"8512124":{"prefectureJa":"長崎県","cityJa":"西彼杵郡長与町","townJa":"丸田郷","prefectureEn":"NAGASAKI KEN","cityEn":"NISHISONOGI GUN NAGAYO CHO","townEn":"MARUTAGO"},"8512125":{"prefectureJa":"長崎県","cityJa":"西彼杵郡長与町","townJa":"三根郷","prefectureEn":"NAGASAKI KEN","cityEn":"NISHISONOGI GUN NAGAYO CHO","townEn":"MINEGO"},"8512126":{"prefectureJa":"長崎県","cityJa":"西彼杵郡長与町","townJa":"吉無田郷","prefectureEn":"NAGASAKI KEN","cityEn":"NISHISONOGI GUN NAGAYO CHO","townEn":"YOSHIMUTAGO"},"8512127":{"prefectureJa":"長崎県","cityJa":"西彼杵郡長与町","townJa":"高田郷","prefectureEn":"NAGASAKI KEN","cityEn":"NISHISONOGI GUN NAGAYO CHO","townEn":"KODAGO"},"8512128":{"prefectureJa":"長崎県","cityJa":"西彼杵郡長与町","townJa":"嬉里郷","prefectureEn":"NAGASAKI KEN","cityEn":"NISHISONOGI GUN NAGAYO CHO","townEn":"URERIGO"},"8512129":{"prefectureJa":"長崎県","cityJa":"西彼杵郡長与町","townJa":"斉藤郷","prefectureEn":"NAGASAKI KEN","cityEn":"NISHISONOGI GUN NAGAYO CHO","townEn":"SAITOGO"},"8512130":{"prefectureJa":"長崎県","cityJa":"西彼杵郡長与町","townJa":"まなび野","prefectureEn":"NAGASAKI KEN","cityEn":"NISHISONOGI GUN NAGAYO CHO","townEn":"MANABINO"},"8512131":{"prefectureJa":"長崎県","cityJa":"西彼杵郡長与町","townJa":"北陽台","prefectureEn":"NAGASAKI KEN","cityEn":"NISHISONOGI GUN NAGAYO CHO","townEn":"HOKUYODAI"},"8512201":{"prefectureJa":"長崎県","cityJa":"長崎市","townJa":"畦町","prefectureEn":"NAGASAKI KEN","cityEn":"NAGASAKI SHI","townEn":"AZEMACHI"},"8512202":{"prefectureJa":"長崎県","cityJa":"長崎市","townJa":"樫山町","prefectureEn":"NAGASAKI KEN","cityEn":"NAGASAKI SHI","townEn":"KASHIYAMAMACHI"},"8512203":{"prefectureJa":"長崎県","cityJa":"長崎市","townJa":"三重田町","prefectureEn":"NAGASAKI KEN","cityEn":"NAGASAKI SHI","townEn":"MIEDAMACHI"},"8512204":{"prefectureJa":"長崎県","cityJa":"長崎市","townJa":"三重町","prefectureEn":"NAGASAKI KEN","cityEn":"NAGASAKI SHI","townEn":"MIEMACHI"},"8512205":{"prefectureJa":"長崎県","cityJa":"長崎市","townJa":"松崎町","prefectureEn":"NAGASAKI KEN","cityEn":"NAGASAKI SHI","townEn":"MATSUZAKIMACHI"},"8512206":{"prefectureJa":"長崎県","cityJa":"長崎市","townJa":"三京町","prefectureEn":"NAGASAKI KEN","cityEn":"NAGASAKI SHI","townEn":"SANKYOMACHI"},"8512207":{"prefectureJa":"長崎県","cityJa":"長崎市","townJa":"さくらの里","prefectureEn":"NAGASAKI KEN","cityEn":"NAGASAKI SHI","townEn":"SAKURANOSATO"},"8512211":{"prefectureJa":"長崎県","cityJa":"長崎市","townJa":"京泊","prefectureEn":"NAGASAKI KEN","cityEn":"NAGASAKI SHI","townEn":"KYODOMARI"},"8512212":{"prefectureJa":"長崎県","cityJa":"長崎市","townJa":"畝刈町","prefectureEn":"NAGASAKI KEN","cityEn":"NAGASAKI SHI","townEn":"AZEKARIMACHI"},"8512213":{"prefectureJa":"長崎県","cityJa":"長崎市","townJa":"多以良町","prefectureEn":"NAGASAKI KEN","cityEn":"NAGASAKI SHI","townEn":"TAIRAMACHI"},"8512214":{"prefectureJa":"長崎県","cityJa":"長崎市","townJa":"鳴見町","prefectureEn":"NAGASAKI KEN","cityEn":"NAGASAKI SHI","townEn":"NARUMIMACHI"},"8512215":{"prefectureJa":"長崎県","cityJa":"長崎市","townJa":"鳴見台","prefectureEn":"NAGASAKI KEN","cityEn":"NAGASAKI SHI","townEn":"NARUMIDAI"},"8512216":{"prefectureJa":"長崎県","cityJa":"長崎市","townJa":"豊洋台","prefectureEn":"NAGASAKI KEN","cityEn":"NAGASAKI SHI","townEn":"HOYODAI"},"8512321":{"prefectureJa":"長崎県","cityJa":"長崎市","townJa":"赤首町","prefectureEn":"NAGASAKI KEN","cityEn":"NAGASAKI SHI","townEn":"AKAKUBIMACHI"},"8512322":{"prefectureJa":"長崎県","cityJa":"長崎市","townJa":"西出津町","prefectureEn":"NAGASAKI KEN","cityEn":"NAGASAKI SHI","townEn":"NISHISHITSUMACHI"},"8512323":{"prefectureJa":"長崎県","cityJa":"長崎市","townJa":"新牧野町","prefectureEn":"NAGASAKI KEN","cityEn":"NAGASAKI SHI","townEn":"SHIMMAKINOMACHI"},"8512324":{"prefectureJa":"長崎県","cityJa":"長崎市","townJa":"上黒崎町","prefectureEn":"NAGASAKI KEN","cityEn":"NAGASAKI SHI","townEn":"KAMIKUROSAKIMACHI"},"8512325":{"prefectureJa":"長崎県","cityJa":"長崎市","townJa":"永田町","prefectureEn":"NAGASAKI KEN","cityEn":"NAGASAKI SHI","townEn":"NAGATAMACHI"},"8512326":{"prefectureJa":"長崎県","cityJa":"長崎市","townJa":"下黒崎町","prefectureEn":"NAGASAKI KEN","cityEn":"NAGASAKI SHI","townEn":"SHIMOKUROSAKIMACHI"},"8512327":{"prefectureJa":"長崎県","cityJa":"長崎市","townJa":"東出津町","prefectureEn":"NAGASAKI KEN","cityEn":"NAGASAKI SHI","townEn":"HIGASHISHITSUMACHI"},"8512401":{"prefectureJa":"長崎県","cityJa":"長崎市","townJa":"神浦口福町","prefectureEn":"NAGASAKI KEN","cityEn":"NAGASAKI SHI","townEn":"KONORAKUCHIBUKUMACHI"},"8512403":{"prefectureJa":"長崎県","cityJa":"長崎市","townJa":"神浦江川町","prefectureEn":"NAGASAKI KEN","cityEn":"NAGASAKI SHI","townEn":"KONORAEGAWAMACHI"},"8512404":{"prefectureJa":"長崎県","cityJa":"長崎市","townJa":"神浦丸尾町","prefectureEn":"NAGASAKI KEN","cityEn":"NAGASAKI SHI","townEn":"KONORAMARUOMACHI"},"8512405":{"prefectureJa":"長崎県","cityJa":"長崎市","townJa":"神浦向町","prefectureEn":"NAGASAKI KEN","cityEn":"NAGASAKI SHI","townEn":"KONORAMUKAIMACHI"},"8512411":{"prefectureJa":"長崎県","cityJa":"長崎市","townJa":"神浦扇山町","prefectureEn":"NAGASAKI KEN","cityEn":"NAGASAKI SHI","townEn":"KONORAOGIYAMAMACHI"},"8512413":{"prefectureJa":"長崎県","cityJa":"長崎市","townJa":"神浦夏井町","prefectureEn":"NAGASAKI KEN","cityEn":"NAGASAKI SHI","townEn":"KONORANATSUIMACHI"},"8512421":{"prefectureJa":"長崎県","cityJa":"長崎市","townJa":"神浦北大中尾町","prefectureEn":"NAGASAKI KEN","cityEn":"NAGASAKI SHI","townEn":"KONORAKITAONAKAOMACHI"},"8512422":{"prefectureJa":"長崎県","cityJa":"長崎市","townJa":"神浦上大中尾町","prefectureEn":"NAGASAKI KEN","cityEn":"NAGASAKI SHI","townEn":"KONORAKAMIONAKAOMACHI"},"8512423":{"prefectureJa":"長崎県","cityJa":"長崎市","townJa":"神浦下大中尾町","prefectureEn":"NAGASAKI KEN","cityEn":"NAGASAKI SHI","townEn":"KONORASHIMOONAKAOMACHI"},"8512424":{"prefectureJa":"長崎県","cityJa":"長崎市","townJa":"神浦上道徳町","prefectureEn":"NAGASAKI KEN","cityEn":"NAGASAKI SHI","townEn":"KONORAKAMIDOTOKUMACHI"},"8512425":{"prefectureJa":"長崎県","cityJa":"長崎市","townJa":"神浦下道徳町","prefectureEn":"NAGASAKI KEN","cityEn":"NAGASAKI SHI","townEn":"KONORASHIMODOTOKUMACHI"},"8512426":{"prefectureJa":"長崎県","cityJa":"長崎市","townJa":"上大野町","prefectureEn":"NAGASAKI KEN","cityEn":"NAGASAKI SHI","townEn":"KAMIONOMACHI"},"8512427":{"prefectureJa":"長崎県","cityJa":"長崎市","townJa":"下大野町","prefectureEn":"NAGASAKI KEN","cityEn":"NAGASAKI SHI","townEn":"SHIMOONOMACHI"},"8513101":{"prefectureJa":"長崎県","cityJa":"長崎市","townJa":"西海町","prefectureEn":"NAGASAKI KEN","cityEn":"NAGASAKI SHI","townEn":"NISHIUMIMACHI"},"8513102":{"prefectureJa":"長崎県","cityJa":"長崎市","townJa":"琴海村松町","prefectureEn":"NAGASAKI KEN","cityEn":"NAGASAKI SHI","townEn":"KINKAI MURAMATSUMACHI"},"8513103":{"prefectureJa":"長崎県","cityJa":"長崎市","townJa":"琴海戸根町","prefectureEn":"NAGASAKI KEN","cityEn":"NAGASAKI SHI","townEn":"KINKAI TONEMACHI"},"8513211":{"prefectureJa":"長崎県","cityJa":"長崎市","townJa":"琴海戸根原町","prefectureEn":"NAGASAKI KEN","cityEn":"NAGASAKI SHI","townEn":"KINKAI TONEHARAMACHI"},"8513212":{"prefectureJa":"長崎県","cityJa":"長崎市","townJa":"長浦町","prefectureEn":"NAGASAKI KEN","cityEn":"NAGASAKI SHI","townEn":"NAGAURAMACHI"},"8513213":{"prefectureJa":"長崎県","cityJa":"長崎市","townJa":"琴海形上町","prefectureEn":"NAGASAKI KEN","cityEn":"NAGASAKI SHI","townEn":"KINKAI KATAGAMIMACHI"},"8513214":{"prefectureJa":"長崎県","cityJa":"長崎市","townJa":"琴海大平町","prefectureEn":"NAGASAKI KEN","cityEn":"NAGASAKI SHI","townEn":"KINKAI OHIRAMACHI"},"8513215":{"prefectureJa":"長崎県","cityJa":"長崎市","townJa":"琴海尾戸町","prefectureEn":"NAGASAKI KEN","cityEn":"NAGASAKI SHI","townEn":"KINKAI ODOMACHI"},"8513301":{"prefectureJa":"長崎県","cityJa":"西海市","townJa":"西彼町宮浦郷","prefectureEn":"NAGASAKI KEN","cityEn":"SAIKAI SHI","townEn":"SEIHICHO MIYAURAGO"},"8513302":{"prefectureJa":"長崎県","cityJa":"西海市","townJa":"西彼町中山郷","prefectureEn":"NAGASAKI KEN","cityEn":"SAIKAI SHI","townEn":"SEIHICHO NAKAYAMAGO"},"8513303":{"prefectureJa":"長崎県","cityJa":"西海市","townJa":"西彼町亀浦郷","prefectureEn":"NAGASAKI KEN","cityEn":"SAIKAI SHI","townEn":"SEIHICHO KAMEURAGO"},"8513304":{"prefectureJa":"長崎県","cityJa":"西海市","townJa":"西彼町上岳郷","prefectureEn":"NAGASAKI KEN","cityEn":"SAIKAI SHI","townEn":"SEIHICHO KAMIDAKEGO"},"8513305":{"prefectureJa":"長崎県","cityJa":"西海市","townJa":"西彼町喰場郷","prefectureEn":"NAGASAKI KEN","cityEn":"SAIKAI SHI","townEn":"SEIHICHO JIKIBAGO"},"8513306":{"prefectureJa":"長崎県","cityJa":"西海市","townJa":"西彼町鳥加郷（川山）","prefectureEn":"NAGASAKI KEN","cityEn":"SAIKAI SHI","townEn":"SEIHICHO TORIKAGO(KAWAYAMA)"},"8513311":{"prefectureJa":"長崎県","cityJa":"西海市","townJa":"西彼町下岳郷","prefectureEn":"NAGASAKI KEN","cityEn":"SAIKAI SHI","townEn":"SEIHICHO SHIMOTAKEGO"},"8513312":{"prefectureJa":"長崎県","cityJa":"西海市","townJa":"西彼町白崎郷","prefectureEn":"NAGASAKI KEN","cityEn":"SAIKAI SHI","townEn":"SEIHICHO SHIROSAKIGO"},"8513313":{"prefectureJa":"長崎県","cityJa":"西海市","townJa":"西彼町風早郷","prefectureEn":"NAGASAKI KEN","cityEn":"SAIKAI SHI","townEn":"SEIHICHO KAZAHAYAGO"},"8513314":{"prefectureJa":"長崎県","cityJa":"西海市","townJa":"西彼町白似田郷","prefectureEn":"NAGASAKI KEN","cityEn":"SAIKAI SHI","townEn":"SEIHICHO SHIRANITAGO"},"8513315":{"prefectureJa":"長崎県","cityJa":"西海市","townJa":"西彼町平原郷","prefectureEn":"NAGASAKI KEN","cityEn":"SAIKAI SHI","townEn":"SEIHICHO HIRABARUGO"},"8513406":{"prefectureJa":"長崎県","cityJa":"西海市","townJa":"西彼町鳥加郷（その他）","prefectureEn":"NAGASAKI KEN","cityEn":"SAIKAI SHI","townEn":"SEIHICHO TORIKAGO(SONOTA)"},"8513421":{"prefectureJa":"長崎県","cityJa":"西海市","townJa":"西彼町伊ノ浦郷","prefectureEn":"NAGASAKI KEN","cityEn":"SAIKAI SHI","townEn":"SEIHICHO INORAGO"},"8513422":{"prefectureJa":"長崎県","cityJa":"西海市","townJa":"西彼町小迎郷","prefectureEn":"NAGASAKI KEN","cityEn":"SAIKAI SHI","townEn":"SEIHICHO KOMUKAEGO"},"8513423":{"prefectureJa":"長崎県","cityJa":"西海市","townJa":"西彼町八木原郷","prefectureEn":"NAGASAKI KEN","cityEn":"SAIKAI SHI","townEn":"SEIHICHO YAKIHARAGO"},"8513424":{"prefectureJa":"長崎県","cityJa":"西海市","townJa":"西彼町大串郷","prefectureEn":"NAGASAKI KEN","cityEn":"SAIKAI SHI","townEn":"SEIHICHO OKUSHIGO"},"8513425":{"prefectureJa":"長崎県","cityJa":"西海市","townJa":"西彼町平山郷","prefectureEn":"NAGASAKI KEN","cityEn":"SAIKAI SHI","townEn":"SEIHICHO HIRAYAMAGO"},"8513500":{"prefectureJa":"長崎県","cityJa":"西海市","townJa":"以下に掲載がない場合","prefectureEn":"NAGASAKI KEN","cityEn":"SAIKAI SHI","townEn":"IKANIKEISAIGANAIBAAI"},"8513501":{"prefectureJa":"長崎県","cityJa":"西海市","townJa":"西海町丹納郷","prefectureEn":"NAGASAKI KEN","cityEn":"SAIKAI SHI","townEn":"SAIKAICHO TANNOGO"},"8513502":{"prefectureJa":"長崎県","cityJa":"西海市","townJa":"西海町川内郷","prefectureEn":"NAGASAKI KEN","cityEn":"SAIKAI SHI","townEn":"SAIKAICHO KAWACHIGO"},"8513503":{"prefectureJa":"長崎県","cityJa":"西海市","townJa":"西海町太田原郷","prefectureEn":"NAGASAKI KEN","cityEn":"SAIKAI SHI","townEn":"SAIKAICHO OTAHARAGO"},"8513504":{"prefectureJa":"長崎県","cityJa":"西海市","townJa":"西海町木場郷","prefectureEn":"NAGASAKI KEN","cityEn":"SAIKAI SHI","townEn":"SAIKAICHO KOBAGO"},"8513505":{"prefectureJa":"長崎県","cityJa":"西海市","townJa":"西海町太田和郷","prefectureEn":"NAGASAKI KEN","cityEn":"SAIKAI SHI","townEn":"SAIKAICHO OTAWAGO"},"8513506":{"prefectureJa":"長崎県","cityJa":"西海市","townJa":"西海町黒口郷","prefectureEn":"NAGASAKI KEN","cityEn":"SAIKAI SHI","townEn":"SAIKAICHO KUROKUCHIGO"},"8513507":{"prefectureJa":"長崎県","cityJa":"西海市","townJa":"西海町天久保郷","prefectureEn":"NAGASAKI KEN","cityEn":"SAIKAI SHI","townEn":"SAIKAICHO AMAKUBOGO"},"8513508":{"prefectureJa":"長崎県","cityJa":"西海市","townJa":"西海町面高郷","prefectureEn":"NAGASAKI KEN","cityEn":"SAIKAI SHI","townEn":"SAIKAICHO OMODAKAGO"},"8513509":{"prefectureJa":"長崎県","cityJa":"西海市","townJa":"西海町横瀬郷","prefectureEn":"NAGASAKI KEN","cityEn":"SAIKAI SHI","townEn":"SAIKAICHO YOKOSEGO"},"8513511":{"prefectureJa":"長崎県","cityJa":"西海市","townJa":"西海町水浦郷","prefectureEn":"NAGASAKI KEN","cityEn":"SAIKAI SHI","townEn":"SAIKAICHO MIZUNORAGO"}}