{"8590101":{"prefectureJa":"長崎県","cityJa":"諫早市","townJa":"高来町大戸","prefectureEn":"NAGASAKI KEN","cityEn":"ISAHAYA SHI","townEn":"TAKAKICHO OTO"},"8590102":{"prefectureJa":"長崎県","cityJa":"諫早市","townJa":"高来町折山","prefectureEn":"NAGASAKI KEN","cityEn":"ISAHAYA SHI","townEn":"TAKAKICHO ORIYAMA"},"8590103":{"prefectureJa":"長崎県","cityJa":"諫早市","townJa":"高来町古場","prefectureEn":"NAGASAKI KEN","cityEn":"ISAHAYA SHI","townEn":"TAKAKICHO KOBA"},"8590104":{"prefectureJa":"長崎県","cityJa":"諫早市","townJa":"高来町建山","prefectureEn":"NAGASAKI KEN","cityEn":"ISAHAYA SHI","townEn":"TAKAKICHO TACHIYAMA"},"8590105":{"prefectureJa":"長崎県","cityJa":"諫早市","townJa":"高来町船津","prefectureEn":"NAGASAKI KEN","cityEn":"ISAHAYA SHI","townEn":"TAKAKICHO FUNATSU"},"8590106":{"prefectureJa":"長崎県","cityJa":"諫早市","townJa":"高来町冨地戸","prefectureEn":"NAGASAKI KEN","cityEn":"ISAHAYA SHI","townEn":"TAKAKICHO FUJITO"},"8590111":{"prefectureJa":"長崎県","cityJa":"諫早市","townJa":"高来町上与","prefectureEn":"NAGASAKI KEN","cityEn":"ISAHAYA SHI","townEn":"TAKAKICHO UWAGUMI"},"8590112":{"prefectureJa":"長崎県","cityJa":"諫早市","townJa":"高来町小船津","prefectureEn":"NAGASAKI KEN","cityEn":"ISAHAYA SHI","townEn":"TAKAKICHO KOBUNATSU"},"8590113":{"prefectureJa":"長崎県","cityJa":"諫早市","townJa":"高来町下与","prefectureEn":"NAGASAKI KEN","cityEn":"ISAHAYA SHI","townEn":"TAKAKICHO SHITAGUMI"},"8590114":{"prefectureJa":"長崎県","cityJa":"諫早市","townJa":"高来町西平原","prefectureEn":"NAGASAKI KEN","cityEn":"ISAHAYA SHI","townEn":"TAKAKICHO NISHIHIRABARU"},"8590115":{"prefectureJa":"長崎県","cityJa":"諫早市","townJa":"高来町西尾","prefectureEn":"NAGASAKI KEN","cityEn":"ISAHAYA SHI","townEn":"TAKAKICHO NISHINO"},"8590116":{"prefectureJa":"長崎県","cityJa":"諫早市","townJa":"高来町平田","prefectureEn":"NAGASAKI KEN","cityEn":"ISAHAYA SHI","townEn":"TAKAKICHO HIRATA"},"8590117":{"prefectureJa":"長崎県","cityJa":"諫早市","townJa":"高来町峰","prefectureEn":"NAGASAKI KEN","cityEn":"ISAHAYA SHI","townEn":"TAKAKICHO MINE"},"8590121":{"prefectureJa":"長崎県","cityJa":"諫早市","townJa":"高来町泉","prefectureEn":"NAGASAKI KEN","cityEn":"ISAHAYA SHI","townEn":"TAKAKICHO IZUMI"},"8590122":{"prefectureJa":"長崎県","cityJa":"諫早市","townJa":"高来町黒崎","prefectureEn":"NAGASAKI KEN","cityEn":"ISAHAYA SHI","townEn":"TAKAKICHO KUROSAKI"},"8590123":{"prefectureJa":"長崎県","cityJa":"諫早市","townJa":"高来町小峰","prefectureEn":"NAGASAKI KEN","cityEn":"ISAHAYA SHI","townEn":"TAKAKICHO KOMINE"},"8590124":{"prefectureJa":"長崎県","cityJa":"諫早市","townJa":"高来町里","prefectureEn":"NAGASAKI KEN","cityEn":"ISAHAYA SHI","townEn":"TAKAKICHO SATO"},"8590125":{"prefectureJa":"長崎県","cityJa":"諫早市","townJa":"高来町善住寺","prefectureEn":"NAGASAKI KEN","cityEn":"ISAHAYA SHI","townEn":"TAKAKICHO ZENJUJI"},"8590126":{"prefectureJa":"長崎県","cityJa":"諫早市","townJa":"高来町法川","prefectureEn":"NAGASAKI KEN","cityEn":"ISAHAYA SHI","townEn":"TAKAKICHO NORIGAWA"},"8590127":{"prefectureJa":"長崎県","cityJa":"諫早市","townJa":"高来町町名","prefectureEn":"NAGASAKI KEN","cityEn":"ISAHAYA SHI","townEn":"TAKAKICHO MACHIMYO"},"8590131":{"prefectureJa":"長崎県","cityJa":"諫早市","townJa":"高来町神津倉","prefectureEn":"NAGASAKI KEN","cityEn":"ISAHAYA SHI","townEn":"TAKAKICHO KOZUKURA"},"8590132":{"prefectureJa":"長崎県","cityJa":"諫早市","townJa":"高来町三部壱","prefectureEn":"NAGASAKI KEN","cityEn":"ISAHAYA SHI","townEn":"TAKAKICHO SAMBUICHI"},"8590133":{"prefectureJa":"長崎県","cityJa":"諫早市","townJa":"高来町東平原","prefectureEn":"NAGASAKI KEN","cityEn":"ISAHAYA SHI","townEn":"TAKAKICHO HIGASHIHIRABARU"},"8590141":{"prefectureJa":"長崎県","cityJa":"諫早市","townJa":"高来町汲水","prefectureEn":"NAGASAKI KEN","cityEn":"ISAHAYA SHI","townEn":"TAKAKICHO KUMIZU"},"8590142":{"prefectureJa":"長崎県","cityJa":"諫早市","townJa":"高来町黒新田","prefectureEn":"NAGASAKI KEN","cityEn":"ISAHAYA SHI","townEn":"TAKAKICHO KURONITA"},"8590143":{"prefectureJa":"長崎県","cityJa":"諫早市","townJa":"高来町坂元","prefectureEn":"NAGASAKI KEN","cityEn":"ISAHAYA SHI","townEn":"TAKAKICHO SAKAMOTO"},"8590144":{"prefectureJa":"長崎県","cityJa":"諫早市","townJa":"高来町溝口","prefectureEn":"NAGASAKI KEN","cityEn":"ISAHAYA SHI","townEn":"TAKAKICHO MIZOGUCHI"},"8590145":{"prefectureJa":"長崎県","cityJa":"諫早市","townJa":"高来町山道","prefectureEn":"NAGASAKI KEN","cityEn":"ISAHAYA SHI","townEn":"TAKAKICHO YAMAMICHI"},"8590146":{"prefectureJa":"長崎県","cityJa":"諫早市","townJa":"高来町金崎","prefectureEn":"NAGASAKI KEN","cityEn":"ISAHAYA SHI","townEn":"TAKAKICHO KANASAKI"},"8590147":{"prefectureJa":"長崎県","cityJa":"諫早市","townJa":"高来町水ノ浦","prefectureEn":"NAGASAKI KEN","cityEn":"ISAHAYA SHI","townEn":"TAKAKICHO MIZUNORA"},"8590151":{"prefectureJa":"長崎県","cityJa":"諫早市","townJa":"小長井町打越","prefectureEn":"NAGASAKI KEN","cityEn":"ISAHAYA SHI","townEn":"KONAGAICHO UCHIKOSHI"},"8590152":{"prefectureJa":"長崎県","cityJa":"諫早市","townJa":"小長井町大搦","prefectureEn":"NAGASAKI KEN","cityEn":"ISAHAYA SHI","townEn":"KONAGAICHO OGARAMI"},"8590153":{"prefectureJa":"長崎県","cityJa":"諫早市","townJa":"小長井町大峰","prefectureEn":"NAGASAKI KEN","cityEn":"ISAHAYA SHI","townEn":"KONAGAICHO OMINE"},"8590154":{"prefectureJa":"長崎県","cityJa":"諫早市","townJa":"小長井町川内","prefectureEn":"NAGASAKI KEN","cityEn":"ISAHAYA SHI","townEn":"KONAGAICHO KOCHI"},"8590161":{"prefectureJa":"長崎県","cityJa":"諫早市","townJa":"小長井町古場","prefectureEn":"NAGASAKI KEN","cityEn":"ISAHAYA SHI","townEn":"KONAGAICHO KOBA"},"8590162":{"prefectureJa":"長崎県","cityJa":"諫早市","townJa":"小長井町新田原","prefectureEn":"NAGASAKI KEN","cityEn":"ISAHAYA SHI","townEn":"KONAGAICHO SHINTABARU"},"8590163":{"prefectureJa":"長崎県","cityJa":"諫早市","townJa":"小長井町田原","prefectureEn":"NAGASAKI KEN","cityEn":"ISAHAYA SHI","townEn":"KONAGAICHO TABARU"},"8590164":{"prefectureJa":"長崎県","cityJa":"諫早市","townJa":"小長井町牧","prefectureEn":"NAGASAKI KEN","cityEn":"ISAHAYA SHI","townEn":"KONAGAICHO MAKI"},"8590165":{"prefectureJa":"長崎県","cityJa":"諫早市","townJa":"小長井町小川原浦","prefectureEn":"NAGASAKI KEN","cityEn":"ISAHAYA SHI","townEn":"KONAGAICHO OGAWAHARAURA"},"8590166":{"prefectureJa":"長崎県","cityJa":"諫早市","townJa":"小長井町井崎","prefectureEn":"NAGASAKI KEN","cityEn":"ISAHAYA SHI","townEn":"KONAGAICHO IZAKI"},"8590167":{"prefectureJa":"長崎県","cityJa":"諫早市","townJa":"小長井町遠竹","prefectureEn":"NAGASAKI KEN","cityEn":"ISAHAYA SHI","townEn":"KONAGAICHO TODAKE"},"8590171":{"prefectureJa":"長崎県","cityJa":"諫早市","townJa":"高来町小江干拓","prefectureEn":"NAGASAKI KEN","cityEn":"ISAHAYA SHI","townEn":"TAKAKICHO OEKANTAKU"},"8590301":{"prefectureJa":"長崎県","cityJa":"諫早市","townJa":"長田町","prefectureEn":"NAGASAKI KEN","cityEn":"ISAHAYA SHI","townEn":"NAGATAMACHI"},"8590302":{"prefectureJa":"長崎県","cityJa":"諫早市","townJa":"正久寺町","prefectureEn":"NAGASAKI KEN","cityEn":"ISAHAYA SHI","townEn":"SHOKYUJIMACHI"},"8590303":{"prefectureJa":"長崎県","cityJa":"諫早市","townJa":"高天町","prefectureEn":"NAGASAKI KEN","cityEn":"ISAHAYA SHI","townEn":"KOTEMMACHI"},"8590304":{"prefectureJa":"長崎県","cityJa":"諫早市","townJa":"白浜町","prefectureEn":"NAGASAKI KEN","cityEn":"ISAHAYA SHI","townEn":"SHIRAHAMAMACHI"},"8590305":{"prefectureJa":"長崎県","cityJa":"諫早市","townJa":"猿崎町","prefectureEn":"NAGASAKI KEN","cityEn":"ISAHAYA SHI","townEn":"SARUZAKIMACHI"},"8590306":{"prefectureJa":"長崎県","cityJa":"諫早市","townJa":"白原町","prefectureEn":"NAGASAKI KEN","cityEn":"ISAHAYA SHI","townEn":"SHIRAHARAMACHI"},"8590307":{"prefectureJa":"長崎県","cityJa":"諫早市","townJa":"白木峰町","prefectureEn":"NAGASAKI KEN","cityEn":"ISAHAYA SHI","townEn":"SHIRAKIMINEMACHI"},"8590311":{"prefectureJa":"長崎県","cityJa":"諫早市","townJa":"小豆崎町","prefectureEn":"NAGASAKI KEN","cityEn":"ISAHAYA SHI","townEn":"AZUKISAKIMACHI"},"8590312":{"prefectureJa":"長崎県","cityJa":"諫早市","townJa":"西里町","prefectureEn":"NAGASAKI KEN","cityEn":"ISAHAYA SHI","townEn":"NISHIZATOMACHI"},"8590313":{"prefectureJa":"長崎県","cityJa":"諫早市","townJa":"中田町","prefectureEn":"NAGASAKI KEN","cityEn":"ISAHAYA SHI","townEn":"NAKADAMACHI"},"8590314":{"prefectureJa":"長崎県","cityJa":"諫早市","townJa":"御手水町","prefectureEn":"NAGASAKI KEN","cityEn":"ISAHAYA SHI","townEn":"OCHOZUMACHI"},"8590315":{"prefectureJa":"長崎県","cityJa":"諫早市","townJa":"大場町","prefectureEn":"NAGASAKI KEN","cityEn":"ISAHAYA SHI","townEn":"OBAMACHI"},"8590401":{"prefectureJa":"長崎県","cityJa":"諫早市","townJa":"多良見町化屋","prefectureEn":"NAGASAKI KEN","cityEn":"ISAHAYA SHI","townEn":"TARAMICHO KEYA"},"8590402":{"prefectureJa":"長崎県","cityJa":"諫早市","townJa":"多良見町囲","prefectureEn":"NAGASAKI KEN","cityEn":"ISAHAYA SHI","townEn":"TARAMICHO KAKOI"},"8590403":{"prefectureJa":"長崎県","cityJa":"諫早市","townJa":"多良見町市布","prefectureEn":"NAGASAKI KEN","cityEn":"ISAHAYA SHI","townEn":"TARAMICHO ICHINUNO"},"8590404":{"prefectureJa":"長崎県","cityJa":"諫早市","townJa":"多良見町西川内","prefectureEn":"NAGASAKI KEN","cityEn":"ISAHAYA SHI","townEn":"TARAMICHO NISHIKAWAUCHI"},"8590405":{"prefectureJa":"長崎県","cityJa":"諫早市","townJa":"多良見町中里","prefectureEn":"NAGASAKI KEN","cityEn":"ISAHAYA SHI","townEn":"TARAMICHO NAKAZATO"},"8590406":{"prefectureJa":"長崎県","cityJa":"諫早市","townJa":"多良見町木床","prefectureEn":"NAGASAKI KEN","cityEn":"ISAHAYA SHI","townEn":"TARAMICHO KIDOKO"},"8590407":{"prefectureJa":"長崎県","cityJa":"諫早市","townJa":"多良見町シーサイド","prefectureEn":"NAGASAKI KEN","cityEn":"ISAHAYA SHI","townEn":"TARAMICHO SHISAIDO"},"8590411":{"prefectureJa":"長崎県","cityJa":"諫早市","townJa":"多良見町東園","prefectureEn":"NAGASAKI KEN","cityEn":"ISAHAYA SHI","townEn":"TARAMICHO HIGASHIZONO"},"8590412":{"prefectureJa":"長崎県","cityJa":"諫早市","townJa":"多良見町西園","prefectureEn":"NAGASAKI KEN","cityEn":"ISAHAYA SHI","townEn":"TARAMICHO NISHIZONO"},"8590413":{"prefectureJa":"長崎県","cityJa":"諫早市","townJa":"多良見町野副","prefectureEn":"NAGASAKI KEN","cityEn":"ISAHAYA SHI","townEn":"TARAMICHO NOZOE"},"8590414":{"prefectureJa":"長崎県","cityJa":"諫早市","townJa":"多良見町元釜","prefectureEn":"NAGASAKI KEN","cityEn":"ISAHAYA SHI","townEn":"TARAMICHO MOTOGAMA"},"8590415":{"prefectureJa":"長崎県","cityJa":"諫早市","townJa":"多良見町山川内","prefectureEn":"NAGASAKI KEN","cityEn":"ISAHAYA SHI","townEn":"TARAMICHO YAMAGAWAUCHI"},"8590416":{"prefectureJa":"長崎県","cityJa":"諫早市","townJa":"多良見町野川内","prefectureEn":"NAGASAKI KEN","cityEn":"ISAHAYA SHI","townEn":"TARAMICHO NOGAWAUCHI"},"8590417":{"prefectureJa":"長崎県","cityJa":"諫早市","townJa":"多良見町舟津","prefectureEn":"NAGASAKI KEN","cityEn":"ISAHAYA SHI","townEn":"TARAMICHO FUNATSU"},"8590418":{"prefectureJa":"長崎県","cityJa":"諫早市","townJa":"多良見町佐瀬","prefectureEn":"NAGASAKI KEN","cityEn":"ISAHAYA SHI","townEn":"TARAMICHO SASE"},"8591101":{"prefectureJa":"長崎県","cityJa":"雲仙市","townJa":"吾妻町本村名","prefectureEn":"NAGASAKI KEN","cityEn":"UNZEN SHI","townEn":"AZUMACHO MOTOMURAMYO"},"8591102":{"prefectureJa":"長崎県","cityJa":"雲仙市","townJa":"吾妻町木場名","prefectureEn":"NAGASAKI KEN","cityEn":"UNZEN SHI","townEn":"AZUMACHO KOBAMYO"},"8591103":{"prefectureJa":"長崎県","cityJa":"雲仙市","townJa":"吾妻町平江名","prefectureEn":"NAGASAKI KEN","cityEn":"UNZEN SHI","townEn":"AZUMACHO HIRAEMYO"},"8591104":{"prefectureJa":"長崎県","cityJa":"雲仙市","townJa":"吾妻町古城名","prefectureEn":"NAGASAKI KEN","cityEn":"UNZEN SHI","townEn":"AZUMACHO FURUSHIROMYO"},"8591105":{"prefectureJa":"長崎県","cityJa":"雲仙市","townJa":"吾妻町田之平名","prefectureEn":"NAGASAKI KEN","cityEn":"UNZEN SHI","townEn":"AZUMACHO TANOHIRAMYO"},"8591106":{"prefectureJa":"長崎県","cityJa":"雲仙市","townJa":"吾妻町大木場名","prefectureEn":"NAGASAKI KEN","cityEn":"UNZEN SHI","townEn":"AZUMACHO OKOBAMYO"},"8591107":{"prefectureJa":"長崎県","cityJa":"雲仙市","townJa":"吾妻町牛口名","prefectureEn":"NAGASAKI KEN","cityEn":"UNZEN SHI","townEn":"AZUMACHO USHIGUCHIMYO"},"8591111":{"prefectureJa":"長崎県","cityJa":"雲仙市","townJa":"吾妻町馬場名","prefectureEn":"NAGASAKI KEN","cityEn":"UNZEN SHI","townEn":"AZUMACHO BABAMYO"},"8591112":{"prefectureJa":"長崎県","cityJa":"雲仙市","townJa":"吾妻町栗林名","prefectureEn":"NAGASAKI KEN","cityEn":"UNZEN SHI","townEn":"AZUMACHO KURIBAYASHIMYO"},"8591113":{"prefectureJa":"長崎県","cityJa":"雲仙市","townJa":"吾妻町布江名","prefectureEn":"NAGASAKI KEN","cityEn":"UNZEN SHI","townEn":"AZUMACHO NUNOEMYO"},"8591114":{"prefectureJa":"長崎県","cityJa":"雲仙市","townJa":"吾妻町川床名","prefectureEn":"NAGASAKI KEN","cityEn":"UNZEN SHI","townEn":"AZUMACHO KAWATOKOMYO"},"8591115":{"prefectureJa":"長崎県","cityJa":"雲仙市","townJa":"吾妻町永中名","prefectureEn":"NAGASAKI KEN","cityEn":"UNZEN SHI","townEn":"AZUMACHO EICHUMYO"},"8591116":{"prefectureJa":"長崎県","cityJa":"雲仙市","townJa":"吾妻町阿母名","prefectureEn":"NAGASAKI KEN","cityEn":"UNZEN SHI","townEn":"AZUMACHO ABOMYO"},"8591201":{"prefectureJa":"長崎県","cityJa":"雲仙市","townJa":"瑞穂町西郷庚","prefectureEn":"NAGASAKI KEN","cityEn":"UNZEN SHI","townEn":"MIZUHOCHO SAIGO KO"},"8591202":{"prefectureJa":"長崎県","cityJa":"雲仙市","townJa":"瑞穂町西郷甲","prefectureEn":"NAGASAKI KEN","cityEn":"UNZEN SHI","townEn":"MIZUHOCHO SAIGO KO"},"8591203":{"prefectureJa":"長崎県","cityJa":"雲仙市","townJa":"瑞穂町西郷乙","prefectureEn":"NAGASAKI KEN","cityEn":"UNZEN SHI","townEn":"MIZUHOCHO SAIGO OTSU"},"8591204":{"prefectureJa":"長崎県","cityJa":"雲仙市","townJa":"瑞穂町西郷丙","prefectureEn":"NAGASAKI KEN","cityEn":"UNZEN SHI","townEn":"MIZUHOCHO SAIGO HEI"},"8591205":{"prefectureJa":"長崎県","cityJa":"雲仙市","townJa":"瑞穂町西郷丁","prefectureEn":"NAGASAKI KEN","cityEn":"UNZEN SHI","townEn":"MIZUHOCHO SAIGO TEI"},"8591206":{"prefectureJa":"長崎県","cityJa":"雲仙市","townJa":"瑞穂町西郷辛","prefectureEn":"NAGASAKI KEN","cityEn":"UNZEN SHI","townEn":"MIZUHOCHO SAIGO SHIN"},"8591211":{"prefectureJa":"長崎県","cityJa":"雲仙市","townJa":"瑞穂町西郷戊","prefectureEn":"NAGASAKI KEN","cityEn":"UNZEN SHI","townEn":"MIZUHOCHO SAIGO BO"},"8591212":{"prefectureJa":"長崎県","cityJa":"雲仙市","townJa":"瑞穂町西郷己","prefectureEn":"NAGASAKI KEN","cityEn":"UNZEN SHI","townEn":"MIZUHOCHO SAIGO KI"},"8591213":{"prefectureJa":"長崎県","cityJa":"雲仙市","townJa":"瑞穂町伊福甲","prefectureEn":"NAGASAKI KEN","cityEn":"UNZEN SHI","townEn":"MIZUHOCHO IFUKU KO"},"8591214":{"prefectureJa":"長崎県","cityJa":"雲仙市","townJa":"瑞穂町伊福乙","prefectureEn":"NAGASAKI KEN","cityEn":"UNZEN SHI","townEn":"MIZUHOCHO IFUKU OTSU"},"8591215":{"prefectureJa":"長崎県","cityJa":"雲仙市","townJa":"瑞穂町古部甲","prefectureEn":"NAGASAKI KEN","cityEn":"UNZEN SHI","townEn":"MIZUHOCHO KOBE KO"},"8591216":{"prefectureJa":"長崎県","cityJa":"雲仙市","townJa":"瑞穂町古部乙","prefectureEn":"NAGASAKI KEN","cityEn":"UNZEN SHI","townEn":"MIZUHOCHO KOBE OTSU"},"8591301":{"prefectureJa":"長崎県","cityJa":"雲仙市","townJa":"国見町神代甲","prefectureEn":"NAGASAKI KEN","cityEn":"UNZEN SHI","townEn":"KUNIMICHO KOJIRO KO"},"8591302":{"prefectureJa":"長崎県","cityJa":"雲仙市","townJa":"国見町神代乙","prefectureEn":"NAGASAKI KEN","cityEn":"UNZEN SHI","townEn":"KUNIMICHO KOJIRO OTSU"},"8591303":{"prefectureJa":"長崎県","cityJa":"雲仙市","townJa":"国見町神代丙","prefectureEn":"NAGASAKI KEN","cityEn":"UNZEN SHI","townEn":"KUNIMICHO KOJIRO HEI"},"8591304":{"prefectureJa":"長崎県","cityJa":"雲仙市","townJa":"国見町神代丁","prefectureEn":"NAGASAKI KEN","cityEn":"UNZEN SHI","townEn":"KUNIMICHO KOJIRO TEI"},"8591305":{"prefectureJa":"長崎県","cityJa":"雲仙市","townJa":"国見町神代戊","prefectureEn":"NAGASAKI KEN","cityEn":"UNZEN SHI","townEn":"KUNIMICHO KOJIRO BO"},"8591306":{"prefectureJa":"長崎県","cityJa":"雲仙市","townJa":"国見町神代己","prefectureEn":"NAGASAKI KEN","cityEn":"UNZEN SHI","townEn":"KUNIMICHO KOJIRO KI"},"8591307":{"prefectureJa":"長崎県","cityJa":"雲仙市","townJa":"国見町神代庚","prefectureEn":"NAGASAKI KEN","cityEn":"UNZEN SHI","townEn":"KUNIMICHO KOJIRO KO"},"8591308":{"prefectureJa":"長崎県","cityJa":"雲仙市","townJa":"国見町神代辛","prefectureEn":"NAGASAKI KEN","cityEn":"UNZEN SHI","townEn":"KUNIMICHO KOJIRO SHIN"},"8591311":{"prefectureJa":"長崎県","cityJa":"雲仙市","townJa":"国見町土黒甲","prefectureEn":"NAGASAKI KEN","cityEn":"UNZEN SHI","townEn":"KUNIMICHO HIJIKURO KO"},"8591312":{"prefectureJa":"長崎県","cityJa":"雲仙市","townJa":"国見町土黒乙","prefectureEn":"NAGASAKI KEN","cityEn":"UNZEN SHI","townEn":"KUNIMICHO HIJIKURO OTSU"},"8591313":{"prefectureJa":"長崎県","cityJa":"雲仙市","townJa":"国見町土黒丙","prefectureEn":"NAGASAKI KEN","cityEn":"UNZEN SHI","townEn":"KUNIMICHO HIJIKURO HEI"},"8591314":{"prefectureJa":"長崎県","cityJa":"雲仙市","townJa":"国見町土黒丁","prefectureEn":"NAGASAKI KEN","cityEn":"UNZEN SHI","townEn":"KUNIMICHO HIJIKURO TEI"},"8591315":{"prefectureJa":"長崎県","cityJa":"雲仙市","townJa":"国見町土黒戊","prefectureEn":"NAGASAKI KEN","cityEn":"UNZEN SHI","townEn":"KUNIMICHO HIJIKURO BO"},"8591316":{"prefectureJa":"長崎県","cityJa":"雲仙市","townJa":"国見町土黒己","prefectureEn":"NAGASAKI KEN","cityEn":"UNZEN SHI","townEn":"KUNIMICHO HIJIKURO KI"},"8591317":{"prefectureJa":"長崎県","cityJa":"雲仙市","townJa":"国見町土黒庚","prefectureEn":"NAGASAKI KEN","cityEn":"UNZEN SHI","townEn":"KUNIMICHO HIJIKURO KO"},"8591321":{"prefectureJa":"長崎県","cityJa":"雲仙市","townJa":"国見町多比良甲","prefectureEn":"NAGASAKI KEN","cityEn":"UNZEN SHI","townEn":"KUNIMICHO TAIRA KO"},"8591322":{"prefectureJa":"長崎県","cityJa":"雲仙市","townJa":"国見町多比良乙","prefectureEn":"NAGASAKI KEN","cityEn":"UNZEN SHI","townEn":"KUNIMICHO TAIRA OTSU"},"8591323":{"prefectureJa":"長崎県","cityJa":"雲仙市","townJa":"国見町多比良丙","prefectureEn":"NAGASAKI KEN","cityEn":"UNZEN SHI","townEn":"KUNIMICHO TAIRA HEI"},"8591324":{"prefectureJa":"長崎県","cityJa":"雲仙市","townJa":"国見町多比良丁","prefectureEn":"NAGASAKI KEN","cityEn":"UNZEN SHI","townEn":"KUNIMICHO TAIRA TEI"},"8591325":{"prefectureJa":"長崎県","cityJa":"雲仙市","townJa":"国見町多比良戊","prefectureEn":"NAGASAKI KEN","cityEn":"UNZEN SHI","townEn":"KUNIMICHO TAIRA BO"},"8591401":{"prefectureJa":"長崎県","cityJa":"島原市","townJa":"有明町湯江甲","prefectureEn":"NAGASAKI KEN","cityEn":"SHIMABARA SHI","townEn":"ARIAKECHO YUE KO"},"8591402":{"prefectureJa":"長崎県","cityJa":"島原市","townJa":"有明町湯江乙","prefectureEn":"NAGASAKI KEN","cityEn":"SHIMABARA SHI","townEn":"ARIAKECHO YUE OTSU"},"8591403":{"prefectureJa":"長崎県","cityJa":"島原市","townJa":"有明町湯江丙","prefectureEn":"NAGASAKI KEN","cityEn":"SHIMABARA SHI","townEn":"ARIAKECHO YUE HEI"},"8591404":{"prefectureJa":"長崎県","cityJa":"島原市","townJa":"有明町湯江丁","prefectureEn":"NAGASAKI KEN","cityEn":"SHIMABARA SHI","townEn":"ARIAKECHO YUE TEI"},"8591411":{"prefectureJa":"長崎県","cityJa":"島原市","townJa":"有明町大三東甲","prefectureEn":"NAGASAKI KEN","cityEn":"SHIMABARA SHI","townEn":"ARIAKECHO OMISAKI KO"},"8591412":{"prefectureJa":"長崎県","cityJa":"島原市","townJa":"有明町大三東乙","prefectureEn":"NAGASAKI KEN","cityEn":"SHIMABARA SHI","townEn":"ARIAKECHO OMISAKI OTSU"},"8591413":{"prefectureJa":"長崎県","cityJa":"島原市","townJa":"有明町大三東丙","prefectureEn":"NAGASAKI KEN","cityEn":"SHIMABARA SHI","townEn":"ARIAKECHO OMISAKI HEI"},"8591414":{"prefectureJa":"長崎県","cityJa":"島原市","townJa":"有明町大三東丁","prefectureEn":"NAGASAKI KEN","cityEn":"SHIMABARA SHI","townEn":"ARIAKECHO OMISAKI TEI"},"8591415":{"prefectureJa":"長崎県","cityJa":"島原市","townJa":"有明町大三東戊","prefectureEn":"NAGASAKI KEN","cityEn":"SHIMABARA SHI","townEn":"ARIAKECHO OMISAKI BO"},"8591501":{"prefectureJa":"長崎県","cityJa":"南島原市","townJa":"深江町甲","prefectureEn":"NAGASAKI KEN","cityEn":"MINAMISHIMABARA SHI","townEn":"FUKAECHO KO"},"8591502":{"prefectureJa":"長崎県","cityJa":"南島原市","townJa":"深江町乙","prefectureEn":"NAGASAKI KEN","cityEn":"MINAMISHIMABARA SHI","townEn":"FUKAECHO OTSU"},"8591503":{"prefectureJa":"長崎県","cityJa":"南島原市","townJa":"深江町丙","prefectureEn":"NAGASAKI KEN","cityEn":"MINAMISHIMABARA SHI","townEn":"FUKAECHO HEI"},"8591504":{"prefectureJa":"長崎県","cityJa":"南島原市","townJa":"深江町丁","prefectureEn":"NAGASAKI KEN","cityEn":"MINAMISHIMABARA SHI","townEn":"FUKAECHO TEI"},"8591505":{"prefectureJa":"長崎県","cityJa":"南島原市","townJa":"深江町戊","prefectureEn":"NAGASAKI KEN","cityEn":"MINAMISHIMABARA SHI","townEn":"FUKAECHO BO"},"8592111":{"prefectureJa":"長崎県","cityJa":"南島原市","townJa":"布津町甲","prefectureEn":"NAGASAKI KEN","cityEn":"MINAMISHIMABARA SHI","townEn":"FUTSUCHO KO"},"8592112":{"prefectureJa":"長崎県","cityJa":"南島原市","townJa":"布津町乙","prefectureEn":"NAGASAKI KEN","cityEn":"MINAMISHIMABARA SHI","townEn":"FUTSUCHO OTSU"},"8592113":{"prefectureJa":"長崎県","cityJa":"南島原市","townJa":"布津町丙","prefectureEn":"NAGASAKI KEN","cityEn":"MINAMISHIMABARA SHI","townEn":"FUTSUCHO HEI"},"8592121":{"prefectureJa":"長崎県","cityJa":"南島原市","townJa":"有家町石田","prefectureEn":"NAGASAKI KEN","cityEn":"MINAMISHIMABARA SHI","townEn":"ARIECHO ISHIDA"},"8592122":{"prefectureJa":"長崎県","cityJa":"南島原市","townJa":"有家町大苑","prefectureEn":"NAGASAKI KEN","cityEn":"MINAMISHIMABARA SHI","townEn":"ARIECHO OZONO"},"8592123":{"prefectureJa":"長崎県","cityJa":"南島原市","townJa":"有家町原尾","prefectureEn":"NAGASAKI KEN","cityEn":"MINAMISHIMABARA SHI","townEn":"ARIECHO HARAO"},"8592201":{"prefectureJa":"長崎県","cityJa":"南島原市","townJa":"有家町久保","prefectureEn":"NAGASAKI KEN","cityEn":"MINAMISHIMABARA SHI","townEn":"ARIECHO KUBO"},"8592202":{"prefectureJa":"長崎県","cityJa":"南島原市","townJa":"有家町山川","prefectureEn":"NAGASAKI KEN","cityEn":"MINAMISHIMABARA SHI","townEn":"ARIECHO YAMAGAWA"},"8592203":{"prefectureJa":"長崎県","cityJa":"南島原市","townJa":"有家町尾上","prefectureEn":"NAGASAKI KEN","cityEn":"MINAMISHIMABARA SHI","townEn":"ARIECHO ONOE"},"8592204":{"prefectureJa":"長崎県","cityJa":"南島原市","townJa":"有家町蒲河","prefectureEn":"NAGASAKI KEN","cityEn":"MINAMISHIMABARA SHI","townEn":"ARIECHO KAMAGA"},"8592205":{"prefectureJa":"長崎県","cityJa":"南島原市","townJa":"有家町小川","prefectureEn":"NAGASAKI KEN","cityEn":"MINAMISHIMABARA SHI","townEn":"ARIECHO KOGAWA"},"8592206":{"prefectureJa":"長崎県","cityJa":"南島原市","townJa":"有家町中須川","prefectureEn":"NAGASAKI KEN","cityEn":"MINAMISHIMABARA SHI","townEn":"ARIECHO NAKASUKAWA"},"8592211":{"prefectureJa":"長崎県","cityJa":"南島原市","townJa":"西有家町里坊","prefectureEn":"NAGASAKI KEN","cityEn":"MINAMISHIMABARA SHI","townEn":"NISHIARIECHO SATOBO"},"8592212":{"prefectureJa":"長崎県","cityJa":"南島原市","townJa":"西有家町須川","prefectureEn":"NAGASAKI KEN","cityEn":"MINAMISHIMABARA SHI","townEn":"NISHIARIECHO SUKAWA"},"8592213":{"prefectureJa":"長崎県","cityJa":"南島原市","townJa":"西有家町見岳","prefectureEn":"NAGASAKI KEN","cityEn":"MINAMISHIMABARA SHI","townEn":"NISHIARIECHO MIDAKE"},"8592214":{"prefectureJa":"長崎県","cityJa":"南島原市","townJa":"西有家町慈恩寺","prefectureEn":"NAGASAKI KEN","cityEn":"MINAMISHIMABARA SHI","townEn":"NISHIARIECHO JIONJI"},"8592215":{"prefectureJa":"長崎県","cityJa":"南島原市","townJa":"西有家町長野","prefectureEn":"NAGASAKI KEN","cityEn":"MINAMISHIMABARA SHI","townEn":"NISHIARIECHO NAGANO"},"8592216":{"prefectureJa":"長崎県","cityJa":"南島原市","townJa":"西有家町龍石","prefectureEn":"NAGASAKI KEN","cityEn":"MINAMISHIMABARA SHI","townEn":"NISHIARIECHO TATSUISHI"},"8592301":{"prefectureJa":"長崎県","cityJa":"南島原市","townJa":"北有馬町甲","prefectureEn":"NAGASAKI KEN","cityEn":"MINAMISHIMABARA SHI","townEn":"KITAARIMACHO KO"},"8592302":{"prefectureJa":"長崎県","cityJa":"南島原市","townJa":"北有馬町乙","prefectureEn":"NAGASAKI KEN","cityEn":"MINAMISHIMABARA SHI","townEn":"KITAARIMACHO OTSU"},"8592303":{"prefectureJa":"長崎県","cityJa":"南島原市","townJa":"北有馬町丙","prefectureEn":"NAGASAKI KEN","cityEn":"MINAMISHIMABARA SHI","townEn":"KITAARIMACHO HEI"},"8592304":{"prefectureJa":"長崎県","cityJa":"南島原市","townJa":"北有馬町丁","prefectureEn":"NAGASAKI KEN","cityEn":"MINAMISHIMABARA SHI","townEn":"KITAARIMACHO TEI"},"8592305":{"prefectureJa":"長崎県","cityJa":"南島原市","townJa":"北有馬町戊","prefectureEn":"NAGASAKI KEN","cityEn":"MINAMISHIMABARA SHI","townEn":"KITAARIMACHO BO"},"8592306":{"prefectureJa":"長崎県","cityJa":"南島原市","townJa":"北有馬町己","prefectureEn":"NAGASAKI KEN","cityEn":"MINAMISHIMABARA SHI","townEn":"KITAARIMACHO KI"},"8592316":{"prefectureJa":"長崎県","cityJa":"南島原市","townJa":"南有馬町己（古園轟河）","prefectureEn":"NAGASAKI KEN","cityEn":"MINAMISHIMABARA SHI","townEn":"MINAMIARIMACHO KI (FURUZONOTOROTSUG"},"8592411":{"prefectureJa":"長崎県","cityJa":"南島原市","townJa":"南有馬町甲","prefectureEn":"NAGASAKI KEN","cityEn":"MINAMISHIMABARA SHI","townEn":"MINAMIARIMACHO KO"},"8592412":{"prefectureJa":"長崎県","cityJa":"南島原市","townJa":"南有馬町乙","prefectureEn":"NAGASAKI KEN","cityEn":"MINAMISHIMABARA SHI","townEn":"MINAMIARIMACHO OTSU"},"8592413":{"prefectureJa":"長崎県","cityJa":"南島原市","townJa":"南有馬町丙","prefectureEn":"NAGASAKI KEN","cityEn":"MINAMISHIMABARA SHI","townEn":"MINAMIARIMACHO HEI"},"8592414":{"prefectureJa":"長崎県","cityJa":"南島原市","townJa":"南有馬町丁","prefectureEn":"NAGASAKI KEN","cityEn":"MINAMISHIMABARA SHI","townEn":"MINAMIARIMACHO TEI"},"8592415":{"prefectureJa":"長崎県","cityJa":"南島原市","townJa":"南有馬町戊","prefectureEn":"NAGASAKI KEN","cityEn":"MINAMISHIMABARA SHI","townEn":"MINAMIARIMACHO BO"},"8592416":{"prefectureJa":"長崎県","cityJa":"南島原市","townJa":"南有馬町己（その他）","prefectureEn":"NAGASAKI KEN","cityEn":"MINAMISHIMABARA SHI","townEn":"MINAMIARIMACHO KI(SONOTA)"},"8592501":{"prefectureJa":"長崎県","cityJa":"南島原市","townJa":"口之津町乙","prefectureEn":"NAGASAKI KEN","cityEn":"MINAMISHIMABARA SHI","townEn":"KUCHINOTSUCHO OTSU"},"8592502":{"prefectureJa":"長崎県","cityJa":"南島原市","townJa":"口之津町甲","prefectureEn":"NAGASAKI KEN","cityEn":"MINAMISHIMABARA SHI","townEn":"KUCHINOTSUCHO KO"},"8592503":{"prefectureJa":"長崎県","cityJa":"南島原市","townJa":"口之津町丁","prefectureEn":"NAGASAKI KEN","cityEn":"MINAMISHIMABARA SHI","townEn":"KUCHINOTSUCHO TEI"},"8592504":{"prefectureJa":"長崎県","cityJa":"南島原市","townJa":"口之津町丙","prefectureEn":"NAGASAKI KEN","cityEn":"MINAMISHIMABARA SHI","townEn":"KUCHINOTSUCHO HEI"},"8592600":{"prefectureJa":"長崎県","cityJa":"南島原市","townJa":"以下に掲載がない場合","prefectureEn":"NAGASAKI KEN","cityEn":"MINAMISHIMABARA SHI","townEn":"IKANIKEISAIGANAIBAAI"},"8592601":{"prefectureJa":"長崎県","cityJa":"南島原市","townJa":"加津佐町己","prefectureEn":"NAGASAKI KEN","cityEn":"MINAMISHIMABARA SHI","townEn":"KAZUSACHO KI"},"8592602":{"prefectureJa":"長崎県","cityJa":"南島原市","townJa":"加津佐町戊","prefectureEn":"NAGASAKI KEN","cityEn":"MINAMISHIMABARA SHI","townEn":"KAZUSACHO BO"},"8592603":{"prefectureJa":"長崎県","cityJa":"南島原市","townJa":"加津佐町丁","prefectureEn":"NAGASAKI KEN","cityEn":"MINAMISHIMABARA SHI","townEn":"KAZUSACHO TEI"},"8592604":{"prefectureJa":"長崎県","cityJa":"南島原市","townJa":"加津佐町丙","prefectureEn":"NAGASAKI KEN","cityEn":"MINAMISHIMABARA SHI","townEn":"KAZUSACHO HEI"},"8592605":{"prefectureJa":"長崎県","cityJa":"南島原市","townJa":"加津佐町乙","prefectureEn":"NAGASAKI KEN","cityEn":"MINAMISHIMABARA SHI","townEn":"KAZUSACHO OTSU"},"8592606":{"prefectureJa":"長崎県","cityJa":"南島原市","townJa":"加津佐町甲","prefectureEn":"NAGASAKI KEN","cityEn":"MINAMISHIMABARA SHI","townEn":"KAZUSACHO KO"},"8593151":{"prefectureJa":"長崎県","cityJa":"佐世保市","townJa":"三川内本町","prefectureEn":"NAGASAKI KEN","cityEn":"SASEBO SHI","townEn":"MIKAWACHIHOMMACHI"},"8593152":{"prefectureJa":"長崎県","cityJa":"佐世保市","townJa":"新行江町","prefectureEn":"NAGASAKI KEN","cityEn":"SASEBO SHI","townEn":"SHINGYOECHO"},"8593153":{"prefectureJa":"長崎県","cityJa":"佐世保市","townJa":"三川内新町","prefectureEn":"NAGASAKI KEN","cityEn":"SASEBO SHI","townEn":"MIKAWACHISHIMMACHI"},"8593154":{"prefectureJa":"長崎県","cityJa":"佐世保市","townJa":"塩浸町","prefectureEn":"NAGASAKI KEN","cityEn":"SASEBO SHI","townEn":"SHIOHITASHICHO"},"8593155":{"prefectureJa":"長崎県","cityJa":"佐世保市","townJa":"三川内町","prefectureEn":"NAGASAKI KEN","cityEn":"SASEBO SHI","townEn":"MIKAWACHICHO"},"8593156":{"prefectureJa":"長崎県","cityJa":"佐世保市","townJa":"下の原町","prefectureEn":"NAGASAKI KEN","cityEn":"SASEBO SHI","townEn":"SHIMONOHARUCHO"},"8593157":{"prefectureJa":"長崎県","cityJa":"佐世保市","townJa":"桑木場町","prefectureEn":"NAGASAKI KEN","cityEn":"SASEBO SHI","townEn":"KUWAKOBACHO"},"8593158":{"prefectureJa":"長崎県","cityJa":"佐世保市","townJa":"新替町","prefectureEn":"NAGASAKI KEN","cityEn":"SASEBO SHI","townEn":"SHINGAECHO"},"8593161":{"prefectureJa":"長崎県","cityJa":"佐世保市","townJa":"口の尾町","prefectureEn":"NAGASAKI KEN","cityEn":"SASEBO SHI","townEn":"KUCHINOCHO"},"8593162":{"prefectureJa":"長崎県","cityJa":"佐世保市","townJa":"吉福町","prefectureEn":"NAGASAKI KEN","cityEn":"SASEBO SHI","townEn":"YOSHIFUKUCHO"},"8593163":{"prefectureJa":"長崎県","cityJa":"佐世保市","townJa":"横手町","prefectureEn":"NAGASAKI KEN","cityEn":"SASEBO SHI","townEn":"YOKOTECHO"},"8593164":{"prefectureJa":"長崎県","cityJa":"佐世保市","townJa":"心野町","prefectureEn":"NAGASAKI KEN","cityEn":"SASEBO SHI","townEn":"KOKONNOCHO"},"8593165":{"prefectureJa":"長崎県","cityJa":"佐世保市","townJa":"江永町","prefectureEn":"NAGASAKI KEN","cityEn":"SASEBO SHI","townEn":"ENAGACHO"},"8593166":{"prefectureJa":"長崎県","cityJa":"佐世保市","townJa":"木原町","prefectureEn":"NAGASAKI KEN","cityEn":"SASEBO SHI","townEn":"KIHARACHO"},"8593201":{"prefectureJa":"長崎県","cityJa":"佐世保市","townJa":"平松町","prefectureEn":"NAGASAKI KEN","cityEn":"SASEBO SHI","townEn":"HIRAMATSUCHO"},"8593202":{"prefectureJa":"長崎県","cityJa":"佐世保市","townJa":"上原町","prefectureEn":"NAGASAKI KEN","cityEn":"SASEBO SHI","townEn":"UWABARUCHO"},"8593203":{"prefectureJa":"長崎県","cityJa":"佐世保市","townJa":"陣の内町","prefectureEn":"NAGASAKI KEN","cityEn":"SASEBO SHI","townEn":"JINNOCHICHO"},"8593204":{"prefectureJa":"長崎県","cityJa":"佐世保市","townJa":"若竹台町","prefectureEn":"NAGASAKI KEN","cityEn":"SASEBO SHI","townEn":"WAKATAKEDAIMACHI"},"8593205":{"prefectureJa":"長崎県","cityJa":"佐世保市","townJa":"田の浦町","prefectureEn":"NAGASAKI KEN","cityEn":"SASEBO SHI","townEn":"TANORACHO"},"8593211":{"prefectureJa":"長崎県","cityJa":"佐世保市","townJa":"早苗町","prefectureEn":"NAGASAKI KEN","cityEn":"SASEBO SHI","townEn":"SANAECHO"},"8593212":{"prefectureJa":"長崎県","cityJa":"佐世保市","townJa":"花高","prefectureEn":"NAGASAKI KEN","cityEn":"SASEBO SHI","townEn":"HANATAKA"},"8593213":{"prefectureJa":"長崎県","cityJa":"佐世保市","townJa":"権常寺町","prefectureEn":"NAGASAKI KEN","cityEn":"SASEBO SHI","townEn":"GONJOJICHO"},"8593214":{"prefectureJa":"長崎県","cityJa":"佐世保市","townJa":"権常寺","prefectureEn":"NAGASAKI KEN","cityEn":"SASEBO SHI","townEn":"GONJOJI"},"8593215":{"prefectureJa":"長崎県","cityJa":"佐世保市","townJa":"早岐","prefectureEn":"NAGASAKI KEN","cityEn":"SASEBO SHI","townEn":"HAIKI"},"8593216":{"prefectureJa":"長崎県","cityJa":"佐世保市","townJa":"勝海町","prefectureEn":"NAGASAKI KEN","cityEn":"SASEBO SHI","townEn":"KATSUMICHO"},"8593221":{"prefectureJa":"長崎県","cityJa":"佐世保市","townJa":"中原町","prefectureEn":"NAGASAKI KEN","cityEn":"SASEBO SHI","townEn":"NAKAHARACHO"},"8593222":{"prefectureJa":"長崎県","cityJa":"佐世保市","townJa":"広田町","prefectureEn":"NAGASAKI KEN","cityEn":"SASEBO SHI","townEn":"HIRODACHO"},"8593223":{"prefectureJa":"長崎県","cityJa":"佐世保市","townJa":"広田","prefectureEn":"NAGASAKI KEN","cityEn":"SASEBO SHI","townEn":"HIROTA"},"8593224":{"prefectureJa":"長崎県","cityJa":"佐世保市","townJa":"重尾町","prefectureEn":"NAGASAKI KEN","cityEn":"SASEBO SHI","townEn":"SHIGEOCHO"},"8593225":{"prefectureJa":"長崎県","cityJa":"佐世保市","townJa":"浦川内町","prefectureEn":"NAGASAKI KEN","cityEn":"SASEBO SHI","townEn":"URAGAWACHICHO"},"8593226":{"prefectureJa":"長崎県","cityJa":"佐世保市","townJa":"崎岡町","prefectureEn":"NAGASAKI KEN","cityEn":"SASEBO SHI","townEn":"SAKIOKACHO"},"8593231":{"prefectureJa":"長崎県","cityJa":"佐世保市","townJa":"瀬道町","prefectureEn":"NAGASAKI KEN","cityEn":"SASEBO SHI","townEn":"SEDOCHO"},"8593232":{"prefectureJa":"長崎県","cityJa":"佐世保市","townJa":"萩坂町","prefectureEn":"NAGASAKI KEN","cityEn":"SASEBO SHI","townEn":"HAGISAKACHO"},"8593233":{"prefectureJa":"長崎県","cityJa":"佐世保市","townJa":"奥山町","prefectureEn":"NAGASAKI KEN","cityEn":"SASEBO SHI","townEn":"OKUYAMACHO"},"8593234":{"prefectureJa":"長崎県","cityJa":"佐世保市","townJa":"長畑町","prefectureEn":"NAGASAKI KEN","cityEn":"SASEBO SHI","townEn":"NAGAHATACHO"},"8593235":{"prefectureJa":"長崎県","cityJa":"佐世保市","townJa":"宮津町","prefectureEn":"NAGASAKI KEN","cityEn":"SASEBO SHI","townEn":"MIYAZUCHO"},"8593236":{"prefectureJa":"長崎県","cityJa":"佐世保市","townJa":"南風崎町","prefectureEn":"NAGASAKI KEN","cityEn":"SASEBO SHI","townEn":"HAENOSAKICHO"},"8593237":{"prefectureJa":"長崎県","cityJa":"佐世保市","townJa":"城間町","prefectureEn":"NAGASAKI KEN","cityEn":"SASEBO SHI","townEn":"JOMACHO"},"8593241":{"prefectureJa":"長崎県","cityJa":"佐世保市","townJa":"有福町","prefectureEn":"NAGASAKI KEN","cityEn":"SASEBO SHI","townEn":"ARIFUKUCHO"},"8593242":{"prefectureJa":"長崎県","cityJa":"佐世保市","townJa":"指方町","prefectureEn":"NAGASAKI KEN","cityEn":"SASEBO SHI","townEn":"SASHIKATACHO"},"8593243":{"prefectureJa":"長崎県","cityJa":"佐世保市","townJa":"ハウステンボス町","prefectureEn":"NAGASAKI KEN","cityEn":"SASEBO SHI","townEn":"HAUSUTEMBOSUMACHI"},"8593244":{"prefectureJa":"長崎県","cityJa":"佐世保市","townJa":"江上町","prefectureEn":"NAGASAKI KEN","cityEn":"SASEBO SHI","townEn":"EGAMICHO"},"8593451":{"prefectureJa":"長崎県","cityJa":"佐世保市","townJa":"針尾東町","prefectureEn":"NAGASAKI KEN","cityEn":"SASEBO SHI","townEn":"HARIO HIGASHIMACHI"},"8593452":{"prefectureJa":"長崎県","cityJa":"佐世保市","townJa":"針尾中町","prefectureEn":"NAGASAKI KEN","cityEn":"SASEBO SHI","townEn":"HARIO NAKAMACHI"},"8593453":{"prefectureJa":"長崎県","cityJa":"佐世保市","townJa":"針尾西町","prefectureEn":"NAGASAKI KEN","cityEn":"SASEBO SHI","townEn":"HARIO NISHIMACHI"},"8593454":{"prefectureJa":"長崎県","cityJa":"佐世保市","townJa":"針尾北町","prefectureEn":"NAGASAKI KEN","cityEn":"SASEBO SHI","townEn":"HARIO KITAMACHI"},"8593600":{"prefectureJa":"長崎県","cityJa":"東彼杵郡川棚町","townJa":"以下に掲載がない場合","prefectureEn":"NAGASAKI KEN","cityEn":"HIGASHISONOGI GUN KAWATANA CHO","townEn":"IKANIKEISAIGANAIBAAI"},"8593601":{"prefectureJa":"長崎県","cityJa":"東彼杵郡川棚町","townJa":"猪乗川内郷","prefectureEn":"NAGASAKI KEN","cityEn":"HIGASHISONOGI GUN KAWATANA CHO","townEn":"INORIGOCHIGO"},"8593602":{"prefectureJa":"長崎県","cityJa":"東彼杵郡川棚町","townJa":"木場郷","prefectureEn":"NAGASAKI KEN","cityEn":"HIGASHISONOGI GUN KAWATANA CHO","townEn":"KOBAGO"},"8593603":{"prefectureJa":"長崎県","cityJa":"東彼杵郡川棚町","townJa":"岩屋郷","prefectureEn":"NAGASAKI KEN","cityEn":"HIGASHISONOGI GUN KAWATANA CHO","townEn":"IWAYAGO"},"8593604":{"prefectureJa":"長崎県","cityJa":"東彼杵郡川棚町","townJa":"石木郷","prefectureEn":"NAGASAKI KEN","cityEn":"HIGASHISONOGI GUN KAWATANA CHO","townEn":"ISHIKIGO"},"8593605":{"prefectureJa":"長崎県","cityJa":"東彼杵郡川棚町","townJa":"百津郷","prefectureEn":"NAGASAKI KEN","cityEn":"HIGASHISONOGI GUN KAWATANA CHO","townEn":"MOMOZUGO"},"8593606":{"prefectureJa":"長崎県","cityJa":"東彼杵郡川棚町","townJa":"小音琴郷","prefectureEn":"NAGASAKI KEN","cityEn":"HIGASHISONOGI GUN KAWATANA CHO","townEn":"KONEGOTOGO"},"8593607":{"prefectureJa":"長崎県","cityJa":"東彼杵郡川棚町","townJa":"城山町","prefectureEn":"NAGASAKI KEN","cityEn":"HIGASHISONOGI GUN KAWATANA CHO","townEn":"SHIROYAMACHO"},"8593608":{"prefectureJa":"長崎県","cityJa":"東彼杵郡川棚町","townJa":"栄町","prefectureEn":"NAGASAKI KEN","cityEn":"HIGASHISONOGI GUN KAWATANA CHO","townEn":"SAKAEMACHI"},"8593611":{"prefectureJa":"長崎県","cityJa":"東彼杵郡川棚町","townJa":"中山郷","prefectureEn":"NAGASAKI KEN","cityEn":"HIGASHISONOGI GUN KAWATANA CHO","townEn":"NAKAYAMAGO"},"8593612":{"prefectureJa":"長崎県","cityJa":"東彼杵郡川棚町","townJa":"五反田郷","prefectureEn":"NAGASAKI KEN","cityEn":"HIGASHISONOGI GUN KAWATANA CHO","townEn":"GOTANDAGO"},"8593613":{"prefectureJa":"長崎県","cityJa":"東彼杵郡川棚町","townJa":"上組郷","prefectureEn":"NAGASAKI KEN","cityEn":"HIGASHISONOGI GUN KAWATANA CHO","townEn":"KAMIGUMIGO"},"8593614":{"prefectureJa":"長崎県","cityJa":"東彼杵郡川棚町","townJa":"中組郷","prefectureEn":"NAGASAKI KEN","cityEn":"HIGASHISONOGI GUN KAWATANA CHO","townEn":"NAKAGUMIGO"},"8593615":{"prefectureJa":"長崎県","cityJa":"東彼杵郡川棚町","townJa":"下組郷","prefectureEn":"NAGASAKI KEN","cityEn":"HIGASHISONOGI GUN KAWATANA CHO","townEn":"SHIMOGUMIGO"},"8593616":{"prefectureJa":"長崎県","cityJa":"東彼杵郡川棚町","townJa":"白石郷","prefectureEn":"NAGASAKI KEN","cityEn":"HIGASHISONOGI GUN KAWATANA CHO","townEn":"SHIROISHIGO"},"8593617":{"prefectureJa":"長崎県","cityJa":"東彼杵郡川棚町","townJa":"三越郷","prefectureEn":"NAGASAKI KEN","cityEn":"HIGASHISONOGI GUN KAWATANA CHO","townEn":"MITSUGOEGO"},"8593618":{"prefectureJa":"長崎県","cityJa":"東彼杵郡川棚町","townJa":"小串郷","prefectureEn":"NAGASAKI KEN","cityEn":"HIGASHISONOGI GUN KAWATANA CHO","townEn":"OGUSHIGO"},"8593619":{"prefectureJa":"長崎県","cityJa":"東彼杵郡川棚町","townJa":"新谷郷","prefectureEn":"NAGASAKI KEN","cityEn":"HIGASHISONOGI GUN KAWATANA CHO","townEn":"SHINGAEGO"},"8593700":{"prefectureJa":"長崎県","cityJa":"東彼杵郡波佐見町","townJa":"以下に掲載がない場合","prefectureEn":"NAGASAKI KEN","cityEn":"HIGASHISONOGI GUN HASAMI CHO","townEn":"IKANIKEISAIGANAIBAAI"},"8593701":{"prefectureJa":"長崎県","cityJa":"東彼杵郡波佐見町","townJa":"折敷瀬郷","prefectureEn":"NAGASAKI KEN","cityEn":"HIGASHISONOGI GUN HASAMI CHO","townEn":"ORISHIKISEGO"},"8593702":{"prefectureJa":"長崎県","cityJa":"東彼杵郡波佐見町","townJa":"湯無田郷","prefectureEn":"NAGASAKI KEN","cityEn":"HIGASHISONOGI GUN HASAMI CHO","townEn":"YUMUTAGO"},"8593703":{"prefectureJa":"長崎県","cityJa":"東彼杵郡波佐見町","townJa":"野々川郷","prefectureEn":"NAGASAKI KEN","cityEn":"HIGASHISONOGI GUN HASAMI CHO","townEn":"NONOKAWAGO"},"8593704":{"prefectureJa":"長崎県","cityJa":"東彼杵郡波佐見町","townJa":"小樽郷","prefectureEn":"NAGASAKI KEN","cityEn":"HIGASHISONOGI GUN HASAMI CHO","townEn":"KODARUGO"},"8593705":{"prefectureJa":"長崎県","cityJa":"東彼杵郡波佐見町","townJa":"永尾郷","prefectureEn":"NAGASAKI KEN","cityEn":"HIGASHISONOGI GUN HASAMI CHO","townEn":"NAGAOGO"},"8593706":{"prefectureJa":"長崎県","cityJa":"東彼杵郡波佐見町","townJa":"三股郷","prefectureEn":"NAGASAKI KEN","cityEn":"HIGASHISONOGI GUN HASAMI CHO","townEn":"MITSUMATAGO"},"8593711":{"prefectureJa":"長崎県","cityJa":"東彼杵郡波佐見町","townJa":"井石郷","prefectureEn":"NAGASAKI KEN","cityEn":"HIGASHISONOGI GUN HASAMI CHO","townEn":"ISEKIGO"},"8593712":{"prefectureJa":"長崎県","cityJa":"東彼杵郡波佐見町","townJa":"中尾郷","prefectureEn":"NAGASAKI KEN","cityEn":"HIGASHISONOGI GUN HASAMI CHO","townEn":"NAKAOGO"},"8593713":{"prefectureJa":"長崎県","cityJa":"東彼杵郡波佐見町","townJa":"鬼木郷","prefectureEn":"NAGASAKI KEN","cityEn":"HIGASHISONOGI GUN HASAMI CHO","townEn":"ONIGIGO"},"8593714":{"prefectureJa":"長崎県","cityJa":"東彼杵郡波佐見町","townJa":"金屋郷","prefectureEn":"NAGASAKI KEN","cityEn":"HIGASHISONOGI GUN HASAMI CHO","townEn":"KANAYAGO"},"8593715":{"prefectureJa":"長崎県","cityJa":"東彼杵郡波佐見町","townJa":"宿郷","prefectureEn":"NAGASAKI KEN","cityEn":"HIGASHISONOGI GUN HASAMI CHO","townEn":"SHUKUGO"},"8593716":{"prefectureJa":"長崎県","cityJa":"東彼杵郡波佐見町","townJa":"田ノ頭郷","prefectureEn":"NAGASAKI KEN","cityEn":"HIGASHISONOGI GUN HASAMI CHO","townEn":"TANOKASHIRAGO"},"8593721":{"prefectureJa":"長崎県","cityJa":"東彼杵郡波佐見町","townJa":"川内郷","prefectureEn":"NAGASAKI KEN","cityEn":"HIGASHISONOGI GUN HASAMI CHO","townEn":"KAWACHIGO"},"8593722":{"prefectureJa":"長崎県","cityJa":"東彼杵郡波佐見町","townJa":"岳辺田郷","prefectureEn":"NAGASAKI KEN","cityEn":"HIGASHISONOGI GUN HASAMI CHO","townEn":"TAKEBETAGO"},"8593723":{"prefectureJa":"長崎県","cityJa":"東彼杵郡波佐見町","townJa":"平野郷","prefectureEn":"NAGASAKI KEN","cityEn":"HIGASHISONOGI GUN HASAMI CHO","townEn":"HIRANOGO"},"8593724":{"prefectureJa":"長崎県","cityJa":"東彼杵郡波佐見町","townJa":"志折郷","prefectureEn":"NAGASAKI KEN","cityEn":"HIGASHISONOGI GUN HASAMI CHO","townEn":"SHIORIGO"},"8593725":{"prefectureJa":"長崎県","cityJa":"東彼杵郡波佐見町","townJa":"長野郷","prefectureEn":"NAGASAKI KEN","cityEn":"HIGASHISONOGI GUN HASAMI CHO","townEn":"NAGANOGO"},"8593726":{"prefectureJa":"長崎県","cityJa":"東彼杵郡波佐見町","townJa":"稗木場郷","prefectureEn":"NAGASAKI KEN","cityEn":"HIGASHISONOGI GUN HASAMI CHO","townEn":"HIEKOBAGO"},"8593727":{"prefectureJa":"長崎県","cityJa":"東彼杵郡波佐見町","townJa":"皿山郷","prefectureEn":"NAGASAKI KEN","cityEn":"HIGASHISONOGI GUN HASAMI CHO","townEn":"SARAYAMAGO"},"8593728":{"prefectureJa":"長崎県","cityJa":"東彼杵郡波佐見町","townJa":"村木郷","prefectureEn":"NAGASAKI KEN","cityEn":"HIGASHISONOGI GUN HASAMI CHO","townEn":"MURAGIGO"},"8593800":{"prefectureJa":"長崎県","cityJa":"東彼杵郡東彼杵町","townJa":"以下に掲載がない場合","prefectureEn":"NAGASAKI KEN","cityEn":"HIGASHISONOGI GUN HIGASHISONOGI CHO","townEn":"IKANIKEISAIGANAIBAAI"},"8593801":{"prefectureJa":"長崎県","cityJa":"東彼杵郡東彼杵町","townJa":"中尾郷","prefectureEn":"NAGASAKI KEN","cityEn":"HIGASHISONOGI GUN HIGASHISONOGI CHO","townEn":"NAKAOGO"},"8593802":{"prefectureJa":"長崎県","cityJa":"東彼杵郡東彼杵町","townJa":"坂本郷","prefectureEn":"NAGASAKI KEN","cityEn":"HIGASHISONOGI GUN HIGASHISONOGI CHO","townEn":"SAKAMOTOGO"},"8593803":{"prefectureJa":"長崎県","cityJa":"東彼杵郡東彼杵町","townJa":"菅無田郷","prefectureEn":"NAGASAKI KEN","cityEn":"HIGASHISONOGI GUN HIGASHISONOGI CHO","townEn":"SUGAMUTAGO"},"8593804":{"prefectureJa":"長崎県","cityJa":"東彼杵郡東彼杵町","townJa":"法音寺郷","prefectureEn":"NAGASAKI KEN","cityEn":"HIGASHISONOGI GUN HIGASHISONOGI CHO","townEn":"HOONJIGO"},"8593805":{"prefectureJa":"長崎県","cityJa":"東彼杵郡東彼杵町","townJa":"川内郷","prefectureEn":"NAGASAKI KEN","cityEn":"HIGASHISONOGI GUN HIGASHISONOGI CHO","townEn":"KAWACHIGO"},"8593806":{"prefectureJa":"長崎県","cityJa":"東彼杵郡東彼杵町","townJa":"三根郷","prefectureEn":"NAGASAKI KEN","cityEn":"HIGASHISONOGI GUN HIGASHISONOGI CHO","townEn":"MINEGO"},"8593807":{"prefectureJa":"長崎県","cityJa":"東彼杵郡東彼杵町","townJa":"彼杵宿郷","prefectureEn":"NAGASAKI KEN","cityEn":"HIGASHISONOGI GUN HIGASHISONOGI CHO","townEn":"SONOGISHUKUGO"},"8593808":{"prefectureJa":"長崎県","cityJa":"東彼杵郡東彼杵町","townJa":"蔵本郷","prefectureEn":"NAGASAKI KEN","cityEn":"HIGASHISONOGI GUN HIGASHISONOGI CHO","townEn":"KURAMOTOGO"},"8593809":{"prefectureJa":"長崎県","cityJa":"東彼杵郡東彼杵町","townJa":"口木田郷","prefectureEn":"NAGASAKI KEN","cityEn":"HIGASHISONOGI GUN HIGASHISONOGI CHO","townEn":"KUCHIKIDAGO"},"8593811":{"prefectureJa":"長崎県","cityJa":"東彼杵郡東彼杵町","townJa":"大音琴郷","prefectureEn":"NAGASAKI KEN","cityEn":"HIGASHISONOGI GUN HIGASHISONOGI CHO","townEn":"ONEGOTOGO"},"8593812":{"prefectureJa":"長崎県","cityJa":"東彼杵郡東彼杵町","townJa":"小音琴郷","prefectureEn":"NAGASAKI KEN","cityEn":"HIGASHISONOGI GUN HIGASHISONOGI CHO","townEn":"KONEGOTOGO"},"8593921":{"prefectureJa":"長崎県","cityJa":"東彼杵郡東彼杵町","townJa":"千綿宿郷","prefectureEn":"NAGASAKI KEN","cityEn":"HIGASHISONOGI GUN HIGASHISONOGI CHO","townEn":"CHIWATASHUKUGO"},"8593922":{"prefectureJa":"長崎県","cityJa":"東彼杵郡東彼杵町","townJa":"八反田郷","prefectureEn":"NAGASAKI KEN","cityEn":"HIGASHISONOGI GUN HIGASHISONOGI CHO","townEn":"HACHITANDAGO"},"8593923":{"prefectureJa":"長崎県","cityJa":"東彼杵郡東彼杵町","townJa":"瀬戸郷","prefectureEn":"NAGASAKI KEN","cityEn":"HIGASHISONOGI GUN HIGASHISONOGI CHO","townEn":"SETOGO"},"8593924":{"prefectureJa":"長崎県","cityJa":"東彼杵郡東彼杵町","townJa":"太ノ浦郷","prefectureEn":"NAGASAKI KEN","cityEn":"HIGASHISONOGI GUN HIGASHISONOGI CHO","townEn":"TANORAGO"},"8593925":{"prefectureJa":"長崎県","cityJa":"東彼杵郡東彼杵町","townJa":"中岳郷","prefectureEn":"NAGASAKI KEN","cityEn":"HIGASHISONOGI GUN HIGASHISONOGI CHO","townEn":"NAKATAKEGO"},"8593926":{"prefectureJa":"長崎県","cityJa":"東彼杵郡東彼杵町","townJa":"蕪郷","prefectureEn":"NAGASAKI KEN","cityEn":"HIGASHISONOGI GUN HIGASHISONOGI CHO","townEn":"KABURAGO"},"8593927":{"prefectureJa":"長崎県","cityJa":"東彼杵郡東彼杵町","townJa":"駄地郷","prefectureEn":"NAGASAKI KEN","cityEn":"HIGASHISONOGI GUN HIGASHISONOGI CHO","townEn":"DAJIGO"},"8593928":{"prefectureJa":"長崎県","cityJa":"東彼杵郡東彼杵町","townJa":"平似田郷","prefectureEn":"NAGASAKI KEN","cityEn":"HIGASHISONOGI GUN HIGASHISONOGI CHO","townEn":"HIRANITAGO"},"8593929":{"prefectureJa":"長崎県","cityJa":"東彼杵郡東彼杵町","townJa":"里郷","prefectureEn":"NAGASAKI KEN","cityEn":"HIGASHISONOGI GUN HIGASHISONOGI CHO","townEn":"SATOGO"},"8593931":{"prefectureJa":"長崎県","cityJa":"東彼杵郡東彼杵町","townJa":"木場郷","prefectureEn":"NAGASAKI KEN","cityEn":"HIGASHISONOGI GUN HIGASHISONOGI CHO","townEn":"KOBAGO"},"8593932":{"prefectureJa":"長崎県","cityJa":"東彼杵郡東彼杵町","townJa":"遠目郷","prefectureEn":"NAGASAKI KEN","cityEn":"HIGASHISONOGI GUN HIGASHISONOGI CHO","townEn":"TOMEGO"},"8593933":{"prefectureJa":"長崎県","cityJa":"東彼杵郡東彼杵町","townJa":"一ッ石郷","prefectureEn":"NAGASAKI KEN","cityEn":"HIGASHISONOGI GUN HIGASHISONOGI CHO","townEn":"HITOTSUISHIGO"},"8594301":{"prefectureJa":"長崎県","cityJa":"松浦市","townJa":"鷹島町阿翁浦免","prefectureEn":"NAGASAKI KEN","cityEn":"MATSURA SHI","townEn":"TAKASHIMACHO AOURAMEN"},"8594302":{"prefectureJa":"長崎県","cityJa":"松浦市","townJa":"鷹島町阿翁免","prefectureEn":"NAGASAKI KEN","cityEn":"MATSURA SHI","townEn":"TAKASHIMACHO AOMEN"},"8594303":{"prefectureJa":"長崎県","cityJa":"松浦市","townJa":"鷹島町神崎免","prefectureEn":"NAGASAKI KEN","cityEn":"MATSURA SHI","townEn":"TAKASHIMACHO KOZAKIMEN"},"8594304":{"prefectureJa":"長崎県","cityJa":"松浦市","townJa":"鷹島町里免","prefectureEn":"NAGASAKI KEN","cityEn":"MATSURA SHI","townEn":"TAKASHIMACHO SATOMEN"},"8594305":{"prefectureJa":"長崎県","cityJa":"松浦市","townJa":"鷹島町中通免","prefectureEn":"NAGASAKI KEN","cityEn":"MATSURA SHI","townEn":"TAKASHIMACHO NAKADORIMEN"},"8594306":{"prefectureJa":"長崎県","cityJa":"松浦市","townJa":"鷹島町原免","prefectureEn":"NAGASAKI KEN","cityEn":"MATSURA SHI","townEn":"TAKASHIMACHO HARUMEN"},"8594307":{"prefectureJa":"長崎県","cityJa":"松浦市","townJa":"鷹島町三里免","prefectureEn":"NAGASAKI KEN","cityEn":"MATSURA SHI","townEn":"TAKASHIMACHO SANRIMEN"},"8594308":{"prefectureJa":"長崎県","cityJa":"松浦市","townJa":"鷹島町船唐津免","prefectureEn":"NAGASAKI KEN","cityEn":"MATSURA SHI","townEn":"TAKASHIMACHO FUNATOZUMEN"},"8594309":{"prefectureJa":"長崎県","cityJa":"松浦市","townJa":"鷹島町黒島免","prefectureEn":"NAGASAKI KEN","cityEn":"MATSURA SHI","townEn":"TAKASHIMACHO KUROSHIMAMEN"},"8594500":{"prefectureJa":"長崎県","cityJa":"松浦市","townJa":"以下に掲載がない場合","prefectureEn":"NAGASAKI KEN","cityEn":"MATSURA SHI","townEn":"IKANIKEISAIGANAIBAAI"},"8594501":{"prefectureJa":"長崎県","cityJa":"松浦市","townJa":"志佐町浦免","prefectureEn":"NAGASAKI KEN","cityEn":"MATSURA SHI","townEn":"SHISACHOURAMEN"},"8594502":{"prefectureJa":"長崎県","cityJa":"松浦市","townJa":"志佐町里免","prefectureEn":"NAGASAKI KEN","cityEn":"MATSURA SHI","townEn":"SHISACHOSATOMEN"},"8594503":{"prefectureJa":"長崎県","cityJa":"松浦市","townJa":"志佐町高野免","prefectureEn":"NAGASAKI KEN","cityEn":"MATSURA SHI","townEn":"SHISACHOTAKANOMEN"},"8594504":{"prefectureJa":"長崎県","cityJa":"松浦市","townJa":"志佐町栢木免","prefectureEn":"NAGASAKI KEN","cityEn":"MATSURA SHI","townEn":"SHISACHOKAYANOKIMEN"},"8594505":{"prefectureJa":"長崎県","cityJa":"松浦市","townJa":"志佐町西山免","prefectureEn":"NAGASAKI KEN","cityEn":"MATSURA SHI","townEn":"SHISACHONISHIYAMAMEN"},"8594506":{"prefectureJa":"長崎県","cityJa":"松浦市","townJa":"志佐町白浜免","prefectureEn":"NAGASAKI KEN","cityEn":"MATSURA SHI","townEn":"SHISACHOSHIRAHAMAMEN"},"8594507":{"prefectureJa":"長崎県","cityJa":"松浦市","townJa":"志佐町庄野免","prefectureEn":"NAGASAKI KEN","cityEn":"MATSURA SHI","townEn":"SHISACHOSHONOMEN"},"8594511":{"prefectureJa":"長崎県","cityJa":"松浦市","townJa":"志佐町赤木免","prefectureEn":"NAGASAKI KEN","cityEn":"MATSURA SHI","townEn":"SHISACHOAKAGIMEN"},"8594512":{"prefectureJa":"長崎県","cityJa":"松浦市","townJa":"志佐町笛吹免","prefectureEn":"NAGASAKI KEN","cityEn":"MATSURA SHI","townEn":"SHISACHOFUEFUKIMEN"},"8594513":{"prefectureJa":"長崎県","cityJa":"松浦市","townJa":"志佐町田ノ平免","prefectureEn":"NAGASAKI KEN","cityEn":"MATSURA SHI","townEn":"SHISACHOTANOHIRAMEN"},"8594514":{"prefectureJa":"長崎県","cityJa":"松浦市","townJa":"志佐町柚木川内免","prefectureEn":"NAGASAKI KEN","cityEn":"MATSURA SHI","townEn":"SHISACHOYUNOKIGAWACHIMEN"},"8594515":{"prefectureJa":"長崎県","cityJa":"松浦市","townJa":"志佐町稗木場免","prefectureEn":"NAGASAKI KEN","cityEn":"MATSURA SHI","townEn":"SHISACHOHIEKOBAMEN"},"8594516":{"prefectureJa":"長崎県","cityJa":"松浦市","townJa":"志佐町長野免","prefectureEn":"NAGASAKI KEN","cityEn":"MATSURA SHI","townEn":"SHISACHONAGANOMEN"},"8594517":{"prefectureJa":"長崎県","cityJa":"松浦市","townJa":"志佐町横辺田免","prefectureEn":"NAGASAKI KEN","cityEn":"MATSURA SHI","townEn":"SHISACHOYOKOBETAMEN"},"8594518":{"prefectureJa":"長崎県","cityJa":"松浦市","townJa":"志佐町池成免","prefectureEn":"NAGASAKI KEN","cityEn":"MATSURA SHI","townEn":"SHISACHOIKENARIMEN"},"8594521":{"prefectureJa":"長崎県","cityJa":"松浦市","townJa":"今福町北免","prefectureEn":"NAGASAKI KEN","cityEn":"MATSURA SHI","townEn":"IMAFUKUCHOKITAMEN"},"8594522":{"prefectureJa":"長崎県","cityJa":"松浦市","townJa":"今福町東免","prefectureEn":"NAGASAKI KEN","cityEn":"MATSURA SHI","townEn":"IMAFUKUCHOHIGASHIMEN"},"8594523":{"prefectureJa":"長崎県","cityJa":"松浦市","townJa":"今福町滑栄免","prefectureEn":"NAGASAKI KEN","cityEn":"MATSURA SHI","townEn":"IMAFUKUCHONABERUBAEMEN"},"8594524":{"prefectureJa":"長崎県","cityJa":"松浦市","townJa":"今福町木場免","prefectureEn":"NAGASAKI KEN","cityEn":"MATSURA SHI","townEn":"IMAFUKUCHOKOBAMEN"},"8594525":{"prefectureJa":"長崎県","cityJa":"松浦市","townJa":"今福町寺上免","prefectureEn":"NAGASAKI KEN","cityEn":"MATSURA SHI","townEn":"IMAFUKUCHOTERAGEMEN"},"8594526":{"prefectureJa":"長崎県","cityJa":"松浦市","townJa":"今福町坂野免","prefectureEn":"NAGASAKI KEN","cityEn":"MATSURA SHI","townEn":"IMAFUKUCHOSAKANOMEN"},"8594527":{"prefectureJa":"長崎県","cityJa":"松浦市","townJa":"今福町仏坂免","prefectureEn":"NAGASAKI KEN","cityEn":"MATSURA SHI","townEn":"IMAFUKUCHOHOTOKEZAKAMEN"},"8594528":{"prefectureJa":"長崎県","cityJa":"松浦市","townJa":"今福町浦免","prefectureEn":"NAGASAKI KEN","cityEn":"MATSURA SHI","townEn":"IMAFUKUCHOURAMEN"},"8594529":{"prefectureJa":"長崎県","cityJa":"松浦市","townJa":"今福町飛島免","prefectureEn":"NAGASAKI KEN","cityEn":"MATSURA SHI","townEn":"IMAFUKUCHOTOBISHIMAMEN"},"8594531":{"prefectureJa":"長崎県","cityJa":"松浦市","townJa":"調川町平尾免","prefectureEn":"NAGASAKI KEN","cityEn":"MATSURA SHI","townEn":"TSUKINOKAWACHOHIRAOMEN"},"8594532":{"prefectureJa":"長崎県","cityJa":"松浦市","townJa":"調川町中免","prefectureEn":"NAGASAKI KEN","cityEn":"MATSURA SHI","townEn":"TSUKINOKAWACHONAKAMEN"},"8594533":{"prefectureJa":"長崎県","cityJa":"松浦市","townJa":"調川町上免","prefectureEn":"NAGASAKI KEN","cityEn":"MATSURA SHI","townEn":"TSUKINOKAWACHOKAMIMEN"},"8594534":{"prefectureJa":"長崎県","cityJa":"松浦市","townJa":"調川町白井免","prefectureEn":"NAGASAKI KEN","cityEn":"MATSURA SHI","townEn":"TSUKINOKAWACHOSHIRAIMEN"},"8594535":{"prefectureJa":"長崎県","cityJa":"松浦市","townJa":"調川町松山田免","prefectureEn":"NAGASAKI KEN","cityEn":"MATSURA SHI","townEn":"TSUKINOKAWACHOMATSUYAMADAMEN"},"8594536":{"prefectureJa":"長崎県","cityJa":"松浦市","townJa":"調川町下免","prefectureEn":"NAGASAKI KEN","cityEn":"MATSURA SHI","townEn":"TSUKINOKAWACHOSHIMOMEN"},"8594741":{"prefectureJa":"長崎県","cityJa":"松浦市","townJa":"星鹿町北久保免","prefectureEn":"NAGASAKI KEN","cityEn":"MATSURA SHI","townEn":"HOSHIKACHOKITAKUBOMEN"},"8594742":{"prefectureJa":"長崎県","cityJa":"松浦市","townJa":"星鹿町牟田免","prefectureEn":"NAGASAKI KEN","cityEn":"MATSURA SHI","townEn":"HOSHIKACHOMUTAMEN"},"8594743":{"prefectureJa":"長崎県","cityJa":"松浦市","townJa":"星鹿町下田免","prefectureEn":"NAGASAKI KEN","cityEn":"MATSURA SHI","townEn":"HOSHIKACHOSHIMODAMEN"},"8594744":{"prefectureJa":"長崎県","cityJa":"松浦市","townJa":"星鹿町岳崎免","prefectureEn":"NAGASAKI KEN","cityEn":"MATSURA SHI","townEn":"HOSHIKACHOTAKEZAKIMEN"},"8594745":{"prefectureJa":"長崎県","cityJa":"松浦市","townJa":"星鹿町青島免","prefectureEn":"NAGASAKI KEN","cityEn":"MATSURA SHI","townEn":"HOSHIKACHOAOSHIMAMEN"},"8594751":{"prefectureJa":"長崎県","cityJa":"松浦市","townJa":"御厨町池田免","prefectureEn":"NAGASAKI KEN","cityEn":"MATSURA SHI","townEn":"MIKURIYACHOIKEDAMEN"},"8594752":{"prefectureJa":"長崎県","cityJa":"松浦市","townJa":"御厨町里免","prefectureEn":"NAGASAKI KEN","cityEn":"MATSURA SHI","townEn":"MIKURIYACHOSATOMEN"},"8594753":{"prefectureJa":"長崎県","cityJa":"松浦市","townJa":"御厨町中野免","prefectureEn":"NAGASAKI KEN","cityEn":"MATSURA SHI","townEn":"MIKURIYACHONAKANOMEN"},"8594754":{"prefectureJa":"長崎県","cityJa":"松浦市","townJa":"御厨町北平免","prefectureEn":"NAGASAKI KEN","cityEn":"MATSURA SHI","townEn":"MIKURIYACHOKITABIRAMEN"},"8594755":{"prefectureJa":"長崎県","cityJa":"松浦市","townJa":"御厨町横久保免","prefectureEn":"NAGASAKI KEN","cityEn":"MATSURA SHI","townEn":"MIKURIYACHOYOKOKUBOMEN"},"8594756":{"prefectureJa":"長崎県","cityJa":"松浦市","townJa":"御厨町前田免","prefectureEn":"NAGASAKI KEN","cityEn":"MATSURA SHI","townEn":"MIKURIYACHOMAEDAMEN"},"8594757":{"prefectureJa":"長崎県","cityJa":"松浦市","townJa":"御厨町高野免","prefectureEn":"NAGASAKI KEN","cityEn":"MATSURA SHI","townEn":"MIKURIYACHOTAKANOMEN"},"8594758":{"prefectureJa":"長崎県","cityJa":"松浦市","townJa":"御厨町大崎免","prefectureEn":"NAGASAKI KEN","cityEn":"MATSURA SHI","townEn":"MIKURIYACHOOSAKIMEN"},"8594761":{"prefectureJa":"長崎県","cityJa":"松浦市","townJa":"御厨町相坂免","prefectureEn":"NAGASAKI KEN","cityEn":"MATSURA SHI","townEn":"MIKURIYACHOTABARUMEN"},"8594762":{"prefectureJa":"長崎県","cityJa":"松浦市","townJa":"御厨町小船免","prefectureEn":"NAGASAKI KEN","cityEn":"MATSURA SHI","townEn":"MIKURIYACHOKOBUNEMEN"},"8594763":{"prefectureJa":"長崎県","cityJa":"松浦市","townJa":"御厨町山根免","prefectureEn":"NAGASAKI KEN","cityEn":"MATSURA SHI","townEn":"MIKURIYACHOYAMANEMEN"},"8594764":{"prefectureJa":"長崎県","cityJa":"松浦市","townJa":"御厨町狩原免","prefectureEn":"NAGASAKI KEN","cityEn":"MATSURA SHI","townEn":"MIKURIYACHOKARIHARAMEN"},"8594765":{"prefectureJa":"長崎県","cityJa":"松浦市","townJa":"御厨町米ノ山免","prefectureEn":"NAGASAKI KEN","cityEn":"MATSURA SHI","townEn":"MIKURIYACHOKOMENOYAMAMEN"},"8594766":{"prefectureJa":"長崎県","cityJa":"松浦市","townJa":"御厨町普住免","prefectureEn":"NAGASAKI KEN","cityEn":"MATSURA SHI","townEn":"MIKURIYACHOFUJUMEN"},"8594767":{"prefectureJa":"長崎県","cityJa":"松浦市","townJa":"御厨町川内免","prefectureEn":"NAGASAKI KEN","cityEn":"MATSURA SHI","townEn":"MIKURIYACHOKAWACHIMEN"},"8594768":{"prefectureJa":"長崎県","cityJa":"松浦市","townJa":"御厨町西田免","prefectureEn":"NAGASAKI KEN","cityEn":"MATSURA SHI","townEn":"MIKURIYACHONISHIDAMEN"},"8594769":{"prefectureJa":"長崎県","cityJa":"松浦市","townJa":"御厨町西木場免","prefectureEn":"NAGASAKI KEN","cityEn":"MATSURA SHI","townEn":"MIKURIYACHONISHIKOBAMEN"},"8594771":{"prefectureJa":"長崎県","cityJa":"松浦市","townJa":"御厨町下登木免","prefectureEn":"NAGASAKI KEN","cityEn":"MATSURA SHI","townEn":"MIKURIYACHOSHIMONOBORIKIMEN"},"8594772":{"prefectureJa":"長崎県","cityJa":"松浦市","townJa":"御厨町寺ノ尾免","prefectureEn":"NAGASAKI KEN","cityEn":"MATSURA SHI","townEn":"MIKURIYACHOTERANOMEN"},"8594773":{"prefectureJa":"長崎県","cityJa":"松浦市","townJa":"御厨町上登木免","prefectureEn":"NAGASAKI KEN","cityEn":"MATSURA SHI","townEn":"MIKURIYACHOKAMINOBORIKIMEN"},"8594774":{"prefectureJa":"長崎県","cityJa":"松浦市","townJa":"御厨町立木免","prefectureEn":"NAGASAKI KEN","cityEn":"MATSURA SHI","townEn":"MIKURIYACHOTACHIKIMEN"},"8594775":{"prefectureJa":"長崎県","cityJa":"松浦市","townJa":"御厨町郭公尾免","prefectureEn":"NAGASAKI KEN","cityEn":"MATSURA SHI","townEn":"MIKURIYACHOKOKKONOMEN"},"8594776":{"prefectureJa":"長崎県","cityJa":"松浦市","townJa":"御厨町木場免","prefectureEn":"NAGASAKI KEN","cityEn":"MATSURA SHI","townEn":"MIKURIYACHOKOBAMEN"},"8594777":{"prefectureJa":"長崎県","cityJa":"松浦市","townJa":"御厨町板橋免","prefectureEn":"NAGASAKI KEN","cityEn":"MATSURA SHI","townEn":"MIKURIYACHOITABASHIMEN"},"8594778":{"prefectureJa":"長崎県","cityJa":"松浦市","townJa":"御厨町田代免","prefectureEn":"NAGASAKI KEN","cityEn":"MATSURA SHI","townEn":"MIKURIYACHOTASHIROMEN"},"8594801":{"prefectureJa":"長崎県","cityJa":"平戸市","townJa":"田平町岳崎免","prefectureEn":"NAGASAKI KEN","cityEn":"HIRADO SHI","townEn":"TABIRACHO TAKEZAKIMEN"},"8594802":{"prefectureJa":"長崎県","cityJa":"平戸市","townJa":"田平町福崎免","prefectureEn":"NAGASAKI KEN","cityEn":"HIRADO SHI","townEn":"TABIRACHO FUKUZAKIMEN"},"8594803":{"prefectureJa":"長崎県","cityJa":"平戸市","townJa":"田平町小崎免","prefectureEn":"NAGASAKI KEN","cityEn":"HIRADO SHI","townEn":"TABIRACHO KOZAKIMEN"},"8594804":{"prefectureJa":"長崎県","cityJa":"平戸市","townJa":"田平町上亀免","prefectureEn":"NAGASAKI KEN","cityEn":"HIRADO SHI","townEn":"TABIRACHO KAMIGAMEMEN"},"8594805":{"prefectureJa":"長崎県","cityJa":"平戸市","townJa":"田平町本山免","prefectureEn":"NAGASAKI KEN","cityEn":"HIRADO SHI","townEn":"TABIRACHO MOTOYAMAMEN"},"8594806":{"prefectureJa":"長崎県","cityJa":"平戸市","townJa":"田平町下亀免","prefectureEn":"NAGASAKI KEN","cityEn":"HIRADO SHI","townEn":"TABIRACHO SHIMOGAMEMEN"},"8594807":{"prefectureJa":"長崎県","cityJa":"平戸市","townJa":"田平町里免","prefectureEn":"NAGASAKI KEN","cityEn":"HIRADO SHI","townEn":"TABIRACHO SATOMEN"},"8594811":{"prefectureJa":"長崎県","cityJa":"平戸市","townJa":"田平町古梶免","prefectureEn":"NAGASAKI KEN","cityEn":"HIRADO SHI","townEn":"TABIRACHO FURUKAJIMEN"},"8594812":{"prefectureJa":"長崎県","cityJa":"平戸市","townJa":"田平町田代免","prefectureEn":"NAGASAKI KEN","cityEn":"HIRADO SHI","townEn":"TABIRACHO TASHIROMEN"},"8594813":{"prefectureJa":"長崎県","cityJa":"平戸市","townJa":"田平町深月免","prefectureEn":"NAGASAKI KEN","cityEn":"HIRADO SHI","townEn":"TABIRACHO FUKATSUKIMEN"},"8594814":{"prefectureJa":"長崎県","cityJa":"平戸市","townJa":"田平町以善免","prefectureEn":"NAGASAKI KEN","cityEn":"HIRADO SHI","townEn":"TABIRACHO IYOSHIMEN"},"8594815":{"prefectureJa":"長崎県","cityJa":"平戸市","townJa":"田平町下寺免","prefectureEn":"NAGASAKI KEN","cityEn":"HIRADO SHI","townEn":"TABIRACHO SHIMODERAMEN"},"8594821":{"prefectureJa":"長崎県","cityJa":"平戸市","townJa":"田平町大久保免","prefectureEn":"NAGASAKI KEN","cityEn":"HIRADO SHI","townEn":"TABIRACHO OKUBOMEN"},"8594822":{"prefectureJa":"長崎県","cityJa":"平戸市","townJa":"田平町一関免","prefectureEn":"NAGASAKI KEN","cityEn":"HIRADO SHI","townEn":"TABIRACHO ISSEKIMEN"},"8594823":{"prefectureJa":"長崎県","cityJa":"平戸市","townJa":"田平町荻田免","prefectureEn":"NAGASAKI KEN","cityEn":"HIRADO SHI","townEn":"TABIRACHO OGITAMEN"},"8594824":{"prefectureJa":"長崎県","cityJa":"平戸市","townJa":"田平町小手田免","prefectureEn":"NAGASAKI KEN","cityEn":"HIRADO SHI","townEn":"TABIRACHO KOTEDAMEN"},"8594825":{"prefectureJa":"長崎県","cityJa":"平戸市","townJa":"田平町山内免","prefectureEn":"NAGASAKI KEN","cityEn":"HIRADO SHI","townEn":"TABIRACHO YAMAUCHIMEN"},"8594826":{"prefectureJa":"長崎県","cityJa":"平戸市","townJa":"田平町野田免","prefectureEn":"NAGASAKI KEN","cityEn":"HIRADO SHI","townEn":"TABIRACHO NODAMEN"},"8594827":{"prefectureJa":"長崎県","cityJa":"平戸市","townJa":"田平町横島免","prefectureEn":"NAGASAKI KEN","cityEn":"HIRADO SHI","townEn":"TABIRACHO YOKOSHIMAMEN"},"8595100":{"prefectureJa":"長崎県","cityJa":"平戸市","townJa":"以下に掲載がない場合","prefectureEn":"NAGASAKI KEN","cityEn":"HIRADO SHI","townEn":"IKANIKEISAIGANAIBAAI"},"8595101":{"prefectureJa":"長崎県","cityJa":"平戸市","townJa":"度島町","prefectureEn":"NAGASAKI KEN","cityEn":"HIRADO SHI","townEn":"TAKUSHIMACHO"},"8595102":{"prefectureJa":"長崎県","cityJa":"平戸市","townJa":"大久保町","prefectureEn":"NAGASAKI KEN","cityEn":"HIRADO SHI","townEn":"OKUBOCHO"},"8595103":{"prefectureJa":"長崎県","cityJa":"平戸市","townJa":"田助町","prefectureEn":"NAGASAKI KEN","cityEn":"HIRADO SHI","townEn":"TASUKECHO"},"8595104":{"prefectureJa":"長崎県","cityJa":"平戸市","townJa":"崎方町","prefectureEn":"NAGASAKI KEN","cityEn":"HIRADO SHI","townEn":"SAKIGATACHO"},"8595111":{"prefectureJa":"長崎県","cityJa":"平戸市","townJa":"浦の町","prefectureEn":"NAGASAKI KEN","cityEn":"HIRADO SHI","townEn":"URANOCHO"},"8595112":{"prefectureJa":"長崎県","cityJa":"平戸市","townJa":"宮の町","prefectureEn":"NAGASAKI KEN","cityEn":"HIRADO SHI","townEn":"MIYANOCHO"},"8595113":{"prefectureJa":"長崎県","cityJa":"平戸市","townJa":"木引田町","prefectureEn":"NAGASAKI KEN","cityEn":"HIRADO SHI","townEn":"KIHIKIDACHO"},"8595114":{"prefectureJa":"長崎県","cityJa":"平戸市","townJa":"築地町","prefectureEn":"NAGASAKI KEN","cityEn":"HIRADO SHI","townEn":"TSUKIJICHO"},"8595115":{"prefectureJa":"長崎県","cityJa":"平戸市","townJa":"新町","prefectureEn":"NAGASAKI KEN","cityEn":"HIRADO SHI","townEn":"SHIMMACHI"},"8595116":{"prefectureJa":"長崎県","cityJa":"平戸市","townJa":"職人町","prefectureEn":"NAGASAKI KEN","cityEn":"HIRADO SHI","townEn":"SHOKUNINCHO"},"8595117":{"prefectureJa":"長崎県","cityJa":"平戸市","townJa":"魚の棚町","prefectureEn":"NAGASAKI KEN","cityEn":"HIRADO SHI","townEn":"UONOTANACHO"},"8595118":{"prefectureJa":"長崎県","cityJa":"平戸市","townJa":"紺屋町","prefectureEn":"NAGASAKI KEN","cityEn":"HIRADO SHI","townEn":"KOYAMACHI"},"8595121":{"prefectureJa":"長崎県","cityJa":"平戸市","townJa":"岩の上町","prefectureEn":"NAGASAKI KEN","cityEn":"HIRADO SHI","townEn":"IWANOECHO"},"8595122":{"prefectureJa":"長崎県","cityJa":"平戸市","townJa":"明の川内町","prefectureEn":"NAGASAKI KEN","cityEn":"HIRADO SHI","townEn":"AKENOKAWACHICHO"},"8595123":{"prefectureJa":"長崎県","cityJa":"平戸市","townJa":"大野町","prefectureEn":"NAGASAKI KEN","cityEn":"HIRADO SHI","townEn":"ONOCHO"},"8595131":{"prefectureJa":"長崎県","cityJa":"平戸市","townJa":"大山町","prefectureEn":"NAGASAKI KEN","cityEn":"HIRADO SHI","townEn":"OYAMACHO"},"8595132":{"prefectureJa":"長崎県","cityJa":"平戸市","townJa":"川内町","prefectureEn":"NAGASAKI KEN","cityEn":"HIRADO SHI","townEn":"KAWACHICHO"},"8595133":{"prefectureJa":"長崎県","cityJa":"平戸市","townJa":"中野大久保町","prefectureEn":"NAGASAKI KEN","cityEn":"HIRADO SHI","townEn":"NAKANOOKUBOCHO"},"8595134":{"prefectureJa":"長崎県","cityJa":"平戸市","townJa":"水垂町","prefectureEn":"NAGASAKI KEN","cityEn":"HIRADO SHI","townEn":"MIZUTARICHO"},"8595141":{"prefectureJa":"長崎県","cityJa":"平戸市","townJa":"山中町","prefectureEn":"NAGASAKI KEN","cityEn":"HIRADO SHI","townEn":"YAMANAKACHO"},"8595142":{"prefectureJa":"長崎県","cityJa":"平戸市","townJa":"主師町","prefectureEn":"NAGASAKI KEN","cityEn":"HIRADO SHI","townEn":"SHUSHICHO"},"8595143":{"prefectureJa":"長崎県","cityJa":"平戸市","townJa":"坊方町","prefectureEn":"NAGASAKI KEN","cityEn":"HIRADO SHI","townEn":"BOGATACHO"},"8595144":{"prefectureJa":"長崎県","cityJa":"平戸市","townJa":"下中野町","prefectureEn":"NAGASAKI KEN","cityEn":"HIRADO SHI","townEn":"SHIMONAKANOCHO"},"8595145":{"prefectureJa":"長崎県","cityJa":"平戸市","townJa":"古江町","prefectureEn":"NAGASAKI KEN","cityEn":"HIRADO SHI","townEn":"FURUECHO"},"8595151":{"prefectureJa":"長崎県","cityJa":"平戸市","townJa":"木引町","prefectureEn":"NAGASAKI KEN","cityEn":"HIRADO SHI","townEn":"KOHIKICHO"},"8595152":{"prefectureJa":"長崎県","cityJa":"平戸市","townJa":"鏡川町","prefectureEn":"NAGASAKI KEN","cityEn":"HIRADO SHI","townEn":"KAGAMIGAWACHO"},"8595153":{"prefectureJa":"長崎県","cityJa":"平戸市","townJa":"戸石川町","prefectureEn":"NAGASAKI KEN","cityEn":"HIRADO SHI","townEn":"TOISHIGAWACHO"},"8595361":{"prefectureJa":"長崎県","cityJa":"平戸市","townJa":"紐差町","prefectureEn":"NAGASAKI KEN","cityEn":"HIRADO SHI","townEn":"HIMOSASHICHO"},"8595362":{"prefectureJa":"長崎県","cityJa":"平戸市","townJa":"木ケ津町","prefectureEn":"NAGASAKI KEN","cityEn":"HIRADO SHI","townEn":"KIGATSUCHO"},"8595363":{"prefectureJa":"長崎県","cityJa":"平戸市","townJa":"草積町","prefectureEn":"NAGASAKI KEN","cityEn":"HIRADO SHI","townEn":"KUSAZUMICHO"},"8595364":{"prefectureJa":"長崎県","cityJa":"平戸市","townJa":"迎紐差町","prefectureEn":"NAGASAKI KEN","cityEn":"HIRADO SHI","townEn":"MUKAEHIMOSASHICHO"},"8595365":{"prefectureJa":"長崎県","cityJa":"平戸市","townJa":"木場町","prefectureEn":"NAGASAKI KEN","cityEn":"HIRADO SHI","townEn":"KOBACHO"},"8595366":{"prefectureJa":"長崎県","cityJa":"平戸市","townJa":"宝亀町","prefectureEn":"NAGASAKI KEN","cityEn":"HIRADO SHI","townEn":"HOKICHO"},"8595371":{"prefectureJa":"長崎県","cityJa":"平戸市","townJa":"獅子町","prefectureEn":"NAGASAKI KEN","cityEn":"HIRADO SHI","townEn":"SHISHICHO"},"8595372":{"prefectureJa":"長崎県","cityJa":"平戸市","townJa":"高越町","prefectureEn":"NAGASAKI KEN","cityEn":"HIRADO SHI","townEn":"TAKAGOECHO"},"8595373":{"prefectureJa":"長崎県","cityJa":"平戸市","townJa":"春日町","prefectureEn":"NAGASAKI KEN","cityEn":"HIRADO SHI","townEn":"KASUGACHO"},"8595374":{"prefectureJa":"長崎県","cityJa":"平戸市","townJa":"深川町","prefectureEn":"NAGASAKI KEN","cityEn":"HIRADO SHI","townEn":"FUKAGAWACHO"},"8595375":{"prefectureJa":"長崎県","cityJa":"平戸市","townJa":"朶の原町","prefectureEn":"NAGASAKI KEN","cityEn":"HIRADO SHI","townEn":"HEGONOHARACHO"},"8595376":{"prefectureJa":"長崎県","cityJa":"平戸市","townJa":"大石脇町","prefectureEn":"NAGASAKI KEN","cityEn":"HIRADO SHI","townEn":"OISHIWAKICHO"},"8595381":{"prefectureJa":"長崎県","cityJa":"平戸市","townJa":"根獅子町","prefectureEn":"NAGASAKI KEN","cityEn":"HIRADO SHI","townEn":"NESHIKOCHO"},"8595382":{"prefectureJa":"長崎県","cityJa":"平戸市","townJa":"飯良町","prefectureEn":"NAGASAKI KEN","cityEn":"HIRADO SHI","townEn":"IIRACHO"},"8595383":{"prefectureJa":"長崎県","cityJa":"平戸市","townJa":"大川原町","prefectureEn":"NAGASAKI KEN","cityEn":"HIRADO SHI","townEn":"OKAWARACHO"},"8595384":{"prefectureJa":"長崎県","cityJa":"平戸市","townJa":"赤松町","prefectureEn":"NAGASAKI KEN","cityEn":"HIRADO SHI","townEn":"AKAMATSUCHO"},"8595501":{"prefectureJa":"長崎県","cityJa":"平戸市","townJa":"堤町","prefectureEn":"NAGASAKI KEN","cityEn":"HIRADO SHI","townEn":"TSUTSUMICHO"},"8595502":{"prefectureJa":"長崎県","cityJa":"平戸市","townJa":"猪渡谷町","prefectureEn":"NAGASAKI KEN","cityEn":"HIRADO SHI","townEn":"ITOYACHO"},"8595503":{"prefectureJa":"長崎県","cityJa":"平戸市","townJa":"上中津良町","prefectureEn":"NAGASAKI KEN","cityEn":"HIRADO SHI","townEn":"KAMINAKATSURACHO"},"8595504":{"prefectureJa":"長崎県","cityJa":"平戸市","townJa":"下中津良町","prefectureEn":"NAGASAKI KEN","cityEn":"HIRADO SHI","townEn":"SHIMONAKATSURACHO"},"8595505":{"prefectureJa":"長崎県","cityJa":"平戸市","townJa":"敷佐町","prefectureEn":"NAGASAKI KEN","cityEn":"HIRADO SHI","townEn":"SHIKISACHO"},"8595511":{"prefectureJa":"長崎県","cityJa":"平戸市","townJa":"神船町","prefectureEn":"NAGASAKI KEN","cityEn":"HIRADO SHI","townEn":"SHIBUNECHO"},"8595512":{"prefectureJa":"長崎県","cityJa":"平戸市","townJa":"津吉町","prefectureEn":"NAGASAKI KEN","cityEn":"HIRADO SHI","townEn":"TSUYOSHICHO"},"8595513":{"prefectureJa":"長崎県","cityJa":"平戸市","townJa":"辻町","prefectureEn":"NAGASAKI KEN","cityEn":"HIRADO SHI","townEn":"TSUJICHO"},"8595514":{"prefectureJa":"長崎県","cityJa":"平戸市","townJa":"無代寺町","prefectureEn":"NAGASAKI KEN","cityEn":"HIRADO SHI","townEn":"BUDAIJICHO"},"8595515":{"prefectureJa":"長崎県","cityJa":"平戸市","townJa":"鮎川町","prefectureEn":"NAGASAKI KEN","cityEn":"HIRADO SHI","townEn":"AYUKAWACHO"},"8595516":{"prefectureJa":"長崎県","cityJa":"平戸市","townJa":"大佐志町","prefectureEn":"NAGASAKI KEN","cityEn":"HIRADO SHI","townEn":"OSASHICHO"},"8595521":{"prefectureJa":"長崎県","cityJa":"平戸市","townJa":"船木町","prefectureEn":"NAGASAKI KEN","cityEn":"HIRADO SHI","townEn":"FUNAGICHO"},"8595522":{"prefectureJa":"長崎県","cityJa":"平戸市","townJa":"神ノ川町","prefectureEn":"NAGASAKI KEN","cityEn":"HIRADO SHI","townEn":"KONOKAWACHO"},"8595523":{"prefectureJa":"長崎県","cityJa":"平戸市","townJa":"前津吉町","prefectureEn":"NAGASAKI KEN","cityEn":"HIRADO SHI","townEn":"MAETSUYOSHICHO"},"8595524":{"prefectureJa":"長崎県","cityJa":"平戸市","townJa":"神上町","prefectureEn":"NAGASAKI KEN","cityEn":"HIRADO SHI","townEn":"KAMIAGECHO"},"8595525":{"prefectureJa":"長崎県","cityJa":"平戸市","townJa":"東中山町","prefectureEn":"NAGASAKI KEN","cityEn":"HIRADO SHI","townEn":"HIGASHINAKAYAMACHO"},"8595526":{"prefectureJa":"長崎県","cityJa":"平戸市","townJa":"西中山町","prefectureEn":"NAGASAKI KEN","cityEn":"HIRADO SHI","townEn":"NISHINAKAYAMACHO"},"8595527":{"prefectureJa":"長崎県","cityJa":"平戸市","townJa":"田代町","prefectureEn":"NAGASAKI KEN","cityEn":"HIRADO SHI","townEn":"TASHIROCHO"},"8595531":{"prefectureJa":"長崎県","cityJa":"平戸市","townJa":"早福町","prefectureEn":"NAGASAKI KEN","cityEn":"HIRADO SHI","townEn":"HAIFUKUCHO"},"8595532":{"prefectureJa":"長崎県","cityJa":"平戸市","townJa":"大志々伎町","prefectureEn":"NAGASAKI KEN","cityEn":"HIRADO SHI","townEn":"OSHIJIKICHO"},"8595533":{"prefectureJa":"長崎県","cityJa":"平戸市","townJa":"志々伎町","prefectureEn":"NAGASAKI KEN","cityEn":"HIRADO SHI","townEn":"SHIJIKICHO"},"8595534":{"prefectureJa":"長崎県","cityJa":"平戸市","townJa":"小田町","prefectureEn":"NAGASAKI KEN","cityEn":"HIRADO SHI","townEn":"ODACHO"},"8595535":{"prefectureJa":"長崎県","cityJa":"平戸市","townJa":"野子町","prefectureEn":"NAGASAKI KEN","cityEn":"HIRADO SHI","townEn":"NOKOCHO"},"8595701":{"prefectureJa":"長崎県","cityJa":"平戸市","townJa":"生月町壱部","prefectureEn":"NAGASAKI KEN","cityEn":"HIRADO SHI","townEn":"IKITSUKICHO ICHIBU"},"8595702":{"prefectureJa":"長崎県","cityJa":"平戸市","townJa":"生月町壱部浦","prefectureEn":"NAGASAKI KEN","cityEn":"HIRADO SHI","townEn":"IKITSUKICHO ICHIBURA"},"8595703":{"prefectureJa":"長崎県","cityJa":"平戸市","townJa":"生月町里免","prefectureEn":"NAGASAKI KEN","cityEn":"HIRADO SHI","townEn":"IKITSUKICHO SATOMEN"},"8595704":{"prefectureJa":"長崎県","cityJa":"平戸市","townJa":"生月町山田免","prefectureEn":"NAGASAKI KEN","cityEn":"HIRADO SHI","townEn":"IKITSUKICHO YAMADAMEN"},"8595705":{"prefectureJa":"長崎県","cityJa":"平戸市","townJa":"生月町舘浦","prefectureEn":"NAGASAKI KEN","cityEn":"HIRADO SHI","townEn":"IKITSUKICHO TACHIURA"},"8595706":{"prefectureJa":"長崎県","cityJa":"平戸市","townJa":"生月町南免","prefectureEn":"NAGASAKI KEN","cityEn":"HIRADO SHI","townEn":"IKITSUKICHO MINAMIMEN"},"8595707":{"prefectureJa":"長崎県","cityJa":"平戸市","townJa":"生月町御崎","prefectureEn":"NAGASAKI KEN","cityEn":"HIRADO SHI","townEn":"IKITSUKICHO MISAKI"},"8595801":{"prefectureJa":"長崎県","cityJa":"平戸市","townJa":"大島村神浦","prefectureEn":"NAGASAKI KEN","cityEn":"HIRADO SHI","townEn":"OSHIMAMURA KONORA"},"8595802":{"prefectureJa":"長崎県","cityJa":"平戸市","townJa":"大島村前平","prefectureEn":"NAGASAKI KEN","cityEn":"HIRADO SHI","townEn":"OSHIMAMURA MAEBIRA"},"8595803":{"prefectureJa":"長崎県","cityJa":"平戸市","townJa":"大島村西宇戸","prefectureEn":"NAGASAKI KEN","cityEn":"HIRADO SHI","townEn":"OSHIMAMURA NISHIUDO"},"8595804":{"prefectureJa":"長崎県","cityJa":"平戸市","townJa":"大島村大根坂","prefectureEn":"NAGASAKI KEN","cityEn":"HIRADO SHI","townEn":"OSHIMAMURA ONEZAKA"},"8595805":{"prefectureJa":"長崎県","cityJa":"平戸市","townJa":"大島村的山川内","prefectureEn":"NAGASAKI KEN","cityEn":"HIRADO SHI","townEn":"OSHIMAMURA AZUCHIKAWACHI"},"8595806":{"prefectureJa":"長崎県","cityJa":"平戸市","townJa":"大島村的山戸田","prefectureEn":"NAGASAKI KEN","cityEn":"HIRADO SHI","townEn":"OSHIMAMURA AZUCHITODA"},"8596101":{"prefectureJa":"長崎県","cityJa":"佐世保市","townJa":"江迎町長坂","prefectureEn":"NAGASAKI KEN","cityEn":"SASEBO SHI","townEn":"EMUKAECHO NAGASAKA"},"8596102":{"prefectureJa":"長崎県","cityJa":"佐世保市","townJa":"江迎町上川内","prefectureEn":"NAGASAKI KEN","cityEn":"SASEBO SHI","townEn":"EMUKAECHO KAMIGAWACHI"},"8596103":{"prefectureJa":"長崎県","cityJa":"佐世保市","townJa":"江迎町埋立","prefectureEn":"NAGASAKI KEN","cityEn":"SASEBO SHI","townEn":"EMUKAECHO UMETATE"},"8596104":{"prefectureJa":"長崎県","cityJa":"佐世保市","townJa":"江迎町末橘","prefectureEn":"NAGASAKI KEN","cityEn":"SASEBO SHI","townEn":"EMUKAECHO SUETACHIBANA"},"8596105":{"prefectureJa":"長崎県","cityJa":"佐世保市","townJa":"江迎町梶ノ村","prefectureEn":"NAGASAKI KEN","cityEn":"SASEBO SHI","townEn":"EMUKAECHO KAJINOMURA"},"8596106":{"prefectureJa":"長崎県","cityJa":"佐世保市","townJa":"江迎町北田","prefectureEn":"NAGASAKI KEN","cityEn":"SASEBO SHI","townEn":"EMUKAECHO KITADA"},"8596111":{"prefectureJa":"長崎県","cityJa":"佐世保市","townJa":"江迎町飯良坂","prefectureEn":"NAGASAKI KEN","cityEn":"SASEBO SHI","townEn":"EMUKAECHO IIRAZAKA"},"8596112":{"prefectureJa":"長崎県","cityJa":"佐世保市","townJa":"江迎町根引","prefectureEn":"NAGASAKI KEN","cityEn":"SASEBO SHI","townEn":"EMUKAECHO NEBIKI"},"8596113":{"prefectureJa":"長崎県","cityJa":"佐世保市","townJa":"江迎町栗越","prefectureEn":"NAGASAKI KEN","cityEn":"SASEBO SHI","townEn":"EMUKAECHO KURIKOSHI"},"8596114":{"prefectureJa":"長崎県","cityJa":"佐世保市","townJa":"江迎町箙尾","prefectureEn":"NAGASAKI KEN","cityEn":"SASEBO SHI","townEn":"EMUKAECHO EBIRAO"},"8596115":{"prefectureJa":"長崎県","cityJa":"佐世保市","townJa":"江迎町中尾","prefectureEn":"NAGASAKI KEN","cityEn":"SASEBO SHI","townEn":"EMUKAECHO NAKAO"},"8596121":{"prefectureJa":"長崎県","cityJa":"佐世保市","townJa":"江迎町奥川内","prefectureEn":"NAGASAKI KEN","cityEn":"SASEBO SHI","townEn":"EMUKAECHO OKUGAWACHI"},"8596122":{"prefectureJa":"長崎県","cityJa":"佐世保市","townJa":"江迎町七腕","prefectureEn":"NAGASAKI KEN","cityEn":"SASEBO SHI","townEn":"EMUKAECHO NANAKAI"},"8596123":{"prefectureJa":"長崎県","cityJa":"佐世保市","townJa":"江迎町小川内","prefectureEn":"NAGASAKI KEN","cityEn":"SASEBO SHI","townEn":"EMUKAECHO KOGAWACHI"},"8596124":{"prefectureJa":"長崎県","cityJa":"佐世保市","townJa":"江迎町乱橋","prefectureEn":"NAGASAKI KEN","cityEn":"SASEBO SHI","townEn":"EMUKAECHO MIDAREBASHI"},"8596125":{"prefectureJa":"長崎県","cityJa":"佐世保市","townJa":"江迎町三浦","prefectureEn":"NAGASAKI KEN","cityEn":"SASEBO SHI","townEn":"EMUKAECHO MIURA"},"8596126":{"prefectureJa":"長崎県","cityJa":"佐世保市","townJa":"江迎町北平","prefectureEn":"NAGASAKI KEN","cityEn":"SASEBO SHI","townEn":"EMUKAECHO KITAHIRA"},"8596131":{"prefectureJa":"長崎県","cityJa":"佐世保市","townJa":"江迎町赤坂","prefectureEn":"NAGASAKI KEN","cityEn":"SASEBO SHI","townEn":"EMUKAECHO AKASAKA"},"8596132":{"prefectureJa":"長崎県","cityJa":"佐世保市","townJa":"江迎町志戸氏","prefectureEn":"NAGASAKI KEN","cityEn":"SASEBO SHI","townEn":"EMUKAECHO SHITONOJI"},"8596133":{"prefectureJa":"長崎県","cityJa":"佐世保市","townJa":"江迎町猪調","prefectureEn":"NAGASAKI KEN","cityEn":"SASEBO SHI","townEn":"EMUKAECHO INOTSUKI"},"8596134":{"prefectureJa":"長崎県","cityJa":"佐世保市","townJa":"江迎町田ノ元","prefectureEn":"NAGASAKI KEN","cityEn":"SASEBO SHI","townEn":"EMUKAECHO TANOMOTO"},"8596141":{"prefectureJa":"長崎県","cityJa":"佐世保市","townJa":"鹿町町新深江","prefectureEn":"NAGASAKI KEN","cityEn":"SASEBO SHI","townEn":"SHIKAMACHICHO SHINFUKAE"},"8596142":{"prefectureJa":"長崎県","cityJa":"佐世保市","townJa":"鹿町町深江","prefectureEn":"NAGASAKI KEN","cityEn":"SASEBO SHI","townEn":"SHIKAMACHICHO FUKAE"},"8596143":{"prefectureJa":"長崎県","cityJa":"佐世保市","townJa":"鹿町町深江潟","prefectureEn":"NAGASAKI KEN","cityEn":"SASEBO SHI","townEn":"SHIKAMACHICHO FUKAEGATA"},"8596144":{"prefectureJa":"長崎県","cityJa":"佐世保市","townJa":"鹿町町鹿町","prefectureEn":"NAGASAKI KEN","cityEn":"SASEBO SHI","townEn":"SHIKAMACHICHO SHIKAMACHI"},"8596145":{"prefectureJa":"長崎県","cityJa":"佐世保市","townJa":"鹿町町土肥ノ浦","prefectureEn":"NAGASAKI KEN","cityEn":"SASEBO SHI","townEn":"SHIKAMACHICHO DOINORA"},"8596201":{"prefectureJa":"長崎県","cityJa":"佐世保市","townJa":"鹿町町大屋","prefectureEn":"NAGASAKI KEN","cityEn":"SASEBO SHI","townEn":"SHIKAMACHICHO OYA"},"8596202":{"prefectureJa":"長崎県","cityJa":"佐世保市","townJa":"鹿町町上歌ヶ浦","prefectureEn":"NAGASAKI KEN","cityEn":"SASEBO SHI","townEn":"SHIKAMACHICHO KAMIUTAGAURA"},"8596203":{"prefectureJa":"長崎県","cityJa":"佐世保市","townJa":"鹿町町口ノ里","prefectureEn":"NAGASAKI KEN","cityEn":"SASEBO SHI","townEn":"SHIKAMACHICHO KUCHINOSATO"},"8596204":{"prefectureJa":"長崎県","cityJa":"佐世保市","townJa":"鹿町町下歌ヶ浦","prefectureEn":"NAGASAKI KEN","cityEn":"SASEBO SHI","townEn":"SHIKAMACHICHO SHIMOTAGAURA"},"8596205":{"prefectureJa":"長崎県","cityJa":"佐世保市","townJa":"鹿町町中野","prefectureEn":"NAGASAKI KEN","cityEn":"SASEBO SHI","townEn":"SHIKAMACHICHO NAKANO"},"8596206":{"prefectureJa":"長崎県","cityJa":"佐世保市","townJa":"鹿町町長串","prefectureEn":"NAGASAKI KEN","cityEn":"SASEBO SHI","townEn":"SHIKAMACHICHO NAGUSHI"},"8596207":{"prefectureJa":"長崎県","cityJa":"佐世保市","townJa":"鹿町町船ノ村","prefectureEn":"NAGASAKI KEN","cityEn":"SASEBO SHI","townEn":"SHIKAMACHICHO FUNENOMURA"},"8596301":{"prefectureJa":"長崎県","cityJa":"佐世保市","townJa":"吉井町草ノ尾","prefectureEn":"NAGASAKI KEN","cityEn":"SASEBO SHI","townEn":"YOSHIICHO SONO"},"8596302":{"prefectureJa":"長崎県","cityJa":"佐世保市","townJa":"吉井町福井","prefectureEn":"NAGASAKI KEN","cityEn":"SASEBO SHI","townEn":"YOSHIICHO FUKUI"},"8596303":{"prefectureJa":"長崎県","cityJa":"佐世保市","townJa":"吉井町板樋","prefectureEn":"NAGASAKI KEN","cityEn":"SASEBO SHI","townEn":"YOSHIICHO ITABI"},"8596304":{"prefectureJa":"長崎県","cityJa":"佐世保市","townJa":"吉井町梶木場","prefectureEn":"NAGASAKI KEN","cityEn":"SASEBO SHI","townEn":"YOSHIICHO KAJIKOBA"},"8596305":{"prefectureJa":"長崎県","cityJa":"佐世保市","townJa":"吉井町直谷","prefectureEn":"NAGASAKI KEN","cityEn":"SASEBO SHI","townEn":"YOSHIICHO NAOYA"},"8596311":{"prefectureJa":"長崎県","cityJa":"佐世保市","townJa":"吉井町橋川内","prefectureEn":"NAGASAKI KEN","cityEn":"SASEBO SHI","townEn":"YOSHIICHO HASHIKAWACHI"},"8596312":{"prefectureJa":"長崎県","cityJa":"佐世保市","townJa":"吉井町橋口","prefectureEn":"NAGASAKI KEN","cityEn":"SASEBO SHI","townEn":"YOSHIICHO HASHIGUCHI"},"8596313":{"prefectureJa":"長崎県","cityJa":"佐世保市","townJa":"吉井町上吉田","prefectureEn":"NAGASAKI KEN","cityEn":"SASEBO SHI","townEn":"YOSHIICHO KAMIYOSHIDA"},"8596314":{"prefectureJa":"長崎県","cityJa":"佐世保市","townJa":"吉井町田原","prefectureEn":"NAGASAKI KEN","cityEn":"SASEBO SHI","townEn":"YOSHIICHO TABARU"},"8596315":{"prefectureJa":"長崎県","cityJa":"佐世保市","townJa":"吉井町下原","prefectureEn":"NAGASAKI KEN","cityEn":"SASEBO SHI","townEn":"YOSHIICHO SHIMOBARU"},"8596316":{"prefectureJa":"長崎県","cityJa":"佐世保市","townJa":"吉井町乙石尾","prefectureEn":"NAGASAKI KEN","cityEn":"SASEBO SHI","townEn":"YOSHIICHO OTSUISHIO"},"8596317":{"prefectureJa":"長崎県","cityJa":"佐世保市","townJa":"吉井町高峰","prefectureEn":"NAGASAKI KEN","cityEn":"SASEBO SHI","townEn":"YOSHIICHO TAKAMINE"},"8596321":{"prefectureJa":"長崎県","cityJa":"佐世保市","townJa":"吉井町前岳","prefectureEn":"NAGASAKI KEN","cityEn":"SASEBO SHI","townEn":"YOSHIICHO MAEDAKE"},"8596322":{"prefectureJa":"長崎県","cityJa":"佐世保市","townJa":"吉井町踊瀬","prefectureEn":"NAGASAKI KEN","cityEn":"SASEBO SHI","townEn":"YOSHIICHO ODORIZE"},"8596323":{"prefectureJa":"長崎県","cityJa":"佐世保市","townJa":"吉井町春明","prefectureEn":"NAGASAKI KEN","cityEn":"SASEBO SHI","townEn":"YOSHIICHO HARUAKE"},"8596324":{"prefectureJa":"長崎県","cityJa":"佐世保市","townJa":"吉井町吉元","prefectureEn":"NAGASAKI KEN","cityEn":"SASEBO SHI","townEn":"YOSHIICHO YOSHIMOTO"},"8596325":{"prefectureJa":"長崎県","cityJa":"佐世保市","townJa":"吉井町大渡","prefectureEn":"NAGASAKI KEN","cityEn":"SASEBO SHI","townEn":"YOSHIICHO OWATARI"},"8596326":{"prefectureJa":"長崎県","cityJa":"佐世保市","townJa":"吉井町立石","prefectureEn":"NAGASAKI KEN","cityEn":"SASEBO SHI","townEn":"YOSHIICHO TATEISHI"},"8596401":{"prefectureJa":"長崎県","cityJa":"佐世保市","townJa":"世知原町赤木場","prefectureEn":"NAGASAKI KEN","cityEn":"SASEBO SHI","townEn":"SECHIBARUCHO AKAKOBA"},"8596402":{"prefectureJa":"長崎県","cityJa":"佐世保市","townJa":"世知原町岩谷口","prefectureEn":"NAGASAKI KEN","cityEn":"SASEBO SHI","townEn":"SECHIBARUCHO IWAYAGUCHI"},"8596403":{"prefectureJa":"長崎県","cityJa":"佐世保市","townJa":"世知原町上野原","prefectureEn":"NAGASAKI KEN","cityEn":"SASEBO SHI","townEn":"SECHIBARUCHO UENOHARA"},"8596404":{"prefectureJa":"長崎県","cityJa":"佐世保市","townJa":"世知原町太田","prefectureEn":"NAGASAKI KEN","cityEn":"SASEBO SHI","townEn":"SECHIBARUCHO OTA"},"8596405":{"prefectureJa":"長崎県","cityJa":"佐世保市","townJa":"世知原町開作","prefectureEn":"NAGASAKI KEN","cityEn":"SASEBO SHI","townEn":"SECHIBARUCHO KAISAKU"},"8596406":{"prefectureJa":"長崎県","cityJa":"佐世保市","townJa":"世知原町木浦原","prefectureEn":"NAGASAKI KEN","cityEn":"SASEBO SHI","townEn":"SECHIBARUCHO KIURABARU"},"8596407":{"prefectureJa":"長崎県","cityJa":"佐世保市","townJa":"世知原町北川内","prefectureEn":"NAGASAKI KEN","cityEn":"SASEBO SHI","townEn":"SECHIBARUCHO KITAGAWACHI"},"8596408":{"prefectureJa":"長崎県","cityJa":"佐世保市","townJa":"世知原町栗迎","prefectureEn":"NAGASAKI KEN","cityEn":"SASEBO SHI","townEn":"SECHIBARUCHO KURIMUKAE"},"8596409":{"prefectureJa":"長崎県","cityJa":"佐世保市","townJa":"世知原町中通","prefectureEn":"NAGASAKI KEN","cityEn":"SASEBO SHI","townEn":"SECHIBARUCHO NAKADORI"},"8596411":{"prefectureJa":"長崎県","cityJa":"佐世保市","townJa":"世知原町長田代","prefectureEn":"NAGASAKI KEN","cityEn":"SASEBO SHI","townEn":"SECHIBARUCHO NAGATASHIRO"},"8596412":{"prefectureJa":"長崎県","cityJa":"佐世保市","townJa":"世知原町西ノ岳","prefectureEn":"NAGASAKI KEN","cityEn":"SASEBO SHI","townEn":"SECHIBARUCHO NISHINOTAKE"},"8596413":{"prefectureJa":"長崎県","cityJa":"佐世保市","townJa":"世知原町笥瀬","prefectureEn":"NAGASAKI KEN","cityEn":"SASEBO SHI","townEn":"SECHIBARUCHO YANAZE"},"8596414":{"prefectureJa":"長崎県","cityJa":"佐世保市","townJa":"世知原町矢櫃","prefectureEn":"NAGASAKI KEN","cityEn":"SASEBO SHI","townEn":"SECHIBARUCHO YABITSU"},"8596415":{"prefectureJa":"長崎県","cityJa":"佐世保市","townJa":"世知原町槍巻","prefectureEn":"NAGASAKI KEN","cityEn":"SASEBO SHI","townEn":"SECHIBARUCHO YARIMAKI"}}