{"9160000":{"prefectureJa":"福井県","cityJa":"鯖江市","townJa":"以下に掲載がない場合","prefectureEn":"FUKUI KEN","cityEn":"SABAE SHI","townEn":"IKANIKEISAIGANAIBAAI"},"9160001":{"prefectureJa":"福井県","cityJa":"鯖江市","townJa":"吉江町","prefectureEn":"FUKUI KEN","cityEn":"SABAE SHI","townEn":"YOSHIECHO"},"9160002":{"prefectureJa":"福井県","cityJa":"鯖江市","townJa":"米岡町","prefectureEn":"FUKUI KEN","cityEn":"SABAE SHI","townEn":"YONEOKACHO"},"9160003":{"prefectureJa":"福井県","cityJa":"鯖江市","townJa":"田所町","prefectureEn":"FUKUI KEN","cityEn":"SABAE SHI","townEn":"TADOKOROCHO"},"9160004":{"prefectureJa":"福井県","cityJa":"鯖江市","townJa":"糺町","prefectureEn":"FUKUI KEN","cityEn":"SABAE SHI","townEn":"TADASUCHO"},"9160005":{"prefectureJa":"福井県","cityJa":"鯖江市","townJa":"杉本町","prefectureEn":"FUKUI KEN","cityEn":"SABAE SHI","townEn":"SUGIMOTOCHO"},"9160006":{"prefectureJa":"福井県","cityJa":"鯖江市","townJa":"西番町","prefectureEn":"FUKUI KEN","cityEn":"SABAE SHI","townEn":"NISHIBANCHO"},"9160007":{"prefectureJa":"福井県","cityJa":"鯖江市","townJa":"三尾野出作町","prefectureEn":"FUKUI KEN","cityEn":"SABAE SHI","townEn":"MIONOSHUTSUSAKUCHO"},"9160008":{"prefectureJa":"福井県","cityJa":"鯖江市","townJa":"入町","prefectureEn":"FUKUI KEN","cityEn":"SABAE SHI","townEn":"IRICHO"},"9160011":{"prefectureJa":"福井県","cityJa":"鯖江市","townJa":"つつじケ丘町","prefectureEn":"FUKUI KEN","cityEn":"SABAE SHI","townEn":"TSUTSUJIGAOKACHO"},"9160012":{"prefectureJa":"福井県","cityJa":"鯖江市","townJa":"東米岡","prefectureEn":"FUKUI KEN","cityEn":"SABAE SHI","townEn":"HIGASHIYONEOKA"},"9160013":{"prefectureJa":"福井県","cityJa":"鯖江市","townJa":"鳥羽","prefectureEn":"FUKUI KEN","cityEn":"SABAE SHI","townEn":"TOBA"},"9160014":{"prefectureJa":"福井県","cityJa":"鯖江市","townJa":"鳥羽町","prefectureEn":"FUKUI KEN","cityEn":"SABAE SHI","townEn":"TOBACHO"},"9160015":{"prefectureJa":"福井県","cityJa":"鯖江市","townJa":"御幸町","prefectureEn":"FUKUI KEN","cityEn":"SABAE SHI","townEn":"MIYUKICHO"},"9160016":{"prefectureJa":"福井県","cityJa":"鯖江市","townJa":"神中町","prefectureEn":"FUKUI KEN","cityEn":"SABAE SHI","townEn":"KAMINAKACHO"},"9160017":{"prefectureJa":"福井県","cityJa":"鯖江市","townJa":"神明町","prefectureEn":"FUKUI KEN","cityEn":"SABAE SHI","townEn":"SHIMMEICHO"},"9160018":{"prefectureJa":"福井県","cityJa":"鯖江市","townJa":"幸町","prefectureEn":"FUKUI KEN","cityEn":"SABAE SHI","townEn":"SAIWAICHO"},"9160019":{"prefectureJa":"福井県","cityJa":"鯖江市","townJa":"丸山町","prefectureEn":"FUKUI KEN","cityEn":"SABAE SHI","townEn":"MARUYAMACHO"},"9160021":{"prefectureJa":"福井県","cityJa":"鯖江市","townJa":"三六町","prefectureEn":"FUKUI KEN","cityEn":"SABAE SHI","townEn":"SANROKUCHO"},"9160022":{"prefectureJa":"福井県","cityJa":"鯖江市","townJa":"水落町","prefectureEn":"FUKUI KEN","cityEn":"SABAE SHI","townEn":"MIZUOCHICHO"},"9160023":{"prefectureJa":"福井県","cityJa":"鯖江市","townJa":"西山町","prefectureEn":"FUKUI KEN","cityEn":"SABAE SHI","townEn":"NISHIYAMACHO"},"9160024":{"prefectureJa":"福井県","cityJa":"鯖江市","townJa":"長泉寺町","prefectureEn":"FUKUI KEN","cityEn":"SABAE SHI","townEn":"CHOSENJICHO"},"9160025":{"prefectureJa":"福井県","cityJa":"鯖江市","townJa":"旭町","prefectureEn":"FUKUI KEN","cityEn":"SABAE SHI","townEn":"ASAHIMACHI"},"9160026":{"prefectureJa":"福井県","cityJa":"鯖江市","townJa":"本町","prefectureEn":"FUKUI KEN","cityEn":"SABAE SHI","townEn":"HOMMACHI"},"9160027":{"prefectureJa":"福井県","cityJa":"鯖江市","townJa":"桜町","prefectureEn":"FUKUI KEN","cityEn":"SABAE SHI","townEn":"SAKURAMACHI"},"9160028":{"prefectureJa":"福井県","cityJa":"鯖江市","townJa":"小黒町","prefectureEn":"FUKUI KEN","cityEn":"SABAE SHI","townEn":"KOGUROMACHI"},"9160029":{"prefectureJa":"福井県","cityJa":"鯖江市","townJa":"北野町","prefectureEn":"FUKUI KEN","cityEn":"SABAE SHI","townEn":"KITANOCHO"},"9160031":{"prefectureJa":"福井県","cityJa":"鯖江市","townJa":"橋立町","prefectureEn":"FUKUI KEN","cityEn":"SABAE SHI","townEn":"HASHITATECHO"},"9160032":{"prefectureJa":"福井県","cityJa":"鯖江市","townJa":"舟枝町","prefectureEn":"FUKUI KEN","cityEn":"SABAE SHI","townEn":"FUNAEDACHO"},"9160033":{"prefectureJa":"福井県","cityJa":"鯖江市","townJa":"中野町","prefectureEn":"FUKUI KEN","cityEn":"SABAE SHI","townEn":"NAKANOCHO"},"9160034":{"prefectureJa":"福井県","cityJa":"鯖江市","townJa":"下新庄町","prefectureEn":"FUKUI KEN","cityEn":"SABAE SHI","townEn":"SHIMOSHINJOCHO"},"9160035":{"prefectureJa":"福井県","cityJa":"鯖江市","townJa":"新町","prefectureEn":"FUKUI KEN","cityEn":"SABAE SHI","townEn":"SHIMMACHI"},"9160036":{"prefectureJa":"福井県","cityJa":"鯖江市","townJa":"横越町","prefectureEn":"FUKUI KEN","cityEn":"SABAE SHI","townEn":"YOKOGOSHICHO"},"9160037":{"prefectureJa":"福井県","cityJa":"鯖江市","townJa":"上河端町","prefectureEn":"FUKUI KEN","cityEn":"SABAE SHI","townEn":"KAMIKOBATACHO"},"9160038":{"prefectureJa":"福井県","cityJa":"鯖江市","townJa":"下河端町","prefectureEn":"FUKUI KEN","cityEn":"SABAE SHI","townEn":"SHIMOKOBATACHO"},"9160041":{"prefectureJa":"福井県","cityJa":"鯖江市","townJa":"東鯖江","prefectureEn":"FUKUI KEN","cityEn":"SABAE SHI","townEn":"HIGASHISABAE"},"9160042":{"prefectureJa":"福井県","cityJa":"鯖江市","townJa":"新横江","prefectureEn":"FUKUI KEN","cityEn":"SABAE SHI","townEn":"SHINYOKOE"},"9160043":{"prefectureJa":"福井県","cityJa":"鯖江市","townJa":"定次町","prefectureEn":"FUKUI KEN","cityEn":"SABAE SHI","townEn":"SADATSUGICHO"},"9160044":{"prefectureJa":"福井県","cityJa":"鯖江市","townJa":"五郎丸町","prefectureEn":"FUKUI KEN","cityEn":"SABAE SHI","townEn":"GOROMARUCHO"},"9160045":{"prefectureJa":"福井県","cityJa":"鯖江市","townJa":"宮前","prefectureEn":"FUKUI KEN","cityEn":"SABAE SHI","townEn":"MIYAMAE"},"9160046":{"prefectureJa":"福井県","cityJa":"鯖江市","townJa":"横江町","prefectureEn":"FUKUI KEN","cityEn":"SABAE SHI","townEn":"YOKOECHO"},"9160047":{"prefectureJa":"福井県","cityJa":"鯖江市","townJa":"柳町","prefectureEn":"FUKUI KEN","cityEn":"SABAE SHI","townEn":"YANAGIMACHI"},"9160051":{"prefectureJa":"福井県","cityJa":"鯖江市","townJa":"屋形町","prefectureEn":"FUKUI KEN","cityEn":"SABAE SHI","townEn":"YAKATACHO"},"9160052":{"prefectureJa":"福井県","cityJa":"鯖江市","townJa":"深江町","prefectureEn":"FUKUI KEN","cityEn":"SABAE SHI","townEn":"FUKAECHO"},"9160053":{"prefectureJa":"福井県","cityJa":"鯖江市","townJa":"日の出町","prefectureEn":"FUKUI KEN","cityEn":"SABAE SHI","townEn":"HINODECHO"},"9160054":{"prefectureJa":"福井県","cityJa":"鯖江市","townJa":"舟津町","prefectureEn":"FUKUI KEN","cityEn":"SABAE SHI","townEn":"FUNATSUCHO"},"9160055":{"prefectureJa":"福井県","cityJa":"鯖江市","townJa":"上鯖江","prefectureEn":"FUKUI KEN","cityEn":"SABAE SHI","townEn":"KAMISABAECHO"},"9160056":{"prefectureJa":"福井県","cityJa":"鯖江市","townJa":"住吉町","prefectureEn":"FUKUI KEN","cityEn":"SABAE SHI","townEn":"SUMIYOSHICHO"},"9160057":{"prefectureJa":"福井県","cityJa":"鯖江市","townJa":"有定町","prefectureEn":"FUKUI KEN","cityEn":"SABAE SHI","townEn":"ARISADACHO"},"9160061":{"prefectureJa":"福井県","cityJa":"鯖江市","townJa":"平井町","prefectureEn":"FUKUI KEN","cityEn":"SABAE SHI","townEn":"HIRAICHO"},"9160062":{"prefectureJa":"福井県","cityJa":"鯖江市","townJa":"熊田町","prefectureEn":"FUKUI KEN","cityEn":"SABAE SHI","townEn":"KUMADACHO"},"9160063":{"prefectureJa":"福井県","cityJa":"鯖江市","townJa":"鳥井町","prefectureEn":"FUKUI KEN","cityEn":"SABAE SHI","townEn":"TORIICHO"},"9160064":{"prefectureJa":"福井県","cityJa":"鯖江市","townJa":"下司町","prefectureEn":"FUKUI KEN","cityEn":"SABAE SHI","townEn":"GESHICHO"},"9160065":{"prefectureJa":"福井県","cityJa":"鯖江市","townJa":"当田町","prefectureEn":"FUKUI KEN","cityEn":"SABAE SHI","townEn":"TODECHO"},"9160066":{"prefectureJa":"福井県","cityJa":"鯖江市","townJa":"上氏家町","prefectureEn":"FUKUI KEN","cityEn":"SABAE SHI","townEn":"KAMIUZUECHO"},"9160067":{"prefectureJa":"福井県","cityJa":"鯖江市","townJa":"下氏家町","prefectureEn":"FUKUI KEN","cityEn":"SABAE SHI","townEn":"SHIMOZUECHO"},"9160068":{"prefectureJa":"福井県","cityJa":"鯖江市","townJa":"二丁掛町","prefectureEn":"FUKUI KEN","cityEn":"SABAE SHI","townEn":"NICHOGAKECHO"},"9160071":{"prefectureJa":"福井県","cityJa":"鯖江市","townJa":"持明寺町","prefectureEn":"FUKUI KEN","cityEn":"SABAE SHI","townEn":"JIMYOJICHO"},"9160072":{"prefectureJa":"福井県","cityJa":"鯖江市","townJa":"冬島町","prefectureEn":"FUKUI KEN","cityEn":"SABAE SHI","townEn":"FUJIMACHO"},"9160073":{"prefectureJa":"福井県","cityJa":"鯖江市","townJa":"下野田町","prefectureEn":"FUKUI KEN","cityEn":"SABAE SHI","townEn":"SHIMONODACHO"},"9160074":{"prefectureJa":"福井県","cityJa":"鯖江市","townJa":"上野田町","prefectureEn":"FUKUI KEN","cityEn":"SABAE SHI","townEn":"KAMINODACHO"},"9160075":{"prefectureJa":"福井県","cityJa":"鯖江市","townJa":"漆原町","prefectureEn":"FUKUI KEN","cityEn":"SABAE SHI","townEn":"URUSHIHARACHO"},"9160076":{"prefectureJa":"福井県","cityJa":"鯖江市","townJa":"石生谷町","prefectureEn":"FUKUI KEN","cityEn":"SABAE SHI","townEn":"ISHODANICHO"},"9160077":{"prefectureJa":"福井県","cityJa":"鯖江市","townJa":"和田町","prefectureEn":"FUKUI KEN","cityEn":"SABAE SHI","townEn":"WADACHO"},"9160078":{"prefectureJa":"福井県","cityJa":"鯖江市","townJa":"西大井町","prefectureEn":"FUKUI KEN","cityEn":"SABAE SHI","townEn":"NISHIOICHO"},"9160081":{"prefectureJa":"福井県","cityJa":"鯖江市","townJa":"石田下町","prefectureEn":"FUKUI KEN","cityEn":"SABAE SHI","townEn":"ISHIDA SHIMOCHO"},"9160082":{"prefectureJa":"福井県","cityJa":"鯖江市","townJa":"石田中町","prefectureEn":"FUKUI KEN","cityEn":"SABAE SHI","townEn":"ISHIDA NAKACHO"},"9160083":{"prefectureJa":"福井県","cityJa":"鯖江市","townJa":"石田上町","prefectureEn":"FUKUI KEN","cityEn":"SABAE SHI","townEn":"ISHIDA KAMICHO"},"9160084":{"prefectureJa":"福井県","cityJa":"鯖江市","townJa":"小泉町","prefectureEn":"FUKUI KEN","cityEn":"SABAE SHI","townEn":"KOIZUMICHO"},"9160085":{"prefectureJa":"福井県","cityJa":"鯖江市","townJa":"大倉町","prefectureEn":"FUKUI KEN","cityEn":"SABAE SHI","townEn":"OKURACHO"},"9160086":{"prefectureJa":"福井県","cityJa":"鯖江市","townJa":"吉田町","prefectureEn":"FUKUI KEN","cityEn":"SABAE SHI","townEn":"YOSHIDACHO"},"9160087":{"prefectureJa":"福井県","cityJa":"鯖江市","townJa":"田村町","prefectureEn":"FUKUI KEN","cityEn":"SABAE SHI","townEn":"TAMURACHO"},"9160088":{"prefectureJa":"福井県","cityJa":"鯖江市","townJa":"川去町","prefectureEn":"FUKUI KEN","cityEn":"SABAE SHI","townEn":"KAWASARICHO"},"9160101":{"prefectureJa":"福井県","cityJa":"丹生郡越前町","townJa":"天谷","prefectureEn":"FUKUI KEN","cityEn":"NYU GUN ECHIZEN CHO","townEn":"AMADANI"},"9160102":{"prefectureJa":"福井県","cityJa":"丹生郡越前町","townJa":"真木","prefectureEn":"FUKUI KEN","cityEn":"NYU GUN ECHIZEN CHO","townEn":"MAKI"},"9160103":{"prefectureJa":"福井県","cityJa":"丹生郡越前町","townJa":"杖立","prefectureEn":"FUKUI KEN","cityEn":"NYU GUN ECHIZEN CHO","townEn":"TSUETATE"},"9160104":{"prefectureJa":"福井県","cityJa":"丹生郡越前町","townJa":"森","prefectureEn":"FUKUI KEN","cityEn":"NYU GUN ECHIZEN CHO","townEn":"MORI"},"9160105":{"prefectureJa":"福井県","cityJa":"丹生郡越前町","townJa":"清水","prefectureEn":"FUKUI KEN","cityEn":"NYU GUN ECHIZEN CHO","townEn":"SHOZU"},"9160106":{"prefectureJa":"福井県","cityJa":"丹生郡越前町","townJa":"大玉","prefectureEn":"FUKUI KEN","cityEn":"NYU GUN ECHIZEN CHO","townEn":"IKADAMA"},"9160107":{"prefectureJa":"福井県","cityJa":"丹生郡越前町","townJa":"上糸生","prefectureEn":"FUKUI KEN","cityEn":"NYU GUN ECHIZEN CHO","townEn":"KAMIITO"},"9160108":{"prefectureJa":"福井県","cityJa":"丹生郡越前町","townJa":"小川","prefectureEn":"FUKUI KEN","cityEn":"NYU GUN ECHIZEN CHO","townEn":"OGAWA"},"9160111":{"prefectureJa":"福井県","cityJa":"丹生郡越前町","townJa":"小倉","prefectureEn":"FUKUI KEN","cityEn":"NYU GUN ECHIZEN CHO","townEn":"OGURA"},"9160112":{"prefectureJa":"福井県","cityJa":"丹生郡越前町","townJa":"葛野","prefectureEn":"FUKUI KEN","cityEn":"NYU GUN ECHIZEN CHO","townEn":"KAZURANO"},"9160113":{"prefectureJa":"福井県","cityJa":"丹生郡越前町","townJa":"野田","prefectureEn":"FUKUI KEN","cityEn":"NYU GUN ECHIZEN CHO","townEn":"NODA"},"9160114":{"prefectureJa":"福井県","cityJa":"丹生郡越前町","townJa":"下糸生","prefectureEn":"FUKUI KEN","cityEn":"NYU GUN ECHIZEN CHO","townEn":"SHIMOITO"},"9160115":{"prefectureJa":"福井県","cityJa":"丹生郡越前町","townJa":"脇","prefectureEn":"FUKUI KEN","cityEn":"NYU GUN ECHIZEN CHO","townEn":"WAKI"},"9160116":{"prefectureJa":"福井県","cityJa":"丹生郡越前町","townJa":"中野","prefectureEn":"FUKUI KEN","cityEn":"NYU GUN ECHIZEN CHO","townEn":"NAKANO"},"9160117":{"prefectureJa":"福井県","cityJa":"丹生郡越前町","townJa":"大谷寺","prefectureEn":"FUKUI KEN","cityEn":"NYU GUN ECHIZEN CHO","townEn":"OTANJI"},"9160121":{"prefectureJa":"福井県","cityJa":"丹生郡越前町","townJa":"大畑","prefectureEn":"FUKUI KEN","cityEn":"NYU GUN ECHIZEN CHO","townEn":"OBATA"},"9160122":{"prefectureJa":"福井県","cityJa":"丹生郡越前町","townJa":"天王","prefectureEn":"FUKUI KEN","cityEn":"NYU GUN ECHIZEN CHO","townEn":"TENNO"},"9160123":{"prefectureJa":"福井県","cityJa":"丹生郡越前町","townJa":"天宝","prefectureEn":"FUKUI KEN","cityEn":"NYU GUN ECHIZEN CHO","townEn":"TEMPO"},"9160124":{"prefectureJa":"福井県","cityJa":"丹生郡越前町","townJa":"宝泉寺","prefectureEn":"FUKUI KEN","cityEn":"NYU GUN ECHIZEN CHO","townEn":"HOSENJI"},"9160125":{"prefectureJa":"福井県","cityJa":"丹生郡越前町","townJa":"横山","prefectureEn":"FUKUI KEN","cityEn":"NYU GUN ECHIZEN CHO","townEn":"YOKOYAMA"},"9160126":{"prefectureJa":"福井県","cityJa":"丹生郡越前町","townJa":"牛越","prefectureEn":"FUKUI KEN","cityEn":"NYU GUN ECHIZEN CHO","townEn":"USHIGOE"},"9160127":{"prefectureJa":"福井県","cityJa":"丹生郡越前町","townJa":"野末","prefectureEn":"FUKUI KEN","cityEn":"NYU GUN ECHIZEN CHO","townEn":"NOZUE"},"9160131":{"prefectureJa":"福井県","cityJa":"丹生郡越前町","townJa":"乙坂","prefectureEn":"FUKUI KEN","cityEn":"NYU GUN ECHIZEN CHO","townEn":"OTSUSAKA"},"9160132":{"prefectureJa":"福井県","cityJa":"丹生郡越前町","townJa":"田中","prefectureEn":"FUKUI KEN","cityEn":"NYU GUN ECHIZEN CHO","townEn":"TANAKA"},"9160133":{"prefectureJa":"福井県","cityJa":"丹生郡越前町","townJa":"気比庄","prefectureEn":"FUKUI KEN","cityEn":"NYU GUN ECHIZEN CHO","townEn":"KIHISHO"},"9160134":{"prefectureJa":"福井県","cityJa":"丹生郡越前町","townJa":"新庄","prefectureEn":"FUKUI KEN","cityEn":"NYU GUN ECHIZEN CHO","townEn":"SHINSHO"},"9160135":{"prefectureJa":"福井県","cityJa":"丹生郡越前町","townJa":"市","prefectureEn":"FUKUI KEN","cityEn":"NYU GUN ECHIZEN CHO","townEn":"ICHI"},"9160136":{"prefectureJa":"福井県","cityJa":"丹生郡越前町","townJa":"栃川","prefectureEn":"FUKUI KEN","cityEn":"NYU GUN ECHIZEN CHO","townEn":"TOCHIKAWA"},"9160137":{"prefectureJa":"福井県","cityJa":"丹生郡越前町","townJa":"宮の西団地","prefectureEn":"FUKUI KEN","cityEn":"NYU GUN ECHIZEN CHO","townEn":"MIYANONISHIDANCHI"},"9160141":{"prefectureJa":"福井県","cityJa":"丹生郡越前町","townJa":"西田中","prefectureEn":"FUKUI KEN","cityEn":"NYU GUN ECHIZEN CHO","townEn":"NISHITANAKA"},"9160142":{"prefectureJa":"福井県","cityJa":"丹生郡越前町","townJa":"上川去","prefectureEn":"FUKUI KEN","cityEn":"NYU GUN ECHIZEN CHO","townEn":"KAMIKAWASARI"},"9160143":{"prefectureJa":"福井県","cityJa":"丹生郡越前町","townJa":"宇田","prefectureEn":"FUKUI KEN","cityEn":"NYU GUN ECHIZEN CHO","townEn":"URUSHIMOTO"},"9160144":{"prefectureJa":"福井県","cityJa":"丹生郡越前町","townJa":"佐々生","prefectureEn":"FUKUI KEN","cityEn":"NYU GUN ECHIZEN CHO","townEn":"SASO"},"9160145":{"prefectureJa":"福井県","cityJa":"丹生郡越前町","townJa":"岩開","prefectureEn":"FUKUI KEN","cityEn":"NYU GUN ECHIZEN CHO","townEn":"IWAKAI"},"9160146":{"prefectureJa":"福井県","cityJa":"丹生郡越前町","townJa":"朝日","prefectureEn":"FUKUI KEN","cityEn":"NYU GUN ECHIZEN CHO","townEn":"ASAHI"},"9160147":{"prefectureJa":"福井県","cityJa":"丹生郡越前町","townJa":"内郡","prefectureEn":"FUKUI KEN","cityEn":"NYU GUN ECHIZEN CHO","townEn":"UCHIGORI"},"9160151":{"prefectureJa":"福井県","cityJa":"丹生郡越前町","townJa":"金谷","prefectureEn":"FUKUI KEN","cityEn":"NYU GUN ECHIZEN CHO","townEn":"KANAYA"},"9160152":{"prefectureJa":"福井県","cityJa":"丹生郡越前町","townJa":"青野","prefectureEn":"FUKUI KEN","cityEn":"NYU GUN ECHIZEN CHO","townEn":"AONO"},"9160153":{"prefectureJa":"福井県","cityJa":"丹生郡越前町","townJa":"頭谷","prefectureEn":"FUKUI KEN","cityEn":"NYU GUN ECHIZEN CHO","townEn":"KASHIRADANI"},"9160154":{"prefectureJa":"福井県","cityJa":"丹生郡越前町","townJa":"境野","prefectureEn":"FUKUI KEN","cityEn":"NYU GUN ECHIZEN CHO","townEn":"SAKAINO"},"9160155":{"prefectureJa":"福井県","cityJa":"丹生郡越前町","townJa":"茱原","prefectureEn":"FUKUI KEN","cityEn":"NYU GUN ECHIZEN CHO","townEn":"GUMIWARA"},"9160156":{"prefectureJa":"福井県","cityJa":"丹生郡越前町","townJa":"東内郡","prefectureEn":"FUKUI KEN","cityEn":"NYU GUN ECHIZEN CHO","townEn":"HIGASHIUCHIGORI"},"9160200":{"prefectureJa":"福井県","cityJa":"丹生郡越前町","townJa":"以下に掲載がない場合","prefectureEn":"FUKUI KEN","cityEn":"NYU GUN ECHIZEN CHO","townEn":"IKANIKEISAIGANAIBAAI"},"9160201":{"prefectureJa":"福井県","cityJa":"丹生郡越前町","townJa":"入尾","prefectureEn":"FUKUI KEN","cityEn":"NYU GUN ECHIZEN CHO","townEn":"IRIO"},"9160202":{"prefectureJa":"福井県","cityJa":"丹生郡越前町","townJa":"細野","prefectureEn":"FUKUI KEN","cityEn":"NYU GUN ECHIZEN CHO","townEn":"HOSONO"},"9160203":{"prefectureJa":"福井県","cityJa":"丹生郡越前町","townJa":"山田","prefectureEn":"FUKUI KEN","cityEn":"NYU GUN ECHIZEN CHO","townEn":"YAMADA"},"9160204":{"prefectureJa":"福井県","cityJa":"丹生郡越前町","townJa":"中","prefectureEn":"FUKUI KEN","cityEn":"NYU GUN ECHIZEN CHO","townEn":"NAKA"},"9160205":{"prefectureJa":"福井県","cityJa":"丹生郡越前町","townJa":"赤井谷","prefectureEn":"FUKUI KEN","cityEn":"NYU GUN ECHIZEN CHO","townEn":"AKAIDANI"},"9160206":{"prefectureJa":"福井県","cityJa":"丹生郡越前町","townJa":"笈松","prefectureEn":"FUKUI KEN","cityEn":"NYU GUN ECHIZEN CHO","townEn":"OIMATSU"},"9160211":{"prefectureJa":"福井県","cityJa":"丹生郡越前町","townJa":"笹川","prefectureEn":"FUKUI KEN","cityEn":"NYU GUN ECHIZEN CHO","townEn":"SASAGAWA"},"9160212":{"prefectureJa":"福井県","cityJa":"丹生郡越前町","townJa":"岩倉","prefectureEn":"FUKUI KEN","cityEn":"NYU GUN ECHIZEN CHO","townEn":"IWAKURA"},"9160213":{"prefectureJa":"福井県","cityJa":"丹生郡越前町","townJa":"桜谷","prefectureEn":"FUKUI KEN","cityEn":"NYU GUN ECHIZEN CHO","townEn":"SAKURADANI"},"9160214":{"prefectureJa":"福井県","cityJa":"丹生郡越前町","townJa":"上戸","prefectureEn":"FUKUI KEN","cityEn":"NYU GUN ECHIZEN CHO","townEn":"UWADO"},"9160215":{"prefectureJa":"福井県","cityJa":"丹生郡越前町","townJa":"織田","prefectureEn":"FUKUI KEN","cityEn":"NYU GUN ECHIZEN CHO","townEn":"OTA"},"9160216":{"prefectureJa":"福井県","cityJa":"丹生郡越前町","townJa":"打越","prefectureEn":"FUKUI KEN","cityEn":"NYU GUN ECHIZEN CHO","townEn":"UCHIKOSHI"},"9160217":{"prefectureJa":"福井県","cityJa":"丹生郡越前町","townJa":"丸山","prefectureEn":"FUKUI KEN","cityEn":"NYU GUN ECHIZEN CHO","townEn":"MARUYAMA"},"9160218":{"prefectureJa":"福井県","cityJa":"丹生郡越前町","townJa":"萩野","prefectureEn":"FUKUI KEN","cityEn":"NYU GUN ECHIZEN CHO","townEn":"HAGINO"},"9160219":{"prefectureJa":"福井県","cityJa":"丹生郡越前町","townJa":"西ケ丘","prefectureEn":"FUKUI KEN","cityEn":"NYU GUN ECHIZEN CHO","townEn":"NISHIGAOKA"},"9160221":{"prefectureJa":"福井県","cityJa":"丹生郡越前町","townJa":"三崎","prefectureEn":"FUKUI KEN","cityEn":"NYU GUN ECHIZEN CHO","townEn":"MISAKI"},"9160222":{"prefectureJa":"福井県","cityJa":"丹生郡越前町","townJa":"大王丸","prefectureEn":"FUKUI KEN","cityEn":"NYU GUN ECHIZEN CHO","townEn":"DAIOMARU"},"9160223":{"prefectureJa":"福井県","cityJa":"丹生郡越前町","townJa":"下河原","prefectureEn":"FUKUI KEN","cityEn":"NYU GUN ECHIZEN CHO","townEn":"SHIMOGAWARA"},"9160224":{"prefectureJa":"福井県","cityJa":"丹生郡越前町","townJa":"平等","prefectureEn":"FUKUI KEN","cityEn":"NYU GUN ECHIZEN CHO","townEn":"TAIRA"},"9160225":{"prefectureJa":"福井県","cityJa":"丹生郡越前町","townJa":"上山中","prefectureEn":"FUKUI KEN","cityEn":"NYU GUN ECHIZEN CHO","townEn":"KAMIYAMANAKA"},"9160226":{"prefectureJa":"福井県","cityJa":"丹生郡越前町","townJa":"下山中","prefectureEn":"FUKUI KEN","cityEn":"NYU GUN ECHIZEN CHO","townEn":"SHIMOYAMANAKA"},"9160227":{"prefectureJa":"福井県","cityJa":"丹生郡越前町","townJa":"四ツ杉","prefectureEn":"FUKUI KEN","cityEn":"NYU GUN ECHIZEN CHO","townEn":"YOTSUSUGI"},"9160251":{"prefectureJa":"福井県","cityJa":"丹生郡越前町","townJa":"大谷","prefectureEn":"FUKUI KEN","cityEn":"NYU GUN ECHIZEN CHO","townEn":"OTANI"},"9160252":{"prefectureJa":"福井県","cityJa":"丹生郡越前町","townJa":"蝉口","prefectureEn":"FUKUI KEN","cityEn":"NYU GUN ECHIZEN CHO","townEn":"SEMIGUCHI"},"9160253":{"prefectureJa":"福井県","cityJa":"丹生郡越前町","townJa":"蚊谷寺","prefectureEn":"FUKUI KEN","cityEn":"NYU GUN ECHIZEN CHO","townEn":"KADANJI"},"9160254":{"prefectureJa":"福井県","cityJa":"丹生郡越前町","townJa":"広野","prefectureEn":"FUKUI KEN","cityEn":"NYU GUN ECHIZEN CHO","townEn":"HIRONO"},"9160255":{"prefectureJa":"福井県","cityJa":"丹生郡越前町","townJa":"江波","prefectureEn":"FUKUI KEN","cityEn":"NYU GUN ECHIZEN CHO","townEn":"ENAMI"},"9160261":{"prefectureJa":"福井県","cityJa":"丹生郡越前町","townJa":"野","prefectureEn":"FUKUI KEN","cityEn":"NYU GUN ECHIZEN CHO","townEn":"NO"},"9160262":{"prefectureJa":"福井県","cityJa":"丹生郡越前町","townJa":"宇須尾","prefectureEn":"FUKUI KEN","cityEn":"NYU GUN ECHIZEN CHO","townEn":"USUO"},"9160263":{"prefectureJa":"福井県","cityJa":"丹生郡越前町","townJa":"円満","prefectureEn":"FUKUI KEN","cityEn":"NYU GUN ECHIZEN CHO","townEn":"EMMA"},"9160264":{"prefectureJa":"福井県","cityJa":"丹生郡越前町","townJa":"八田","prefectureEn":"FUKUI KEN","cityEn":"NYU GUN ECHIZEN CHO","townEn":"HATTA"},"9160265":{"prefectureJa":"福井県","cityJa":"丹生郡越前町","townJa":"八田新保","prefectureEn":"FUKUI KEN","cityEn":"NYU GUN ECHIZEN CHO","townEn":"HATTASHIMBO"},"9160266":{"prefectureJa":"福井県","cityJa":"丹生郡越前町","townJa":"寺","prefectureEn":"FUKUI KEN","cityEn":"NYU GUN ECHIZEN CHO","townEn":"TERA"},"9160267":{"prefectureJa":"福井県","cityJa":"丹生郡越前町","townJa":"上野","prefectureEn":"FUKUI KEN","cityEn":"NYU GUN ECHIZEN CHO","townEn":"UWANO"},"9160268":{"prefectureJa":"福井県","cityJa":"丹生郡越前町","townJa":"陶の谷","prefectureEn":"FUKUI KEN","cityEn":"NYU GUN ECHIZEN CHO","townEn":"SUENOTANI"},"9160271":{"prefectureJa":"福井県","cityJa":"丹生郡越前町","townJa":"舟場","prefectureEn":"FUKUI KEN","cityEn":"NYU GUN ECHIZEN CHO","townEn":"FUNABA"},"9160272":{"prefectureJa":"福井県","cityJa":"丹生郡越前町","townJa":"樫津","prefectureEn":"FUKUI KEN","cityEn":"NYU GUN ECHIZEN CHO","townEn":"KASHIZU"},"9160273":{"prefectureJa":"福井県","cityJa":"丹生郡越前町","townJa":"小曽原","prefectureEn":"FUKUI KEN","cityEn":"NYU GUN ECHIZEN CHO","townEn":"OZOWARA"},"9160274":{"prefectureJa":"福井県","cityJa":"丹生郡越前町","townJa":"増谷","prefectureEn":"FUKUI KEN","cityEn":"NYU GUN ECHIZEN CHO","townEn":"MASUTANI"},"9160275":{"prefectureJa":"福井県","cityJa":"丹生郡越前町","townJa":"熊谷","prefectureEn":"FUKUI KEN","cityEn":"NYU GUN ECHIZEN CHO","townEn":"KUMADANI"},"9160276":{"prefectureJa":"福井県","cityJa":"丹生郡越前町","townJa":"古屋","prefectureEn":"FUKUI KEN","cityEn":"NYU GUN ECHIZEN CHO","townEn":"FURUYA"},"9160301":{"prefectureJa":"福井県","cityJa":"丹生郡越前町","townJa":"梨子ヶ平","prefectureEn":"FUKUI KEN","cityEn":"NYU GUN ECHIZEN CHO","townEn":"NASHIGADAIRA"},"9160302":{"prefectureJa":"福井県","cityJa":"丹生郡越前町","townJa":"左右","prefectureEn":"FUKUI KEN","cityEn":"NYU GUN ECHIZEN CHO","townEn":"SO"},"9160303":{"prefectureJa":"福井県","cityJa":"丹生郡越前町","townJa":"血ケ平","prefectureEn":"FUKUI KEN","cityEn":"NYU GUN ECHIZEN CHO","townEn":"CHIGADAIRA"},"9160304":{"prefectureJa":"福井県","cityJa":"丹生郡越前町","townJa":"玉川","prefectureEn":"FUKUI KEN","cityEn":"NYU GUN ECHIZEN CHO","townEn":"TAMAGAWA"},"9160311":{"prefectureJa":"福井県","cityJa":"丹生郡越前町","townJa":"梅浦","prefectureEn":"FUKUI KEN","cityEn":"NYU GUN ECHIZEN CHO","townEn":"UMEURA"},"9160312":{"prefectureJa":"福井県","cityJa":"丹生郡越前町","townJa":"宿","prefectureEn":"FUKUI KEN","cityEn":"NYU GUN ECHIZEN CHO","townEn":"SHUKU"},"9160313":{"prefectureJa":"福井県","cityJa":"丹生郡越前町","townJa":"新保","prefectureEn":"FUKUI KEN","cityEn":"NYU GUN ECHIZEN CHO","townEn":"SHIMBO"},"9160314":{"prefectureJa":"福井県","cityJa":"丹生郡越前町","townJa":"城ケ谷","prefectureEn":"FUKUI KEN","cityEn":"NYU GUN ECHIZEN CHO","townEn":"JOGATANI"},"9160315":{"prefectureJa":"福井県","cityJa":"丹生郡越前町","townJa":"小樟","prefectureEn":"FUKUI KEN","cityEn":"NYU GUN ECHIZEN CHO","townEn":"KOKONOGI"},"9160316":{"prefectureJa":"福井県","cityJa":"丹生郡越前町","townJa":"大樟","prefectureEn":"FUKUI KEN","cityEn":"NYU GUN ECHIZEN CHO","townEn":"OKONOGI"},"9160421":{"prefectureJa":"福井県","cityJa":"丹生郡越前町","townJa":"道口","prefectureEn":"FUKUI KEN","cityEn":"NYU GUN ECHIZEN CHO","townEn":"MICHIGUCHI"},"9160422":{"prefectureJa":"福井県","cityJa":"丹生郡越前町","townJa":"厨","prefectureEn":"FUKUI KEN","cityEn":"NYU GUN ECHIZEN CHO","townEn":"KURIYA"},"9160423":{"prefectureJa":"福井県","cityJa":"丹生郡越前町","townJa":"茂原","prefectureEn":"FUKUI KEN","cityEn":"NYU GUN ECHIZEN CHO","townEn":"MOHARA"},"9160424":{"prefectureJa":"福井県","cityJa":"丹生郡越前町","townJa":"白浜","prefectureEn":"FUKUI KEN","cityEn":"NYU GUN ECHIZEN CHO","townEn":"SHIRAHAMA"},"9160425":{"prefectureJa":"福井県","cityJa":"丹生郡越前町","townJa":"高佐","prefectureEn":"FUKUI KEN","cityEn":"NYU GUN ECHIZEN CHO","townEn":"TAKASA"},"9160426":{"prefectureJa":"福井県","cityJa":"丹生郡越前町","townJa":"米ノ","prefectureEn":"FUKUI KEN","cityEn":"NYU GUN ECHIZEN CHO","townEn":"KOMENO"},"9160427":{"prefectureJa":"福井県","cityJa":"丹生郡越前町","townJa":"六呂師","prefectureEn":"FUKUI KEN","cityEn":"NYU GUN ECHIZEN CHO","townEn":"ROKUROSHI"},"9160428":{"prefectureJa":"福井県","cityJa":"丹生郡越前町","townJa":"午房ケ平","prefectureEn":"FUKUI KEN","cityEn":"NYU GUN ECHIZEN CHO","townEn":"GOBOGADAIRA"},"9161101":{"prefectureJa":"福井県","cityJa":"鯖江市","townJa":"大正寺町","prefectureEn":"FUKUI KEN","cityEn":"SABAE SHI","townEn":"DAISHOJICHO"},"9161102":{"prefectureJa":"福井県","cityJa":"鯖江市","townJa":"大野町","prefectureEn":"FUKUI KEN","cityEn":"SABAE SHI","townEn":"ONOCHO"},"9161103":{"prefectureJa":"福井県","cityJa":"鯖江市","townJa":"別所町","prefectureEn":"FUKUI KEN","cityEn":"SABAE SHI","townEn":"BESSHOCHO"},"9161104":{"prefectureJa":"福井県","cityJa":"鯖江市","townJa":"乙坂今北町","prefectureEn":"FUKUI KEN","cityEn":"SABAE SHI","townEn":"OTSUSAKAKOMBOKUCHO"},"9161105":{"prefectureJa":"福井県","cityJa":"鯖江市","townJa":"吉谷町","prefectureEn":"FUKUI KEN","cityEn":"SABAE SHI","townEn":"YOSHITANICHO"},"9161106":{"prefectureJa":"福井県","cityJa":"鯖江市","townJa":"四方谷町","prefectureEn":"FUKUI KEN","cityEn":"SABAE SHI","townEn":"SHIHODANICHO"},"9161107":{"prefectureJa":"福井県","cityJa":"鯖江市","townJa":"南井町","prefectureEn":"FUKUI KEN","cityEn":"SABAE SHI","townEn":"NAOICHO"},"9161111":{"prefectureJa":"福井県","cityJa":"鯖江市","townJa":"上戸口町","prefectureEn":"FUKUI KEN","cityEn":"SABAE SHI","townEn":"KAMITONOKUCHICHO"},"9161112":{"prefectureJa":"福井県","cityJa":"鯖江市","townJa":"中戸口町","prefectureEn":"FUKUI KEN","cityEn":"SABAE SHI","townEn":"NAKATONOKUCHICHO"},"9161113":{"prefectureJa":"福井県","cityJa":"鯖江市","townJa":"戸口町","prefectureEn":"FUKUI KEN","cityEn":"SABAE SHI","townEn":"TONOKUCHICHO"},"9161114":{"prefectureJa":"福井県","cityJa":"鯖江市","townJa":"磯部町","prefectureEn":"FUKUI KEN","cityEn":"SABAE SHI","townEn":"ISOBECHO"},"9161115":{"prefectureJa":"福井県","cityJa":"鯖江市","townJa":"落井町","prefectureEn":"FUKUI KEN","cityEn":"SABAE SHI","townEn":"OCHIICHO"},"9161116":{"prefectureJa":"福井県","cityJa":"鯖江市","townJa":"川島町","prefectureEn":"FUKUI KEN","cityEn":"SABAE SHI","townEn":"KAWASHIMACHO"},"9161118":{"prefectureJa":"福井県","cityJa":"鯖江市","townJa":"松成町","prefectureEn":"FUKUI KEN","cityEn":"SABAE SHI","townEn":"MATSUNARICHO"},"9161133":{"prefectureJa":"福井県","cityJa":"鯖江市","townJa":"中野松成","prefectureEn":"FUKUI KEN","cityEn":"SABAE SHI","townEn":"NAKANOMATSUNARI"},"9161221":{"prefectureJa":"福井県","cityJa":"鯖江市","townJa":"西袋町","prefectureEn":"FUKUI KEN","cityEn":"SABAE SHI","townEn":"NISHIBUKUROCHO"},"9161222":{"prefectureJa":"福井県","cityJa":"鯖江市","townJa":"河和田町","prefectureEn":"FUKUI KEN","cityEn":"SABAE SHI","townEn":"KAWADACHO"},"9161223":{"prefectureJa":"福井県","cityJa":"鯖江市","townJa":"片山町","prefectureEn":"FUKUI KEN","cityEn":"SABAE SHI","townEn":"KATAYAMACHO"},"9161224":{"prefectureJa":"福井県","cityJa":"鯖江市","townJa":"莇生田町","prefectureEn":"FUKUI KEN","cityEn":"SABAE SHI","townEn":"AZODACHO"},"9161225":{"prefectureJa":"福井県","cityJa":"鯖江市","townJa":"別司町","prefectureEn":"FUKUI KEN","cityEn":"SABAE SHI","townEn":"BESSHICHO"},"9161231":{"prefectureJa":"福井県","cityJa":"鯖江市","townJa":"金谷町","prefectureEn":"FUKUI KEN","cityEn":"SABAE SHI","townEn":"KANADANICHO"},"9161232":{"prefectureJa":"福井県","cityJa":"鯖江市","townJa":"寺中町","prefectureEn":"FUKUI KEN","cityEn":"SABAE SHI","townEn":"JICHUCHO"},"9161233":{"prefectureJa":"福井県","cityJa":"鯖江市","townJa":"尾花町","prefectureEn":"FUKUI KEN","cityEn":"SABAE SHI","townEn":"OBANACHO"},"9161234":{"prefectureJa":"福井県","cityJa":"鯖江市","townJa":"沢町","prefectureEn":"FUKUI KEN","cityEn":"SABAE SHI","townEn":"SAWACHO"},"9161235":{"prefectureJa":"福井県","cityJa":"鯖江市","townJa":"上河内町","prefectureEn":"FUKUI KEN","cityEn":"SABAE SHI","townEn":"KAMIKOCHICHO"},"9161236":{"prefectureJa":"福井県","cityJa":"鯖江市","townJa":"東清水町","prefectureEn":"FUKUI KEN","cityEn":"SABAE SHI","townEn":"HIGASHISHIMIZUCHO"},"9161237":{"prefectureJa":"福井県","cityJa":"鯖江市","townJa":"北中町","prefectureEn":"FUKUI KEN","cityEn":"SABAE SHI","townEn":"KITANAKACHO"}}