{"8530000":{"prefectureJa":"長崎県","cityJa":"五島市","townJa":"以下に掲載がない場合","prefectureEn":"NAGASAKI KEN","cityEn":"GOTO SHI","townEn":"IKANIKEISAIGANAIBAAI"},"8530001":{"prefectureJa":"長崎県","cityJa":"五島市","townJa":"栄町","prefectureEn":"NAGASAKI KEN","cityEn":"GOTO SHI","townEn":"SAKAEMACHI"},"8530002":{"prefectureJa":"長崎県","cityJa":"五島市","townJa":"中央町","prefectureEn":"NAGASAKI KEN","cityEn":"GOTO SHI","townEn":"CHUOMACHI"},"8530003":{"prefectureJa":"長崎県","cityJa":"五島市","townJa":"錦町","prefectureEn":"NAGASAKI KEN","cityEn":"GOTO SHI","townEn":"NISHIKIMACHI"},"8530004":{"prefectureJa":"長崎県","cityJa":"五島市","townJa":"幸町","prefectureEn":"NAGASAKI KEN","cityEn":"GOTO SHI","townEn":"SAIWAIMACHI"},"8530005":{"prefectureJa":"長崎県","cityJa":"五島市","townJa":"末広町","prefectureEn":"NAGASAKI KEN","cityEn":"GOTO SHI","townEn":"SUEHIROMACHI"},"8530006":{"prefectureJa":"長崎県","cityJa":"五島市","townJa":"江川町","prefectureEn":"NAGASAKI KEN","cityEn":"GOTO SHI","townEn":"EGAWAMACHI"},"8530007":{"prefectureJa":"長崎県","cityJa":"五島市","townJa":"福江町","prefectureEn":"NAGASAKI KEN","cityEn":"GOTO SHI","townEn":"FUKUECHO"},"8530011":{"prefectureJa":"長崎県","cityJa":"五島市","townJa":"下大津町","prefectureEn":"NAGASAKI KEN","cityEn":"GOTO SHI","townEn":"SHIMOOZUCHO"},"8530012":{"prefectureJa":"長崎県","cityJa":"五島市","townJa":"長手町","prefectureEn":"NAGASAKI KEN","cityEn":"GOTO SHI","townEn":"NAGATECHO"},"8530013":{"prefectureJa":"長崎県","cityJa":"五島市","townJa":"上大津町","prefectureEn":"NAGASAKI KEN","cityEn":"GOTO SHI","townEn":"KAMIOZUCHO"},"8530014":{"prefectureJa":"長崎県","cityJa":"五島市","townJa":"三尾野町","prefectureEn":"NAGASAKI KEN","cityEn":"GOTO SHI","townEn":"MIONOCHO"},"8530015":{"prefectureJa":"長崎県","cityJa":"五島市","townJa":"東浜町","prefectureEn":"NAGASAKI KEN","cityEn":"GOTO SHI","townEn":"HIGASHIHAMAMACHI"},"8530016":{"prefectureJa":"長崎県","cityJa":"五島市","townJa":"紺屋町","prefectureEn":"NAGASAKI KEN","cityEn":"GOTO SHI","townEn":"KONYAMACHI"},"8530017":{"prefectureJa":"長崎県","cityJa":"五島市","townJa":"武家屋敷","prefectureEn":"NAGASAKI KEN","cityEn":"GOTO SHI","townEn":"BUKEYASHIKI"},"8530018":{"prefectureJa":"長崎県","cityJa":"五島市","townJa":"池田町","prefectureEn":"NAGASAKI KEN","cityEn":"GOTO SHI","townEn":"IKEDAMACHI"},"8530021":{"prefectureJa":"長崎県","cityJa":"五島市","townJa":"下崎山町","prefectureEn":"NAGASAKI KEN","cityEn":"GOTO SHI","townEn":"SHIMOSAKIYAMACHO"},"8530022":{"prefectureJa":"長崎県","cityJa":"五島市","townJa":"向町","prefectureEn":"NAGASAKI KEN","cityEn":"GOTO SHI","townEn":"MUKAECHO"},"8530023":{"prefectureJa":"長崎県","cityJa":"五島市","townJa":"上崎山町","prefectureEn":"NAGASAKI KEN","cityEn":"GOTO SHI","townEn":"KAMISAKIYAMACHO"},"8530024":{"prefectureJa":"長崎県","cityJa":"五島市","townJa":"野々切町","prefectureEn":"NAGASAKI KEN","cityEn":"GOTO SHI","townEn":"NONOKIRECHO"},"8530025":{"prefectureJa":"長崎県","cityJa":"五島市","townJa":"小泊町","prefectureEn":"NAGASAKI KEN","cityEn":"GOTO SHI","townEn":"ODOMARICHO"},"8530026":{"prefectureJa":"長崎県","cityJa":"五島市","townJa":"浜町","prefectureEn":"NAGASAKI KEN","cityEn":"GOTO SHI","townEn":"HAMACHO"},"8530027":{"prefectureJa":"長崎県","cityJa":"五島市","townJa":"増田町","prefectureEn":"NAGASAKI KEN","cityEn":"GOTO SHI","townEn":"MASUDACHO"},"8530031":{"prefectureJa":"長崎県","cityJa":"五島市","townJa":"吉久木町","prefectureEn":"NAGASAKI KEN","cityEn":"GOTO SHI","townEn":"YOSHIKUGICHO"},"8530032":{"prefectureJa":"長崎県","cityJa":"五島市","townJa":"大荒町","prefectureEn":"NAGASAKI KEN","cityEn":"GOTO SHI","townEn":"OARECHO"},"8530033":{"prefectureJa":"長崎県","cityJa":"五島市","townJa":"木場町","prefectureEn":"NAGASAKI KEN","cityEn":"GOTO SHI","townEn":"KOBACHO"},"8530041":{"prefectureJa":"長崎県","cityJa":"五島市","townJa":"籠淵町","prefectureEn":"NAGASAKI KEN","cityEn":"GOTO SHI","townEn":"KOMORIBUCHICHO"},"8530042":{"prefectureJa":"長崎県","cityJa":"五島市","townJa":"吉田町","prefectureEn":"NAGASAKI KEN","cityEn":"GOTO SHI","townEn":"YOSHIDACHO"},"8530043":{"prefectureJa":"長崎県","cityJa":"五島市","townJa":"高田町","prefectureEn":"NAGASAKI KEN","cityEn":"GOTO SHI","townEn":"KODACHO"},"8530044":{"prefectureJa":"長崎県","cityJa":"五島市","townJa":"堤町","prefectureEn":"NAGASAKI KEN","cityEn":"GOTO SHI","townEn":"TSUTSUMICHO"},"8530051":{"prefectureJa":"長崎県","cityJa":"五島市","townJa":"平蔵町","prefectureEn":"NAGASAKI KEN","cityEn":"GOTO SHI","townEn":"HIRAZOCHO"},"8530052":{"prefectureJa":"長崎県","cityJa":"五島市","townJa":"松山町","prefectureEn":"NAGASAKI KEN","cityEn":"GOTO SHI","townEn":"MATSUYAMACHO"},"8530053":{"prefectureJa":"長崎県","cityJa":"五島市","townJa":"奥浦町","prefectureEn":"NAGASAKI KEN","cityEn":"GOTO SHI","townEn":"OKURACHO"},"8530054":{"prefectureJa":"長崎県","cityJa":"五島市","townJa":"戸岐町","prefectureEn":"NAGASAKI KEN","cityEn":"GOTO SHI","townEn":"TOGICHO"},"8530061":{"prefectureJa":"長崎県","cityJa":"五島市","townJa":"黄島町","prefectureEn":"NAGASAKI KEN","cityEn":"GOTO SHI","townEn":"OSHIMACHO"},"8530062":{"prefectureJa":"長崎県","cityJa":"五島市","townJa":"赤島町","prefectureEn":"NAGASAKI KEN","cityEn":"GOTO SHI","townEn":"AKASHIMACHO"},"8530063":{"prefectureJa":"長崎県","cityJa":"五島市","townJa":"新港町","prefectureEn":"NAGASAKI KEN","cityEn":"GOTO SHI","townEn":"SHIMMINATOMACHI"},"8530064":{"prefectureJa":"長崎県","cityJa":"五島市","townJa":"三尾野","prefectureEn":"NAGASAKI KEN","cityEn":"GOTO SHI","townEn":"MIONO"},"8530065":{"prefectureJa":"長崎県","cityJa":"五島市","townJa":"坂の上","prefectureEn":"NAGASAKI KEN","cityEn":"GOTO SHI","townEn":"SAKANOE"},"8530066":{"prefectureJa":"長崎県","cityJa":"五島市","townJa":"大円寺町","prefectureEn":"NAGASAKI KEN","cityEn":"GOTO SHI","townEn":"DAIENJICHO"},"8530201":{"prefectureJa":"長崎県","cityJa":"五島市","townJa":"富江町富江","prefectureEn":"NAGASAKI KEN","cityEn":"GOTO SHI","townEn":"TOMIEMACHI TOMIE"},"8530202":{"prefectureJa":"長崎県","cityJa":"五島市","townJa":"富江町松尾","prefectureEn":"NAGASAKI KEN","cityEn":"GOTO SHI","townEn":"TOMIEMACHI MATSUO"},"8530203":{"prefectureJa":"長崎県","cityJa":"五島市","townJa":"富江町田尾","prefectureEn":"NAGASAKI KEN","cityEn":"GOTO SHI","townEn":"TOMIEMACHI TAO"},"8530204":{"prefectureJa":"長崎県","cityJa":"五島市","townJa":"富江町繁敷","prefectureEn":"NAGASAKI KEN","cityEn":"GOTO SHI","townEn":"TOMIEMACHI SHIGEJIKI"},"8530205":{"prefectureJa":"長崎県","cityJa":"五島市","townJa":"富江町狩立","prefectureEn":"NAGASAKI KEN","cityEn":"GOTO SHI","townEn":"TOMIEMACHI KARITATE"},"8530206":{"prefectureJa":"長崎県","cityJa":"五島市","townJa":"富江町山手","prefectureEn":"NAGASAKI KEN","cityEn":"GOTO SHI","townEn":"TOMIEMACHI YAMATE"},"8530207":{"prefectureJa":"長崎県","cityJa":"五島市","townJa":"富江町長峰","prefectureEn":"NAGASAKI KEN","cityEn":"GOTO SHI","townEn":"TOMIEMACHI NAGAMINE"},"8530208":{"prefectureJa":"長崎県","cityJa":"五島市","townJa":"富江町黒島","prefectureEn":"NAGASAKI KEN","cityEn":"GOTO SHI","townEn":"TOMIEMACHI KUROSHIMA"},"8530211":{"prefectureJa":"長崎県","cityJa":"五島市","townJa":"富江町黒瀬","prefectureEn":"NAGASAKI KEN","cityEn":"GOTO SHI","townEn":"TOMIEMACHI KUROSE"},"8530212":{"prefectureJa":"長崎県","cityJa":"五島市","townJa":"富江町山下","prefectureEn":"NAGASAKI KEN","cityEn":"GOTO SHI","townEn":"TOMIEMACHI YAMASHITA"},"8530213":{"prefectureJa":"長崎県","cityJa":"五島市","townJa":"富江町岳","prefectureEn":"NAGASAKI KEN","cityEn":"GOTO SHI","townEn":"TOMIEMACHI TAKE"},"8530214":{"prefectureJa":"長崎県","cityJa":"五島市","townJa":"富江町土取","prefectureEn":"NAGASAKI KEN","cityEn":"GOTO SHI","townEn":"TOMIEMACHI TSUCHITORI"},"8530215":{"prefectureJa":"長崎県","cityJa":"五島市","townJa":"富江町職人","prefectureEn":"NAGASAKI KEN","cityEn":"GOTO SHI","townEn":"TOMIEMACHI SHOKUNIN"},"8530311":{"prefectureJa":"長崎県","cityJa":"五島市","townJa":"岐宿町二本楠","prefectureEn":"NAGASAKI KEN","cityEn":"GOTO SHI","townEn":"KISHIKUMACHI NIHONGUSU"},"8530312":{"prefectureJa":"長崎県","cityJa":"五島市","townJa":"岐宿町中嶽","prefectureEn":"NAGASAKI KEN","cityEn":"GOTO SHI","townEn":"KISHIKUMACHI NAKADAKE"},"8530313":{"prefectureJa":"長崎県","cityJa":"五島市","townJa":"岐宿町松山","prefectureEn":"NAGASAKI KEN","cityEn":"GOTO SHI","townEn":"KISHIKUMACHI MATSUYAMA"},"8530411":{"prefectureJa":"長崎県","cityJa":"五島市","townJa":"玉之浦町玉之浦","prefectureEn":"NAGASAKI KEN","cityEn":"GOTO SHI","townEn":"TAMANORAMACHI TAMANORA"},"8530412":{"prefectureJa":"長崎県","cityJa":"五島市","townJa":"玉之浦町立谷","prefectureEn":"NAGASAKI KEN","cityEn":"GOTO SHI","townEn":"TAMANORAMACHI TACHIYA"},"8530413":{"prefectureJa":"長崎県","cityJa":"五島市","townJa":"玉之浦町大宝","prefectureEn":"NAGASAKI KEN","cityEn":"GOTO SHI","townEn":"TAMANORAMACHI DAIHO"},"8530501":{"prefectureJa":"長崎県","cityJa":"五島市","townJa":"玉之浦町荒川","prefectureEn":"NAGASAKI KEN","cityEn":"GOTO SHI","townEn":"TAMANORAMACHI ARAKAWA"},"8530502":{"prefectureJa":"長崎県","cityJa":"五島市","townJa":"玉之浦町幾久山","prefectureEn":"NAGASAKI KEN","cityEn":"GOTO SHI","townEn":"TAMANORAMACHI ITSUKUYAMA"},"8530503":{"prefectureJa":"長崎県","cityJa":"五島市","townJa":"玉之浦町小川","prefectureEn":"NAGASAKI KEN","cityEn":"GOTO SHI","townEn":"TAMANORAMACHI OGAWA"},"8530504":{"prefectureJa":"長崎県","cityJa":"五島市","townJa":"玉之浦町丹奈","prefectureEn":"NAGASAKI KEN","cityEn":"GOTO SHI","townEn":"TAMANORAMACHI TANNA"},"8530505":{"prefectureJa":"長崎県","cityJa":"五島市","townJa":"玉之浦町中須","prefectureEn":"NAGASAKI KEN","cityEn":"GOTO SHI","townEn":"TAMANORAMACHI NAKASU"},"8530506":{"prefectureJa":"長崎県","cityJa":"五島市","townJa":"玉之浦町上の平","prefectureEn":"NAGASAKI KEN","cityEn":"GOTO SHI","townEn":"TAMANORAMACHI KAMINOHIRA"},"8530507":{"prefectureJa":"長崎県","cityJa":"五島市","townJa":"玉之浦町頓泊","prefectureEn":"NAGASAKI KEN","cityEn":"GOTO SHI","townEn":"TAMANORAMACHI TONTOMARI"},"8530508":{"prefectureJa":"長崎県","cityJa":"五島市","townJa":"玉之浦町布浦","prefectureEn":"NAGASAKI KEN","cityEn":"GOTO SHI","townEn":"TAMANORAMACHI NUNORA"},"8530601":{"prefectureJa":"長崎県","cityJa":"五島市","townJa":"三井楽町濱ノ畔","prefectureEn":"NAGASAKI KEN","cityEn":"GOTO SHI","townEn":"MIIRAKUMACHI HAMANOKURI"},"8530602":{"prefectureJa":"長崎県","cityJa":"五島市","townJa":"三井楽町大川","prefectureEn":"NAGASAKI KEN","cityEn":"GOTO SHI","townEn":"MIIRAKUMACHI OKAWA"},"8530603":{"prefectureJa":"長崎県","cityJa":"五島市","townJa":"三井楽町柏","prefectureEn":"NAGASAKI KEN","cityEn":"GOTO SHI","townEn":"MIIRAKUMACHI KASHIWA"},"8530604":{"prefectureJa":"長崎県","cityJa":"五島市","townJa":"三井楽町貝津","prefectureEn":"NAGASAKI KEN","cityEn":"GOTO SHI","townEn":"MIIRAKUMACHI KAITSU"},"8530605":{"prefectureJa":"長崎県","cityJa":"五島市","townJa":"三井楽町濱窄","prefectureEn":"NAGASAKI KEN","cityEn":"GOTO SHI","townEn":"MIIRAKUMACHI HAMASAKO"},"8530606":{"prefectureJa":"長崎県","cityJa":"五島市","townJa":"三井楽町丑ノ浦","prefectureEn":"NAGASAKI KEN","cityEn":"GOTO SHI","townEn":"MIIRAKUMACHI USHINORA"},"8530607":{"prefectureJa":"長崎県","cityJa":"五島市","townJa":"三井楽町嶽","prefectureEn":"NAGASAKI KEN","cityEn":"GOTO SHI","townEn":"MIIRAKUMACHI TAKE"},"8530608":{"prefectureJa":"長崎県","cityJa":"五島市","townJa":"三井楽町波砂間","prefectureEn":"NAGASAKI KEN","cityEn":"GOTO SHI","townEn":"MIIRAKUMACHI HASAMA"},"8530609":{"prefectureJa":"長崎県","cityJa":"五島市","townJa":"三井楽町渕ノ元","prefectureEn":"NAGASAKI KEN","cityEn":"GOTO SHI","townEn":"MIIRAKUMACHI FUCHINOMOTO"},"8530611":{"prefectureJa":"長崎県","cityJa":"五島市","townJa":"三井楽町嵯峨島","prefectureEn":"NAGASAKI KEN","cityEn":"GOTO SHI","townEn":"MIIRAKUMACHI SAGANOSHIMA"},"8530612":{"prefectureJa":"長崎県","cityJa":"五島市","townJa":"三井楽町高崎","prefectureEn":"NAGASAKI KEN","cityEn":"GOTO SHI","townEn":"MIIRAKUMACHI TAKASAKI"},"8530613":{"prefectureJa":"長崎県","cityJa":"五島市","townJa":"三井楽町塩水","prefectureEn":"NAGASAKI KEN","cityEn":"GOTO SHI","townEn":"MIIRAKUMACHI SHIOMIZU"},"8530701":{"prefectureJa":"長崎県","cityJa":"五島市","townJa":"岐宿町岐宿","prefectureEn":"NAGASAKI KEN","cityEn":"GOTO SHI","townEn":"KISHIKUMACHI KISHIKU"},"8530702":{"prefectureJa":"長崎県","cityJa":"五島市","townJa":"岐宿町川原","prefectureEn":"NAGASAKI KEN","cityEn":"GOTO SHI","townEn":"KISHIKUMACHI KAWARA"},"8530703":{"prefectureJa":"長崎県","cityJa":"五島市","townJa":"岐宿町楠原","prefectureEn":"NAGASAKI KEN","cityEn":"GOTO SHI","townEn":"KISHIKUMACHI KUSUHARA"},"8530704":{"prefectureJa":"長崎県","cityJa":"五島市","townJa":"岐宿町河務","prefectureEn":"NAGASAKI KEN","cityEn":"GOTO SHI","townEn":"KISHIKUMACHI KOMU"},"8530705":{"prefectureJa":"長崎県","cityJa":"五島市","townJa":"岐宿町戸岐ノ首","prefectureEn":"NAGASAKI KEN","cityEn":"GOTO SHI","townEn":"KISHIKUMACHI TOGINOKUBI"},"8530706":{"prefectureJa":"長崎県","cityJa":"五島市","townJa":"岐宿町唐船ノ浦","prefectureEn":"NAGASAKI KEN","cityEn":"GOTO SHI","townEn":"KISHIKUMACHI TOSENNORA"},"8532171":{"prefectureJa":"長崎県","cityJa":"五島市","townJa":"久賀町","prefectureEn":"NAGASAKI KEN","cityEn":"GOTO SHI","townEn":"HISAKACHO"},"8532172":{"prefectureJa":"長崎県","cityJa":"五島市","townJa":"蕨町","prefectureEn":"NAGASAKI KEN","cityEn":"GOTO SHI","townEn":"WARABICHO"},"8532173":{"prefectureJa":"長崎県","cityJa":"五島市","townJa":"田ノ浦町","prefectureEn":"NAGASAKI KEN","cityEn":"GOTO SHI","townEn":"TANORACHO"},"8532174":{"prefectureJa":"長崎県","cityJa":"五島市","townJa":"猪之木町","prefectureEn":"NAGASAKI KEN","cityEn":"GOTO SHI","townEn":"INOKICHO"},"8532201":{"prefectureJa":"長崎県","cityJa":"五島市","townJa":"奈留町浦","prefectureEn":"NAGASAKI KEN","cityEn":"GOTO SHI","townEn":"NARUMACHI URA"},"8532202":{"prefectureJa":"長崎県","cityJa":"五島市","townJa":"奈留町大串","prefectureEn":"NAGASAKI KEN","cityEn":"GOTO SHI","townEn":"NARUMACHI OKUSHI"},"8532203":{"prefectureJa":"長崎県","cityJa":"五島市","townJa":"奈留町泊","prefectureEn":"NAGASAKI KEN","cityEn":"GOTO SHI","townEn":"NARUMACHI TOMARI"},"8532204":{"prefectureJa":"長崎県","cityJa":"五島市","townJa":"奈留町船廻","prefectureEn":"NAGASAKI KEN","cityEn":"GOTO SHI","townEn":"NARUMACHI FUNAMAWARI"},"8532301":{"prefectureJa":"長崎県","cityJa":"南松浦郡新上五島町","townJa":"若松郷","prefectureEn":"NAGASAKI KEN","cityEn":"MINAMIMATSURA GUN SHINKAMIGOTO CHO","townEn":"WAKAMATSUGO"},"8532302":{"prefectureJa":"長崎県","cityJa":"南松浦郡新上五島町","townJa":"桐古里郷","prefectureEn":"NAGASAKI KEN","cityEn":"MINAMIMATSURA GUN SHINKAMIGOTO CHO","townEn":"KIRIFURUSATOGO"},"8532303":{"prefectureJa":"長崎県","cityJa":"南松浦郡新上五島町","townJa":"宿ノ浦郷","prefectureEn":"NAGASAKI KEN","cityEn":"MINAMIMATSURA GUN SHINKAMIGOTO CHO","townEn":"SHUKUNORAGO"},"8532304":{"prefectureJa":"長崎県","cityJa":"南松浦郡新上五島町","townJa":"荒川郷","prefectureEn":"NAGASAKI KEN","cityEn":"MINAMIMATSURA GUN SHINKAMIGOTO CHO","townEn":"ARAKAWAGO"},"8532305":{"prefectureJa":"長崎県","cityJa":"南松浦郡新上五島町","townJa":"西神ノ浦郷","prefectureEn":"NAGASAKI KEN","cityEn":"MINAMIMATSURA GUN SHINKAMIGOTO CHO","townEn":"NISHIKONORAGO"},"8532311":{"prefectureJa":"長崎県","cityJa":"南松浦郡新上五島町","townJa":"榊ノ浦郷","prefectureEn":"NAGASAKI KEN","cityEn":"MINAMIMATSURA GUN SHINKAMIGOTO CHO","townEn":"SAKAKINORAGO"},"8532312":{"prefectureJa":"長崎県","cityJa":"南松浦郡新上五島町","townJa":"日島郷","prefectureEn":"NAGASAKI KEN","cityEn":"MINAMIMATSURA GUN SHINKAMIGOTO CHO","townEn":"HINOSHIMAGO"},"8532313":{"prefectureJa":"長崎県","cityJa":"南松浦郡新上五島町","townJa":"有福郷","prefectureEn":"NAGASAKI KEN","cityEn":"MINAMIMATSURA GUN SHINKAMIGOTO CHO","townEn":"ARIFUKUGO"},"8532314":{"prefectureJa":"長崎県","cityJa":"南松浦郡新上五島町","townJa":"漁生浦郷","prefectureEn":"NAGASAKI KEN","cityEn":"MINAMIMATSURA GUN SHINKAMIGOTO CHO","townEn":"RYOSEURAGO"},"8532315":{"prefectureJa":"長崎県","cityJa":"南松浦郡新上五島町","townJa":"間伏郷","prefectureEn":"NAGASAKI KEN","cityEn":"MINAMIMATSURA GUN SHINKAMIGOTO CHO","townEn":"MABUSHIGO"},"8532481":{"prefectureJa":"長崎県","cityJa":"五島市","townJa":"伊福貴町","prefectureEn":"NAGASAKI KEN","cityEn":"GOTO SHI","townEn":"IFUKICHO"},"8532482":{"prefectureJa":"長崎県","cityJa":"五島市","townJa":"本窯町","prefectureEn":"NAGASAKI KEN","cityEn":"GOTO SHI","townEn":"MOTOGAMACHO"},"8533101":{"prefectureJa":"長崎県","cityJa":"南松浦郡新上五島町","townJa":"奈良尾郷","prefectureEn":"NAGASAKI KEN","cityEn":"MINAMIMATSURA GUN SHINKAMIGOTO CHO","townEn":"NARAOGO"},"8533102":{"prefectureJa":"長崎県","cityJa":"南松浦郡新上五島町","townJa":"岩瀬浦郷","prefectureEn":"NAGASAKI KEN","cityEn":"MINAMIMATSURA GUN SHINKAMIGOTO CHO","townEn":"IWASEURAGO"},"8533321":{"prefectureJa":"長崎県","cityJa":"南松浦郡新上五島町","townJa":"鯛ノ浦郷","prefectureEn":"NAGASAKI KEN","cityEn":"MINAMIMATSURA GUN SHINKAMIGOTO CHO","townEn":"TAINORAGO"},"8533322":{"prefectureJa":"長崎県","cityJa":"南松浦郡新上五島町","townJa":"阿瀬津郷","prefectureEn":"NAGASAKI KEN","cityEn":"MINAMIMATSURA GUN SHINKAMIGOTO CHO","townEn":"AZETSUGO"},"8533323":{"prefectureJa":"長崎県","cityJa":"南松浦郡新上五島町","townJa":"東神ノ浦郷","prefectureEn":"NAGASAKI KEN","cityEn":"MINAMIMATSURA GUN SHINKAMIGOTO CHO","townEn":"HIGASHIKONORAGO"}}