{"8240000":{"prefectureJa":"福岡県","cityJa":"行橋市","townJa":"以下に掲載がない場合","prefectureEn":"FUKUOKA KEN","cityEn":"YUKUHASHI SHI","townEn":"IKANIKEISAIGANAIBAAI"},"8240001":{"prefectureJa":"福岡県","cityJa":"行橋市","townJa":"行事","prefectureEn":"FUKUOKA KEN","cityEn":"YUKUHASHI SHI","townEn":"GYOJI"},"8240002":{"prefectureJa":"福岡県","cityJa":"行橋市","townJa":"東大橋","prefectureEn":"FUKUOKA KEN","cityEn":"YUKUHASHI SHI","townEn":"HIGASHIOHASHI"},"8240003":{"prefectureJa":"福岡県","cityJa":"行橋市","townJa":"大橋","prefectureEn":"FUKUOKA KEN","cityEn":"YUKUHASHI SHI","townEn":"OHASHI"},"8240004":{"prefectureJa":"福岡県","cityJa":"行橋市","townJa":"金屋","prefectureEn":"FUKUOKA KEN","cityEn":"YUKUHASHI SHI","townEn":"KANAYA"},"8240005":{"prefectureJa":"福岡県","cityJa":"行橋市","townJa":"中央","prefectureEn":"FUKUOKA KEN","cityEn":"YUKUHASHI SHI","townEn":"CHUO"},"8240006":{"prefectureJa":"福岡県","cityJa":"行橋市","townJa":"門樋町","prefectureEn":"FUKUOKA KEN","cityEn":"YUKUHASHI SHI","townEn":"MOMPIMACHI"},"8240007":{"prefectureJa":"福岡県","cityJa":"行橋市","townJa":"神田町","prefectureEn":"FUKUOKA KEN","cityEn":"YUKUHASHI SHI","townEn":"JINDEMMACHI"},"8240008":{"prefectureJa":"福岡県","cityJa":"行橋市","townJa":"宮市町","prefectureEn":"FUKUOKA KEN","cityEn":"YUKUHASHI SHI","townEn":"MIYAICHIMACHI"},"8240011":{"prefectureJa":"福岡県","cityJa":"行橋市","townJa":"蓑島","prefectureEn":"FUKUOKA KEN","cityEn":"YUKUHASHI SHI","townEn":"MINOSHIMA"},"8240012":{"prefectureJa":"福岡県","cityJa":"行橋市","townJa":"文久","prefectureEn":"FUKUOKA KEN","cityEn":"YUKUHASHI SHI","townEn":"BUNKYU"},"8240013":{"prefectureJa":"福岡県","cityJa":"行橋市","townJa":"沓尾","prefectureEn":"FUKUOKA KEN","cityEn":"YUKUHASHI SHI","townEn":"KUTSUO"},"8240014":{"prefectureJa":"福岡県","cityJa":"行橋市","townJa":"長井","prefectureEn":"FUKUOKA KEN","cityEn":"YUKUHASHI SHI","townEn":"NAGAI"},"8240015":{"prefectureJa":"福岡県","cityJa":"行橋市","townJa":"元永","prefectureEn":"FUKUOKA KEN","cityEn":"YUKUHASHI SHI","townEn":"MOTONAGA"},"8240016":{"prefectureJa":"福岡県","cityJa":"行橋市","townJa":"津留","prefectureEn":"FUKUOKA KEN","cityEn":"YUKUHASHI SHI","townEn":"TSURU"},"8240017":{"prefectureJa":"福岡県","cityJa":"行橋市","townJa":"真菰","prefectureEn":"FUKUOKA KEN","cityEn":"YUKUHASHI SHI","townEn":"MAKOMO"},"8240018":{"prefectureJa":"福岡県","cityJa":"行橋市","townJa":"今井","prefectureEn":"FUKUOKA KEN","cityEn":"YUKUHASHI SHI","townEn":"IMAI"},"8240021":{"prefectureJa":"福岡県","cityJa":"行橋市","townJa":"馬場","prefectureEn":"FUKUOKA KEN","cityEn":"YUKUHASHI SHI","townEn":"BABA"},"8240022":{"prefectureJa":"福岡県","cityJa":"行橋市","townJa":"稲童","prefectureEn":"FUKUOKA KEN","cityEn":"YUKUHASHI SHI","townEn":"INADO"},"8240023":{"prefectureJa":"福岡県","cityJa":"行橋市","townJa":"松原","prefectureEn":"FUKUOKA KEN","cityEn":"YUKUHASHI SHI","townEn":"MATSUBARA"},"8240024":{"prefectureJa":"福岡県","cityJa":"行橋市","townJa":"袋迫","prefectureEn":"FUKUOKA KEN","cityEn":"YUKUHASHI SHI","townEn":"FUKUROSAKO"},"8240025":{"prefectureJa":"福岡県","cityJa":"行橋市","townJa":"東徳永","prefectureEn":"FUKUOKA KEN","cityEn":"YUKUHASHI SHI","townEn":"HIGASHITOKUNAGA"},"8240026":{"prefectureJa":"福岡県","cityJa":"行橋市","townJa":"道場寺","prefectureEn":"FUKUOKA KEN","cityEn":"YUKUHASHI SHI","townEn":"DOJOJI"},"8240027":{"prefectureJa":"福岡県","cityJa":"行橋市","townJa":"高瀬","prefectureEn":"FUKUOKA KEN","cityEn":"YUKUHASHI SHI","townEn":"TAKASE"},"8240028":{"prefectureJa":"福岡県","cityJa":"行橋市","townJa":"辻垣","prefectureEn":"FUKUOKA KEN","cityEn":"YUKUHASHI SHI","townEn":"TSUJIKAKI"},"8240031":{"prefectureJa":"福岡県","cityJa":"行橋市","townJa":"西宮市","prefectureEn":"FUKUOKA KEN","cityEn":"YUKUHASHI SHI","townEn":"NISHIMIYAICHI"},"8240032":{"prefectureJa":"福岡県","cityJa":"行橋市","townJa":"南大橋","prefectureEn":"FUKUOKA KEN","cityEn":"YUKUHASHI SHI","townEn":"MINAMIOHASHI"},"8240033":{"prefectureJa":"福岡県","cityJa":"行橋市","townJa":"北泉","prefectureEn":"FUKUOKA KEN","cityEn":"YUKUHASHI SHI","townEn":"KITAIZUMI"},"8240034":{"prefectureJa":"福岡県","cityJa":"行橋市","townJa":"泉中央","prefectureEn":"FUKUOKA KEN","cityEn":"YUKUHASHI SHI","townEn":"IZUMICHUO"},"8240035":{"prefectureJa":"福岡県","cityJa":"行橋市","townJa":"東泉","prefectureEn":"FUKUOKA KEN","cityEn":"YUKUHASHI SHI","townEn":"HIGASHIIZUMI"},"8240036":{"prefectureJa":"福岡県","cityJa":"行橋市","townJa":"南泉","prefectureEn":"FUKUOKA KEN","cityEn":"YUKUHASHI SHI","townEn":"MINAMIIZUMI"},"8240037":{"prefectureJa":"福岡県","cityJa":"行橋市","townJa":"矢留","prefectureEn":"FUKUOKA KEN","cityEn":"YUKUHASHI SHI","townEn":"YADOMI"},"8240038":{"prefectureJa":"福岡県","cityJa":"行橋市","townJa":"西泉","prefectureEn":"FUKUOKA KEN","cityEn":"YUKUHASHI SHI","townEn":"NISHIIZUMI"},"8240041":{"prefectureJa":"福岡県","cityJa":"行橋市","townJa":"大野井","prefectureEn":"FUKUOKA KEN","cityEn":"YUKUHASHI SHI","townEn":"ONOI"},"8240042":{"prefectureJa":"福岡県","cityJa":"行橋市","townJa":"寺畔","prefectureEn":"FUKUOKA KEN","cityEn":"YUKUHASHI SHI","townEn":"TERANAWATE"},"8240043":{"prefectureJa":"福岡県","cityJa":"行橋市","townJa":"流末","prefectureEn":"FUKUOKA KEN","cityEn":"YUKUHASHI SHI","townEn":"RYUMATSU"},"8240044":{"prefectureJa":"福岡県","cityJa":"行橋市","townJa":"天生田","prefectureEn":"FUKUOKA KEN","cityEn":"YUKUHASHI SHI","townEn":"AMODA"},"8240045":{"prefectureJa":"福岡県","cityJa":"行橋市","townJa":"大谷","prefectureEn":"FUKUOKA KEN","cityEn":"YUKUHASHI SHI","townEn":"OTANI"},"8240046":{"prefectureJa":"福岡県","cityJa":"行橋市","townJa":"西谷","prefectureEn":"FUKUOKA KEN","cityEn":"YUKUHASHI SHI","townEn":"NISHITANI"},"8240047":{"prefectureJa":"福岡県","cityJa":"行橋市","townJa":"津積","prefectureEn":"FUKUOKA KEN","cityEn":"YUKUHASHI SHI","townEn":"TSUTSUMI"},"8240048":{"prefectureJa":"福岡県","cityJa":"行橋市","townJa":"宝山","prefectureEn":"FUKUOKA KEN","cityEn":"YUKUHASHI SHI","townEn":"TAKARAYAMA"},"8240049":{"prefectureJa":"福岡県","cityJa":"行橋市","townJa":"福原","prefectureEn":"FUKUOKA KEN","cityEn":"YUKUHASHI SHI","townEn":"FUKUBARU"},"8240051":{"prefectureJa":"福岡県","cityJa":"行橋市","townJa":"下検地","prefectureEn":"FUKUOKA KEN","cityEn":"YUKUHASHI SHI","townEn":"SHIMOKENJI"},"8240052":{"prefectureJa":"福岡県","cityJa":"行橋市","townJa":"上検地","prefectureEn":"FUKUOKA KEN","cityEn":"YUKUHASHI SHI","townEn":"KAMIKENJI"},"8240053":{"prefectureJa":"福岡県","cityJa":"行橋市","townJa":"中川","prefectureEn":"FUKUOKA KEN","cityEn":"YUKUHASHI SHI","townEn":"NAKAGAWA"},"8240054":{"prefectureJa":"福岡県","cityJa":"行橋市","townJa":"下稗田","prefectureEn":"FUKUOKA KEN","cityEn":"YUKUHASHI SHI","townEn":"SHIMOHIEDA"},"8240055":{"prefectureJa":"福岡県","cityJa":"行橋市","townJa":"上稗田","prefectureEn":"FUKUOKA KEN","cityEn":"YUKUHASHI SHI","townEn":"KAMIHIEDA"},"8240056":{"prefectureJa":"福岡県","cityJa":"行橋市","townJa":"前田","prefectureEn":"FUKUOKA KEN","cityEn":"YUKUHASHI SHI","townEn":"MAEDA"},"8240057":{"prefectureJa":"福岡県","cityJa":"行橋市","townJa":"宮の杜","prefectureEn":"FUKUOKA KEN","cityEn":"YUKUHASHI SHI","townEn":"MIYANOMORI"},"8240058":{"prefectureJa":"福岡県","cityJa":"行橋市","townJa":"長木","prefectureEn":"FUKUOKA KEN","cityEn":"YUKUHASHI SHI","townEn":"OSAGI"},"8240061":{"prefectureJa":"福岡県","cityJa":"行橋市","townJa":"草野","prefectureEn":"FUKUOKA KEN","cityEn":"YUKUHASHI SHI","townEn":"KUSANO"},"8240062":{"prefectureJa":"福岡県","cityJa":"行橋市","townJa":"下津熊","prefectureEn":"FUKUOKA KEN","cityEn":"YUKUHASHI SHI","townEn":"SHIMOZUKUMA"},"8240063":{"prefectureJa":"福岡県","cityJa":"行橋市","townJa":"中津熊","prefectureEn":"FUKUOKA KEN","cityEn":"YUKUHASHI SHI","townEn":"NAKAZUKUMA"},"8240064":{"prefectureJa":"福岡県","cityJa":"行橋市","townJa":"上津熊","prefectureEn":"FUKUOKA KEN","cityEn":"YUKUHASHI SHI","townEn":"KAMIZUKUMA"},"8240065":{"prefectureJa":"福岡県","cityJa":"行橋市","townJa":"長音寺","prefectureEn":"FUKUOKA KEN","cityEn":"YUKUHASHI SHI","townEn":"CHOONJI"},"8240066":{"prefectureJa":"福岡県","cityJa":"行橋市","townJa":"吉国","prefectureEn":"FUKUOKA KEN","cityEn":"YUKUHASHI SHI","townEn":"YOSHIKUNI"},"8240067":{"prefectureJa":"福岡県","cityJa":"行橋市","townJa":"二塚","prefectureEn":"FUKUOKA KEN","cityEn":"YUKUHASHI SHI","townEn":"FUTAZUKA"},"8240068":{"prefectureJa":"福岡県","cityJa":"行橋市","townJa":"延永","prefectureEn":"FUKUOKA KEN","cityEn":"YUKUHASHI SHI","townEn":"NOBUNAGA"},"8240071":{"prefectureJa":"福岡県","cityJa":"行橋市","townJa":"徳永","prefectureEn":"FUKUOKA KEN","cityEn":"YUKUHASHI SHI","townEn":"TOKUNAGA"},"8240072":{"prefectureJa":"福岡県","cityJa":"行橋市","townJa":"須磨園","prefectureEn":"FUKUOKA KEN","cityEn":"YUKUHASHI SHI","townEn":"SUMAZONO"},"8240073":{"prefectureJa":"福岡県","cityJa":"行橋市","townJa":"福丸","prefectureEn":"FUKUOKA KEN","cityEn":"YUKUHASHI SHI","townEn":"FUKUMARU"},"8240074":{"prefectureJa":"福岡県","cityJa":"行橋市","townJa":"常松","prefectureEn":"FUKUOKA KEN","cityEn":"YUKUHASHI SHI","townEn":"TSUNEMATSU"},"8240075":{"prefectureJa":"福岡県","cityJa":"行橋市","townJa":"長尾","prefectureEn":"FUKUOKA KEN","cityEn":"YUKUHASHI SHI","townEn":"NAGAO"},"8240076":{"prefectureJa":"福岡県","cityJa":"行橋市","townJa":"下崎","prefectureEn":"FUKUOKA KEN","cityEn":"YUKUHASHI SHI","townEn":"SHIMOSAKI"},"8240077":{"prefectureJa":"福岡県","cityJa":"行橋市","townJa":"入覚","prefectureEn":"FUKUOKA KEN","cityEn":"YUKUHASHI SHI","townEn":"NYUGAKU"},"8240078":{"prefectureJa":"福岡県","cityJa":"行橋市","townJa":"高来","prefectureEn":"FUKUOKA KEN","cityEn":"YUKUHASHI SHI","townEn":"TAKAKU"},"8240079":{"prefectureJa":"福岡県","cityJa":"行橋市","townJa":"矢山","prefectureEn":"FUKUOKA KEN","cityEn":"YUKUHASHI SHI","townEn":"YAYAMA"},"8240101":{"prefectureJa":"福岡県","cityJa":"京都郡みやこ町","townJa":"徳永","prefectureEn":"FUKUOKA KEN","cityEn":"MIYAKO GUN MIYAKO MACHI","townEn":"TOKUNAGA"},"8240102":{"prefectureJa":"福岡県","cityJa":"京都郡みやこ町","townJa":"呰見","prefectureEn":"FUKUOKA KEN","cityEn":"MIYAKO GUN MIYAKO MACHI","townEn":"AZAMI"},"8240103":{"prefectureJa":"福岡県","cityJa":"京都郡みやこ町","townJa":"下原","prefectureEn":"FUKUOKA KEN","cityEn":"MIYAKO GUN MIYAKO MACHI","townEn":"SHIMOBARU"},"8240104":{"prefectureJa":"福岡県","cityJa":"京都郡みやこ町","townJa":"綾野","prefectureEn":"FUKUOKA KEN","cityEn":"MIYAKO GUN MIYAKO MACHI","townEn":"AYANO"},"8240105":{"prefectureJa":"福岡県","cityJa":"京都郡みやこ町","townJa":"徳政","prefectureEn":"FUKUOKA KEN","cityEn":"MIYAKO GUN MIYAKO MACHI","townEn":"TOKUSEI"},"8240106":{"prefectureJa":"福岡県","cityJa":"京都郡みやこ町","townJa":"有久","prefectureEn":"FUKUOKA KEN","cityEn":"MIYAKO GUN MIYAKO MACHI","townEn":"ARIHISA"},"8240107":{"prefectureJa":"福岡県","cityJa":"京都郡みやこ町","townJa":"田中","prefectureEn":"FUKUOKA KEN","cityEn":"MIYAKO GUN MIYAKO MACHI","townEn":"TANAKA"},"8240111":{"prefectureJa":"福岡県","cityJa":"京都郡みやこ町","townJa":"上坂","prefectureEn":"FUKUOKA KEN","cityEn":"MIYAKO GUN MIYAKO MACHI","townEn":"KAMISAKA"},"8240112":{"prefectureJa":"福岡県","cityJa":"京都郡みやこ町","townJa":"上原","prefectureEn":"FUKUOKA KEN","cityEn":"MIYAKO GUN MIYAKO MACHI","townEn":"KAMBARU"},"8240113":{"prefectureJa":"福岡県","cityJa":"京都郡みやこ町","townJa":"吉岡","prefectureEn":"FUKUOKA KEN","cityEn":"MIYAKO GUN MIYAKO MACHI","townEn":"YOSHIOKA"},"8240114":{"prefectureJa":"福岡県","cityJa":"京都郡みやこ町","townJa":"節丸","prefectureEn":"FUKUOKA KEN","cityEn":"MIYAKO GUN MIYAKO MACHI","townEn":"SETSUMARU"},"8240115":{"prefectureJa":"福岡県","cityJa":"京都郡みやこ町","townJa":"光冨","prefectureEn":"FUKUOKA KEN","cityEn":"MIYAKO GUN MIYAKO MACHI","townEn":"MITSUDOMI"},"8240121":{"prefectureJa":"福岡県","cityJa":"京都郡みやこ町","townJa":"豊津","prefectureEn":"FUKUOKA KEN","cityEn":"MIYAKO GUN MIYAKO MACHI","townEn":"TOYOTSU"},"8240122":{"prefectureJa":"福岡県","cityJa":"京都郡みやこ町","townJa":"彦徳","prefectureEn":"FUKUOKA KEN","cityEn":"MIYAKO GUN MIYAKO MACHI","townEn":"KENDOKU"},"8240123":{"prefectureJa":"福岡県","cityJa":"京都郡みやこ町","townJa":"国分","prefectureEn":"FUKUOKA KEN","cityEn":"MIYAKO GUN MIYAKO MACHI","townEn":"KOKUBU"},"8240124":{"prefectureJa":"福岡県","cityJa":"京都郡みやこ町","townJa":"惣社","prefectureEn":"FUKUOKA KEN","cityEn":"MIYAKO GUN MIYAKO MACHI","townEn":"SOSHA"},"8240125":{"prefectureJa":"福岡県","cityJa":"京都郡みやこ町","townJa":"国作","prefectureEn":"FUKUOKA KEN","cityEn":"MIYAKO GUN MIYAKO MACHI","townEn":"KOKUSAKU"},"8240201":{"prefectureJa":"福岡県","cityJa":"京都郡みやこ町","townJa":"犀川下高屋","prefectureEn":"FUKUOKA KEN","cityEn":"MIYAKO GUN MIYAKO MACHI","townEn":"SAIGAWA SHIMOTAKAYA"},"8240202":{"prefectureJa":"福岡県","cityJa":"京都郡みやこ町","townJa":"犀川上高屋","prefectureEn":"FUKUOKA KEN","cityEn":"MIYAKO GUN MIYAKO MACHI","townEn":"SAIGAWA KAMITAKAYA"},"8240203":{"prefectureJa":"福岡県","cityJa":"京都郡みやこ町","townJa":"犀川続命院","prefectureEn":"FUKUOKA KEN","cityEn":"MIYAKO GUN MIYAKO MACHI","townEn":"SAIGAWA ZOKUMYOIN"},"8240204":{"prefectureJa":"福岡県","cityJa":"京都郡みやこ町","townJa":"犀川末江","prefectureEn":"FUKUOKA KEN","cityEn":"MIYAKO GUN MIYAKO MACHI","townEn":"SAIGAWA SUE"},"8240205":{"prefectureJa":"福岡県","cityJa":"京都郡みやこ町","townJa":"犀川久富","prefectureEn":"FUKUOKA KEN","cityEn":"MIYAKO GUN MIYAKO MACHI","townEn":"SAIGAWA HISADOMI"},"8240206":{"prefectureJa":"福岡県","cityJa":"京都郡みやこ町","townJa":"犀川八ツ溝","prefectureEn":"FUKUOKA KEN","cityEn":"MIYAKO GUN MIYAKO MACHI","townEn":"SAIGAWA YATSUMIZO"},"8240207":{"prefectureJa":"福岡県","cityJa":"京都郡みやこ町","townJa":"蔵持","prefectureEn":"FUKUOKA KEN","cityEn":"MIYAKO GUN MIYAKO MACHI","townEn":"KURAMOCHI"},"8240211":{"prefectureJa":"福岡県","cityJa":"京都郡みやこ町","townJa":"今里","prefectureEn":"FUKUOKA KEN","cityEn":"MIYAKO GUN MIYAKO MACHI","townEn":"IMASATO"},"8240212":{"prefectureJa":"福岡県","cityJa":"京都郡みやこ町","townJa":"犀川大熊","prefectureEn":"FUKUOKA KEN","cityEn":"MIYAKO GUN MIYAKO MACHI","townEn":"SAIGAWA OKUMA"},"8240213":{"prefectureJa":"福岡県","cityJa":"京都郡みやこ町","townJa":"犀川喜多良","prefectureEn":"FUKUOKA KEN","cityEn":"MIYAKO GUN MIYAKO MACHI","townEn":"SAIGAWA KITARA"},"8240214":{"prefectureJa":"福岡県","cityJa":"京都郡みやこ町","townJa":"犀川鐙畑","prefectureEn":"FUKUOKA KEN","cityEn":"MIYAKO GUN MIYAKO MACHI","townEn":"SAIGAWA ABUMIHATA"},"8240215":{"prefectureJa":"福岡県","cityJa":"京都郡みやこ町","townJa":"犀川生立","prefectureEn":"FUKUOKA KEN","cityEn":"MIYAKO GUN MIYAKO MACHI","townEn":"SAIGAWA OITATSU"},"8240216":{"prefectureJa":"福岡県","cityJa":"京都郡みやこ町","townJa":"犀川谷口","prefectureEn":"FUKUOKA KEN","cityEn":"MIYAKO GUN MIYAKO MACHI","townEn":"SAIGAWA TANIGUCHI"},"8240217":{"prefectureJa":"福岡県","cityJa":"京都郡みやこ町","townJa":"犀川古川","prefectureEn":"FUKUOKA KEN","cityEn":"MIYAKO GUN MIYAKO MACHI","townEn":"SAIGAWA FURUKAWA"},"8240221":{"prefectureJa":"福岡県","cityJa":"京都郡みやこ町","townJa":"犀川山鹿","prefectureEn":"FUKUOKA KEN","cityEn":"MIYAKO GUN MIYAKO MACHI","townEn":"SAIGAWA YAMAGA"},"8240222":{"prefectureJa":"福岡県","cityJa":"京都郡みやこ町","townJa":"犀川大村","prefectureEn":"FUKUOKA KEN","cityEn":"MIYAKO GUN MIYAKO MACHI","townEn":"SAIGAWA OMURA"},"8240223":{"prefectureJa":"福岡県","cityJa":"京都郡みやこ町","townJa":"犀川柳瀬","prefectureEn":"FUKUOKA KEN","cityEn":"MIYAKO GUN MIYAKO MACHI","townEn":"SAIGAWA YANASE"},"8240224":{"prefectureJa":"福岡県","cityJa":"京都郡みやこ町","townJa":"犀川崎山","prefectureEn":"FUKUOKA KEN","cityEn":"MIYAKO GUN MIYAKO MACHI","townEn":"SAIGAWA SAKIYAMA"},"8240225":{"prefectureJa":"福岡県","cityJa":"京都郡みやこ町","townJa":"犀川大坂","prefectureEn":"FUKUOKA KEN","cityEn":"MIYAKO GUN MIYAKO MACHI","townEn":"SAIGAWA OSAKA"},"8240226":{"prefectureJa":"福岡県","cityJa":"京都郡みやこ町","townJa":"松坂","prefectureEn":"FUKUOKA KEN","cityEn":"MIYAKO GUN MIYAKO MACHI","townEn":"MATSUSAKA"},"8240231":{"prefectureJa":"福岡県","cityJa":"京都郡みやこ町","townJa":"犀川本庄","prefectureEn":"FUKUOKA KEN","cityEn":"MIYAKO GUN MIYAKO MACHI","townEn":"SAIGAWA HONJO"},"8240232":{"prefectureJa":"福岡県","cityJa":"京都郡みやこ町","townJa":"桜台","prefectureEn":"FUKUOKA KEN","cityEn":"MIYAKO GUN MIYAKO MACHI","townEn":"SAKURADAI"},"8240233":{"prefectureJa":"福岡県","cityJa":"京都郡みやこ町","townJa":"犀川花熊","prefectureEn":"FUKUOKA KEN","cityEn":"MIYAKO GUN MIYAKO MACHI","townEn":"SAIGAWA HANAGUMA"},"8240234":{"prefectureJa":"福岡県","cityJa":"京都郡みやこ町","townJa":"下高屋団地","prefectureEn":"FUKUOKA KEN","cityEn":"MIYAKO GUN MIYAKO MACHI","townEn":"SHIMOTAKAYADANCHI"},"8240235":{"prefectureJa":"福岡県","cityJa":"京都郡みやこ町","townJa":"犀川木山","prefectureEn":"FUKUOKA KEN","cityEn":"MIYAKO GUN MIYAKO MACHI","townEn":"SAIGAWA KIYAMA"},"8240241":{"prefectureJa":"福岡県","cityJa":"京都郡みやこ町","townJa":"犀川内垣","prefectureEn":"FUKUOKA KEN","cityEn":"MIYAKO GUN MIYAKO MACHI","townEn":"SAIGAWA UCHIGAKI"},"8240242":{"prefectureJa":"福岡県","cityJa":"京都郡みやこ町","townJa":"犀川犬丸","prefectureEn":"FUKUOKA KEN","cityEn":"MIYAKO GUN MIYAKO MACHI","townEn":"SAIGAWA INUMARU"},"8240243":{"prefectureJa":"福岡県","cityJa":"京都郡みやこ町","townJa":"犀川木井馬場","prefectureEn":"FUKUOKA KEN","cityEn":"MIYAKO GUN MIYAKO MACHI","townEn":"SAIGAWA KIIBABA"},"8240244":{"prefectureJa":"福岡県","cityJa":"京都郡みやこ町","townJa":"犀川横瀬","prefectureEn":"FUKUOKA KEN","cityEn":"MIYAKO GUN MIYAKO MACHI","townEn":"SAIGAWA YOKOSE"},"8240251":{"prefectureJa":"福岡県","cityJa":"京都郡みやこ町","townJa":"犀川下伊良原","prefectureEn":"FUKUOKA KEN","cityEn":"MIYAKO GUN MIYAKO MACHI","townEn":"SAIGAWA SHIMOIRAHARA"},"8240252":{"prefectureJa":"福岡県","cityJa":"京都郡みやこ町","townJa":"犀川上伊良原","prefectureEn":"FUKUOKA KEN","cityEn":"MIYAKO GUN MIYAKO MACHI","townEn":"SAIGAWA KAMIIRAHARA"},"8240253":{"prefectureJa":"福岡県","cityJa":"京都郡みやこ町","townJa":"犀川帆柱","prefectureEn":"FUKUOKA KEN","cityEn":"MIYAKO GUN MIYAKO MACHI","townEn":"SAIGAWA HOBASHIRA"},"8240254":{"prefectureJa":"福岡県","cityJa":"京都郡みやこ町","townJa":"犀川扇谷","prefectureEn":"FUKUOKA KEN","cityEn":"MIYAKO GUN MIYAKO MACHI","townEn":"SAIGAWA OGIDANI"},"8240400":{"prefectureJa":"福岡県","cityJa":"田川郡赤村","townJa":"以下に掲載がない場合","prefectureEn":"FUKUOKA KEN","cityEn":"TAGAWA GUN AKA MURA","townEn":"IKANIKEISAIGANAIBAAI"},"8240411":{"prefectureJa":"福岡県","cityJa":"田川郡添田町","townJa":"津野","prefectureEn":"FUKUOKA KEN","cityEn":"TAGAWA GUN SOEDA MACHI","townEn":"TSUNO"},"8240431":{"prefectureJa":"福岡県","cityJa":"田川郡赤村","townJa":"赤","prefectureEn":"FUKUOKA KEN","cityEn":"TAGAWA GUN AKA MURA","townEn":"AKA"},"8240432":{"prefectureJa":"福岡県","cityJa":"田川郡赤村","townJa":"内田","prefectureEn":"FUKUOKA KEN","cityEn":"TAGAWA GUN AKA MURA","townEn":"UCHIDA"},"8240500":{"prefectureJa":"福岡県","cityJa":"田川郡大任町","townJa":"以下に掲載がない場合","prefectureEn":"FUKUOKA KEN","cityEn":"TAGAWA GUN OTO MACHI","townEn":"IKANIKEISAIGANAIBAAI"},"8240511":{"prefectureJa":"福岡県","cityJa":"田川郡大任町","townJa":"今任原","prefectureEn":"FUKUOKA KEN","cityEn":"TAGAWA GUN OTO MACHI","townEn":"IMATOBARU"},"8240512":{"prefectureJa":"福岡県","cityJa":"田川郡大任町","townJa":"大行事","prefectureEn":"FUKUOKA KEN","cityEn":"TAGAWA GUN OTO MACHI","townEn":"DAIGYOJI"},"8240600":{"prefectureJa":"福岡県","cityJa":"田川郡添田町","townJa":"以下に掲載がない場合","prefectureEn":"FUKUOKA KEN","cityEn":"TAGAWA GUN SOEDA MACHI","townEn":"IKANIKEISAIGANAIBAAI"},"8240601":{"prefectureJa":"福岡県","cityJa":"田川郡添田町","townJa":"庄","prefectureEn":"FUKUOKA KEN","cityEn":"TAGAWA GUN SOEDA MACHI","townEn":"SHO"},"8240602":{"prefectureJa":"福岡県","cityJa":"田川郡添田町","townJa":"添田","prefectureEn":"FUKUOKA KEN","cityEn":"TAGAWA GUN SOEDA MACHI","townEn":"SOEDA"},"8240603":{"prefectureJa":"福岡県","cityJa":"田川郡添田町","townJa":"中元寺","prefectureEn":"FUKUOKA KEN","cityEn":"TAGAWA GUN SOEDA MACHI","townEn":"CHUGANJI"},"8240604":{"prefectureJa":"福岡県","cityJa":"田川郡添田町","townJa":"野田","prefectureEn":"FUKUOKA KEN","cityEn":"TAGAWA GUN SOEDA MACHI","townEn":"NODA"},"8240721":{"prefectureJa":"福岡県","cityJa":"田川郡添田町","townJa":"英彦山","prefectureEn":"FUKUOKA KEN","cityEn":"TAGAWA GUN SOEDA MACHI","townEn":"HIKOSAN"},"8240722":{"prefectureJa":"福岡県","cityJa":"田川郡添田町","townJa":"落合","prefectureEn":"FUKUOKA KEN","cityEn":"TAGAWA GUN SOEDA MACHI","townEn":"OCHIAI"},"8240723":{"prefectureJa":"福岡県","cityJa":"田川郡添田町","townJa":"桝田","prefectureEn":"FUKUOKA KEN","cityEn":"TAGAWA GUN SOEDA MACHI","townEn":"MASUDA"},"8240800":{"prefectureJa":"福岡県","cityJa":"京都郡みやこ町","townJa":"以下に掲載がない場合","prefectureEn":"FUKUOKA KEN","cityEn":"MIYAKO GUN MIYAKO MACHI","townEn":"IKANIKEISAIGANAIBAAI"},"8240801":{"prefectureJa":"福岡県","cityJa":"京都郡みやこ町","townJa":"勝山大久保","prefectureEn":"FUKUOKA KEN","cityEn":"MIYAKO GUN MIYAKO MACHI","townEn":"KATSUYAMA OKUBO"},"8240802":{"prefectureJa":"福岡県","cityJa":"京都郡みやこ町","townJa":"勝山松田","prefectureEn":"FUKUOKA KEN","cityEn":"MIYAKO GUN MIYAKO MACHI","townEn":"KATSUYAMA MATSUDA"},"8240811":{"prefectureJa":"福岡県","cityJa":"京都郡みやこ町","townJa":"勝山箕田","prefectureEn":"FUKUOKA KEN","cityEn":"MIYAKO GUN MIYAKO MACHI","townEn":"KATSUYAMA MIDA"},"8240812":{"prefectureJa":"福岡県","cityJa":"京都郡みやこ町","townJa":"勝山長川","prefectureEn":"FUKUOKA KEN","cityEn":"MIYAKO GUN MIYAKO MACHI","townEn":"KATSUYAMA NAGAWA"},"8240813":{"prefectureJa":"福岡県","cityJa":"京都郡みやこ町","townJa":"勝山宮原","prefectureEn":"FUKUOKA KEN","cityEn":"MIYAKO GUN MIYAKO MACHI","townEn":"KATSUYAMA MIYABARU"},"8240814":{"prefectureJa":"福岡県","cityJa":"京都郡みやこ町","townJa":"勝山浦河内","prefectureEn":"FUKUOKA KEN","cityEn":"MIYAKO GUN MIYAKO MACHI","townEn":"KATSUYAMA URAGAWACHI"},"8240815":{"prefectureJa":"福岡県","cityJa":"京都郡みやこ町","townJa":"勝山上矢山","prefectureEn":"FUKUOKA KEN","cityEn":"MIYAKO GUN MIYAKO MACHI","townEn":"KATSUYAMA KAMIYAYAMA"},"8240816":{"prefectureJa":"福岡県","cityJa":"京都郡みやこ町","townJa":"勝山矢山","prefectureEn":"FUKUOKA KEN","cityEn":"MIYAKO GUN MIYAKO MACHI","townEn":"KATSUYAMA YAYAMA"},"8240817":{"prefectureJa":"福岡県","cityJa":"京都郡みやこ町","townJa":"勝山岩熊","prefectureEn":"FUKUOKA KEN","cityEn":"MIYAKO GUN MIYAKO MACHI","townEn":"KATSUYAMA IWAGUMA"},"8240818":{"prefectureJa":"福岡県","cityJa":"京都郡みやこ町","townJa":"勝山池田","prefectureEn":"FUKUOKA KEN","cityEn":"MIYAKO GUN MIYAKO MACHI","townEn":"KATSUYAMA IKEDA"},"8240821":{"prefectureJa":"福岡県","cityJa":"京都郡みやこ町","townJa":"勝山上田","prefectureEn":"FUKUOKA KEN","cityEn":"MIYAKO GUN MIYAKO MACHI","townEn":"KATSUYAMA UEDA"},"8240822":{"prefectureJa":"福岡県","cityJa":"京都郡みやこ町","townJa":"勝山黒田","prefectureEn":"FUKUOKA KEN","cityEn":"MIYAKO GUN MIYAKO MACHI","townEn":"KATSUYAMA KURODA"}}