{"6970000":{"prefectureJa":"島根県","cityJa":"浜田市","townJa":"以下に掲載がない場合","prefectureEn":"SHIMANE KEN","cityEn":"HAMADA SHI","townEn":"IKANIKEISAIGANAIBAAI"},"6970001":{"prefectureJa":"島根県","cityJa":"浜田市","townJa":"外ノ浦町","prefectureEn":"SHIMANE KEN","cityEn":"HAMADA SHI","townEn":"TONORACHO"},"6970002":{"prefectureJa":"島根県","cityJa":"浜田市","townJa":"生湯町","prefectureEn":"SHIMANE KEN","cityEn":"HAMADA SHI","townEn":"UBUYUCHO"},"6970003":{"prefectureJa":"島根県","cityJa":"浜田市","townJa":"国分町","prefectureEn":"SHIMANE KEN","cityEn":"HAMADA SHI","townEn":"KOKUBUCHO"},"6970004":{"prefectureJa":"島根県","cityJa":"浜田市","townJa":"久代町","prefectureEn":"SHIMANE KEN","cityEn":"HAMADA SHI","townEn":"KUSHIROCHO"},"6970005":{"prefectureJa":"島根県","cityJa":"浜田市","townJa":"上府町","prefectureEn":"SHIMANE KEN","cityEn":"HAMADA SHI","townEn":"KAMIKOCHO"},"6970006":{"prefectureJa":"島根県","cityJa":"浜田市","townJa":"下府町","prefectureEn":"SHIMANE KEN","cityEn":"HAMADA SHI","townEn":"SHIMOKOCHO"},"6970007":{"prefectureJa":"島根県","cityJa":"浜田市","townJa":"高佐町","prefectureEn":"SHIMANE KEN","cityEn":"HAMADA SHI","townEn":"KOSACHO"},"6970011":{"prefectureJa":"島根県","cityJa":"浜田市","townJa":"後野町","prefectureEn":"SHIMANE KEN","cityEn":"HAMADA SHI","townEn":"USHIRONOCHO"},"6970012":{"prefectureJa":"島根県","cityJa":"浜田市","townJa":"河内町","prefectureEn":"SHIMANE KEN","cityEn":"HAMADA SHI","townEn":"KOCHICHO"},"6970013":{"prefectureJa":"島根県","cityJa":"浜田市","townJa":"三階町","prefectureEn":"SHIMANE KEN","cityEn":"HAMADA SHI","townEn":"SANGAICHO"},"6970014":{"prefectureJa":"島根県","cityJa":"浜田市","townJa":"長見町","prefectureEn":"SHIMANE KEN","cityEn":"HAMADA SHI","townEn":"NAGAMICHO"},"6970015":{"prefectureJa":"島根県","cityJa":"浜田市","townJa":"竹迫町","prefectureEn":"SHIMANE KEN","cityEn":"HAMADA SHI","townEn":"TAKEZAKOCHO"},"6970016":{"prefectureJa":"島根県","cityJa":"浜田市","townJa":"野原町","prefectureEn":"SHIMANE KEN","cityEn":"HAMADA SHI","townEn":"NOBARACHO"},"6970017":{"prefectureJa":"島根県","cityJa":"浜田市","townJa":"原井町","prefectureEn":"SHIMANE KEN","cityEn":"HAMADA SHI","townEn":"HARAICHO"},"6970021":{"prefectureJa":"島根県","cityJa":"浜田市","townJa":"松原町","prefectureEn":"SHIMANE KEN","cityEn":"HAMADA SHI","townEn":"MATSUBARACHO"},"6970022":{"prefectureJa":"島根県","cityJa":"浜田市","townJa":"浅井町","prefectureEn":"SHIMANE KEN","cityEn":"HAMADA SHI","townEn":"ASAICHO"},"6970023":{"prefectureJa":"島根県","cityJa":"浜田市","townJa":"長沢町","prefectureEn":"SHIMANE KEN","cityEn":"HAMADA SHI","townEn":"NAGASAWACHO"},"6970024":{"prefectureJa":"島根県","cityJa":"浜田市","townJa":"黒川町","prefectureEn":"SHIMANE KEN","cityEn":"HAMADA SHI","townEn":"KUROKAWACHO"},"6970025":{"prefectureJa":"島根県","cityJa":"浜田市","townJa":"琵琶町","prefectureEn":"SHIMANE KEN","cityEn":"HAMADA SHI","townEn":"BIWAMACHI"},"6970026":{"prefectureJa":"島根県","cityJa":"浜田市","townJa":"田町","prefectureEn":"SHIMANE KEN","cityEn":"HAMADA SHI","townEn":"TAMACHI"},"6970027":{"prefectureJa":"島根県","cityJa":"浜田市","townJa":"殿町","prefectureEn":"SHIMANE KEN","cityEn":"HAMADA SHI","townEn":"TONOMACHI"},"6970031":{"prefectureJa":"島根県","cityJa":"浜田市","townJa":"紺屋町","prefectureEn":"SHIMANE KEN","cityEn":"HAMADA SHI","townEn":"KONYAMACHI"},"6970032":{"prefectureJa":"島根県","cityJa":"浜田市","townJa":"牛市町","prefectureEn":"SHIMANE KEN","cityEn":"HAMADA SHI","townEn":"USHIICHICHO"},"6970033":{"prefectureJa":"島根県","cityJa":"浜田市","townJa":"朝日町","prefectureEn":"SHIMANE KEN","cityEn":"HAMADA SHI","townEn":"ASAHIMACHI"},"6970034":{"prefectureJa":"島根県","cityJa":"浜田市","townJa":"相生町","prefectureEn":"SHIMANE KEN","cityEn":"HAMADA SHI","townEn":"AIOICHO"},"6970035":{"prefectureJa":"島根県","cityJa":"浜田市","townJa":"杉戸町","prefectureEn":"SHIMANE KEN","cityEn":"HAMADA SHI","townEn":"SUGIDOCHO"},"6970036":{"prefectureJa":"島根県","cityJa":"浜田市","townJa":"天満町","prefectureEn":"SHIMANE KEN","cityEn":"HAMADA SHI","townEn":"TEMMACHO"},"6970037":{"prefectureJa":"島根県","cityJa":"浜田市","townJa":"新町","prefectureEn":"SHIMANE KEN","cityEn":"HAMADA SHI","townEn":"SHIMMACHI"},"6970041":{"prefectureJa":"島根県","cityJa":"浜田市","townJa":"片庭町","prefectureEn":"SHIMANE KEN","cityEn":"HAMADA SHI","townEn":"KATANIWACHO"},"6970042":{"prefectureJa":"島根県","cityJa":"浜田市","townJa":"錦町","prefectureEn":"SHIMANE KEN","cityEn":"HAMADA SHI","townEn":"NISHIKIMACHI"},"6970043":{"prefectureJa":"島根県","cityJa":"浜田市","townJa":"栄町","prefectureEn":"SHIMANE KEN","cityEn":"HAMADA SHI","townEn":"SAKAEMACHI"},"6970044":{"prefectureJa":"島根県","cityJa":"浜田市","townJa":"蛭子町","prefectureEn":"SHIMANE KEN","cityEn":"HAMADA SHI","townEn":"EBISUCHO"},"6970045":{"prefectureJa":"島根県","cityJa":"浜田市","townJa":"京町","prefectureEn":"SHIMANE KEN","cityEn":"HAMADA SHI","townEn":"KYOMACHI"},"6970046":{"prefectureJa":"島根県","cityJa":"浜田市","townJa":"真光町","prefectureEn":"SHIMANE KEN","cityEn":"HAMADA SHI","townEn":"SHINKOCHO"},"6970047":{"prefectureJa":"島根県","cityJa":"浜田市","townJa":"清水町","prefectureEn":"SHIMANE KEN","cityEn":"HAMADA SHI","townEn":"SHIMIZUCHO"},"6970051":{"prefectureJa":"島根県","cityJa":"浜田市","townJa":"瀬戸ケ島町","prefectureEn":"SHIMANE KEN","cityEn":"HAMADA SHI","townEn":"SETOGASHIMACHO"},"6970052":{"prefectureJa":"島根県","cityJa":"浜田市","townJa":"港町","prefectureEn":"SHIMANE KEN","cityEn":"HAMADA SHI","townEn":"MINATOMACHI"},"6970053":{"prefectureJa":"島根県","cityJa":"浜田市","townJa":"大辻町","prefectureEn":"SHIMANE KEN","cityEn":"HAMADA SHI","townEn":"OTSUJICHO"},"6970054":{"prefectureJa":"島根県","cityJa":"浜田市","townJa":"高田町","prefectureEn":"SHIMANE KEN","cityEn":"HAMADA SHI","townEn":"TAKATACHO"},"6970055":{"prefectureJa":"島根県","cityJa":"浜田市","townJa":"元浜町","prefectureEn":"SHIMANE KEN","cityEn":"HAMADA SHI","townEn":"MOTOHAMACHO"},"6970056":{"prefectureJa":"島根県","cityJa":"浜田市","townJa":"原町","prefectureEn":"SHIMANE KEN","cityEn":"HAMADA SHI","townEn":"HARACHO"},"6970057":{"prefectureJa":"島根県","cityJa":"浜田市","townJa":"瀬戸見町","prefectureEn":"SHIMANE KEN","cityEn":"HAMADA SHI","townEn":"SETOMICHO"},"6970061":{"prefectureJa":"島根県","cityJa":"浜田市","townJa":"笠柄町","prefectureEn":"SHIMANE KEN","cityEn":"HAMADA SHI","townEn":"KASAGARACHO"},"6970062":{"prefectureJa":"島根県","cityJa":"浜田市","townJa":"熱田町","prefectureEn":"SHIMANE KEN","cityEn":"HAMADA SHI","townEn":"ATSUTACHO"},"6970063":{"prefectureJa":"島根県","cityJa":"浜田市","townJa":"長浜町","prefectureEn":"SHIMANE KEN","cityEn":"HAMADA SHI","townEn":"NAGAHAMACHO"},"6970064":{"prefectureJa":"島根県","cityJa":"浜田市","townJa":"内田町（百万騎）","prefectureEn":"SHIMANE KEN","cityEn":"HAMADA SHI","townEn":"UCHIDACHO(HYAKUMANKI)"},"6970065":{"prefectureJa":"島根県","cityJa":"浜田市","townJa":"内村町（十文字原）","prefectureEn":"SHIMANE KEN","cityEn":"HAMADA SHI","townEn":"NAIMURACHO(JUMONJIBARA)"},"6970121":{"prefectureJa":"島根県","cityJa":"浜田市","townJa":"金城町下来原","prefectureEn":"SHIMANE KEN","cityEn":"HAMADA SHI","townEn":"KANAGICHO SHIMOKURUBARA"},"6970122":{"prefectureJa":"島根県","cityJa":"浜田市","townJa":"金城町上来原","prefectureEn":"SHIMANE KEN","cityEn":"HAMADA SHI","townEn":"KANAGICHO KAMIKURUBARA"},"6970123":{"prefectureJa":"島根県","cityJa":"浜田市","townJa":"金城町七条","prefectureEn":"SHIMANE KEN","cityEn":"HAMADA SHI","townEn":"KANAGICHO SHICHIJO"},"6970211":{"prefectureJa":"島根県","cityJa":"浜田市","townJa":"金城町波佐","prefectureEn":"SHIMANE KEN","cityEn":"HAMADA SHI","townEn":"KANAGICHO HAZA"},"6970212":{"prefectureJa":"島根県","cityJa":"浜田市","townJa":"金城町長田","prefectureEn":"SHIMANE KEN","cityEn":"HAMADA SHI","townEn":"KANAGICHO NAGATA"},"6970213":{"prefectureJa":"島根県","cityJa":"浜田市","townJa":"金城町小国","prefectureEn":"SHIMANE KEN","cityEn":"HAMADA SHI","townEn":"KANAGICHO OGUNI"},"6970301":{"prefectureJa":"島根県","cityJa":"浜田市","townJa":"金城町追原","prefectureEn":"SHIMANE KEN","cityEn":"HAMADA SHI","townEn":"KANAGICHO OIBARA"},"6970302":{"prefectureJa":"島根県","cityJa":"浜田市","townJa":"金城町今福","prefectureEn":"SHIMANE KEN","cityEn":"HAMADA SHI","townEn":"KANAGICHO IMAFUKU"},"6970303":{"prefectureJa":"島根県","cityJa":"浜田市","townJa":"金城町久佐","prefectureEn":"SHIMANE KEN","cityEn":"HAMADA SHI","townEn":"KANAGICHO KUZA"},"6970304":{"prefectureJa":"島根県","cityJa":"浜田市","townJa":"金城町宇津井","prefectureEn":"SHIMANE KEN","cityEn":"HAMADA SHI","townEn":"KANAGICHO UTSUI"},"6970305":{"prefectureJa":"島根県","cityJa":"浜田市","townJa":"金城町入野","prefectureEn":"SHIMANE KEN","cityEn":"HAMADA SHI","townEn":"KANAGICHO IRINO"},"6970311":{"prefectureJa":"島根県","cityJa":"浜田市","townJa":"佐野町","prefectureEn":"SHIMANE KEN","cityEn":"HAMADA SHI","townEn":"SANOCHO"},"6970312":{"prefectureJa":"島根県","cityJa":"浜田市","townJa":"宇津井町","prefectureEn":"SHIMANE KEN","cityEn":"HAMADA SHI","townEn":"UTSUICHO"},"6970421":{"prefectureJa":"島根県","cityJa":"浜田市","townJa":"旭町山ノ内","prefectureEn":"SHIMANE KEN","cityEn":"HAMADA SHI","townEn":"ASAHICHO YAMANOCHI"},"6970422":{"prefectureJa":"島根県","cityJa":"浜田市","townJa":"旭町本郷","prefectureEn":"SHIMANE KEN","cityEn":"HAMADA SHI","townEn":"ASAHICHO HONGO"},"6970423":{"prefectureJa":"島根県","cityJa":"浜田市","townJa":"旭町重富","prefectureEn":"SHIMANE KEN","cityEn":"HAMADA SHI","townEn":"ASAHICHO SHIGETOMI"},"6970424":{"prefectureJa":"島根県","cityJa":"浜田市","townJa":"旭町和田","prefectureEn":"SHIMANE KEN","cityEn":"HAMADA SHI","townEn":"ASAHICHO WADA"},"6970425":{"prefectureJa":"島根県","cityJa":"浜田市","townJa":"旭町今市","prefectureEn":"SHIMANE KEN","cityEn":"HAMADA SHI","townEn":"ASAHICHO IMAICHI"},"6970426":{"prefectureJa":"島根県","cityJa":"浜田市","townJa":"旭町丸原","prefectureEn":"SHIMANE KEN","cityEn":"HAMADA SHI","townEn":"ASAHICHO MARUBARA"},"6970427":{"prefectureJa":"島根県","cityJa":"浜田市","townJa":"旭町木田","prefectureEn":"SHIMANE KEN","cityEn":"HAMADA SHI","townEn":"ASAHICHO KITA"},"6970431":{"prefectureJa":"島根県","cityJa":"浜田市","townJa":"旭町坂本（その他）","prefectureEn":"SHIMANE KEN","cityEn":"HAMADA SHI","townEn":"ASAHICHO SAKAMOTO(SONOTA)"},"6970511":{"prefectureJa":"島根県","cityJa":"浜田市","townJa":"旭町都川","prefectureEn":"SHIMANE KEN","cityEn":"HAMADA SHI","townEn":"ASAHICHO TSUKAWA"},"6970512":{"prefectureJa":"島根県","cityJa":"浜田市","townJa":"旭町来尾","prefectureEn":"SHIMANE KEN","cityEn":"HAMADA SHI","townEn":"ASAHICHO KITAO"},"6970513":{"prefectureJa":"島根県","cityJa":"浜田市","townJa":"旭町坂本（八ツ木）","prefectureEn":"SHIMANE KEN","cityEn":"HAMADA SHI","townEn":"ASAHICHO SAKAMOTO (YATSUGI)"},"6970514":{"prefectureJa":"島根県","cityJa":"浜田市","townJa":"旭町市木","prefectureEn":"SHIMANE KEN","cityEn":"HAMADA SHI","townEn":"ASAHICHO ICHIGI"},"6970631":{"prefectureJa":"島根県","cityJa":"邑智郡邑南町","townJa":"市木","prefectureEn":"SHIMANE KEN","cityEn":"OCHI GUN ONAN CHO","townEn":"ICHIGI"},"6971121":{"prefectureJa":"島根県","cityJa":"浜田市","townJa":"弥栄町野坂","prefectureEn":"SHIMANE KEN","cityEn":"HAMADA SHI","townEn":"YASAKACHO NOSAKA"},"6971122":{"prefectureJa":"島根県","cityJa":"浜田市","townJa":"弥栄町木都賀","prefectureEn":"SHIMANE KEN","cityEn":"HAMADA SHI","townEn":"YASAKACHO KITSUKA"},"6971123":{"prefectureJa":"島根県","cityJa":"浜田市","townJa":"弥栄町田野原","prefectureEn":"SHIMANE KEN","cityEn":"HAMADA SHI","townEn":"YASAKACHO TANOHARA"},"6971201":{"prefectureJa":"島根県","cityJa":"浜田市","townJa":"弥栄町栃木","prefectureEn":"SHIMANE KEN","cityEn":"HAMADA SHI","townEn":"YASAKACHO TOCHIGI"},"6971202":{"prefectureJa":"島根県","cityJa":"浜田市","townJa":"弥栄町小坂","prefectureEn":"SHIMANE KEN","cityEn":"HAMADA SHI","townEn":"YASAKACHO OSAKA"},"6971203":{"prefectureJa":"島根県","cityJa":"浜田市","townJa":"弥栄町高内","prefectureEn":"SHIMANE KEN","cityEn":"HAMADA SHI","townEn":"YASAKACHO TAKAUCHI"},"6971204":{"prefectureJa":"島根県","cityJa":"浜田市","townJa":"弥栄町門田","prefectureEn":"SHIMANE KEN","cityEn":"HAMADA SHI","townEn":"YASAKACHO KADOTA"},"6971211":{"prefectureJa":"島根県","cityJa":"浜田市","townJa":"弥栄町長安本郷","prefectureEn":"SHIMANE KEN","cityEn":"HAMADA SHI","townEn":"YASAKACHO NAGAYASUHONGO"},"6971212":{"prefectureJa":"島根県","cityJa":"浜田市","townJa":"弥栄町三里","prefectureEn":"SHIMANE KEN","cityEn":"HAMADA SHI","townEn":"YASAKACHO MISATO"},"6971213":{"prefectureJa":"島根県","cityJa":"浜田市","townJa":"弥栄町程原","prefectureEn":"SHIMANE KEN","cityEn":"HAMADA SHI","townEn":"YASAKACHO HODOHARA"},"6971214":{"prefectureJa":"島根県","cityJa":"浜田市","townJa":"弥栄町大坪","prefectureEn":"SHIMANE KEN","cityEn":"HAMADA SHI","townEn":"YASAKACHO OTSUBO"},"6971215":{"prefectureJa":"島根県","cityJa":"浜田市","townJa":"弥栄町稲代","prefectureEn":"SHIMANE KEN","cityEn":"HAMADA SHI","townEn":"YASAKACHO INASHIRO"},"6971321":{"prefectureJa":"島根県","cityJa":"浜田市","townJa":"周布町","prefectureEn":"SHIMANE KEN","cityEn":"HAMADA SHI","townEn":"SUFUCHO"},"6971322":{"prefectureJa":"島根県","cityJa":"浜田市","townJa":"日脚町","prefectureEn":"SHIMANE KEN","cityEn":"HAMADA SHI","townEn":"HINASHICHO"},"6971323":{"prefectureJa":"島根県","cityJa":"浜田市","townJa":"内田町（その他）","prefectureEn":"SHIMANE KEN","cityEn":"HAMADA SHI","townEn":"UCHIDACHO(SONOTA)"},"6971324":{"prefectureJa":"島根県","cityJa":"浜田市","townJa":"穂出町","prefectureEn":"SHIMANE KEN","cityEn":"HAMADA SHI","townEn":"HONODECHO"},"6971325":{"prefectureJa":"島根県","cityJa":"浜田市","townJa":"吉地町","prefectureEn":"SHIMANE KEN","cityEn":"HAMADA SHI","townEn":"YOSHIJICHO"},"6971326":{"prefectureJa":"島根県","cityJa":"浜田市","townJa":"治和町","prefectureEn":"SHIMANE KEN","cityEn":"HAMADA SHI","townEn":"CHIWACHO"},"6971327":{"prefectureJa":"島根県","cityJa":"浜田市","townJa":"津摩町","prefectureEn":"SHIMANE KEN","cityEn":"HAMADA SHI","townEn":"TSUMACHO"},"6971331":{"prefectureJa":"島根県","cityJa":"浜田市","townJa":"内村町（その他）","prefectureEn":"SHIMANE KEN","cityEn":"HAMADA SHI","townEn":"NAIMURACHO(SONOTA)"},"6971332":{"prefectureJa":"島根県","cityJa":"浜田市","townJa":"田橋町","prefectureEn":"SHIMANE KEN","cityEn":"HAMADA SHI","townEn":"TABASECHO"},"6971333":{"prefectureJa":"島根県","cityJa":"浜田市","townJa":"鍋石町","prefectureEn":"SHIMANE KEN","cityEn":"HAMADA SHI","townEn":"NABEISHICHO"},"6971334":{"prefectureJa":"島根県","cityJa":"浜田市","townJa":"櫟田原町","prefectureEn":"SHIMANE KEN","cityEn":"HAMADA SHI","townEn":"ICHIITABARACHO"},"6971335":{"prefectureJa":"島根県","cityJa":"浜田市","townJa":"井野町","prefectureEn":"SHIMANE KEN","cityEn":"HAMADA SHI","townEn":"INOCHO"},"6971336":{"prefectureJa":"島根県","cityJa":"浜田市","townJa":"横山町","prefectureEn":"SHIMANE KEN","cityEn":"HAMADA SHI","townEn":"YOKOYAMACHO"},"6971337":{"prefectureJa":"島根県","cityJa":"浜田市","townJa":"西村町","prefectureEn":"SHIMANE KEN","cityEn":"HAMADA SHI","townEn":"NISHIMURACHO"},"6971338":{"prefectureJa":"島根県","cityJa":"浜田市","townJa":"折居町","prefectureEn":"SHIMANE KEN","cityEn":"HAMADA SHI","townEn":"ORIICHO"}}