{"8500000":{"prefectureJa":"長崎県","cityJa":"長崎市","townJa":"以下に掲載がない場合","prefectureEn":"NAGASAKI KEN","cityEn":"NAGASAKI SHI","townEn":"IKANIKEISAIGANAIBAAI"},"8500001":{"prefectureJa":"長崎県","cityJa":"長崎市","townJa":"西山","prefectureEn":"NAGASAKI KEN","cityEn":"NAGASAKI SHI","townEn":"NISHIYAMA"},"8500002":{"prefectureJa":"長崎県","cityJa":"長崎市","townJa":"木場町","prefectureEn":"NAGASAKI KEN","cityEn":"NAGASAKI SHI","townEn":"KOBAMACHI"},"8500003":{"prefectureJa":"長崎県","cityJa":"長崎市","townJa":"片淵","prefectureEn":"NAGASAKI KEN","cityEn":"NAGASAKI SHI","townEn":"KATAFUCHI"},"8500004":{"prefectureJa":"長崎県","cityJa":"長崎市","townJa":"下西山町","prefectureEn":"NAGASAKI KEN","cityEn":"NAGASAKI SHI","townEn":"SHIMONISHIYAMAMACHI"},"8500005":{"prefectureJa":"長崎県","cityJa":"長崎市","townJa":"西山本町","prefectureEn":"NAGASAKI KEN","cityEn":"NAGASAKI SHI","townEn":"NISHIYAMAHOMMACHI"},"8500006":{"prefectureJa":"長崎県","cityJa":"長崎市","townJa":"上西山町","prefectureEn":"NAGASAKI KEN","cityEn":"NAGASAKI SHI","townEn":"KAMINISHIYAMAMACHI"},"8500007":{"prefectureJa":"長崎県","cityJa":"長崎市","townJa":"立山","prefectureEn":"NAGASAKI KEN","cityEn":"NAGASAKI SHI","townEn":"TATEYAMA"},"8500011":{"prefectureJa":"長崎県","cityJa":"長崎市","townJa":"鳴滝","prefectureEn":"NAGASAKI KEN","cityEn":"NAGASAKI SHI","townEn":"NARUTAKI"},"8500012":{"prefectureJa":"長崎県","cityJa":"長崎市","townJa":"本河内","prefectureEn":"NAGASAKI KEN","cityEn":"NAGASAKI SHI","townEn":"HONGOCHI"},"8500013":{"prefectureJa":"長崎県","cityJa":"長崎市","townJa":"中川","prefectureEn":"NAGASAKI KEN","cityEn":"NAGASAKI SHI","townEn":"NAKAGAWA"},"8500014":{"prefectureJa":"長崎県","cityJa":"長崎市","townJa":"新中川町","prefectureEn":"NAGASAKI KEN","cityEn":"NAGASAKI SHI","townEn":"SHINNAKAGAWAMACHI"},"8500015":{"prefectureJa":"長崎県","cityJa":"長崎市","townJa":"桜馬場","prefectureEn":"NAGASAKI KEN","cityEn":"NAGASAKI SHI","townEn":"SAKURABABA"},"8500016":{"prefectureJa":"長崎県","cityJa":"長崎市","townJa":"夫婦川町","prefectureEn":"NAGASAKI KEN","cityEn":"NAGASAKI SHI","townEn":"FUFUGAWAMACHI"},"8500017":{"prefectureJa":"長崎県","cityJa":"長崎市","townJa":"新大工町","prefectureEn":"NAGASAKI KEN","cityEn":"NAGASAKI SHI","townEn":"SHINDAIKUMACHI"},"8500018":{"prefectureJa":"長崎県","cityJa":"長崎市","townJa":"伊勢町","prefectureEn":"NAGASAKI KEN","cityEn":"NAGASAKI SHI","townEn":"ISEMACHI"},"8500021":{"prefectureJa":"長崎県","cityJa":"長崎市","townJa":"炉粕町","prefectureEn":"NAGASAKI KEN","cityEn":"NAGASAKI SHI","townEn":"ROKASUMACHI"},"8500022":{"prefectureJa":"長崎県","cityJa":"長崎市","townJa":"馬町","prefectureEn":"NAGASAKI KEN","cityEn":"NAGASAKI SHI","townEn":"UMAMACHI"},"8500023":{"prefectureJa":"長崎県","cityJa":"長崎市","townJa":"出来大工町","prefectureEn":"NAGASAKI KEN","cityEn":"NAGASAKI SHI","townEn":"DEKIDAIKUMACHI"},"8500024":{"prefectureJa":"長崎県","cityJa":"長崎市","townJa":"大井手町","prefectureEn":"NAGASAKI KEN","cityEn":"NAGASAKI SHI","townEn":"OIDEMACHI"},"8500025":{"prefectureJa":"長崎県","cityJa":"長崎市","townJa":"今博多町","prefectureEn":"NAGASAKI KEN","cityEn":"NAGASAKI SHI","townEn":"IMAHAKATAMACHI"},"8500026":{"prefectureJa":"長崎県","cityJa":"長崎市","townJa":"古町","prefectureEn":"NAGASAKI KEN","cityEn":"NAGASAKI SHI","townEn":"FURUMACHI"},"8500027":{"prefectureJa":"長崎県","cityJa":"長崎市","townJa":"桶屋町","prefectureEn":"NAGASAKI KEN","cityEn":"NAGASAKI SHI","townEn":"OKEYAMACHI"},"8500028":{"prefectureJa":"長崎県","cityJa":"長崎市","townJa":"勝山町","prefectureEn":"NAGASAKI KEN","cityEn":"NAGASAKI SHI","townEn":"KATSUYAMAMACHI"},"8500029":{"prefectureJa":"長崎県","cityJa":"長崎市","townJa":"八百屋町","prefectureEn":"NAGASAKI KEN","cityEn":"NAGASAKI SHI","townEn":"YAOYAMACHI"},"8500031":{"prefectureJa":"長崎県","cityJa":"長崎市","townJa":"桜町","prefectureEn":"NAGASAKI KEN","cityEn":"NAGASAKI SHI","townEn":"SAKURAMACHI"},"8500032":{"prefectureJa":"長崎県","cityJa":"長崎市","townJa":"興善町","prefectureEn":"NAGASAKI KEN","cityEn":"NAGASAKI SHI","townEn":"KOZEMMACHI"},"8500033":{"prefectureJa":"長崎県","cityJa":"長崎市","townJa":"万才町","prefectureEn":"NAGASAKI KEN","cityEn":"NAGASAKI SHI","townEn":"MANZAIMACHI"},"8500034":{"prefectureJa":"長崎県","cityJa":"長崎市","townJa":"樺島町","prefectureEn":"NAGASAKI KEN","cityEn":"NAGASAKI SHI","townEn":"KABASHIMAMACHI"},"8500035":{"prefectureJa":"長崎県","cityJa":"長崎市","townJa":"元船町","prefectureEn":"NAGASAKI KEN","cityEn":"NAGASAKI SHI","townEn":"MOTOFUNAMACHI"},"8500036":{"prefectureJa":"長崎県","cityJa":"長崎市","townJa":"五島町","prefectureEn":"NAGASAKI KEN","cityEn":"NAGASAKI SHI","townEn":"GOTOMACHI"},"8500037":{"prefectureJa":"長崎県","cityJa":"長崎市","townJa":"金屋町","prefectureEn":"NAGASAKI KEN","cityEn":"NAGASAKI SHI","townEn":"KANAYAMACHI"},"8500041":{"prefectureJa":"長崎県","cityJa":"長崎市","townJa":"浜平","prefectureEn":"NAGASAKI KEN","cityEn":"NAGASAKI SHI","townEn":"HAMAHIRA"},"8500042":{"prefectureJa":"長崎県","cityJa":"長崎市","townJa":"御船蔵町","prefectureEn":"NAGASAKI KEN","cityEn":"NAGASAKI SHI","townEn":"OFUNAGURAMACHI"},"8500043":{"prefectureJa":"長崎県","cityJa":"長崎市","townJa":"八千代町","prefectureEn":"NAGASAKI KEN","cityEn":"NAGASAKI SHI","townEn":"YACHIYOMACHI"},"8500044":{"prefectureJa":"長崎県","cityJa":"長崎市","townJa":"天神町","prefectureEn":"NAGASAKI KEN","cityEn":"NAGASAKI SHI","townEn":"TENJIMMACHI"},"8500045":{"prefectureJa":"長崎県","cityJa":"長崎市","townJa":"宝町","prefectureEn":"NAGASAKI KEN","cityEn":"NAGASAKI SHI","townEn":"TAKARAMACHI"},"8500046":{"prefectureJa":"長崎県","cityJa":"長崎市","townJa":"幸町","prefectureEn":"NAGASAKI KEN","cityEn":"NAGASAKI SHI","townEn":"SAIWAIMACHI"},"8500047":{"prefectureJa":"長崎県","cityJa":"長崎市","townJa":"銭座町","prefectureEn":"NAGASAKI KEN","cityEn":"NAGASAKI SHI","townEn":"ZENZAMACHI"},"8500048":{"prefectureJa":"長崎県","cityJa":"長崎市","townJa":"上銭座町","prefectureEn":"NAGASAKI KEN","cityEn":"NAGASAKI SHI","townEn":"KAMIZENZAMACHI"},"8500051":{"prefectureJa":"長崎県","cityJa":"長崎市","townJa":"西坂町","prefectureEn":"NAGASAKI KEN","cityEn":"NAGASAKI SHI","townEn":"NISHIZAKAMACHI"},"8500052":{"prefectureJa":"長崎県","cityJa":"長崎市","townJa":"筑後町","prefectureEn":"NAGASAKI KEN","cityEn":"NAGASAKI SHI","townEn":"CHIKUGOMACHI"},"8500053":{"prefectureJa":"長崎県","cityJa":"長崎市","townJa":"玉園町","prefectureEn":"NAGASAKI KEN","cityEn":"NAGASAKI SHI","townEn":"TAMAZONOMACHI"},"8500054":{"prefectureJa":"長崎県","cityJa":"長崎市","townJa":"上町","prefectureEn":"NAGASAKI KEN","cityEn":"NAGASAKI SHI","townEn":"UWAMACHI"},"8500055":{"prefectureJa":"長崎県","cityJa":"長崎市","townJa":"中町","prefectureEn":"NAGASAKI KEN","cityEn":"NAGASAKI SHI","townEn":"NAKAMACHI"},"8500056":{"prefectureJa":"長崎県","cityJa":"長崎市","townJa":"恵美須町","prefectureEn":"NAGASAKI KEN","cityEn":"NAGASAKI SHI","townEn":"EBISUMACHI"},"8500057":{"prefectureJa":"長崎県","cityJa":"長崎市","townJa":"大黒町","prefectureEn":"NAGASAKI KEN","cityEn":"NAGASAKI SHI","townEn":"DAIKOKUMACHI"},"8500058":{"prefectureJa":"長崎県","cityJa":"長崎市","townJa":"尾上町","prefectureEn":"NAGASAKI KEN","cityEn":"NAGASAKI SHI","townEn":"ONOEMACHI"},"8500061":{"prefectureJa":"長崎県","cityJa":"長崎市","townJa":"水の浦町","prefectureEn":"NAGASAKI KEN","cityEn":"NAGASAKI SHI","townEn":"MIZUNORAMACHI"},"8500062":{"prefectureJa":"長崎県","cityJa":"長崎市","townJa":"大谷町","prefectureEn":"NAGASAKI KEN","cityEn":"NAGASAKI SHI","townEn":"OTANIMACHI"},"8500063":{"prefectureJa":"長崎県","cityJa":"長崎市","townJa":"飽の浦町","prefectureEn":"NAGASAKI KEN","cityEn":"NAGASAKI SHI","townEn":"AKUNORAMACHI"},"8500064":{"prefectureJa":"長崎県","cityJa":"長崎市","townJa":"秋月町","prefectureEn":"NAGASAKI KEN","cityEn":"NAGASAKI SHI","townEn":"AKIZUKIMACHI"},"8500065":{"prefectureJa":"長崎県","cityJa":"長崎市","townJa":"入船町","prefectureEn":"NAGASAKI KEN","cityEn":"NAGASAKI SHI","townEn":"IRIFUNEMACHI"},"8500066":{"prefectureJa":"長崎県","cityJa":"長崎市","townJa":"大浜町","prefectureEn":"NAGASAKI KEN","cityEn":"NAGASAKI SHI","townEn":"OHAMAMACHI"},"8500067":{"prefectureJa":"長崎県","cityJa":"長崎市","townJa":"小浦町","prefectureEn":"NAGASAKI KEN","cityEn":"NAGASAKI SHI","townEn":"KORAMACHI"},"8500068":{"prefectureJa":"長崎県","cityJa":"長崎市","townJa":"福田本町","prefectureEn":"NAGASAKI KEN","cityEn":"NAGASAKI SHI","townEn":"FUKUDAHOMMACHI"},"8500071":{"prefectureJa":"長崎県","cityJa":"長崎市","townJa":"塩浜町","prefectureEn":"NAGASAKI KEN","cityEn":"NAGASAKI SHI","townEn":"SHIOHAMAMACHI"},"8500072":{"prefectureJa":"長崎県","cityJa":"長崎市","townJa":"岩瀬道町","prefectureEn":"NAGASAKI KEN","cityEn":"NAGASAKI SHI","townEn":"IWASEDOMACHI"},"8500073":{"prefectureJa":"長崎県","cityJa":"長崎市","townJa":"東立神町","prefectureEn":"NAGASAKI KEN","cityEn":"NAGASAKI SHI","townEn":"HIGASHITATEGAMIMACHI"},"8500074":{"prefectureJa":"長崎県","cityJa":"長崎市","townJa":"西立神町","prefectureEn":"NAGASAKI KEN","cityEn":"NAGASAKI SHI","townEn":"NISHITATEGAMIMACHI"},"8500075":{"prefectureJa":"長崎県","cityJa":"長崎市","townJa":"西泊町","prefectureEn":"NAGASAKI KEN","cityEn":"NAGASAKI SHI","townEn":"NISHIDOMARIMACHI"},"8500076":{"prefectureJa":"長崎県","cityJa":"長崎市","townJa":"木鉢町","prefectureEn":"NAGASAKI KEN","cityEn":"NAGASAKI SHI","townEn":"KIBACHIMACHI"},"8500077":{"prefectureJa":"長崎県","cityJa":"長崎市","townJa":"小瀬戸町","prefectureEn":"NAGASAKI KEN","cityEn":"NAGASAKI SHI","townEn":"KOSEDOMACHI"},"8500078":{"prefectureJa":"長崎県","cityJa":"長崎市","townJa":"神ノ島町","prefectureEn":"NAGASAKI KEN","cityEn":"NAGASAKI SHI","townEn":"KAMINOSHIMAMACHI"},"8500079":{"prefectureJa":"長崎県","cityJa":"長崎市","townJa":"みなと坂","prefectureEn":"NAGASAKI KEN","cityEn":"NAGASAKI SHI","townEn":"MINATOZAKA"},"8500801":{"prefectureJa":"長崎県","cityJa":"長崎市","townJa":"八幡町","prefectureEn":"NAGASAKI KEN","cityEn":"NAGASAKI SHI","townEn":"YAHATAMACHI"},"8500802":{"prefectureJa":"長崎県","cityJa":"長崎市","townJa":"伊良林","prefectureEn":"NAGASAKI KEN","cityEn":"NAGASAKI SHI","townEn":"IRABAYASHI"},"8500803":{"prefectureJa":"長崎県","cityJa":"長崎市","townJa":"風頭町","prefectureEn":"NAGASAKI KEN","cityEn":"NAGASAKI SHI","townEn":"KAZAGASHIRAMACHI"},"8500804":{"prefectureJa":"長崎県","cityJa":"長崎市","townJa":"彦見町","prefectureEn":"NAGASAKI KEN","cityEn":"NAGASAKI SHI","townEn":"HIKOMIMACHI"},"8500811":{"prefectureJa":"長崎県","cityJa":"長崎市","townJa":"矢の平","prefectureEn":"NAGASAKI KEN","cityEn":"NAGASAKI SHI","townEn":"YANOHIRA"},"8500812":{"prefectureJa":"長崎県","cityJa":"長崎市","townJa":"白木町","prefectureEn":"NAGASAKI KEN","cityEn":"NAGASAKI SHI","townEn":"SHIROKIMACHI"},"8500813":{"prefectureJa":"長崎県","cityJa":"長崎市","townJa":"八つ尾町","prefectureEn":"NAGASAKI KEN","cityEn":"NAGASAKI SHI","townEn":"YATSUOMACHI"},"8500821":{"prefectureJa":"長崎県","cityJa":"長崎市","townJa":"高平町","prefectureEn":"NAGASAKI KEN","cityEn":"NAGASAKI SHI","townEn":"TAKAHIRAMACHI"},"8500822":{"prefectureJa":"長崎県","cityJa":"長崎市","townJa":"愛宕","prefectureEn":"NAGASAKI KEN","cityEn":"NAGASAKI SHI","townEn":"ATAGO"},"8500823":{"prefectureJa":"長崎県","cityJa":"長崎市","townJa":"弥生町","prefectureEn":"NAGASAKI KEN","cityEn":"NAGASAKI SHI","townEn":"YAYOIMACHI"},"8500824":{"prefectureJa":"長崎県","cityJa":"長崎市","townJa":"三景台町","prefectureEn":"NAGASAKI KEN","cityEn":"NAGASAKI SHI","townEn":"SANKEIDAIMACHI"},"8500831":{"prefectureJa":"長崎県","cityJa":"長崎市","townJa":"鍛冶屋町","prefectureEn":"NAGASAKI KEN","cityEn":"NAGASAKI SHI","townEn":"KAJIYAMACHI"},"8500832":{"prefectureJa":"長崎県","cityJa":"長崎市","townJa":"油屋町","prefectureEn":"NAGASAKI KEN","cityEn":"NAGASAKI SHI","townEn":"ABURAYAMACHI"},"8500833":{"prefectureJa":"長崎県","cityJa":"長崎市","townJa":"東小島町","prefectureEn":"NAGASAKI KEN","cityEn":"NAGASAKI SHI","townEn":"HIGASHIKOSHIMAMACHI"},"8500834":{"prefectureJa":"長崎県","cityJa":"長崎市","townJa":"上小島","prefectureEn":"NAGASAKI KEN","cityEn":"NAGASAKI SHI","townEn":"KAMIKOSHIMA"},"8500835":{"prefectureJa":"長崎県","cityJa":"長崎市","townJa":"桜木町","prefectureEn":"NAGASAKI KEN","cityEn":"NAGASAKI SHI","townEn":"SAKURAGIMACHI"},"8500836":{"prefectureJa":"長崎県","cityJa":"長崎市","townJa":"中小島","prefectureEn":"NAGASAKI KEN","cityEn":"NAGASAKI SHI","townEn":"NAKAKOSHIMA"},"8500837":{"prefectureJa":"長崎県","cityJa":"長崎市","townJa":"西小島","prefectureEn":"NAGASAKI KEN","cityEn":"NAGASAKI SHI","townEn":"NISHIKOSHIMA"},"8500841":{"prefectureJa":"長崎県","cityJa":"長崎市","townJa":"銅座町","prefectureEn":"NAGASAKI KEN","cityEn":"NAGASAKI SHI","townEn":"DOZAMACHI"},"8500842":{"prefectureJa":"長崎県","cityJa":"長崎市","townJa":"新地町","prefectureEn":"NAGASAKI KEN","cityEn":"NAGASAKI SHI","townEn":"SHINCHIMACHI"},"8500843":{"prefectureJa":"長崎県","cityJa":"長崎市","townJa":"常盤町","prefectureEn":"NAGASAKI KEN","cityEn":"NAGASAKI SHI","townEn":"TOKIWAMACHI"},"8500851":{"prefectureJa":"長崎県","cityJa":"長崎市","townJa":"古川町","prefectureEn":"NAGASAKI KEN","cityEn":"NAGASAKI SHI","townEn":"FURUKAWAMACHI"},"8500852":{"prefectureJa":"長崎県","cityJa":"長崎市","townJa":"万屋町","prefectureEn":"NAGASAKI KEN","cityEn":"NAGASAKI SHI","townEn":"YOROZUYAMACHI"},"8500853":{"prefectureJa":"長崎県","cityJa":"長崎市","townJa":"浜町","prefectureEn":"NAGASAKI KEN","cityEn":"NAGASAKI SHI","townEn":"HAMAMACHI"},"8500854":{"prefectureJa":"長崎県","cityJa":"長崎市","townJa":"銀屋町","prefectureEn":"NAGASAKI KEN","cityEn":"NAGASAKI SHI","townEn":"GINYAMACHI"},"8500855":{"prefectureJa":"長崎県","cityJa":"長崎市","townJa":"東古川町","prefectureEn":"NAGASAKI KEN","cityEn":"NAGASAKI SHI","townEn":"HIGASHIFURUKAWAMACHI"},"8500861":{"prefectureJa":"長崎県","cityJa":"長崎市","townJa":"江戸町","prefectureEn":"NAGASAKI KEN","cityEn":"NAGASAKI SHI","townEn":"EDOMACHI"},"8500862":{"prefectureJa":"長崎県","cityJa":"長崎市","townJa":"出島町","prefectureEn":"NAGASAKI KEN","cityEn":"NAGASAKI SHI","townEn":"DEJIMAMACHI"},"8500871":{"prefectureJa":"長崎県","cityJa":"長崎市","townJa":"麹屋町","prefectureEn":"NAGASAKI KEN","cityEn":"NAGASAKI SHI","townEn":"KOJIYAMACHI"},"8500872":{"prefectureJa":"長崎県","cityJa":"長崎市","townJa":"寺町","prefectureEn":"NAGASAKI KEN","cityEn":"NAGASAKI SHI","townEn":"TERAMACHI"},"8500873":{"prefectureJa":"長崎県","cityJa":"長崎市","townJa":"諏訪町","prefectureEn":"NAGASAKI KEN","cityEn":"NAGASAKI SHI","townEn":"SUWAMACHI"},"8500874":{"prefectureJa":"長崎県","cityJa":"長崎市","townJa":"魚の町","prefectureEn":"NAGASAKI KEN","cityEn":"NAGASAKI SHI","townEn":"UONOMACHI"},"8500875":{"prefectureJa":"長崎県","cityJa":"長崎市","townJa":"栄町","prefectureEn":"NAGASAKI KEN","cityEn":"NAGASAKI SHI","townEn":"SAKAEMACHI"},"8500876":{"prefectureJa":"長崎県","cityJa":"長崎市","townJa":"賑町","prefectureEn":"NAGASAKI KEN","cityEn":"NAGASAKI SHI","townEn":"NIGIWAIMACHI"},"8500877":{"prefectureJa":"長崎県","cityJa":"長崎市","townJa":"築町","prefectureEn":"NAGASAKI KEN","cityEn":"NAGASAKI SHI","townEn":"TSUKIMACHI"},"8500901":{"prefectureJa":"長崎県","cityJa":"長崎市","townJa":"本石灰町","prefectureEn":"NAGASAKI KEN","cityEn":"NAGASAKI SHI","townEn":"MOTOSHIKKUIMACHI"},"8500902":{"prefectureJa":"長崎県","cityJa":"長崎市","townJa":"丸山町","prefectureEn":"NAGASAKI KEN","cityEn":"NAGASAKI SHI","townEn":"MARUYAMAMACHI"},"8500903":{"prefectureJa":"長崎県","cityJa":"長崎市","townJa":"寄合町","prefectureEn":"NAGASAKI KEN","cityEn":"NAGASAKI SHI","townEn":"YORIAIMACHI"},"8500904":{"prefectureJa":"長崎県","cityJa":"長崎市","townJa":"船大工町","prefectureEn":"NAGASAKI KEN","cityEn":"NAGASAKI SHI","townEn":"FUNADAIKUMACHI"},"8500905":{"prefectureJa":"長崎県","cityJa":"長崎市","townJa":"籠町","prefectureEn":"NAGASAKI KEN","cityEn":"NAGASAKI SHI","townEn":"KAGOMACHI"},"8500906":{"prefectureJa":"長崎県","cityJa":"長崎市","townJa":"館内町","prefectureEn":"NAGASAKI KEN","cityEn":"NAGASAKI SHI","townEn":"KANNAIMACHI"},"8500907":{"prefectureJa":"長崎県","cityJa":"長崎市","townJa":"稲田町","prefectureEn":"NAGASAKI KEN","cityEn":"NAGASAKI SHI","townEn":"INADAMACHI"},"8500908":{"prefectureJa":"長崎県","cityJa":"長崎市","townJa":"十人町","prefectureEn":"NAGASAKI KEN","cityEn":"NAGASAKI SHI","townEn":"JUNIMMACHI"},"8500909":{"prefectureJa":"長崎県","cityJa":"長崎市","townJa":"梅香崎町","prefectureEn":"NAGASAKI KEN","cityEn":"NAGASAKI SHI","townEn":"UMEGASAKIMACHI"},"8500911":{"prefectureJa":"長崎県","cityJa":"長崎市","townJa":"東山手町","prefectureEn":"NAGASAKI KEN","cityEn":"NAGASAKI SHI","townEn":"HIGASHIYAMATEMACHI"},"8500912":{"prefectureJa":"長崎県","cityJa":"長崎市","townJa":"中新町","prefectureEn":"NAGASAKI KEN","cityEn":"NAGASAKI SHI","townEn":"NAKASHIMMACHI"},"8500913":{"prefectureJa":"長崎県","cityJa":"長崎市","townJa":"元町","prefectureEn":"NAGASAKI KEN","cityEn":"NAGASAKI SHI","townEn":"MOTOMACHI"},"8500914":{"prefectureJa":"長崎県","cityJa":"長崎市","townJa":"日の出町","prefectureEn":"NAGASAKI KEN","cityEn":"NAGASAKI SHI","townEn":"HINODEMACHI"},"8500915":{"prefectureJa":"長崎県","cityJa":"長崎市","townJa":"東山町","prefectureEn":"NAGASAKI KEN","cityEn":"NAGASAKI SHI","townEn":"HIGASHIYAMAMACHI"},"8500916":{"prefectureJa":"長崎県","cityJa":"長崎市","townJa":"大浦東町","prefectureEn":"NAGASAKI KEN","cityEn":"NAGASAKI SHI","townEn":"OURAHIGASHIMACHI"},"8500917":{"prefectureJa":"長崎県","cityJa":"長崎市","townJa":"下町","prefectureEn":"NAGASAKI KEN","cityEn":"NAGASAKI SHI","townEn":"SHITAMACHI"},"8500918":{"prefectureJa":"長崎県","cityJa":"長崎市","townJa":"大浦町","prefectureEn":"NAGASAKI KEN","cityEn":"NAGASAKI SHI","townEn":"OURAMACHI"},"8500921":{"prefectureJa":"長崎県","cityJa":"長崎市","townJa":"松が枝町","prefectureEn":"NAGASAKI KEN","cityEn":"NAGASAKI SHI","townEn":"MATSUGAEMACHI"},"8500922":{"prefectureJa":"長崎県","cityJa":"長崎市","townJa":"相生町","prefectureEn":"NAGASAKI KEN","cityEn":"NAGASAKI SHI","townEn":"AIOIMACHI"},"8500923":{"prefectureJa":"長崎県","cityJa":"長崎市","townJa":"上田町","prefectureEn":"NAGASAKI KEN","cityEn":"NAGASAKI SHI","townEn":"UEDAMACHI"},"8500924":{"prefectureJa":"長崎県","cityJa":"長崎市","townJa":"出雲","prefectureEn":"NAGASAKI KEN","cityEn":"NAGASAKI SHI","townEn":"IZUMO"},"8500931":{"prefectureJa":"長崎県","cityJa":"長崎市","townJa":"南山手町","prefectureEn":"NAGASAKI KEN","cityEn":"NAGASAKI SHI","townEn":"MINAMIYAMATEMACHI"},"8500932":{"prefectureJa":"長崎県","cityJa":"長崎市","townJa":"東琴平","prefectureEn":"NAGASAKI KEN","cityEn":"NAGASAKI SHI","townEn":"HIGASHIKOTOHIRA"},"8500933":{"prefectureJa":"長崎県","cityJa":"長崎市","townJa":"西琴平町","prefectureEn":"NAGASAKI KEN","cityEn":"NAGASAKI SHI","townEn":"NISHIKOTOHIRAMACHI"},"8500934":{"prefectureJa":"長崎県","cityJa":"長崎市","townJa":"小菅町","prefectureEn":"NAGASAKI KEN","cityEn":"NAGASAKI SHI","townEn":"KOSUGEMACHI"},"8500935":{"prefectureJa":"長崎県","cityJa":"長崎市","townJa":"古河町","prefectureEn":"NAGASAKI KEN","cityEn":"NAGASAKI SHI","townEn":"FURUKOMACHI"},"8500936":{"prefectureJa":"長崎県","cityJa":"長崎市","townJa":"浪の平町","prefectureEn":"NAGASAKI KEN","cityEn":"NAGASAKI SHI","townEn":"NAMINOHIRAMACHI"},"8500937":{"prefectureJa":"長崎県","cityJa":"長崎市","townJa":"小曽根町","prefectureEn":"NAGASAKI KEN","cityEn":"NAGASAKI SHI","townEn":"KOZONEMACHI"},"8500941":{"prefectureJa":"長崎県","cityJa":"長崎市","townJa":"高丘","prefectureEn":"NAGASAKI KEN","cityEn":"NAGASAKI SHI","townEn":"TAKAOKA"},"8500942":{"prefectureJa":"長崎県","cityJa":"長崎市","townJa":"南町","prefectureEn":"NAGASAKI KEN","cityEn":"NAGASAKI SHI","townEn":"MINAMIMACHI"},"8500943":{"prefectureJa":"長崎県","cityJa":"長崎市","townJa":"南が丘町","prefectureEn":"NAGASAKI KEN","cityEn":"NAGASAKI SHI","townEn":"MINAMIGAOKAMACHI"},"8500944":{"prefectureJa":"長崎県","cityJa":"長崎市","townJa":"八景町","prefectureEn":"NAGASAKI KEN","cityEn":"NAGASAKI SHI","townEn":"HAKKEIMACHI"},"8500945":{"prefectureJa":"長崎県","cityJa":"長崎市","townJa":"星取","prefectureEn":"NAGASAKI KEN","cityEn":"NAGASAKI SHI","townEn":"HOSHITORI"},"8500946":{"prefectureJa":"長崎県","cityJa":"長崎市","townJa":"川上町","prefectureEn":"NAGASAKI KEN","cityEn":"NAGASAKI SHI","townEn":"KAWAKAMIMACHI"},"8500947":{"prefectureJa":"長崎県","cityJa":"長崎市","townJa":"椎の木町","prefectureEn":"NAGASAKI KEN","cityEn":"NAGASAKI SHI","townEn":"SHIINOKIMACHI"},"8500951":{"prefectureJa":"長崎県","cityJa":"長崎市","townJa":"国分町","prefectureEn":"NAGASAKI KEN","cityEn":"NAGASAKI SHI","townEn":"KOKUBUMACHI"},"8500952":{"prefectureJa":"長崎県","cityJa":"長崎市","townJa":"戸町","prefectureEn":"NAGASAKI KEN","cityEn":"NAGASAKI SHI","townEn":"TOMACHI"},"8500953":{"prefectureJa":"長崎県","cityJa":"長崎市","townJa":"上戸町","prefectureEn":"NAGASAKI KEN","cityEn":"NAGASAKI SHI","townEn":"KAMITOMACHI"},"8500954":{"prefectureJa":"長崎県","cityJa":"長崎市","townJa":"新戸町","prefectureEn":"NAGASAKI KEN","cityEn":"NAGASAKI SHI","townEn":"SHINTOMACHI"},"8500961":{"prefectureJa":"長崎県","cityJa":"長崎市","townJa":"小ケ倉町","prefectureEn":"NAGASAKI KEN","cityEn":"NAGASAKI SHI","townEn":"KOGAKURAMACHI"},"8500962":{"prefectureJa":"長崎県","cityJa":"長崎市","townJa":"新小が倉","prefectureEn":"NAGASAKI KEN","cityEn":"NAGASAKI SHI","townEn":"SHINKOGAKURA"},"8500963":{"prefectureJa":"長崎県","cityJa":"長崎市","townJa":"ダイヤランド","prefectureEn":"NAGASAKI KEN","cityEn":"NAGASAKI SHI","townEn":"DAIYARANDO"},"8500964":{"prefectureJa":"長崎県","cityJa":"長崎市","townJa":"大山町","prefectureEn":"NAGASAKI KEN","cityEn":"NAGASAKI SHI","townEn":"OYAMAMACHI"},"8500971":{"prefectureJa":"長崎県","cityJa":"長崎市","townJa":"磯道町","prefectureEn":"NAGASAKI KEN","cityEn":"NAGASAKI SHI","townEn":"ISOMICHIMACHI"},"8500972":{"prefectureJa":"長崎県","cityJa":"長崎市","townJa":"古道町","prefectureEn":"NAGASAKI KEN","cityEn":"NAGASAKI SHI","townEn":"FURUMICHIMACHI"},"8500973":{"prefectureJa":"長崎県","cityJa":"長崎市","townJa":"鹿尾町","prefectureEn":"NAGASAKI KEN","cityEn":"NAGASAKI SHI","townEn":"KANOMACHI"},"8500974":{"prefectureJa":"長崎県","cityJa":"長崎市","townJa":"京太郎町","prefectureEn":"NAGASAKI KEN","cityEn":"NAGASAKI SHI","townEn":"KYOTAROMACHI"},"8500975":{"prefectureJa":"長崎県","cityJa":"長崎市","townJa":"三和町","prefectureEn":"NAGASAKI KEN","cityEn":"NAGASAKI SHI","townEn":"SANWAMACHI"},"8500976":{"prefectureJa":"長崎県","cityJa":"長崎市","townJa":"毛井首町","prefectureEn":"NAGASAKI KEN","cityEn":"NAGASAKI SHI","townEn":"KEIKUBIMACHI"},"8500977":{"prefectureJa":"長崎県","cityJa":"長崎市","townJa":"土井首町","prefectureEn":"NAGASAKI KEN","cityEn":"NAGASAKI SHI","townEn":"DOINOKUBIMACHI"},"8500981":{"prefectureJa":"長崎県","cityJa":"長崎市","townJa":"草住町","prefectureEn":"NAGASAKI KEN","cityEn":"NAGASAKI SHI","townEn":"KUSAZUMIMACHI"},"8500982":{"prefectureJa":"長崎県","cityJa":"長崎市","townJa":"柳田町","prefectureEn":"NAGASAKI KEN","cityEn":"NAGASAKI SHI","townEn":"YANAGIDAMACHI"},"8500983":{"prefectureJa":"長崎県","cityJa":"長崎市","townJa":"米山町","prefectureEn":"NAGASAKI KEN","cityEn":"NAGASAKI SHI","townEn":"KOMENOYAMAMACHI"},"8500984":{"prefectureJa":"長崎県","cityJa":"長崎市","townJa":"鶴見台","prefectureEn":"NAGASAKI KEN","cityEn":"NAGASAKI SHI","townEn":"TSURUMIDAI"},"8500985":{"prefectureJa":"長崎県","cityJa":"長崎市","townJa":"平瀬町","prefectureEn":"NAGASAKI KEN","cityEn":"NAGASAKI SHI","townEn":"HIRASEMACHI"},"8500991":{"prefectureJa":"長崎県","cityJa":"長崎市","townJa":"末石町","prefectureEn":"NAGASAKI KEN","cityEn":"NAGASAKI SHI","townEn":"SUEISHIMACHI"},"8500992":{"prefectureJa":"長崎県","cityJa":"長崎市","townJa":"江川町","prefectureEn":"NAGASAKI KEN","cityEn":"NAGASAKI SHI","townEn":"EGAWAMACHI"},"8500993":{"prefectureJa":"長崎県","cityJa":"長崎市","townJa":"八郎岳町","prefectureEn":"NAGASAKI KEN","cityEn":"NAGASAKI SHI","townEn":"HACHIRODAKEMACHI"},"8500994":{"prefectureJa":"長崎県","cityJa":"長崎市","townJa":"竿浦町","prefectureEn":"NAGASAKI KEN","cityEn":"NAGASAKI SHI","townEn":"SAONORAMACHI"},"8500995":{"prefectureJa":"長崎県","cityJa":"長崎市","townJa":"平山町","prefectureEn":"NAGASAKI KEN","cityEn":"NAGASAKI SHI","townEn":"HIRAYAMAMACHI"},"8500996":{"prefectureJa":"長崎県","cityJa":"長崎市","townJa":"平山台","prefectureEn":"NAGASAKI KEN","cityEn":"NAGASAKI SHI","townEn":"HIRAYAMADAI"}}