{"2930000":{"prefectureJa":"千葉県","cityJa":"富津市","townJa":"以下に掲載がない場合","prefectureEn":"CHIBA KEN","cityEn":"FUTTSU SHI","townEn":"IKANIKEISAIGANAIBAAI"},"2930001":{"prefectureJa":"千葉県","cityJa":"富津市","townJa":"大堀","prefectureEn":"CHIBA KEN","cityEn":"FUTTSU SHI","townEn":"OHORI"},"2930002":{"prefectureJa":"千葉県","cityJa":"富津市","townJa":"二間塚","prefectureEn":"CHIBA KEN","cityEn":"FUTTSU SHI","townEn":"FUTAMAZUKA"},"2930003":{"prefectureJa":"千葉県","cityJa":"富津市","townJa":"本郷","prefectureEn":"CHIBA KEN","cityEn":"FUTTSU SHI","townEn":"HONGO"},"2930004":{"prefectureJa":"千葉県","cityJa":"富津市","townJa":"前久保","prefectureEn":"CHIBA KEN","cityEn":"FUTTSU SHI","townEn":"MAEKUBO"},"2930005":{"prefectureJa":"千葉県","cityJa":"富津市","townJa":"上飯野","prefectureEn":"CHIBA KEN","cityEn":"FUTTSU SHI","townEn":"KAMIIINO"},"2930006":{"prefectureJa":"千葉県","cityJa":"富津市","townJa":"下飯野","prefectureEn":"CHIBA KEN","cityEn":"FUTTSU SHI","townEn":"SHIMOIINO"},"2930011":{"prefectureJa":"千葉県","cityJa":"富津市","townJa":"新富","prefectureEn":"CHIBA KEN","cityEn":"FUTTSU SHI","townEn":"SHINTOMI"},"2930012":{"prefectureJa":"千葉県","cityJa":"富津市","townJa":"青木","prefectureEn":"CHIBA KEN","cityEn":"FUTTSU SHI","townEn":"AOKI"},"2930013":{"prefectureJa":"千葉県","cityJa":"富津市","townJa":"西川","prefectureEn":"CHIBA KEN","cityEn":"FUTTSU SHI","townEn":"NISHIKAWA"},"2930021":{"prefectureJa":"千葉県","cityJa":"富津市","townJa":"富津","prefectureEn":"CHIBA KEN","cityEn":"FUTTSU SHI","townEn":"FUTTSU"},"2930022":{"prefectureJa":"千葉県","cityJa":"富津市","townJa":"新井","prefectureEn":"CHIBA KEN","cityEn":"FUTTSU SHI","townEn":"ARAI"},"2930023":{"prefectureJa":"千葉県","cityJa":"富津市","townJa":"川名","prefectureEn":"CHIBA KEN","cityEn":"FUTTSU SHI","townEn":"KAWANA"},"2930024":{"prefectureJa":"千葉県","cityJa":"富津市","townJa":"篠部","prefectureEn":"CHIBA KEN","cityEn":"FUTTSU SHI","townEn":"SHINOBE"},"2930031":{"prefectureJa":"千葉県","cityJa":"富津市","townJa":"相野谷","prefectureEn":"CHIBA KEN","cityEn":"FUTTSU SHI","townEn":"AINOYATSU"},"2930032":{"prefectureJa":"千葉県","cityJa":"富津市","townJa":"障子谷","prefectureEn":"CHIBA KEN","cityEn":"FUTTSU SHI","townEn":"SHOJIYATSU"},"2930033":{"prefectureJa":"千葉県","cityJa":"富津市","townJa":"一色","prefectureEn":"CHIBA KEN","cityEn":"FUTTSU SHI","townEn":"ISSHIKI"},"2930034":{"prefectureJa":"千葉県","cityJa":"富津市","townJa":"絹","prefectureEn":"CHIBA KEN","cityEn":"FUTTSU SHI","townEn":"KINU"},"2930035":{"prefectureJa":"千葉県","cityJa":"富津市","townJa":"西大和田","prefectureEn":"CHIBA KEN","cityEn":"FUTTSU SHI","townEn":"NISHIOWADA"},"2930036":{"prefectureJa":"千葉県","cityJa":"富津市","townJa":"千種新田","prefectureEn":"CHIBA KEN","cityEn":"FUTTSU SHI","townEn":"CHIGUSASHINDEN"},"2930041":{"prefectureJa":"千葉県","cityJa":"富津市","townJa":"上","prefectureEn":"CHIBA KEN","cityEn":"FUTTSU SHI","townEn":"KAMI"},"2930042":{"prefectureJa":"千葉県","cityJa":"富津市","townJa":"小久保","prefectureEn":"CHIBA KEN","cityEn":"FUTTSU SHI","townEn":"KOKUBO"},"2930043":{"prefectureJa":"千葉県","cityJa":"富津市","townJa":"岩瀬","prefectureEn":"CHIBA KEN","cityEn":"FUTTSU SHI","townEn":"IWASE"},"2930044":{"prefectureJa":"千葉県","cityJa":"富津市","townJa":"中","prefectureEn":"CHIBA KEN","cityEn":"FUTTSU SHI","townEn":"NAKA"},"2930045":{"prefectureJa":"千葉県","cityJa":"富津市","townJa":"八田沼","prefectureEn":"CHIBA KEN","cityEn":"FUTTSU SHI","townEn":"YATANUMA"},"2930046":{"prefectureJa":"千葉県","cityJa":"富津市","townJa":"近藤","prefectureEn":"CHIBA KEN","cityEn":"FUTTSU SHI","townEn":"KONDO"},"2930051":{"prefectureJa":"千葉県","cityJa":"富津市","townJa":"亀沢","prefectureEn":"CHIBA KEN","cityEn":"FUTTSU SHI","townEn":"KAMEZAWA"},"2930052":{"prefectureJa":"千葉県","cityJa":"富津市","townJa":"宝竜寺","prefectureEn":"CHIBA KEN","cityEn":"FUTTSU SHI","townEn":"HORYUJI"},"2930053":{"prefectureJa":"千葉県","cityJa":"富津市","townJa":"花香谷","prefectureEn":"CHIBA KEN","cityEn":"FUTTSU SHI","townEn":"HANAGAYATSU"},"2930054":{"prefectureJa":"千葉県","cityJa":"富津市","townJa":"鶴岡","prefectureEn":"CHIBA KEN","cityEn":"FUTTSU SHI","townEn":"TSURUOKA"},"2930055":{"prefectureJa":"千葉県","cityJa":"富津市","townJa":"笹毛","prefectureEn":"CHIBA KEN","cityEn":"FUTTSU SHI","townEn":"SASAGE"},"2930056":{"prefectureJa":"千葉県","cityJa":"富津市","townJa":"八幡","prefectureEn":"CHIBA KEN","cityEn":"FUTTSU SHI","townEn":"YAWATA"},"2930057":{"prefectureJa":"千葉県","cityJa":"富津市","townJa":"亀田","prefectureEn":"CHIBA KEN","cityEn":"FUTTSU SHI","townEn":"KAMEDA"},"2930058":{"prefectureJa":"千葉県","cityJa":"富津市","townJa":"佐貫","prefectureEn":"CHIBA KEN","cityEn":"FUTTSU SHI","townEn":"SANUKI"}}