{"8330000":{"prefectureJa":"福岡県","cityJa":"筑後市","townJa":"以下に掲載がない場合","prefectureEn":"FUKUOKA KEN","cityEn":"CHIKUGO SHI","townEn":"IKANIKEISAIGANAIBAAI"},"8330001":{"prefectureJa":"福岡県","cityJa":"筑後市","townJa":"一条","prefectureEn":"FUKUOKA KEN","cityEn":"CHIKUGO SHI","townEn":"ICHIJO"},"8330002":{"prefectureJa":"福岡県","cityJa":"筑後市","townJa":"前津","prefectureEn":"FUKUOKA KEN","cityEn":"CHIKUGO SHI","townEn":"MAEZU"},"8330003":{"prefectureJa":"福岡県","cityJa":"筑後市","townJa":"羽犬塚","prefectureEn":"FUKUOKA KEN","cityEn":"CHIKUGO SHI","townEn":"HAINUZUKA"},"8330004":{"prefectureJa":"福岡県","cityJa":"筑後市","townJa":"徳久","prefectureEn":"FUKUOKA KEN","cityEn":"CHIKUGO SHI","townEn":"TOKUHISA"},"8330005":{"prefectureJa":"福岡県","cityJa":"筑後市","townJa":"長浜","prefectureEn":"FUKUOKA KEN","cityEn":"CHIKUGO SHI","townEn":"NAGAHAMA"},"8330006":{"prefectureJa":"福岡県","cityJa":"筑後市","townJa":"新溝","prefectureEn":"FUKUOKA KEN","cityEn":"CHIKUGO SHI","townEn":"SHIMMIZO"},"8330007":{"prefectureJa":"福岡県","cityJa":"筑後市","townJa":"鶴田","prefectureEn":"FUKUOKA KEN","cityEn":"CHIKUGO SHI","townEn":"TSURUDA"},"8330011":{"prefectureJa":"福岡県","cityJa":"筑後市","townJa":"久恵","prefectureEn":"FUKUOKA KEN","cityEn":"CHIKUGO SHI","townEn":"KUE"},"8330012":{"prefectureJa":"福岡県","cityJa":"筑後市","townJa":"溝口","prefectureEn":"FUKUOKA KEN","cityEn":"CHIKUGO SHI","townEn":"MIZOKUCHI"},"8330013":{"prefectureJa":"福岡県","cityJa":"筑後市","townJa":"北長田","prefectureEn":"FUKUOKA KEN","cityEn":"CHIKUGO SHI","townEn":"KITANAGATA"},"8330014":{"prefectureJa":"福岡県","cityJa":"筑後市","townJa":"尾島","prefectureEn":"FUKUOKA KEN","cityEn":"CHIKUGO SHI","townEn":"OSHIMA"},"8330015":{"prefectureJa":"福岡県","cityJa":"筑後市","townJa":"津島","prefectureEn":"FUKUOKA KEN","cityEn":"CHIKUGO SHI","townEn":"TSUSHIMA"},"8330016":{"prefectureJa":"福岡県","cityJa":"筑後市","townJa":"常用","prefectureEn":"FUKUOKA KEN","cityEn":"CHIKUGO SHI","townEn":"TSUNEMOCHI"},"8330017":{"prefectureJa":"福岡県","cityJa":"筑後市","townJa":"志","prefectureEn":"FUKUOKA KEN","cityEn":"CHIKUGO SHI","townEn":"SHIMURA"},"8330021":{"prefectureJa":"福岡県","cityJa":"筑後市","townJa":"下妻","prefectureEn":"FUKUOKA KEN","cityEn":"CHIKUGO SHI","townEn":"SHIMOTSUMA"},"8330022":{"prefectureJa":"福岡県","cityJa":"筑後市","townJa":"富安","prefectureEn":"FUKUOKA KEN","cityEn":"CHIKUGO SHI","townEn":"TOMIYASU"},"8330023":{"prefectureJa":"福岡県","cityJa":"筑後市","townJa":"馬間田","prefectureEn":"FUKUOKA KEN","cityEn":"CHIKUGO SHI","townEn":"MAMADA"},"8330024":{"prefectureJa":"福岡県","cityJa":"筑後市","townJa":"中牟田","prefectureEn":"FUKUOKA KEN","cityEn":"CHIKUGO SHI","townEn":"NAKAMUTA"},"8330025":{"prefectureJa":"福岡県","cityJa":"筑後市","townJa":"中折地","prefectureEn":"FUKUOKA KEN","cityEn":"CHIKUGO SHI","townEn":"NAKAORIJI"},"8330026":{"prefectureJa":"福岡県","cityJa":"筑後市","townJa":"折地","prefectureEn":"FUKUOKA KEN","cityEn":"CHIKUGO SHI","townEn":"ORIJI"},"8330027":{"prefectureJa":"福岡県","cityJa":"筑後市","townJa":"水田","prefectureEn":"FUKUOKA KEN","cityEn":"CHIKUGO SHI","townEn":"MIZUTA"},"8330031":{"prefectureJa":"福岡県","cityJa":"筑後市","townJa":"山ノ井","prefectureEn":"FUKUOKA KEN","cityEn":"CHIKUGO SHI","townEn":"YAMANOI"},"8330032":{"prefectureJa":"福岡県","cityJa":"筑後市","townJa":"野町","prefectureEn":"FUKUOKA KEN","cityEn":"CHIKUGO SHI","townEn":"NOMACHI"},"8330033":{"prefectureJa":"福岡県","cityJa":"筑後市","townJa":"上北島","prefectureEn":"FUKUOKA KEN","cityEn":"CHIKUGO SHI","townEn":"KAMIKITAJIMA"},"8330034":{"prefectureJa":"福岡県","cityJa":"筑後市","townJa":"下北島","prefectureEn":"FUKUOKA KEN","cityEn":"CHIKUGO SHI","townEn":"SHIMOKITAJIMA"},"8330035":{"prefectureJa":"福岡県","cityJa":"筑後市","townJa":"古島","prefectureEn":"FUKUOKA KEN","cityEn":"CHIKUGO SHI","townEn":"KOJIMA"},"8330036":{"prefectureJa":"福岡県","cityJa":"筑後市","townJa":"井田","prefectureEn":"FUKUOKA KEN","cityEn":"CHIKUGO SHI","townEn":"SEIDEN"},"8330037":{"prefectureJa":"福岡県","cityJa":"筑後市","townJa":"島田","prefectureEn":"FUKUOKA KEN","cityEn":"CHIKUGO SHI","townEn":"SHIMADA"},"8330041":{"prefectureJa":"福岡県","cityJa":"筑後市","townJa":"和泉","prefectureEn":"FUKUOKA KEN","cityEn":"CHIKUGO SHI","townEn":"IZUMI"},"8330042":{"prefectureJa":"福岡県","cityJa":"筑後市","townJa":"長崎","prefectureEn":"FUKUOKA KEN","cityEn":"CHIKUGO SHI","townEn":"NAGASAKI"},"8330043":{"prefectureJa":"福岡県","cityJa":"筑後市","townJa":"庄島","prefectureEn":"FUKUOKA KEN","cityEn":"CHIKUGO SHI","townEn":"SHOJIMA"},"8330044":{"prefectureJa":"福岡県","cityJa":"筑後市","townJa":"富久","prefectureEn":"FUKUOKA KEN","cityEn":"CHIKUGO SHI","townEn":"TOMIHISA"},"8330045":{"prefectureJa":"福岡県","cityJa":"筑後市","townJa":"四ケ所","prefectureEn":"FUKUOKA KEN","cityEn":"CHIKUGO SHI","townEn":"SHIKASHO"},"8330046":{"prefectureJa":"福岡県","cityJa":"筑後市","townJa":"江口","prefectureEn":"FUKUOKA KEN","cityEn":"CHIKUGO SHI","townEn":"EGUCHI"},"8330047":{"prefectureJa":"福岡県","cityJa":"筑後市","townJa":"若菜","prefectureEn":"FUKUOKA KEN","cityEn":"CHIKUGO SHI","townEn":"WAKANA"},"8330051":{"prefectureJa":"福岡県","cityJa":"筑後市","townJa":"富重","prefectureEn":"FUKUOKA KEN","cityEn":"CHIKUGO SHI","townEn":"TOMISHIGE"},"8330052":{"prefectureJa":"福岡県","cityJa":"筑後市","townJa":"高江","prefectureEn":"FUKUOKA KEN","cityEn":"CHIKUGO SHI","townEn":"TAKAE"},"8330053":{"prefectureJa":"福岡県","cityJa":"筑後市","townJa":"西牟田","prefectureEn":"FUKUOKA KEN","cityEn":"CHIKUGO SHI","townEn":"NISHIMUTA"},"8330054":{"prefectureJa":"福岡県","cityJa":"筑後市","townJa":"蔵数","prefectureEn":"FUKUOKA KEN","cityEn":"CHIKUGO SHI","townEn":"KURAKAZU"},"8330055":{"prefectureJa":"福岡県","cityJa":"筑後市","townJa":"熊野","prefectureEn":"FUKUOKA KEN","cityEn":"CHIKUGO SHI","townEn":"KUMANO"},"8330056":{"prefectureJa":"福岡県","cityJa":"筑後市","townJa":"久富","prefectureEn":"FUKUOKA KEN","cityEn":"CHIKUGO SHI","townEn":"HISADOMI"}}