{"3290100":{"prefectureJa":"栃木県","cityJa":"下都賀郡野木町","townJa":"以下に掲載がない場合","prefectureEn":"TOCHIGI KEN","cityEn":"SHIMOTSUGA GUN NOGI MACHI","townEn":"IKANIKEISAIGANAIBAAI"},"3290101":{"prefectureJa":"栃木県","cityJa":"下都賀郡野木町","townJa":"友沼","prefectureEn":"TOCHIGI KEN","cityEn":"SHIMOTSUGA GUN NOGI MACHI","townEn":"TOMONUMA"},"3290102":{"prefectureJa":"栃木県","cityJa":"下都賀郡野木町","townJa":"潤島","prefectureEn":"TOCHIGI KEN","cityEn":"SHIMOTSUGA GUN NOGI MACHI","townEn":"URUJIMA"},"3290103":{"prefectureJa":"栃木県","cityJa":"下都賀郡野木町","townJa":"若林","prefectureEn":"TOCHIGI KEN","cityEn":"SHIMOTSUGA GUN NOGI MACHI","townEn":"WAKABAYASHI"},"3290104":{"prefectureJa":"栃木県","cityJa":"下都賀郡野木町","townJa":"佐川野","prefectureEn":"TOCHIGI KEN","cityEn":"SHIMOTSUGA GUN NOGI MACHI","townEn":"SAGAWANO"},"3290105":{"prefectureJa":"栃木県","cityJa":"下都賀郡野木町","townJa":"川田","prefectureEn":"TOCHIGI KEN","cityEn":"SHIMOTSUGA GUN NOGI MACHI","townEn":"KAWADA"},"3290111":{"prefectureJa":"栃木県","cityJa":"下都賀郡野木町","townJa":"丸林","prefectureEn":"TOCHIGI KEN","cityEn":"SHIMOTSUGA GUN NOGI MACHI","townEn":"MARUBAYASHI"},"3290112":{"prefectureJa":"栃木県","cityJa":"下都賀郡野木町","townJa":"南赤塚","prefectureEn":"TOCHIGI KEN","cityEn":"SHIMOTSUGA GUN NOGI MACHI","townEn":"MINAMIAKATSUKA"},"3290113":{"prefectureJa":"栃木県","cityJa":"下都賀郡野木町","townJa":"中谷","prefectureEn":"TOCHIGI KEN","cityEn":"SHIMOTSUGA GUN NOGI MACHI","townEn":"NAKAYA"},"3290114":{"prefectureJa":"栃木県","cityJa":"下都賀郡野木町","townJa":"野木","prefectureEn":"TOCHIGI KEN","cityEn":"SHIMOTSUGA GUN NOGI MACHI","townEn":"NOGI"},"3290115":{"prefectureJa":"栃木県","cityJa":"下都賀郡野木町","townJa":"野渡","prefectureEn":"TOCHIGI KEN","cityEn":"SHIMOTSUGA GUN NOGI MACHI","townEn":"NOWATA"},"3290201":{"prefectureJa":"栃木県","cityJa":"小山市","townJa":"粟宮","prefectureEn":"TOCHIGI KEN","cityEn":"OYAMA SHI","townEn":"AWANOMIYA"},"3290202":{"prefectureJa":"栃木県","cityJa":"小山市","townJa":"千駄塚","prefectureEn":"TOCHIGI KEN","cityEn":"OYAMA SHI","townEn":"SENDAZUKA"},"3290203":{"prefectureJa":"栃木県","cityJa":"小山市","townJa":"西黒田","prefectureEn":"TOCHIGI KEN","cityEn":"OYAMA SHI","townEn":"NISHIKURODA"},"3290204":{"prefectureJa":"栃木県","cityJa":"小山市","townJa":"東黒田","prefectureEn":"TOCHIGI KEN","cityEn":"OYAMA SHI","townEn":"HIGASHIKURODA"},"3290205":{"prefectureJa":"栃木県","cityJa":"小山市","townJa":"間々田","prefectureEn":"TOCHIGI KEN","cityEn":"OYAMA SHI","townEn":"MAMADA"},"3290206":{"prefectureJa":"栃木県","cityJa":"小山市","townJa":"東間々田","prefectureEn":"TOCHIGI KEN","cityEn":"OYAMA SHI","townEn":"HIGASHIMAMADA"},"3290207":{"prefectureJa":"栃木県","cityJa":"小山市","townJa":"美しが丘","prefectureEn":"TOCHIGI KEN","cityEn":"OYAMA SHI","townEn":"UTSUKUSHIGAOKA"},"3290211":{"prefectureJa":"栃木県","cityJa":"小山市","townJa":"暁","prefectureEn":"TOCHIGI KEN","cityEn":"OYAMA SHI","townEn":"AKATSUKI"},"3290212":{"prefectureJa":"栃木県","cityJa":"小山市","townJa":"平和","prefectureEn":"TOCHIGI KEN","cityEn":"OYAMA SHI","townEn":"HIRAWA"},"3290213":{"prefectureJa":"栃木県","cityJa":"小山市","townJa":"南飯田","prefectureEn":"TOCHIGI KEN","cityEn":"OYAMA SHI","townEn":"MINAMIIIDA"},"3290214":{"prefectureJa":"栃木県","cityJa":"小山市","townJa":"乙女","prefectureEn":"TOCHIGI KEN","cityEn":"OYAMA SHI","townEn":"OTOME"},"3290215":{"prefectureJa":"栃木県","cityJa":"小山市","townJa":"網戸","prefectureEn":"TOCHIGI KEN","cityEn":"OYAMA SHI","townEn":"AJITO"},"3290216":{"prefectureJa":"栃木県","cityJa":"小山市","townJa":"楢木","prefectureEn":"TOCHIGI KEN","cityEn":"OYAMA SHI","townEn":"NARANOKI"},"3290217":{"prefectureJa":"栃木県","cityJa":"小山市","townJa":"南乙女","prefectureEn":"TOCHIGI KEN","cityEn":"OYAMA SHI","townEn":"MINAMIOTOME"},"3290221":{"prefectureJa":"栃木県","cityJa":"小山市","townJa":"生良","prefectureEn":"TOCHIGI KEN","cityEn":"OYAMA SHI","townEn":"KIRA"},"3290222":{"prefectureJa":"栃木県","cityJa":"小山市","townJa":"上生井","prefectureEn":"TOCHIGI KEN","cityEn":"OYAMA SHI","townEn":"KAMINAMAI"},"3290223":{"prefectureJa":"栃木県","cityJa":"小山市","townJa":"下生井","prefectureEn":"TOCHIGI KEN","cityEn":"OYAMA SHI","townEn":"SHIMONAMAI"},"3290224":{"prefectureJa":"栃木県","cityJa":"小山市","townJa":"白鳥","prefectureEn":"TOCHIGI KEN","cityEn":"OYAMA SHI","townEn":"SHIRATORI"},"3290225":{"prefectureJa":"栃木県","cityJa":"小山市","townJa":"迫間田","prefectureEn":"TOCHIGI KEN","cityEn":"OYAMA SHI","townEn":"HASAMADA"},"3290226":{"prefectureJa":"栃木県","cityJa":"小山市","townJa":"寒川","prefectureEn":"TOCHIGI KEN","cityEn":"OYAMA SHI","townEn":"SAMUKAWA"},"3290227":{"prefectureJa":"栃木県","cityJa":"小山市","townJa":"中里","prefectureEn":"TOCHIGI KEN","cityEn":"OYAMA SHI","townEn":"NAKAZATO"},"3290228":{"prefectureJa":"栃木県","cityJa":"小山市","townJa":"押切","prefectureEn":"TOCHIGI KEN","cityEn":"OYAMA SHI","townEn":"OSHIKIRI"},"3290229":{"prefectureJa":"栃木県","cityJa":"小山市","townJa":"鏡","prefectureEn":"TOCHIGI KEN","cityEn":"OYAMA SHI","townEn":"KAGAMI"},"3290311":{"prefectureJa":"栃木県","cityJa":"栃木市","townJa":"藤岡町富吉","prefectureEn":"TOCHIGI KEN","cityEn":"TOCHIGI SHI","townEn":"FUJIOKAMACHI TOMIYOSHI"},"3290312":{"prefectureJa":"栃木県","cityJa":"栃木市","townJa":"藤岡町蛭沼","prefectureEn":"TOCHIGI KEN","cityEn":"TOCHIGI SHI","townEn":"FUJIOKAMACHI HIRUNUMA"},"3290313":{"prefectureJa":"栃木県","cityJa":"栃木市","townJa":"藤岡町緑川","prefectureEn":"TOCHIGI KEN","cityEn":"TOCHIGI SHI","townEn":"FUJIOKAMACHI MIDORIKAWA"},"3290314":{"prefectureJa":"栃木県","cityJa":"栃木市","townJa":"藤岡町新波","prefectureEn":"TOCHIGI KEN","cityEn":"TOCHIGI SHI","townEn":"FUJIOKAMACHI NIPPA"},"3290315":{"prefectureJa":"栃木県","cityJa":"栃木市","townJa":"藤岡町部屋","prefectureEn":"TOCHIGI KEN","cityEn":"TOCHIGI SHI","townEn":"FUJIOKAMACHI HEYA"},"3290316":{"prefectureJa":"栃木県","cityJa":"栃木市","townJa":"藤岡町石川","prefectureEn":"TOCHIGI KEN","cityEn":"TOCHIGI SHI","townEn":"FUJIOKAMACHI ISHIKAWA"},"3290317":{"prefectureJa":"栃木県","cityJa":"栃木市","townJa":"藤岡町帯刀","prefectureEn":"TOCHIGI KEN","cityEn":"TOCHIGI SHI","townEn":"FUJIOKAMACHI TATEWAKI"},"3290318":{"prefectureJa":"栃木県","cityJa":"栃木市","townJa":"藤岡町西前原","prefectureEn":"TOCHIGI KEN","cityEn":"TOCHIGI SHI","townEn":"FUJIOKAMACHI NISHIMAEHARA"},"3290319":{"prefectureJa":"栃木県","cityJa":"栃木市","townJa":"藤岡町中根","prefectureEn":"TOCHIGI KEN","cityEn":"TOCHIGI SHI","townEn":"FUJIOKAMACHI NAKANE"},"3290400":{"prefectureJa":"栃木県","cityJa":"下野市","townJa":"以下に掲載がない場合","prefectureEn":"TOCHIGI KEN","cityEn":"SHIMOTSUKE SHI","townEn":"IKANIKEISAIGANAIBAAI"},"3290401":{"prefectureJa":"栃木県","cityJa":"下野市","townJa":"箕輪","prefectureEn":"TOCHIGI KEN","cityEn":"SHIMOTSUKE SHI","townEn":"MINOWA"},"3290402":{"prefectureJa":"栃木県","cityJa":"下野市","townJa":"笹原","prefectureEn":"TOCHIGI KEN","cityEn":"SHIMOTSUKE SHI","townEn":"SASAHARA"},"3290403":{"prefectureJa":"栃木県","cityJa":"下野市","townJa":"医大前","prefectureEn":"TOCHIGI KEN","cityEn":"SHIMOTSUKE SHI","townEn":"IDAIMAE"},"3290411":{"prefectureJa":"栃木県","cityJa":"下野市","townJa":"烏ケ森","prefectureEn":"TOCHIGI KEN","cityEn":"SHIMOTSUKE SHI","townEn":"KARASUGAMORI"},"3290412":{"prefectureJa":"栃木県","cityJa":"下野市","townJa":"柴","prefectureEn":"TOCHIGI KEN","cityEn":"SHIMOTSUKE SHI","townEn":"SHIBA"},"3290413":{"prefectureJa":"栃木県","cityJa":"下野市","townJa":"駅東","prefectureEn":"TOCHIGI KEN","cityEn":"SHIMOTSUKE SHI","townEn":"EKIHIGASHI"},"3290414":{"prefectureJa":"栃木県","cityJa":"下野市","townJa":"小金井","prefectureEn":"TOCHIGI KEN","cityEn":"SHIMOTSUKE SHI","townEn":"KOGANEI"},"3290415":{"prefectureJa":"栃木県","cityJa":"下野市","townJa":"川中子","prefectureEn":"TOCHIGI KEN","cityEn":"SHIMOTSUKE SHI","townEn":"KAWANAGO"},"3290417":{"prefectureJa":"栃木県","cityJa":"下野市","townJa":"国分寺","prefectureEn":"TOCHIGI KEN","cityEn":"SHIMOTSUKE SHI","townEn":"KOKUBUNJI"},"3290418":{"prefectureJa":"栃木県","cityJa":"下野市","townJa":"紫","prefectureEn":"TOCHIGI KEN","cityEn":"SHIMOTSUKE SHI","townEn":"MURASAKI"},"3290421":{"prefectureJa":"栃木県","cityJa":"下野市","townJa":"成田","prefectureEn":"TOCHIGI KEN","cityEn":"SHIMOTSUKE SHI","townEn":"NARITA"},"3290422":{"prefectureJa":"栃木県","cityJa":"下野市","townJa":"町田","prefectureEn":"TOCHIGI KEN","cityEn":"SHIMOTSUKE SHI","townEn":"MACHIDA"},"3290423":{"prefectureJa":"栃木県","cityJa":"下野市","townJa":"谷地賀","prefectureEn":"TOCHIGI KEN","cityEn":"SHIMOTSUKE SHI","townEn":"YAJITSUKA"},"3290424":{"prefectureJa":"栃木県","cityJa":"下野市","townJa":"下文狹","prefectureEn":"TOCHIGI KEN","cityEn":"SHIMOTSUKE SHI","townEn":"SHIMOFUBASAMI"},"3290425":{"prefectureJa":"栃木県","cityJa":"下野市","townJa":"田中","prefectureEn":"TOCHIGI KEN","cityEn":"SHIMOTSUKE SHI","townEn":"TANAKA"},"3290431":{"prefectureJa":"栃木県","cityJa":"下野市","townJa":"薬師寺","prefectureEn":"TOCHIGI KEN","cityEn":"SHIMOTSUKE SHI","townEn":"YAKUSHIJI"},"3290432":{"prefectureJa":"栃木県","cityJa":"下野市","townJa":"仁良川","prefectureEn":"TOCHIGI KEN","cityEn":"SHIMOTSUKE SHI","townEn":"NIRAGAWA"},"3290433":{"prefectureJa":"栃木県","cityJa":"下野市","townJa":"緑","prefectureEn":"TOCHIGI KEN","cityEn":"SHIMOTSUKE SHI","townEn":"MIDORI"},"3290434":{"prefectureJa":"栃木県","cityJa":"下野市","townJa":"祇園","prefectureEn":"TOCHIGI KEN","cityEn":"SHIMOTSUKE SHI","townEn":"GION"},"3290501":{"prefectureJa":"栃木県","cityJa":"下野市","townJa":"上古山","prefectureEn":"TOCHIGI KEN","cityEn":"SHIMOTSUKE SHI","townEn":"KAMIKOYAMA"},"3290502":{"prefectureJa":"栃木県","cityJa":"下野市","townJa":"下古山","prefectureEn":"TOCHIGI KEN","cityEn":"SHIMOTSUKE SHI","townEn":"SHIMOKOYAMA"},"3290503":{"prefectureJa":"栃木県","cityJa":"下野市","townJa":"下長田","prefectureEn":"TOCHIGI KEN","cityEn":"SHIMOTSUKE SHI","townEn":"SHIMONAGATA"},"3290504":{"prefectureJa":"栃木県","cityJa":"下野市","townJa":"上台","prefectureEn":"TOCHIGI KEN","cityEn":"SHIMOTSUKE SHI","townEn":"KAMIDAI"},"3290505":{"prefectureJa":"栃木県","cityJa":"下野市","townJa":"細谷","prefectureEn":"TOCHIGI KEN","cityEn":"SHIMOTSUKE SHI","townEn":"HOSOYA"},"3290506":{"prefectureJa":"栃木県","cityJa":"下野市","townJa":"橋本","prefectureEn":"TOCHIGI KEN","cityEn":"SHIMOTSUKE SHI","townEn":"HASHIMOTO"},"3290507":{"prefectureJa":"栃木県","cityJa":"下野市","townJa":"文教","prefectureEn":"TOCHIGI KEN","cityEn":"SHIMOTSUKE SHI","townEn":"BUNKYO"},"3290511":{"prefectureJa":"栃木県","cityJa":"下野市","townJa":"石橋","prefectureEn":"TOCHIGI KEN","cityEn":"SHIMOTSUKE SHI","townEn":"ISHIBASHI"},"3290512":{"prefectureJa":"栃木県","cityJa":"下野市","townJa":"下石橋","prefectureEn":"TOCHIGI KEN","cityEn":"SHIMOTSUKE SHI","townEn":"SHIMOISHIBASHI"},"3290513":{"prefectureJa":"栃木県","cityJa":"下野市","townJa":"下大領","prefectureEn":"TOCHIGI KEN","cityEn":"SHIMOTSUKE SHI","townEn":"SHIMODAIRYO"},"3290514":{"prefectureJa":"栃木県","cityJa":"下野市","townJa":"東前原","prefectureEn":"TOCHIGI KEN","cityEn":"SHIMOTSUKE SHI","townEn":"HIGASHIMAEHARA"},"3290515":{"prefectureJa":"栃木県","cityJa":"下野市","townJa":"中大領","prefectureEn":"TOCHIGI KEN","cityEn":"SHIMOTSUKE SHI","townEn":"NAKADAIRYO"},"3290516":{"prefectureJa":"栃木県","cityJa":"下野市","townJa":"大光寺","prefectureEn":"TOCHIGI KEN","cityEn":"SHIMOTSUKE SHI","townEn":"DAIKOJI"},"3290517":{"prefectureJa":"栃木県","cityJa":"下野市","townJa":"上大領","prefectureEn":"TOCHIGI KEN","cityEn":"SHIMOTSUKE SHI","townEn":"KAMIDAIRYO"},"3290518":{"prefectureJa":"栃木県","cityJa":"下野市","townJa":"花の木","prefectureEn":"TOCHIGI KEN","cityEn":"SHIMOTSUKE SHI","townEn":"HANANOKI"},"3290519":{"prefectureJa":"栃木県","cityJa":"下野市","townJa":"大松山","prefectureEn":"TOCHIGI KEN","cityEn":"SHIMOTSUKE SHI","townEn":"OMATSUYAMA"},"3290521":{"prefectureJa":"栃木県","cityJa":"河内郡上三川町","townJa":"石田","prefectureEn":"TOCHIGI KEN","cityEn":"KAWACHI GUN KAMINOKAWA MACHI","townEn":"ISHITA"},"3290522":{"prefectureJa":"栃木県","cityJa":"河内郡上三川町","townJa":"川中子","prefectureEn":"TOCHIGI KEN","cityEn":"KAWACHI GUN KAMINOKAWA MACHI","townEn":"KAWANAGO"},"3290523":{"prefectureJa":"栃木県","cityJa":"河内郡上三川町","townJa":"梁","prefectureEn":"TOCHIGI KEN","cityEn":"KAWACHI GUN KAMINOKAWA MACHI","townEn":"YANA"},"3290524":{"prefectureJa":"栃木県","cityJa":"河内郡上三川町","townJa":"多功","prefectureEn":"TOCHIGI KEN","cityEn":"KAWACHI GUN KAMINOKAWA MACHI","townEn":"TAKO"},"3290525":{"prefectureJa":"栃木県","cityJa":"河内郡上三川町","townJa":"大山","prefectureEn":"TOCHIGI KEN","cityEn":"KAWACHI GUN KAMINOKAWA MACHI","townEn":"OYAMA"},"3290526":{"prefectureJa":"栃木県","cityJa":"河内郡上三川町","townJa":"鞘堂","prefectureEn":"TOCHIGI KEN","cityEn":"KAWACHI GUN KAMINOKAWA MACHI","townEn":"SAYADO"},"3290527":{"prefectureJa":"栃木県","cityJa":"河内郡上三川町","townJa":"上神主","prefectureEn":"TOCHIGI KEN","cityEn":"KAWACHI GUN KAMINOKAWA MACHI","townEn":"KAMIKONUSHI"},"3290528":{"prefectureJa":"栃木県","cityJa":"河内郡上三川町","townJa":"ゆうきが丘","prefectureEn":"TOCHIGI KEN","cityEn":"KAWACHI GUN KAMINOKAWA MACHI","townEn":"YUKIGAOKA"},"3290529":{"prefectureJa":"栃木県","cityJa":"河内郡上三川町","townJa":"下神主","prefectureEn":"TOCHIGI KEN","cityEn":"KAWACHI GUN KAMINOKAWA MACHI","townEn":"SHIMOKONUSHI"},"3290530":{"prefectureJa":"栃木県","cityJa":"河内郡上三川町","townJa":"天神町","prefectureEn":"TOCHIGI KEN","cityEn":"KAWACHI GUN KAMINOKAWA MACHI","townEn":"TENJINCHO"},"3290600":{"prefectureJa":"栃木県","cityJa":"河内郡上三川町","townJa":"以下に掲載がない場合","prefectureEn":"TOCHIGI KEN","cityEn":"KAWACHI GUN KAMINOKAWA MACHI","townEn":"IKANIKEISAIGANAIBAAI"},"3290601":{"prefectureJa":"栃木県","cityJa":"河内郡上三川町","townJa":"上文挾","prefectureEn":"TOCHIGI KEN","cityEn":"KAWACHI GUN KAMINOKAWA MACHI","townEn":"KAMIFUBASAMI"},"3290602":{"prefectureJa":"栃木県","cityJa":"河内郡上三川町","townJa":"東汗","prefectureEn":"TOCHIGI KEN","cityEn":"KAWACHI GUN KAMINOKAWA MACHI","townEn":"HIGASHIFUZAKASHI"},"3290603":{"prefectureJa":"栃木県","cityJa":"河内郡上三川町","townJa":"東蓼沼","prefectureEn":"TOCHIGI KEN","cityEn":"KAWACHI GUN KAMINOKAWA MACHI","townEn":"HIGASHITATENUMA"},"3290604":{"prefectureJa":"栃木県","cityJa":"河内郡上三川町","townJa":"上郷","prefectureEn":"TOCHIGI KEN","cityEn":"KAWACHI GUN KAMINOKAWA MACHI","townEn":"KAMIGO"},"3290605":{"prefectureJa":"栃木県","cityJa":"河内郡上三川町","townJa":"西蓼沼","prefectureEn":"TOCHIGI KEN","cityEn":"KAWACHI GUN KAMINOKAWA MACHI","townEn":"NISHITATENUMA"},"3290606":{"prefectureJa":"栃木県","cityJa":"河内郡上三川町","townJa":"磯岡","prefectureEn":"TOCHIGI KEN","cityEn":"KAWACHI GUN KAMINOKAWA MACHI","townEn":"ISOKA"},"3290607":{"prefectureJa":"栃木県","cityJa":"河内郡上三川町","townJa":"西汗","prefectureEn":"TOCHIGI KEN","cityEn":"KAWACHI GUN KAMINOKAWA MACHI","townEn":"NISHIFUZAKASHI"},"3290608":{"prefectureJa":"栃木県","cityJa":"河内郡上三川町","townJa":"西木代","prefectureEn":"TOCHIGI KEN","cityEn":"KAWACHI GUN KAMINOKAWA MACHI","townEn":"NISHIKINOSHIRO"},"3290611":{"prefectureJa":"栃木県","cityJa":"河内郡上三川町","townJa":"上三川","prefectureEn":"TOCHIGI KEN","cityEn":"KAWACHI GUN KAMINOKAWA MACHI","townEn":"KAMINOKAWA"},"3290612":{"prefectureJa":"栃木県","cityJa":"河内郡上三川町","townJa":"三本木","prefectureEn":"TOCHIGI KEN","cityEn":"KAWACHI GUN KAMINOKAWA MACHI","townEn":"SAMBONGI"},"3290613":{"prefectureJa":"栃木県","cityJa":"河内郡上三川町","townJa":"坂上","prefectureEn":"TOCHIGI KEN","cityEn":"KAWACHI GUN KAMINOKAWA MACHI","townEn":"SAKAUE"},"3290614":{"prefectureJa":"栃木県","cityJa":"河内郡上三川町","townJa":"五分一","prefectureEn":"TOCHIGI KEN","cityEn":"KAWACHI GUN KAMINOKAWA MACHI","townEn":"GOBUICHI"},"3290615":{"prefectureJa":"栃木県","cityJa":"河内郡上三川町","townJa":"三村","prefectureEn":"TOCHIGI KEN","cityEn":"KAWACHI GUN KAMINOKAWA MACHI","townEn":"MIMURA"},"3290616":{"prefectureJa":"栃木県","cityJa":"河内郡上三川町","townJa":"下蒲生","prefectureEn":"TOCHIGI KEN","cityEn":"KAWACHI GUN KAMINOKAWA MACHI","townEn":"SHIMOKAMO"},"3290617":{"prefectureJa":"栃木県","cityJa":"河内郡上三川町","townJa":"上蒲生","prefectureEn":"TOCHIGI KEN","cityEn":"KAWACHI GUN KAMINOKAWA MACHI","townEn":"KAMIKAMO"},"3290618":{"prefectureJa":"栃木県","cityJa":"河内郡上三川町","townJa":"しらさぎ","prefectureEn":"TOCHIGI KEN","cityEn":"KAWACHI GUN KAMINOKAWA MACHI","townEn":"SHIRASAGI"},"3291101":{"prefectureJa":"栃木県","cityJa":"宇都宮市","townJa":"下ケ橋町","prefectureEn":"TOCHIGI KEN","cityEn":"UTSUNOMIYA SHI","townEn":"SAGEHASHICHO"},"3291102":{"prefectureJa":"栃木県","cityJa":"宇都宮市","townJa":"白沢町","prefectureEn":"TOCHIGI KEN","cityEn":"UTSUNOMIYA SHI","townEn":"SHIRASAWACHO"},"3291103":{"prefectureJa":"栃木県","cityJa":"宇都宮市","townJa":"東岡本町","prefectureEn":"TOCHIGI KEN","cityEn":"UTSUNOMIYA SHI","townEn":"HIGASHIOKAMOTOCHO"},"3291104":{"prefectureJa":"栃木県","cityJa":"宇都宮市","townJa":"下岡本町","prefectureEn":"TOCHIGI KEN","cityEn":"UTSUNOMIYA SHI","townEn":"SHIMOKAMOTOCHO"},"3291105":{"prefectureJa":"栃木県","cityJa":"宇都宮市","townJa":"中岡本町","prefectureEn":"TOCHIGI KEN","cityEn":"UTSUNOMIYA SHI","townEn":"NAKAOKAMOTOCHO"},"3291106":{"prefectureJa":"栃木県","cityJa":"宇都宮市","townJa":"上大塚町","prefectureEn":"TOCHIGI KEN","cityEn":"UTSUNOMIYA SHI","townEn":"KAMIOTSUKACHO"},"3291107":{"prefectureJa":"栃木県","cityJa":"宇都宮市","townJa":"長峰町","prefectureEn":"TOCHIGI KEN","cityEn":"UTSUNOMIYA SHI","townEn":"NAGAMINECHO"},"3291108":{"prefectureJa":"栃木県","cityJa":"宇都宮市","townJa":"古田町","prefectureEn":"TOCHIGI KEN","cityEn":"UTSUNOMIYA SHI","townEn":"FURUTACHO"},"3291111":{"prefectureJa":"栃木県","cityJa":"宇都宮市","townJa":"逆面町","prefectureEn":"TOCHIGI KEN","cityEn":"UTSUNOMIYA SHI","townEn":"SAKAZURACHO"},"3291112":{"prefectureJa":"栃木県","cityJa":"宇都宮市","townJa":"上田原町","prefectureEn":"TOCHIGI KEN","cityEn":"UTSUNOMIYA SHI","townEn":"KAMITAWARACHO"},"3291113":{"prefectureJa":"栃木県","cityJa":"宇都宮市","townJa":"相野沢町","prefectureEn":"TOCHIGI KEN","cityEn":"UTSUNOMIYA SHI","townEn":"AINOSAWACHO"},"3291114":{"prefectureJa":"栃木県","cityJa":"宇都宮市","townJa":"宝井町","prefectureEn":"TOCHIGI KEN","cityEn":"UTSUNOMIYA SHI","townEn":"TAKARAICHO"},"3291115":{"prefectureJa":"栃木県","cityJa":"宇都宮市","townJa":"下田原町","prefectureEn":"TOCHIGI KEN","cityEn":"UTSUNOMIYA SHI","townEn":"SHIMOTAWARACHO"},"3291116":{"prefectureJa":"栃木県","cityJa":"宇都宮市","townJa":"立伏町","prefectureEn":"TOCHIGI KEN","cityEn":"UTSUNOMIYA SHI","townEn":"RYUBUKUCHO"},"3291117":{"prefectureJa":"栃木県","cityJa":"宇都宮市","townJa":"叶谷町","prefectureEn":"TOCHIGI KEN","cityEn":"UTSUNOMIYA SHI","townEn":"KANOYACHO"},"3291200":{"prefectureJa":"栃木県","cityJa":"塩谷郡高根沢町","townJa":"以下に掲載がない場合","prefectureEn":"TOCHIGI KEN","cityEn":"SHIOYA GUN TAKANEZAWA MACHI","townEn":"IKANIKEISAIGANAIBAAI"},"3291201":{"prefectureJa":"栃木県","cityJa":"塩谷郡高根沢町","townJa":"柿木沢","prefectureEn":"TOCHIGI KEN","cityEn":"SHIOYA GUN TAKANEZAWA MACHI","townEn":"KAKINOKIZAWA"},"3291202":{"prefectureJa":"栃木県","cityJa":"塩谷郡高根沢町","townJa":"狭間田","prefectureEn":"TOCHIGI KEN","cityEn":"SHIOYA GUN TAKANEZAWA MACHI","townEn":"HASAMATA"},"3291203":{"prefectureJa":"栃木県","cityJa":"塩谷郡高根沢町","townJa":"伏久","prefectureEn":"TOCHIGI KEN","cityEn":"SHIOYA GUN TAKANEZAWA MACHI","townEn":"FUSUKU"},"3291204":{"prefectureJa":"栃木県","cityJa":"塩谷郡高根沢町","townJa":"文挾","prefectureEn":"TOCHIGI KEN","cityEn":"SHIOYA GUN TAKANEZAWA MACHI","townEn":"FUBASAMI"},"3291205":{"prefectureJa":"栃木県","cityJa":"塩谷郡高根沢町","townJa":"飯室","prefectureEn":"TOCHIGI KEN","cityEn":"SHIOYA GUN TAKANEZAWA MACHI","townEn":"IIMURO"},"3291206":{"prefectureJa":"栃木県","cityJa":"塩谷郡高根沢町","townJa":"平田","prefectureEn":"TOCHIGI KEN","cityEn":"SHIOYA GUN TAKANEZAWA MACHI","townEn":"HIRATA"},"3291207":{"prefectureJa":"栃木県","cityJa":"塩谷郡高根沢町","townJa":"花岡","prefectureEn":"TOCHIGI KEN","cityEn":"SHIOYA GUN TAKANEZAWA MACHI","townEn":"HANAOKA"},"3291211":{"prefectureJa":"栃木県","cityJa":"塩谷郡高根沢町","townJa":"亀梨","prefectureEn":"TOCHIGI KEN","cityEn":"SHIOYA GUN TAKANEZAWA MACHI","townEn":"KAMENASHI"},"3291212":{"prefectureJa":"栃木県","cityJa":"塩谷郡高根沢町","townJa":"上柏崎","prefectureEn":"TOCHIGI KEN","cityEn":"SHIOYA GUN TAKANEZAWA MACHI","townEn":"KAMIKASHIWAZAKI"},"3291213":{"prefectureJa":"栃木県","cityJa":"塩谷郡高根沢町","townJa":"下柏崎","prefectureEn":"TOCHIGI KEN","cityEn":"SHIOYA GUN TAKANEZAWA MACHI","townEn":"SHIMOKASHIWAZAKI"},"3291214":{"prefectureJa":"栃木県","cityJa":"塩谷郡高根沢町","townJa":"中柏崎","prefectureEn":"TOCHIGI KEN","cityEn":"SHIOYA GUN TAKANEZAWA MACHI","townEn":"NAKAKASHIWAZAKI"},"3291215":{"prefectureJa":"栃木県","cityJa":"塩谷郡高根沢町","townJa":"給部","prefectureEn":"TOCHIGI KEN","cityEn":"SHIOYA GUN TAKANEZAWA MACHI","townEn":"KYUBU"},"3291216":{"prefectureJa":"栃木県","cityJa":"塩谷郡高根沢町","townJa":"桑窪","prefectureEn":"TOCHIGI KEN","cityEn":"SHIOYA GUN TAKANEZAWA MACHI","townEn":"KUWAKUBO"},"3291217":{"prefectureJa":"栃木県","cityJa":"塩谷郡高根沢町","townJa":"太田","prefectureEn":"TOCHIGI KEN","cityEn":"SHIOYA GUN TAKANEZAWA MACHI","townEn":"OTA"},"3291221":{"prefectureJa":"栃木県","cityJa":"塩谷郡高根沢町","townJa":"西高谷","prefectureEn":"TOCHIGI KEN","cityEn":"SHIOYA GUN TAKANEZAWA MACHI","townEn":"NISHIGOYA"},"3291222":{"prefectureJa":"栃木県","cityJa":"塩谷郡高根沢町","townJa":"寺渡戸","prefectureEn":"TOCHIGI KEN","cityEn":"SHIOYA GUN TAKANEZAWA MACHI","townEn":"TERAWATADO"},"3291223":{"prefectureJa":"栃木県","cityJa":"塩谷郡高根沢町","townJa":"栗ケ島","prefectureEn":"TOCHIGI KEN","cityEn":"SHIOYA GUN TAKANEZAWA MACHI","townEn":"KURIGASHIMA"},"3291224":{"prefectureJa":"栃木県","cityJa":"塩谷郡高根沢町","townJa":"上高根沢","prefectureEn":"TOCHIGI KEN","cityEn":"SHIOYA GUN TAKANEZAWA MACHI","townEn":"KAMITAKANEZAWA"},"3291225":{"prefectureJa":"栃木県","cityJa":"塩谷郡高根沢町","townJa":"石末","prefectureEn":"TOCHIGI KEN","cityEn":"SHIOYA GUN TAKANEZAWA MACHI","townEn":"ISHIZUE"},"3291226":{"prefectureJa":"栃木県","cityJa":"塩谷郡高根沢町","townJa":"大谷","prefectureEn":"TOCHIGI KEN","cityEn":"SHIOYA GUN TAKANEZAWA MACHI","townEn":"OYA"},"3291231":{"prefectureJa":"栃木県","cityJa":"塩谷郡高根沢町","townJa":"宝石台","prefectureEn":"TOCHIGI KEN","cityEn":"SHIOYA GUN TAKANEZAWA MACHI","townEn":"HOSEKIDAI"},"3291232":{"prefectureJa":"栃木県","cityJa":"塩谷郡高根沢町","townJa":"光陽台","prefectureEn":"TOCHIGI KEN","cityEn":"SHIOYA GUN TAKANEZAWA MACHI","townEn":"KOYODAI"},"3291233":{"prefectureJa":"栃木県","cityJa":"塩谷郡高根沢町","townJa":"宝積寺","prefectureEn":"TOCHIGI KEN","cityEn":"SHIOYA GUN TAKANEZAWA MACHI","townEn":"HOSHAKUJI"},"3291234":{"prefectureJa":"栃木県","cityJa":"塩谷郡高根沢町","townJa":"中阿久津","prefectureEn":"TOCHIGI KEN","cityEn":"SHIOYA GUN TAKANEZAWA MACHI","townEn":"NAKAAKUTSU"},"3291235":{"prefectureJa":"栃木県","cityJa":"塩谷郡高根沢町","townJa":"上阿久津","prefectureEn":"TOCHIGI KEN","cityEn":"SHIOYA GUN TAKANEZAWA MACHI","townEn":"KAMIAKUTSU"},"3291300":{"prefectureJa":"栃木県","cityJa":"さくら市","townJa":"以下に掲載がない場合","prefectureEn":"TOCHIGI KEN","cityEn":"SAKURA SHI","townEn":"IKANIKEISAIGANAIBAAI"},"3291301":{"prefectureJa":"栃木県","cityJa":"さくら市","townJa":"箱森新田","prefectureEn":"TOCHIGI KEN","cityEn":"SAKURA SHI","townEn":"HAKONOMORISHINDEN"},"3291302":{"prefectureJa":"栃木県","cityJa":"さくら市","townJa":"松山新田","prefectureEn":"TOCHIGI KEN","cityEn":"SAKURA SHI","townEn":"MATSUYAMASHINDEN"},"3291303":{"prefectureJa":"栃木県","cityJa":"さくら市","townJa":"松山","prefectureEn":"TOCHIGI KEN","cityEn":"SAKURA SHI","townEn":"MATSUYAMA"},"3291304":{"prefectureJa":"栃木県","cityJa":"さくら市","townJa":"鍛冶ケ沢","prefectureEn":"TOCHIGI KEN","cityEn":"SAKURA SHI","townEn":"KAJIGASAWA"},"3291305":{"prefectureJa":"栃木県","cityJa":"さくら市","townJa":"狹間田","prefectureEn":"TOCHIGI KEN","cityEn":"SAKURA SHI","townEn":"HASAMADA"},"3291306":{"prefectureJa":"栃木県","cityJa":"さくら市","townJa":"上野","prefectureEn":"TOCHIGI KEN","cityEn":"SAKURA SHI","townEn":"UWANO"},"3291311":{"prefectureJa":"栃木県","cityJa":"さくら市","townJa":"氏家","prefectureEn":"TOCHIGI KEN","cityEn":"SAKURA SHI","townEn":"UJIIE"},"3291312":{"prefectureJa":"栃木県","cityJa":"さくら市","townJa":"櫻野","prefectureEn":"TOCHIGI KEN","cityEn":"SAKURA SHI","townEn":"SAKURANO"},"3291313":{"prefectureJa":"栃木県","cityJa":"さくら市","townJa":"柿木沢新田","prefectureEn":"TOCHIGI KEN","cityEn":"SAKURA SHI","townEn":"KAKINOKIZAWASHINDEN"},"3291314":{"prefectureJa":"栃木県","cityJa":"さくら市","townJa":"柿木沢","prefectureEn":"TOCHIGI KEN","cityEn":"SAKURA SHI","townEn":"KAKINOKIZAWA"},"3291315":{"prefectureJa":"栃木県","cityJa":"さくら市","townJa":"氏家新田","prefectureEn":"TOCHIGI KEN","cityEn":"SAKURA SHI","townEn":"UJIIESHINDEN"},"3291316":{"prefectureJa":"栃木県","cityJa":"さくら市","townJa":"上阿久津","prefectureEn":"TOCHIGI KEN","cityEn":"SAKURA SHI","townEn":"KAMIAKUTSU"},"3291317":{"prefectureJa":"栃木県","cityJa":"さくら市","townJa":"きぬの里","prefectureEn":"TOCHIGI KEN","cityEn":"SAKURA SHI","townEn":"KINUNOSATO"},"3291321":{"prefectureJa":"栃木県","cityJa":"さくら市","townJa":"馬場","prefectureEn":"TOCHIGI KEN","cityEn":"SAKURA SHI","townEn":"BABA"},"3291322":{"prefectureJa":"栃木県","cityJa":"さくら市","townJa":"北草川","prefectureEn":"TOCHIGI KEN","cityEn":"SAKURA SHI","townEn":"KITAKUSAGAWA"},"3291323":{"prefectureJa":"栃木県","cityJa":"さくら市","townJa":"卯の里","prefectureEn":"TOCHIGI KEN","cityEn":"SAKURA SHI","townEn":"UNOSATO"},"3291324":{"prefectureJa":"栃木県","cityJa":"さくら市","townJa":"草川","prefectureEn":"TOCHIGI KEN","cityEn":"SAKURA SHI","townEn":"KUSAGAWA"},"3291325":{"prefectureJa":"栃木県","cityJa":"さくら市","townJa":"大中","prefectureEn":"TOCHIGI KEN","cityEn":"SAKURA SHI","townEn":"ONAKA"},"3291326":{"prefectureJa":"栃木県","cityJa":"さくら市","townJa":"向河原","prefectureEn":"TOCHIGI KEN","cityEn":"SAKURA SHI","townEn":"MUKOGAWARA"},"3291327":{"prefectureJa":"栃木県","cityJa":"さくら市","townJa":"富野岡","prefectureEn":"TOCHIGI KEN","cityEn":"SAKURA SHI","townEn":"TOMINOKA"},"3291331":{"prefectureJa":"栃木県","cityJa":"さくら市","townJa":"松島","prefectureEn":"TOCHIGI KEN","cityEn":"SAKURA SHI","townEn":"MATSUSHIMA"},"3291332":{"prefectureJa":"栃木県","cityJa":"さくら市","townJa":"蒲須坂","prefectureEn":"TOCHIGI KEN","cityEn":"SAKURA SHI","townEn":"KAMASUSAKA"},"3291333":{"prefectureJa":"栃木県","cityJa":"さくら市","townJa":"長久保","prefectureEn":"TOCHIGI KEN","cityEn":"SAKURA SHI","townEn":"NAGAKUBO"},"3291334":{"prefectureJa":"栃木県","cityJa":"さくら市","townJa":"押上","prefectureEn":"TOCHIGI KEN","cityEn":"SAKURA SHI","townEn":"OSHIAGE"},"3291401":{"prefectureJa":"栃木県","cityJa":"さくら市","townJa":"上河戸","prefectureEn":"TOCHIGI KEN","cityEn":"SAKURA SHI","townEn":"KAMIKODO"},"3291402":{"prefectureJa":"栃木県","cityJa":"さくら市","townJa":"下河戸","prefectureEn":"TOCHIGI KEN","cityEn":"SAKURA SHI","townEn":"SHIMOKODO"},"3291403":{"prefectureJa":"栃木県","cityJa":"さくら市","townJa":"穂積","prefectureEn":"TOCHIGI KEN","cityEn":"SAKURA SHI","townEn":"HOZUMI"},"3291404":{"prefectureJa":"栃木県","cityJa":"さくら市","townJa":"鹿子畑","prefectureEn":"TOCHIGI KEN","cityEn":"SAKURA SHI","townEn":"KANOKOHATA"},"3291405":{"prefectureJa":"栃木県","cityJa":"さくら市","townJa":"金枝","prefectureEn":"TOCHIGI KEN","cityEn":"SAKURA SHI","townEn":"KANAEDA"},"3291406":{"prefectureJa":"栃木県","cityJa":"さくら市","townJa":"南和田","prefectureEn":"TOCHIGI KEN","cityEn":"SAKURA SHI","townEn":"MINAMIWADA"},"3291411":{"prefectureJa":"栃木県","cityJa":"さくら市","townJa":"鷲宿","prefectureEn":"TOCHIGI KEN","cityEn":"SAKURA SHI","townEn":"WASHIJUKU"},"3291412":{"prefectureJa":"栃木県","cityJa":"さくら市","townJa":"喜連川","prefectureEn":"TOCHIGI KEN","cityEn":"SAKURA SHI","townEn":"KITSUREGAWA"},"3291413":{"prefectureJa":"栃木県","cityJa":"さくら市","townJa":"葛城","prefectureEn":"TOCHIGI KEN","cityEn":"SAKURA SHI","townEn":"KATSURAGI"},"3291414":{"prefectureJa":"栃木県","cityJa":"さくら市","townJa":"早乙女","prefectureEn":"TOCHIGI KEN","cityEn":"SAKURA SHI","townEn":"SOTOME"},"3291415":{"prefectureJa":"栃木県","cityJa":"さくら市","townJa":"小入","prefectureEn":"TOCHIGI KEN","cityEn":"SAKURA SHI","townEn":"OIRE"},"3291416":{"prefectureJa":"栃木県","cityJa":"さくら市","townJa":"桜ケ丘","prefectureEn":"TOCHIGI KEN","cityEn":"SAKURA SHI","townEn":"SAKURAGAOKA"},"3291417":{"prefectureJa":"栃木県","cityJa":"さくら市","townJa":"フィオーレ喜連川","prefectureEn":"TOCHIGI KEN","cityEn":"SAKURA SHI","townEn":"FUIOREKITSUREGAWA"},"3291571":{"prefectureJa":"栃木県","cityJa":"矢板市","townJa":"片岡","prefectureEn":"TOCHIGI KEN","cityEn":"YAITA SHI","townEn":"KATAOKA"},"3291572":{"prefectureJa":"栃木県","cityJa":"矢板市","townJa":"安沢","prefectureEn":"TOCHIGI KEN","cityEn":"YAITA SHI","townEn":"ANZAWA"},"3291573":{"prefectureJa":"栃木県","cityJa":"矢板市","townJa":"越畑","prefectureEn":"TOCHIGI KEN","cityEn":"YAITA SHI","townEn":"KOEHATA"},"3291574":{"prefectureJa":"栃木県","cityJa":"矢板市","townJa":"乙畑","prefectureEn":"TOCHIGI KEN","cityEn":"YAITA SHI","townEn":"OTSUHATA"},"3291575":{"prefectureJa":"栃木県","cityJa":"矢板市","townJa":"大槻","prefectureEn":"TOCHIGI KEN","cityEn":"YAITA SHI","townEn":"OTSUKI"},"3291576":{"prefectureJa":"栃木県","cityJa":"矢板市","townJa":"石関","prefectureEn":"TOCHIGI KEN","cityEn":"YAITA SHI","townEn":"ISHIZEKI"},"3291577":{"prefectureJa":"栃木県","cityJa":"矢板市","townJa":"玉田","prefectureEn":"TOCHIGI KEN","cityEn":"YAITA SHI","townEn":"TAMADA"},"3291578":{"prefectureJa":"栃木県","cityJa":"矢板市","townJa":"山苗代","prefectureEn":"TOCHIGI KEN","cityEn":"YAITA SHI","townEn":"YAMANAWASHIRO"},"3291579":{"prefectureJa":"栃木県","cityJa":"矢板市","townJa":"こぶし台","prefectureEn":"TOCHIGI KEN","cityEn":"YAITA SHI","townEn":"KOBUSHIDAI"},"3292100":{"prefectureJa":"栃木県","cityJa":"矢板市","townJa":"以下に掲載がない場合","prefectureEn":"TOCHIGI KEN","cityEn":"YAITA SHI","townEn":"IKANIKEISAIGANAIBAAI"},"3292121":{"prefectureJa":"栃木県","cityJa":"矢板市","townJa":"荒井","prefectureEn":"TOCHIGI KEN","cityEn":"YAITA SHI","townEn":"ARAI"},"3292122":{"prefectureJa":"栃木県","cityJa":"矢板市","townJa":"針生","prefectureEn":"TOCHIGI KEN","cityEn":"YAITA SHI","townEn":"HARIU"},"3292123":{"prefectureJa":"栃木県","cityJa":"矢板市","townJa":"上町","prefectureEn":"TOCHIGI KEN","cityEn":"YAITA SHI","townEn":"KAMICHO"},"3292124":{"prefectureJa":"栃木県","cityJa":"矢板市","townJa":"下太田","prefectureEn":"TOCHIGI KEN","cityEn":"YAITA SHI","townEn":"SHIMOOTA"},"3292131":{"prefectureJa":"栃木県","cityJa":"矢板市","townJa":"土屋","prefectureEn":"TOCHIGI KEN","cityEn":"YAITA SHI","townEn":"TSUCHIYA"},"3292132":{"prefectureJa":"栃木県","cityJa":"矢板市","townJa":"沢","prefectureEn":"TOCHIGI KEN","cityEn":"YAITA SHI","townEn":"SAWA"},"3292133":{"prefectureJa":"栃木県","cityJa":"矢板市","townJa":"豊田","prefectureEn":"TOCHIGI KEN","cityEn":"YAITA SHI","townEn":"TOYODA"},"3292134":{"prefectureJa":"栃木県","cityJa":"矢板市","townJa":"成田","prefectureEn":"TOCHIGI KEN","cityEn":"YAITA SHI","townEn":"NARITA"},"3292135":{"prefectureJa":"栃木県","cityJa":"矢板市","townJa":"中","prefectureEn":"TOCHIGI KEN","cityEn":"YAITA SHI","townEn":"NAKA"},"3292136":{"prefectureJa":"栃木県","cityJa":"矢板市","townJa":"東町","prefectureEn":"TOCHIGI KEN","cityEn":"YAITA SHI","townEn":"AZUMACHO"},"3292141":{"prefectureJa":"栃木県","cityJa":"矢板市","townJa":"早川町","prefectureEn":"TOCHIGI KEN","cityEn":"YAITA SHI","townEn":"HAYAKAWACHO"},"3292142":{"prefectureJa":"栃木県","cityJa":"矢板市","townJa":"木幡","prefectureEn":"TOCHIGI KEN","cityEn":"YAITA SHI","townEn":"KIBATA"},"3292143":{"prefectureJa":"栃木県","cityJa":"矢板市","townJa":"境林","prefectureEn":"TOCHIGI KEN","cityEn":"YAITA SHI","townEn":"SAKAIBAYASHI"},"3292144":{"prefectureJa":"栃木県","cityJa":"矢板市","townJa":"川崎反町","prefectureEn":"TOCHIGI KEN","cityEn":"YAITA SHI","townEn":"KAWASAKISORIMACHI"},"3292145":{"prefectureJa":"栃木県","cityJa":"矢板市","townJa":"富田","prefectureEn":"TOCHIGI KEN","cityEn":"YAITA SHI","townEn":"TOMITA"},"3292151":{"prefectureJa":"栃木県","cityJa":"矢板市","townJa":"幸岡","prefectureEn":"TOCHIGI KEN","cityEn":"YAITA SHI","townEn":"KOOKA"},"3292152":{"prefectureJa":"栃木県","cityJa":"矢板市","townJa":"館ノ川","prefectureEn":"TOCHIGI KEN","cityEn":"YAITA SHI","townEn":"TATENOKAWA"},"3292153":{"prefectureJa":"栃木県","cityJa":"矢板市","townJa":"高塩","prefectureEn":"TOCHIGI KEN","cityEn":"YAITA SHI","townEn":"TAKASHIO"},"3292154":{"prefectureJa":"栃木県","cityJa":"矢板市","townJa":"倉掛","prefectureEn":"TOCHIGI KEN","cityEn":"YAITA SHI","townEn":"KURAKAKE"},"3292155":{"prefectureJa":"栃木県","cityJa":"矢板市","townJa":"片俣","prefectureEn":"TOCHIGI KEN","cityEn":"YAITA SHI","townEn":"KATAMATA"},"3292156":{"prefectureJa":"栃木県","cityJa":"矢板市","townJa":"塩田","prefectureEn":"TOCHIGI KEN","cityEn":"YAITA SHI","townEn":"SHIODA"},"3292161":{"prefectureJa":"栃木県","cityJa":"矢板市","townJa":"扇町","prefectureEn":"TOCHIGI KEN","cityEn":"YAITA SHI","townEn":"OGICHO"},"3292162":{"prefectureJa":"栃木県","cityJa":"矢板市","townJa":"末広町","prefectureEn":"TOCHIGI KEN","cityEn":"YAITA SHI","townEn":"SUEHIROCHO"},"3292163":{"prefectureJa":"栃木県","cityJa":"矢板市","townJa":"鹿島町","prefectureEn":"TOCHIGI KEN","cityEn":"YAITA SHI","townEn":"KASHIMACHO"},"3292164":{"prefectureJa":"栃木県","cityJa":"矢板市","townJa":"本町","prefectureEn":"TOCHIGI KEN","cityEn":"YAITA SHI","townEn":"HONCHO"},"3292165":{"prefectureJa":"栃木県","cityJa":"矢板市","townJa":"矢板","prefectureEn":"TOCHIGI KEN","cityEn":"YAITA SHI","townEn":"YAITA"},"3292200":{"prefectureJa":"栃木県","cityJa":"塩谷郡塩谷町","townJa":"以下に掲載がない場合","prefectureEn":"TOCHIGI KEN","cityEn":"SHIOYA GUN SHIOYA MACHI","townEn":"IKANIKEISAIGANAIBAAI"},"3292211":{"prefectureJa":"栃木県","cityJa":"塩谷郡塩谷町","townJa":"鳥羽新田","prefectureEn":"TOCHIGI KEN","cityEn":"SHIOYA GUN SHIOYA MACHI","townEn":"TOBASHINDEN"},"3292212":{"prefectureJa":"栃木県","cityJa":"塩谷郡塩谷町","townJa":"喜佐見","prefectureEn":"TOCHIGI KEN","cityEn":"SHIOYA GUN SHIOYA MACHI","townEn":"KIZAMI"},"3292213":{"prefectureJa":"栃木県","cityJa":"塩谷郡塩谷町","townJa":"熊ノ木","prefectureEn":"TOCHIGI KEN","cityEn":"SHIOYA GUN SHIOYA MACHI","townEn":"KUMANOKI"},"3292214":{"prefectureJa":"栃木県","cityJa":"塩谷郡塩谷町","townJa":"東房","prefectureEn":"TOCHIGI KEN","cityEn":"SHIOYA GUN SHIOYA MACHI","townEn":"HIGASHIBO"},"3292215":{"prefectureJa":"栃木県","cityJa":"塩谷郡塩谷町","townJa":"下寺島","prefectureEn":"TOCHIGI KEN","cityEn":"SHIOYA GUN SHIOYA MACHI","townEn":"SHIMOTERASHIMA"},"3292216":{"prefectureJa":"栃木県","cityJa":"塩谷郡塩谷町","townJa":"上寺島（その他）","prefectureEn":"TOCHIGI KEN","cityEn":"SHIOYA GUN SHIOYA MACHI","townEn":"KAMITERASHIMA(SONOTA)"},"3292221":{"prefectureJa":"栃木県","cityJa":"塩谷郡塩谷町","townJa":"玉生","prefectureEn":"TOCHIGI KEN","cityEn":"SHIOYA GUN SHIOYA MACHI","townEn":"TAMANYU"},"3292222":{"prefectureJa":"栃木県","cityJa":"塩谷郡塩谷町","townJa":"道下","prefectureEn":"TOCHIGI KEN","cityEn":"SHIOYA GUN SHIOYA MACHI","townEn":"DOSHITA"},"3292223":{"prefectureJa":"栃木県","cityJa":"塩谷郡塩谷町","townJa":"原荻野目","prefectureEn":"TOCHIGI KEN","cityEn":"SHIOYA GUN SHIOYA MACHI","townEn":"HARAOGINOME"},"3292224":{"prefectureJa":"栃木県","cityJa":"塩谷郡塩谷町","townJa":"金枝","prefectureEn":"TOCHIGI KEN","cityEn":"SHIOYA GUN SHIOYA MACHI","townEn":"KANAEDA"},"3292225":{"prefectureJa":"栃木県","cityJa":"塩谷郡塩谷町","townJa":"飯岡","prefectureEn":"TOCHIGI KEN","cityEn":"SHIOYA GUN SHIOYA MACHI","townEn":"IIOKA"},"3292226":{"prefectureJa":"栃木県","cityJa":"塩谷郡塩谷町","townJa":"芦場新田","prefectureEn":"TOCHIGI KEN","cityEn":"SHIOYA GUN SHIOYA MACHI","townEn":"YOSHIBASHINDEN"},"3292331":{"prefectureJa":"栃木県","cityJa":"塩谷郡塩谷町","townJa":"田所","prefectureEn":"TOCHIGI KEN","cityEn":"SHIOYA GUN SHIOYA MACHI","townEn":"TADOKORO"},"3292332":{"prefectureJa":"栃木県","cityJa":"塩谷郡塩谷町","townJa":"大宮","prefectureEn":"TOCHIGI KEN","cityEn":"SHIOYA GUN SHIOYA MACHI","townEn":"OMIYA"},"3292333":{"prefectureJa":"栃木県","cityJa":"塩谷郡塩谷町","townJa":"肘内","prefectureEn":"TOCHIGI KEN","cityEn":"SHIOYA GUN SHIOYA MACHI","townEn":"HIJIUCHI"},"3292334":{"prefectureJa":"栃木県","cityJa":"塩谷郡塩谷町","townJa":"大久保","prefectureEn":"TOCHIGI KEN","cityEn":"SHIOYA GUN SHIOYA MACHI","townEn":"OKUBO"},"3292335":{"prefectureJa":"栃木県","cityJa":"塩谷郡塩谷町","townJa":"上平","prefectureEn":"TOCHIGI KEN","cityEn":"SHIOYA GUN SHIOYA MACHI","townEn":"UWATAIRA"},"3292336":{"prefectureJa":"栃木県","cityJa":"塩谷郡塩谷町","townJa":"風見","prefectureEn":"TOCHIGI KEN","cityEn":"SHIOYA GUN SHIOYA MACHI","townEn":"KAZAMI"},"3292337":{"prefectureJa":"栃木県","cityJa":"塩谷郡塩谷町","townJa":"泉","prefectureEn":"TOCHIGI KEN","cityEn":"SHIOYA GUN SHIOYA MACHI","townEn":"IZUMI"},"3292338":{"prefectureJa":"栃木県","cityJa":"塩谷郡塩谷町","townJa":"風見山田","prefectureEn":"TOCHIGI KEN","cityEn":"SHIOYA GUN SHIOYA MACHI","townEn":"KAZAMIYAMADA"},"3292339":{"prefectureJa":"栃木県","cityJa":"塩谷郡塩谷町","townJa":"上沢","prefectureEn":"TOCHIGI KEN","cityEn":"SHIOYA GUN SHIOYA MACHI","townEn":"UWASAWA"},"3292441":{"prefectureJa":"栃木県","cityJa":"塩谷郡塩谷町","townJa":"船生","prefectureEn":"TOCHIGI KEN","cityEn":"SHIOYA GUN SHIOYA MACHI","townEn":"FUNYU"},"3292442":{"prefectureJa":"栃木県","cityJa":"塩谷郡塩谷町","townJa":"佐貫","prefectureEn":"TOCHIGI KEN","cityEn":"SHIOYA GUN SHIOYA MACHI","townEn":"SANUKI"},"3292501":{"prefectureJa":"栃木県","cityJa":"矢板市","townJa":"上伊佐野","prefectureEn":"TOCHIGI KEN","cityEn":"YAITA SHI","townEn":"KAMIISANO"},"3292502":{"prefectureJa":"栃木県","cityJa":"矢板市","townJa":"下伊佐野","prefectureEn":"TOCHIGI KEN","cityEn":"YAITA SHI","townEn":"SHIMOISANO"},"3292503":{"prefectureJa":"栃木県","cityJa":"矢板市","townJa":"田野原","prefectureEn":"TOCHIGI KEN","cityEn":"YAITA SHI","townEn":"TANOHARA"},"3292504":{"prefectureJa":"栃木県","cityJa":"矢板市","townJa":"泉","prefectureEn":"TOCHIGI KEN","cityEn":"YAITA SHI","townEn":"IZUMI"},"3292505":{"prefectureJa":"栃木県","cityJa":"矢板市","townJa":"立足","prefectureEn":"TOCHIGI KEN","cityEn":"YAITA SHI","townEn":"TATSUASHI"},"3292506":{"prefectureJa":"栃木県","cityJa":"矢板市","townJa":"平野","prefectureEn":"TOCHIGI KEN","cityEn":"YAITA SHI","townEn":"HIRANO"},"3292511":{"prefectureJa":"栃木県","cityJa":"矢板市","townJa":"山田","prefectureEn":"TOCHIGI KEN","cityEn":"YAITA SHI","townEn":"YAMADA"},"3292512":{"prefectureJa":"栃木県","cityJa":"矢板市","townJa":"東泉","prefectureEn":"TOCHIGI KEN","cityEn":"YAITA SHI","townEn":"HIGASHIIZUMI"},"3292513":{"prefectureJa":"栃木県","cityJa":"矢板市","townJa":"上太田","prefectureEn":"TOCHIGI KEN","cityEn":"YAITA SHI","townEn":"KAMIOTA"},"3292514":{"prefectureJa":"栃木県","cityJa":"矢板市","townJa":"長井","prefectureEn":"TOCHIGI KEN","cityEn":"YAITA SHI","townEn":"NAGAI"},"3292701":{"prefectureJa":"栃木県","cityJa":"那須塩原市","townJa":"関根","prefectureEn":"TOCHIGI KEN","cityEn":"NASUSHIOBARA SHI","townEn":"SEKINE"},"3292702":{"prefectureJa":"栃木県","cityJa":"那須塩原市","townJa":"東関根","prefectureEn":"TOCHIGI KEN","cityEn":"NASUSHIOBARA SHI","townEn":"HIGASHISEKINE"},"3292703":{"prefectureJa":"栃木県","cityJa":"那須塩原市","townJa":"槻沢","prefectureEn":"TOCHIGI KEN","cityEn":"NASUSHIOBARA SHI","townEn":"TSUKINUKIZAWA"},"3292704":{"prefectureJa":"栃木県","cityJa":"那須塩原市","townJa":"新南","prefectureEn":"TOCHIGI KEN","cityEn":"NASUSHIOBARA SHI","townEn":"SHINNAN"},"3292705":{"prefectureJa":"栃木県","cityJa":"那須塩原市","townJa":"南郷屋","prefectureEn":"TOCHIGI KEN","cityEn":"NASUSHIOBARA SHI","townEn":"MINAMIGOYA"},"3292706":{"prefectureJa":"栃木県","cityJa":"那須塩原市","townJa":"睦","prefectureEn":"TOCHIGI KEN","cityEn":"NASUSHIOBARA SHI","townEn":"MUTSUMI"},"3292707":{"prefectureJa":"栃木県","cityJa":"那須塩原市","townJa":"高柳","prefectureEn":"TOCHIGI KEN","cityEn":"NASUSHIOBARA SHI","townEn":"TAKAYANAGI"},"3292711":{"prefectureJa":"栃木県","cityJa":"那須塩原市","townJa":"石林","prefectureEn":"TOCHIGI KEN","cityEn":"NASUSHIOBARA SHI","townEn":"ISHIBAYASHI"},"3292712":{"prefectureJa":"栃木県","cityJa":"那須塩原市","townJa":"下永田","prefectureEn":"TOCHIGI KEN","cityEn":"NASUSHIOBARA SHI","townEn":"SHIMONAGATA"},"3292713":{"prefectureJa":"栃木県","cityJa":"那須塩原市","townJa":"緑","prefectureEn":"TOCHIGI KEN","cityEn":"NASUSHIOBARA SHI","townEn":"MIDORI"},"3292721":{"prefectureJa":"栃木県","cityJa":"那須塩原市","townJa":"東町","prefectureEn":"TOCHIGI KEN","cityEn":"NASUSHIOBARA SHI","townEn":"AZUMACHO"},"3292722":{"prefectureJa":"栃木県","cityJa":"那須塩原市","townJa":"西朝日町","prefectureEn":"TOCHIGI KEN","cityEn":"NASUSHIOBARA SHI","townEn":"NISHIASAHICHO"},"3292723":{"prefectureJa":"栃木県","cityJa":"那須塩原市","townJa":"南町","prefectureEn":"TOCHIGI KEN","cityEn":"NASUSHIOBARA SHI","townEn":"MINAMICHO"},"3292724":{"prefectureJa":"栃木県","cityJa":"那須塩原市","townJa":"西幸町","prefectureEn":"TOCHIGI KEN","cityEn":"NASUSHIOBARA SHI","townEn":"NISHISAIWAICHO"},"3292725":{"prefectureJa":"栃木県","cityJa":"那須塩原市","townJa":"あたご町","prefectureEn":"TOCHIGI KEN","cityEn":"NASUSHIOBARA SHI","townEn":"ATAGOCHO"},"3292726":{"prefectureJa":"栃木県","cityJa":"那須塩原市","townJa":"扇町","prefectureEn":"TOCHIGI KEN","cityEn":"NASUSHIOBARA SHI","townEn":"OGICHO"},"3292727":{"prefectureJa":"栃木県","cityJa":"那須塩原市","townJa":"永田町","prefectureEn":"TOCHIGI KEN","cityEn":"NASUSHIOBARA SHI","townEn":"NAGATACHO"},"3292728":{"prefectureJa":"栃木県","cityJa":"那須塩原市","townJa":"西栄町","prefectureEn":"TOCHIGI KEN","cityEn":"NASUSHIOBARA SHI","townEn":"NISHISAKAECHO"},"3292731":{"prefectureJa":"栃木県","cityJa":"那須塩原市","townJa":"二つ室","prefectureEn":"TOCHIGI KEN","cityEn":"NASUSHIOBARA SHI","townEn":"FUTATSUMURO"},"3292732":{"prefectureJa":"栃木県","cityJa":"那須塩原市","townJa":"一区町","prefectureEn":"TOCHIGI KEN","cityEn":"NASUSHIOBARA SHI","townEn":"IKKUCHO"},"3292733":{"prefectureJa":"栃木県","cityJa":"那須塩原市","townJa":"二区町","prefectureEn":"TOCHIGI KEN","cityEn":"NASUSHIOBARA SHI","townEn":"NIKUCHO"},"3292734":{"prefectureJa":"栃木県","cityJa":"那須塩原市","townJa":"北二つ室","prefectureEn":"TOCHIGI KEN","cityEn":"NASUSHIOBARA SHI","townEn":"KITAFUTATSUMURO"},"3292735":{"prefectureJa":"栃木県","cityJa":"那須塩原市","townJa":"太夫塚","prefectureEn":"TOCHIGI KEN","cityEn":"NASUSHIOBARA SHI","townEn":"TAYUZUKA"},"3292741":{"prefectureJa":"栃木県","cityJa":"那須塩原市","townJa":"北赤田","prefectureEn":"TOCHIGI KEN","cityEn":"NASUSHIOBARA SHI","townEn":"KITAAKADA"},"3292742":{"prefectureJa":"栃木県","cityJa":"那須塩原市","townJa":"東赤田","prefectureEn":"TOCHIGI KEN","cityEn":"NASUSHIOBARA SHI","townEn":"HIGASHIAKADA"},"3292743":{"prefectureJa":"栃木県","cityJa":"那須塩原市","townJa":"南赤田","prefectureEn":"TOCHIGI KEN","cityEn":"NASUSHIOBARA SHI","townEn":"MINAMIAKADA"},"3292744":{"prefectureJa":"栃木県","cityJa":"那須塩原市","townJa":"西赤田","prefectureEn":"TOCHIGI KEN","cityEn":"NASUSHIOBARA SHI","townEn":"NISHIAKADA"},"3292745":{"prefectureJa":"栃木県","cityJa":"那須塩原市","townJa":"三区町","prefectureEn":"TOCHIGI KEN","cityEn":"NASUSHIOBARA SHI","townEn":"SANKUCHO"},"3292746":{"prefectureJa":"栃木県","cityJa":"那須塩原市","townJa":"四区町","prefectureEn":"TOCHIGI KEN","cityEn":"NASUSHIOBARA SHI","townEn":"YONKUCHO"},"3292747":{"prefectureJa":"栃木県","cityJa":"那須塩原市","townJa":"千本松","prefectureEn":"TOCHIGI KEN","cityEn":"NASUSHIOBARA SHI","townEn":"SEMBOMMATSU"},"3292748":{"prefectureJa":"栃木県","cityJa":"那須塩原市","townJa":"上赤田","prefectureEn":"TOCHIGI KEN","cityEn":"NASUSHIOBARA SHI","townEn":"KAMIAKADA"},"3292751":{"prefectureJa":"栃木県","cityJa":"那須塩原市","townJa":"東三島","prefectureEn":"TOCHIGI KEN","cityEn":"NASUSHIOBARA SHI","townEn":"HIGASHIMISHIMA"},"3292752":{"prefectureJa":"栃木県","cityJa":"那須塩原市","townJa":"三島","prefectureEn":"TOCHIGI KEN","cityEn":"NASUSHIOBARA SHI","townEn":"MISHIMA"},"3292753":{"prefectureJa":"栃木県","cityJa":"那須塩原市","townJa":"五軒町","prefectureEn":"TOCHIGI KEN","cityEn":"NASUSHIOBARA SHI","townEn":"GOKENCHO"},"3292754":{"prefectureJa":"栃木県","cityJa":"那須塩原市","townJa":"西大和","prefectureEn":"TOCHIGI KEN","cityEn":"NASUSHIOBARA SHI","townEn":"NISHIYAMATO"},"3292755":{"prefectureJa":"栃木県","cityJa":"那須塩原市","townJa":"西原町","prefectureEn":"TOCHIGI KEN","cityEn":"NASUSHIOBARA SHI","townEn":"NISHIHARACHO"},"3292756":{"prefectureJa":"栃木県","cityJa":"那須塩原市","townJa":"西三島","prefectureEn":"TOCHIGI KEN","cityEn":"NASUSHIOBARA SHI","townEn":"NISHIMISHIMA"},"3292761":{"prefectureJa":"栃木県","cityJa":"那須塩原市","townJa":"東遅沢","prefectureEn":"TOCHIGI KEN","cityEn":"NASUSHIOBARA SHI","townEn":"HIGASHIOSOZAWA"},"3292762":{"prefectureJa":"栃木県","cityJa":"那須塩原市","townJa":"西富山","prefectureEn":"TOCHIGI KEN","cityEn":"NASUSHIOBARA SHI","townEn":"NISHITOMIYAMA"},"3292763":{"prefectureJa":"栃木県","cityJa":"那須塩原市","townJa":"井口","prefectureEn":"TOCHIGI KEN","cityEn":"NASUSHIOBARA SHI","townEn":"IGUCHI"},"3292764":{"prefectureJa":"栃木県","cityJa":"那須塩原市","townJa":"西遅沢","prefectureEn":"TOCHIGI KEN","cityEn":"NASUSHIOBARA SHI","townEn":"NISHIOSOZAWA"},"3292801":{"prefectureJa":"栃木県","cityJa":"那須塩原市","townJa":"関谷","prefectureEn":"TOCHIGI KEN","cityEn":"NASUSHIOBARA SHI","townEn":"SEKIYA"},"3292802":{"prefectureJa":"栃木県","cityJa":"那須塩原市","townJa":"蟇沼","prefectureEn":"TOCHIGI KEN","cityEn":"NASUSHIOBARA SHI","townEn":"HIKINUMA"},"3292803":{"prefectureJa":"栃木県","cityJa":"那須塩原市","townJa":"遅野沢","prefectureEn":"TOCHIGI KEN","cityEn":"NASUSHIOBARA SHI","townEn":"OSONOSAWA"},"3292804":{"prefectureJa":"栃木県","cityJa":"那須塩原市","townJa":"折戸","prefectureEn":"TOCHIGI KEN","cityEn":"NASUSHIOBARA SHI","townEn":"ORIDO"},"3292805":{"prefectureJa":"栃木県","cityJa":"那須塩原市","townJa":"上横林","prefectureEn":"TOCHIGI KEN","cityEn":"NASUSHIOBARA SHI","townEn":"KAMIYOKOBAYASHI"},"3292806":{"prefectureJa":"栃木県","cityJa":"那須塩原市","townJa":"横林","prefectureEn":"TOCHIGI KEN","cityEn":"NASUSHIOBARA SHI","townEn":"YOKOBAYASHI"},"3292807":{"prefectureJa":"栃木県","cityJa":"那須塩原市","townJa":"接骨木","prefectureEn":"TOCHIGI KEN","cityEn":"NASUSHIOBARA SHI","townEn":"NIWATOKO"},"3292811":{"prefectureJa":"栃木県","cityJa":"那須塩原市","townJa":"下田野","prefectureEn":"TOCHIGI KEN","cityEn":"NASUSHIOBARA SHI","townEn":"SHIMOTANO"},"3292812":{"prefectureJa":"栃木県","cityJa":"那須塩原市","townJa":"金沢","prefectureEn":"TOCHIGI KEN","cityEn":"NASUSHIOBARA SHI","townEn":"KANEZAWA"},"3292813":{"prefectureJa":"栃木県","cityJa":"那須塩原市","townJa":"高阿津","prefectureEn":"TOCHIGI KEN","cityEn":"NASUSHIOBARA SHI","townEn":"TAKAATSU"},"3292814":{"prefectureJa":"栃木県","cityJa":"那須塩原市","townJa":"上大貫","prefectureEn":"TOCHIGI KEN","cityEn":"NASUSHIOBARA SHI","townEn":"KAMIONUKI"},"3292815":{"prefectureJa":"栃木県","cityJa":"那須塩原市","townJa":"下大貫","prefectureEn":"TOCHIGI KEN","cityEn":"NASUSHIOBARA SHI","townEn":"SHIMOONUKI"},"3292816":{"prefectureJa":"栃木県","cityJa":"那須塩原市","townJa":"宇都野","prefectureEn":"TOCHIGI KEN","cityEn":"NASUSHIOBARA SHI","townEn":"UTSUNO"},"3292921":{"prefectureJa":"栃木県","cityJa":"那須塩原市","townJa":"塩原","prefectureEn":"TOCHIGI KEN","cityEn":"NASUSHIOBARA SHI","townEn":"SHIOBARA"},"3292922":{"prefectureJa":"栃木県","cityJa":"那須塩原市","townJa":"湯本塩原","prefectureEn":"TOCHIGI KEN","cityEn":"NASUSHIOBARA SHI","townEn":"YUMOTOSHIOBARA"},"3292923":{"prefectureJa":"栃木県","cityJa":"那須塩原市","townJa":"上塩原","prefectureEn":"TOCHIGI KEN","cityEn":"NASUSHIOBARA SHI","townEn":"KAMISHIOBARA"},"3292924":{"prefectureJa":"栃木県","cityJa":"那須塩原市","townJa":"中塩原","prefectureEn":"TOCHIGI KEN","cityEn":"NASUSHIOBARA SHI","townEn":"NAKASHIOBARA"},"3293121":{"prefectureJa":"栃木県","cityJa":"那須塩原市","townJa":"鹿野崎","prefectureEn":"TOCHIGI KEN","cityEn":"NASUSHIOBARA SHI","townEn":"KANOSAKI"},"3293122":{"prefectureJa":"栃木県","cityJa":"那須塩原市","townJa":"塩野崎","prefectureEn":"TOCHIGI KEN","cityEn":"NASUSHIOBARA SHI","townEn":"SHIONOSAKI"},"3293123":{"prefectureJa":"栃木県","cityJa":"那須塩原市","townJa":"塩野崎新田","prefectureEn":"TOCHIGI KEN","cityEn":"NASUSHIOBARA SHI","townEn":"SHIONOSAKISHINDEN"},"3293124":{"prefectureJa":"栃木県","cityJa":"那須塩原市","townJa":"波立","prefectureEn":"TOCHIGI KEN","cityEn":"NASUSHIOBARA SHI","townEn":"HATTACHI"},"3293125":{"prefectureJa":"栃木県","cityJa":"那須塩原市","townJa":"無栗屋","prefectureEn":"TOCHIGI KEN","cityEn":"NASUSHIOBARA SHI","townEn":"MUKURIYA"},"3293126":{"prefectureJa":"栃木県","cityJa":"那須塩原市","townJa":"中内","prefectureEn":"TOCHIGI KEN","cityEn":"NASUSHIOBARA SHI","townEn":"NAKAUCHI"},"3293127":{"prefectureJa":"栃木県","cityJa":"那須塩原市","townJa":"上郷屋","prefectureEn":"TOCHIGI KEN","cityEn":"NASUSHIOBARA SHI","townEn":"KAMIGOYA"},"3293131":{"prefectureJa":"栃木県","cityJa":"那須塩原市","townJa":"唐杉","prefectureEn":"TOCHIGI KEN","cityEn":"NASUSHIOBARA SHI","townEn":"KARASUGI"},"3293132":{"prefectureJa":"栃木県","cityJa":"那須塩原市","townJa":"北弥六","prefectureEn":"TOCHIGI KEN","cityEn":"NASUSHIOBARA SHI","townEn":"KITAYAROKU"},"3293133":{"prefectureJa":"栃木県","cityJa":"那須塩原市","townJa":"沓掛","prefectureEn":"TOCHIGI KEN","cityEn":"NASUSHIOBARA SHI","townEn":"KUTSUKAKE"},"3293134":{"prefectureJa":"栃木県","cityJa":"那須塩原市","townJa":"上大塚新田","prefectureEn":"TOCHIGI KEN","cityEn":"NASUSHIOBARA SHI","townEn":"KAMIOTSUKASHINDEN"},"3293135":{"prefectureJa":"栃木県","cityJa":"那須塩原市","townJa":"前弥六","prefectureEn":"TOCHIGI KEN","cityEn":"NASUSHIOBARA SHI","townEn":"MAEYAROKU"},"3293136":{"prefectureJa":"栃木県","cityJa":"那須塩原市","townJa":"前弥六南町","prefectureEn":"TOCHIGI KEN","cityEn":"NASUSHIOBARA SHI","townEn":"MAEYAROKUMINAMICHO"},"3293141":{"prefectureJa":"栃木県","cityJa":"那須塩原市","townJa":"山中新田","prefectureEn":"TOCHIGI KEN","cityEn":"NASUSHIOBARA SHI","townEn":"YAMANAKASHINDEN"},"3293142":{"prefectureJa":"栃木県","cityJa":"那須塩原市","townJa":"佐野","prefectureEn":"TOCHIGI KEN","cityEn":"NASUSHIOBARA SHI","townEn":"SANO"},"3293143":{"prefectureJa":"栃木県","cityJa":"那須塩原市","townJa":"三本木","prefectureEn":"TOCHIGI KEN","cityEn":"NASUSHIOBARA SHI","townEn":"SAMBONGI"},"3293144":{"prefectureJa":"栃木県","cityJa":"那須塩原市","townJa":"沼野田和","prefectureEn":"TOCHIGI KEN","cityEn":"NASUSHIOBARA SHI","townEn":"NUMANOTAWA"},"3293145":{"prefectureJa":"栃木県","cityJa":"那須塩原市","townJa":"木曾畑中","prefectureEn":"TOCHIGI KEN","cityEn":"NASUSHIOBARA SHI","townEn":"KISOHATANAKA"},"3293146":{"prefectureJa":"栃木県","cityJa":"那須塩原市","townJa":"下中野","prefectureEn":"TOCHIGI KEN","cityEn":"NASUSHIOBARA SHI","townEn":"SHIMONAKANO"},"3293147":{"prefectureJa":"栃木県","cityJa":"那須塩原市","townJa":"東小屋","prefectureEn":"TOCHIGI KEN","cityEn":"NASUSHIOBARA SHI","townEn":"HIGASHIKOYA"},"3293151":{"prefectureJa":"栃木県","cityJa":"那須塩原市","townJa":"北和田","prefectureEn":"TOCHIGI KEN","cityEn":"NASUSHIOBARA SHI","townEn":"KITAWADA"},"3293152":{"prefectureJa":"栃木県","cityJa":"那須塩原市","townJa":"島方","prefectureEn":"TOCHIGI KEN","cityEn":"NASUSHIOBARA SHI","townEn":"SHIMAKATA"},"3293153":{"prefectureJa":"栃木県","cityJa":"那須塩原市","townJa":"大原間","prefectureEn":"TOCHIGI KEN","cityEn":"NASUSHIOBARA SHI","townEn":"OHARAMA"},"3293154":{"prefectureJa":"栃木県","cityJa":"那須塩原市","townJa":"上中野","prefectureEn":"TOCHIGI KEN","cityEn":"NASUSHIOBARA SHI","townEn":"KAMINAKANO"},"3293155":{"prefectureJa":"栃木県","cityJa":"那須塩原市","townJa":"笹沼","prefectureEn":"TOCHIGI KEN","cityEn":"NASUSHIOBARA SHI","townEn":"SASANUMA"},"3293156":{"prefectureJa":"栃木県","cityJa":"那須塩原市","townJa":"方京","prefectureEn":"TOCHIGI KEN","cityEn":"NASUSHIOBARA SHI","townEn":"HOKYO"},"3293157":{"prefectureJa":"栃木県","cityJa":"那須塩原市","townJa":"大原間西","prefectureEn":"TOCHIGI KEN","cityEn":"NASUSHIOBARA SHI","townEn":"OHARAMANISHI"},"3293200":{"prefectureJa":"栃木県","cityJa":"那須郡那須町","townJa":"以下に掲載がない場合","prefectureEn":"TOCHIGI KEN","cityEn":"NASU GUN NASU MACHI","townEn":"IKANIKEISAIGANAIBAAI"},"3293211":{"prefectureJa":"栃木県","cityJa":"那須郡那須町","townJa":"豊原甲","prefectureEn":"TOCHIGI KEN","cityEn":"NASU GUN NASU MACHI","townEn":"TOYOHARAKO"},"3293212":{"prefectureJa":"栃木県","cityJa":"那須郡那須町","townJa":"富岡","prefectureEn":"TOCHIGI KEN","cityEn":"NASU GUN NASU MACHI","townEn":"TOMIOKA"},"3293213":{"prefectureJa":"栃木県","cityJa":"那須郡那須町","townJa":"豊原","prefectureEn":"TOCHIGI KEN","cityEn":"NASU GUN NASU MACHI","townEn":"TOYOHARA"},"3293214":{"prefectureJa":"栃木県","cityJa":"那須郡那須町","townJa":"横岡（１５６３、１６６０、１６７０、１７２８、１７３６、１７４","prefectureEn":"TOCHIGI KEN","cityEn":"NASU GUN NASU MACHI","townEn":"8.1767-4-BANCHI)"},"3293215":{"prefectureJa":"栃木県","cityJa":"那須郡那須町","townJa":"寺子乙（その他）","prefectureEn":"TOCHIGI KEN","cityEn":"NASU GUN NASU MACHI","townEn":"TERAKOTSU(SONOTA)"},"3293221":{"prefectureJa":"栃木県","cityJa":"那須郡那須町","townJa":"漆塚","prefectureEn":"TOCHIGI KEN","cityEn":"NASU GUN NASU MACHI","townEn":"URUSHITSUKA"},"3293222":{"prefectureJa":"栃木県","cityJa":"那須郡那須町","townJa":"寺子丙","prefectureEn":"TOCHIGI KEN","cityEn":"NASU GUN NASU MACHI","townEn":"TERAKOHEI"},"3293223":{"prefectureJa":"栃木県","cityJa":"那須郡那須町","townJa":"大島","prefectureEn":"TOCHIGI KEN","cityEn":"NASU GUN NASU MACHI","townEn":"OSHIMA"},"3293224":{"prefectureJa":"栃木県","cityJa":"那須郡那須町","townJa":"豊原乙","prefectureEn":"TOCHIGI KEN","cityEn":"NASU GUN NASU MACHI","townEn":"TOYOHARAOTSU"},"3293225":{"prefectureJa":"栃木県","cityJa":"那須郡那須町","townJa":"豊原丙","prefectureEn":"TOCHIGI KEN","cityEn":"NASU GUN NASU MACHI","townEn":"TOYOHARAHEI"},"3293431":{"prefectureJa":"栃木県","cityJa":"那須郡那須町","townJa":"大畑","prefectureEn":"TOCHIGI KEN","cityEn":"NASU GUN NASU MACHI","townEn":"OHATA"},"3293432":{"prefectureJa":"栃木県","cityJa":"那須郡那須町","townJa":"梓","prefectureEn":"TOCHIGI KEN","cityEn":"NASU GUN NASU MACHI","townEn":"AZUSA"},"3293433":{"prefectureJa":"栃木県","cityJa":"那須郡那須町","townJa":"大和須","prefectureEn":"TOCHIGI KEN","cityEn":"NASU GUN NASU MACHI","townEn":"OWASU"},"3293434":{"prefectureJa":"栃木県","cityJa":"那須郡那須町","townJa":"梁瀬","prefectureEn":"TOCHIGI KEN","cityEn":"NASU GUN NASU MACHI","townEn":"YANAZE"},"3293435":{"prefectureJa":"栃木県","cityJa":"那須郡那須町","townJa":"睦家","prefectureEn":"TOCHIGI KEN","cityEn":"NASU GUN NASU MACHI","townEn":"MUTSUYA"},"3293436":{"prefectureJa":"栃木県","cityJa":"那須郡那須町","townJa":"伊王野","prefectureEn":"TOCHIGI KEN","cityEn":"NASU GUN NASU MACHI","townEn":"IONO"},"3293437":{"prefectureJa":"栃木県","cityJa":"那須郡那須町","townJa":"蓑沢","prefectureEn":"TOCHIGI KEN","cityEn":"NASU GUN NASU MACHI","townEn":"MINOZAWA"},"3293441":{"prefectureJa":"栃木県","cityJa":"那須郡那須町","townJa":"寄居","prefectureEn":"TOCHIGI KEN","cityEn":"NASU GUN NASU MACHI","townEn":"YORII"},"3293442":{"prefectureJa":"栃木県","cityJa":"那須郡那須町","townJa":"横岡（その他）","prefectureEn":"TOCHIGI KEN","cityEn":"NASU GUN NASU MACHI","townEn":"YOKOKA(SONOTA)"},"3293443":{"prefectureJa":"栃木県","cityJa":"那須郡那須町","townJa":"芦野","prefectureEn":"TOCHIGI KEN","cityEn":"NASU GUN NASU MACHI","townEn":"ASHINO"},"3293444":{"prefectureJa":"栃木県","cityJa":"那須郡那須町","townJa":"寺子（７０～１８０番地）","prefectureEn":"TOCHIGI KEN","cityEn":"NASU GUN NASU MACHI","townEn":"TERAKO(70-180-BANCHI)"},"3293445":{"prefectureJa":"栃木県","cityJa":"那須郡那須町","townJa":"東岩崎","prefectureEn":"TOCHIGI KEN","cityEn":"NASU GUN NASU MACHI","townEn":"HIGASHIIWAZAKI"},"3293446":{"prefectureJa":"栃木県","cityJa":"那須郡那須町","townJa":"沼野井","prefectureEn":"TOCHIGI KEN","cityEn":"NASU GUN NASU MACHI","townEn":"NUMANOI"},"3293447":{"prefectureJa":"栃木県","cityJa":"那須郡那須町","townJa":"稲沢","prefectureEn":"TOCHIGI KEN","cityEn":"NASU GUN NASU MACHI","townEn":"INAZAWA"},"3294211":{"prefectureJa":"栃木県","cityJa":"足利市","townJa":"西場町","prefectureEn":"TOCHIGI KEN","cityEn":"ASHIKAGA SHI","townEn":"NISHIBACHO"},"3294212":{"prefectureJa":"栃木県","cityJa":"足利市","townJa":"稲岡町","prefectureEn":"TOCHIGI KEN","cityEn":"ASHIKAGA SHI","townEn":"INAOKACHO"},"3294213":{"prefectureJa":"栃木県","cityJa":"足利市","townJa":"寺岡町","prefectureEn":"TOCHIGI KEN","cityEn":"ASHIKAGA SHI","townEn":"TERAOKACHO"},"3294214":{"prefectureJa":"栃木県","cityJa":"足利市","townJa":"多田木町","prefectureEn":"TOCHIGI KEN","cityEn":"ASHIKAGA SHI","townEn":"TADAKICHO"},"3294215":{"prefectureJa":"栃木県","cityJa":"足利市","townJa":"奥戸町","prefectureEn":"TOCHIGI KEN","cityEn":"ASHIKAGA SHI","townEn":"OKUDOCHO"},"3294216":{"prefectureJa":"栃木県","cityJa":"足利市","townJa":"迫間町","prefectureEn":"TOCHIGI KEN","cityEn":"ASHIKAGA SHI","townEn":"HASAMACHO"},"3294217":{"prefectureJa":"栃木県","cityJa":"足利市","townJa":"駒場町","prefectureEn":"TOCHIGI KEN","cityEn":"ASHIKAGA SHI","townEn":"KOMABACHO"},"3294301":{"prefectureJa":"栃木県","cityJa":"栃木市","townJa":"岩舟町鷲巣","prefectureEn":"TOCHIGI KEN","cityEn":"TOCHIGI SHI","townEn":"IWAFUNEMACHI WASHINOSU"},"3294302":{"prefectureJa":"栃木県","cityJa":"栃木市","townJa":"岩舟町五十畑","prefectureEn":"TOCHIGI KEN","cityEn":"TOCHIGI SHI","townEn":"IWAFUNEMACHI IKABATA"},"3294303":{"prefectureJa":"栃木県","cityJa":"栃木市","townJa":"岩舟町和泉","prefectureEn":"TOCHIGI KEN","cityEn":"TOCHIGI SHI","townEn":"IWAFUNEMACHI IZUMI"},"3294304":{"prefectureJa":"栃木県","cityJa":"栃木市","townJa":"岩舟町静和","prefectureEn":"TOCHIGI KEN","cityEn":"TOCHIGI SHI","townEn":"IWAFUNEMACHI SHIZUWA"},"3294305":{"prefectureJa":"栃木県","cityJa":"栃木市","townJa":"岩舟町静戸","prefectureEn":"TOCHIGI KEN","cityEn":"TOCHIGI SHI","townEn":"IWAFUNEMACHI SHIZUKO"},"3294306":{"prefectureJa":"栃木県","cityJa":"栃木市","townJa":"岩舟町曲ケ島","prefectureEn":"TOCHIGI KEN","cityEn":"TOCHIGI SHI","townEn":"IWAFUNEMACHI MAGANOSHIMA"},"3294307":{"prefectureJa":"栃木県","cityJa":"栃木市","townJa":"岩舟町静","prefectureEn":"TOCHIGI KEN","cityEn":"TOCHIGI SHI","townEn":"IWAFUNEMACHI SHIZUKA"},"3294308":{"prefectureJa":"栃木県","cityJa":"栃木市","townJa":"岩舟町下津原","prefectureEn":"TOCHIGI KEN","cityEn":"TOCHIGI SHI","townEn":"IWAFUNEMACHI SHIMOTSUBARA"},"3294309":{"prefectureJa":"栃木県","cityJa":"栃木市","townJa":"岩舟町畳岡","prefectureEn":"TOCHIGI KEN","cityEn":"TOCHIGI SHI","townEn":"IWAFUNEMACHI TATAMIOKA"},"3294311":{"prefectureJa":"栃木県","cityJa":"栃木市","townJa":"岩舟町古江","prefectureEn":"TOCHIGI KEN","cityEn":"TOCHIGI SHI","townEn":"IWAFUNEMACHI FURUE"},"3294312":{"prefectureJa":"栃木県","cityJa":"栃木市","townJa":"岩舟町下岡","prefectureEn":"TOCHIGI KEN","cityEn":"TOCHIGI SHI","townEn":"IWAFUNEMACHI SHIMOKA"},"3294313":{"prefectureJa":"栃木県","cityJa":"栃木市","townJa":"岩舟町上岡","prefectureEn":"TOCHIGI KEN","cityEn":"TOCHIGI SHI","townEn":"IWAFUNEMACHI KAMIOKA"},"3294314":{"prefectureJa":"栃木県","cityJa":"栃木市","townJa":"岩舟町小野寺","prefectureEn":"TOCHIGI KEN","cityEn":"TOCHIGI SHI","townEn":"IWAFUNEMACHI ONODERA"},"3294315":{"prefectureJa":"栃木県","cityJa":"栃木市","townJa":"岩舟町三谷","prefectureEn":"TOCHIGI KEN","cityEn":"TOCHIGI SHI","townEn":"IWAFUNEMACHI MIYA"},"3294316":{"prefectureJa":"栃木県","cityJa":"栃木市","townJa":"岩舟町新里","prefectureEn":"TOCHIGI KEN","cityEn":"TOCHIGI SHI","townEn":"IWAFUNEMACHI NISSATO"},"3294401":{"prefectureJa":"栃木県","cityJa":"栃木市","townJa":"大平町牛久","prefectureEn":"TOCHIGI KEN","cityEn":"TOCHIGI SHI","townEn":"OHIRAMACHI USHIKU"},"3294402":{"prefectureJa":"栃木県","cityJa":"栃木市","townJa":"大平町土与","prefectureEn":"TOCHIGI KEN","cityEn":"TOCHIGI SHI","townEn":"OHIRAMACHI DOYO"},"3294403":{"prefectureJa":"栃木県","cityJa":"栃木市","townJa":"大平町蔵井","prefectureEn":"TOCHIGI KEN","cityEn":"TOCHIGI SHI","townEn":"OHIRAMACHI KURAI"},"3294404":{"prefectureJa":"栃木県","cityJa":"栃木市","townJa":"大平町富田","prefectureEn":"TOCHIGI KEN","cityEn":"TOCHIGI SHI","townEn":"OHIRAMACHI TOMIDA"},"3294405":{"prefectureJa":"栃木県","cityJa":"栃木市","townJa":"大平町西山田","prefectureEn":"TOCHIGI KEN","cityEn":"TOCHIGI SHI","townEn":"OHIRAMACHI NISHIYAMADA"},"3294406":{"prefectureJa":"栃木県","cityJa":"栃木市","townJa":"大平町下皆川","prefectureEn":"TOCHIGI KEN","cityEn":"TOCHIGI SHI","townEn":"OHIRAMACHI SHIMOMINAGAWA"},"3294407":{"prefectureJa":"栃木県","cityJa":"栃木市","townJa":"大平町川連","prefectureEn":"TOCHIGI KEN","cityEn":"TOCHIGI SHI","townEn":"OHIRAMACHI KAWATSURE"},"3294411":{"prefectureJa":"栃木県","cityJa":"栃木市","townJa":"大平町横堀","prefectureEn":"TOCHIGI KEN","cityEn":"TOCHIGI SHI","townEn":"OHIRAMACHI YOKOBORI"},"3294412":{"prefectureJa":"栃木県","cityJa":"栃木市","townJa":"大平町北武井","prefectureEn":"TOCHIGI KEN","cityEn":"TOCHIGI SHI","townEn":"OHIRAMACHI KITATAKEI"},"3294413":{"prefectureJa":"栃木県","cityJa":"栃木市","townJa":"大平町上高島","prefectureEn":"TOCHIGI KEN","cityEn":"TOCHIGI SHI","townEn":"OHIRAMACHI KAMITAKASHIMA"},"3294414":{"prefectureJa":"栃木県","cityJa":"栃木市","townJa":"大平町下高島","prefectureEn":"TOCHIGI KEN","cityEn":"TOCHIGI SHI","townEn":"OHIRAMACHI SHIMOTAKASHIMA"},"3294415":{"prefectureJa":"栃木県","cityJa":"栃木市","townJa":"大平町真弓","prefectureEn":"TOCHIGI KEN","cityEn":"TOCHIGI SHI","townEn":"OHIRAMACHI MAYUMI"},"3294421":{"prefectureJa":"栃木県","cityJa":"栃木市","townJa":"大平町西野田","prefectureEn":"TOCHIGI KEN","cityEn":"TOCHIGI SHI","townEn":"OHIRAMACHI NISHINODA"},"3294422":{"prefectureJa":"栃木県","cityJa":"栃木市","townJa":"大平町榎本","prefectureEn":"TOCHIGI KEN","cityEn":"TOCHIGI SHI","townEn":"OHIRAMACHI ENOMOTO"},"3294423":{"prefectureJa":"栃木県","cityJa":"栃木市","townJa":"大平町西水代","prefectureEn":"TOCHIGI KEN","cityEn":"TOCHIGI SHI","townEn":"OHIRAMACHI NISHIMIZUSHIRO"},"3294424":{"prefectureJa":"栃木県","cityJa":"栃木市","townJa":"大平町伯仲","prefectureEn":"TOCHIGI KEN","cityEn":"TOCHIGI SHI","townEn":"OHIRAMACHI HAKUCHU"},"3294425":{"prefectureJa":"栃木県","cityJa":"栃木市","townJa":"大平町新","prefectureEn":"TOCHIGI KEN","cityEn":"TOCHIGI SHI","townEn":"OHIRAMACHI ARAI"}}