{"6920000":{"prefectureJa":"島根県","cityJa":"安来市","townJa":"以下に掲載がない場合","prefectureEn":"SHIMANE KEN","cityEn":"YASUGI SHI","townEn":"IKANIKEISAIGANAIBAAI"},"6920001":{"prefectureJa":"島根県","cityJa":"安来市","townJa":"赤江町","prefectureEn":"SHIMANE KEN","cityEn":"YASUGI SHI","townEn":"AKAECHO"},"6920002":{"prefectureJa":"島根県","cityJa":"安来市","townJa":"上坂田町","prefectureEn":"SHIMANE KEN","cityEn":"YASUGI SHI","townEn":"KAMISAKADACHO"},"6920003":{"prefectureJa":"島根県","cityJa":"安来市","townJa":"西赤江町","prefectureEn":"SHIMANE KEN","cityEn":"YASUGI SHI","townEn":"NISHIAKAECHO"},"6920004":{"prefectureJa":"島根県","cityJa":"安来市","townJa":"久白町","prefectureEn":"SHIMANE KEN","cityEn":"YASUGI SHI","townEn":"KUJIRACHO"},"6920005":{"prefectureJa":"島根県","cityJa":"安来市","townJa":"日白町","prefectureEn":"SHIMANE KEN","cityEn":"YASUGI SHI","townEn":"HIJIRACHO"},"6920006":{"prefectureJa":"島根県","cityJa":"安来市","townJa":"西荒島町","prefectureEn":"SHIMANE KEN","cityEn":"YASUGI SHI","townEn":"NISHIARASHIMACHO"},"6920007":{"prefectureJa":"島根県","cityJa":"安来市","townJa":"荒島町","prefectureEn":"SHIMANE KEN","cityEn":"YASUGI SHI","townEn":"ARASHIMACHO"},"6920011":{"prefectureJa":"島根県","cityJa":"安来市","townJa":"安来町","prefectureEn":"SHIMANE KEN","cityEn":"YASUGI SHI","townEn":"YASUGICHO"},"6920012":{"prefectureJa":"島根県","cityJa":"安来市","townJa":"宮内町","prefectureEn":"SHIMANE KEN","cityEn":"YASUGI SHI","townEn":"MIYAUCHICHO"},"6920013":{"prefectureJa":"島根県","cityJa":"安来市","townJa":"月坂町","prefectureEn":"SHIMANE KEN","cityEn":"YASUGI SHI","townEn":"TSUKIZAKACHO"},"6920014":{"prefectureJa":"島根県","cityJa":"安来市","townJa":"飯島町","prefectureEn":"SHIMANE KEN","cityEn":"YASUGI SHI","townEn":"HASHIMACHO"},"6920015":{"prefectureJa":"島根県","cityJa":"安来市","townJa":"今津町","prefectureEn":"SHIMANE KEN","cityEn":"YASUGI SHI","townEn":"IMAZUCHO"},"6920016":{"prefectureJa":"島根県","cityJa":"安来市","townJa":"東赤江町","prefectureEn":"SHIMANE KEN","cityEn":"YASUGI SHI","townEn":"HIGASHIAKAECHO"},"6920017":{"prefectureJa":"島根県","cityJa":"安来市","townJa":"下坂田町","prefectureEn":"SHIMANE KEN","cityEn":"YASUGI SHI","townEn":"SHIMOSAKADACHO"},"6920021":{"prefectureJa":"島根県","cityJa":"安来市","townJa":"新十神町","prefectureEn":"SHIMANE KEN","cityEn":"YASUGI SHI","townEn":"SHINTOKAMICHO"},"6920022":{"prefectureJa":"島根県","cityJa":"安来市","townJa":"南十神町","prefectureEn":"SHIMANE KEN","cityEn":"YASUGI SHI","townEn":"MINAMITOKAMICHO"},"6920023":{"prefectureJa":"島根県","cityJa":"安来市","townJa":"黒井田町","prefectureEn":"SHIMANE KEN","cityEn":"YASUGI SHI","townEn":"KUROIDACHO"},"6920024":{"prefectureJa":"島根県","cityJa":"安来市","townJa":"島田町","prefectureEn":"SHIMANE KEN","cityEn":"YASUGI SHI","townEn":"SHIMATACHO"},"6920025":{"prefectureJa":"島根県","cityJa":"安来市","townJa":"穂日島町","prefectureEn":"SHIMANE KEN","cityEn":"YASUGI SHI","townEn":"HOHIJIMACHO"},"6920026":{"prefectureJa":"島根県","cityJa":"安来市","townJa":"吉佐町","prefectureEn":"SHIMANE KEN","cityEn":"YASUGI SHI","townEn":"KISACHO"},"6920027":{"prefectureJa":"島根県","cityJa":"安来市","townJa":"門生町","prefectureEn":"SHIMANE KEN","cityEn":"YASUGI SHI","townEn":"KADOCHO"},"6920028":{"prefectureJa":"島根県","cityJa":"安来市","townJa":"汐手が丘","prefectureEn":"SHIMANE KEN","cityEn":"YASUGI SHI","townEn":"SHIODEGAOKA"},"6920031":{"prefectureJa":"島根県","cityJa":"安来市","townJa":"佐久保町","prefectureEn":"SHIMANE KEN","cityEn":"YASUGI SHI","townEn":"SAKUBOCHO"},"6920032":{"prefectureJa":"島根県","cityJa":"安来市","townJa":"九重町","prefectureEn":"SHIMANE KEN","cityEn":"YASUGI SHI","townEn":"KUNOCHO"},"6920033":{"prefectureJa":"島根県","cityJa":"安来市","townJa":"清水町","prefectureEn":"SHIMANE KEN","cityEn":"YASUGI SHI","townEn":"KIYOMIZUCHO"},"6920034":{"prefectureJa":"島根県","cityJa":"安来市","townJa":"宇賀荘町","prefectureEn":"SHIMANE KEN","cityEn":"YASUGI SHI","townEn":"UKASHOCHO"},"6920035":{"prefectureJa":"島根県","cityJa":"安来市","townJa":"清瀬町","prefectureEn":"SHIMANE KEN","cityEn":"YASUGI SHI","townEn":"KIYOSECHO"},"6920036":{"prefectureJa":"島根県","cityJa":"安来市","townJa":"野方町","prefectureEn":"SHIMANE KEN","cityEn":"YASUGI SHI","townEn":"NOKATACHO"},"6920037":{"prefectureJa":"島根県","cityJa":"安来市","townJa":"吉岡町","prefectureEn":"SHIMANE KEN","cityEn":"YASUGI SHI","townEn":"YOSHIOKACHO"},"6920041":{"prefectureJa":"島根県","cityJa":"安来市","townJa":"鳥木町","prefectureEn":"SHIMANE KEN","cityEn":"YASUGI SHI","townEn":"TORIGICHO"},"6920042":{"prefectureJa":"島根県","cityJa":"安来市","townJa":"大塚町","prefectureEn":"SHIMANE KEN","cityEn":"YASUGI SHI","townEn":"OTSUKACHO"},"6920043":{"prefectureJa":"島根県","cityJa":"安来市","townJa":"上吉田町","prefectureEn":"SHIMANE KEN","cityEn":"YASUGI SHI","townEn":"KAMIYOSHIDACHO"},"6920044":{"prefectureJa":"島根県","cityJa":"安来市","townJa":"下吉田町","prefectureEn":"SHIMANE KEN","cityEn":"YASUGI SHI","townEn":"SHIMOYOSHIDACHO"},"6920045":{"prefectureJa":"島根県","cityJa":"安来市","townJa":"柿谷町","prefectureEn":"SHIMANE KEN","cityEn":"YASUGI SHI","townEn":"KAKIDANICHO"},"6920046":{"prefectureJa":"島根県","cityJa":"安来市","townJa":"折坂町","prefectureEn":"SHIMANE KEN","cityEn":"YASUGI SHI","townEn":"ORISAKACHO"},"6920047":{"prefectureJa":"島根県","cityJa":"安来市","townJa":"早田町","prefectureEn":"SHIMANE KEN","cityEn":"YASUGI SHI","townEn":"SODACHO"},"6920051":{"prefectureJa":"島根県","cityJa":"安来市","townJa":"切川町","prefectureEn":"SHIMANE KEN","cityEn":"YASUGI SHI","townEn":"KIREKAWACHO"},"6920052":{"prefectureJa":"島根県","cityJa":"安来市","townJa":"赤崎町","prefectureEn":"SHIMANE KEN","cityEn":"YASUGI SHI","townEn":"AKASAKICHO"},"6920053":{"prefectureJa":"島根県","cityJa":"安来市","townJa":"沢町","prefectureEn":"SHIMANE KEN","cityEn":"YASUGI SHI","townEn":"SAWACHO"},"6920054":{"prefectureJa":"島根県","cityJa":"安来市","townJa":"利弘町","prefectureEn":"SHIMANE KEN","cityEn":"YASUGI SHI","townEn":"TOSHIHIROCHO"},"6920055":{"prefectureJa":"島根県","cityJa":"安来市","townJa":"飯生町","prefectureEn":"SHIMANE KEN","cityEn":"YASUGI SHI","townEn":"INARICHO"},"6920056":{"prefectureJa":"島根県","cityJa":"安来市","townJa":"清井町","prefectureEn":"SHIMANE KEN","cityEn":"YASUGI SHI","townEn":"KIYOICHO"},"6920057":{"prefectureJa":"島根県","cityJa":"安来市","townJa":"恵乃島町","prefectureEn":"SHIMANE KEN","cityEn":"YASUGI SHI","townEn":"ENOSHIMACHO"},"6920058":{"prefectureJa":"島根県","cityJa":"安来市","townJa":"西恵乃島町","prefectureEn":"SHIMANE KEN","cityEn":"YASUGI SHI","townEn":"NISHIENOSHIMACHO"},"6920061":{"prefectureJa":"島根県","cityJa":"安来市","townJa":"中津町","prefectureEn":"SHIMANE KEN","cityEn":"YASUGI SHI","townEn":"NAKAZUCHO"},"6920062":{"prefectureJa":"島根県","cityJa":"安来市","townJa":"実松町","prefectureEn":"SHIMANE KEN","cityEn":"YASUGI SHI","townEn":"SANEMATSUCHO"},"6920063":{"prefectureJa":"島根県","cityJa":"安来市","townJa":"植田町","prefectureEn":"SHIMANE KEN","cityEn":"YASUGI SHI","townEn":"UEDACHO"},"6920064":{"prefectureJa":"島根県","cityJa":"安来市","townJa":"古川町","prefectureEn":"SHIMANE KEN","cityEn":"YASUGI SHI","townEn":"FURUKAWACHO"},"6920065":{"prefectureJa":"島根県","cityJa":"安来市","townJa":"岩舟町","prefectureEn":"SHIMANE KEN","cityEn":"YASUGI SHI","townEn":"IWAFUNECHO"},"6920066":{"prefectureJa":"島根県","cityJa":"安来市","townJa":"飯梨町","prefectureEn":"SHIMANE KEN","cityEn":"YASUGI SHI","townEn":"IINASHICHO"},"6920067":{"prefectureJa":"島根県","cityJa":"安来市","townJa":"田頼町","prefectureEn":"SHIMANE KEN","cityEn":"YASUGI SHI","townEn":"TAYORICHO"},"6920071":{"prefectureJa":"島根県","cityJa":"安来市","townJa":"亀島町","prefectureEn":"SHIMANE KEN","cityEn":"YASUGI SHI","townEn":"KAMESHIMACHO"},"6920072":{"prefectureJa":"島根県","cityJa":"安来市","townJa":"能義町","prefectureEn":"SHIMANE KEN","cityEn":"YASUGI SHI","townEn":"NOKICHO"},"6920073":{"prefectureJa":"島根県","cityJa":"安来市","townJa":"矢田町","prefectureEn":"SHIMANE KEN","cityEn":"YASUGI SHI","townEn":"YATACHO"},"6920074":{"prefectureJa":"島根県","cityJa":"安来市","townJa":"中海町","prefectureEn":"SHIMANE KEN","cityEn":"YASUGI SHI","townEn":"NAKAUMICHO"},"6920075":{"prefectureJa":"島根県","cityJa":"安来市","townJa":"神庭町","prefectureEn":"SHIMANE KEN","cityEn":"YASUGI SHI","townEn":"KAMBACHO"},"6920077":{"prefectureJa":"島根県","cityJa":"安来市","townJa":"西松井町","prefectureEn":"SHIMANE KEN","cityEn":"YASUGI SHI","townEn":"NISHIMATSUICHO"},"6920201":{"prefectureJa":"島根県","cityJa":"安来市","townJa":"伯太町安田山形","prefectureEn":"SHIMANE KEN","cityEn":"YASUGI SHI","townEn":"HAKUTACHO YASUDAYAMAGATA"},"6920202":{"prefectureJa":"島根県","cityJa":"安来市","townJa":"伯太町安田関","prefectureEn":"SHIMANE KEN","cityEn":"YASUGI SHI","townEn":"HAKUTACHO YASUDASEKI"},"6920203":{"prefectureJa":"島根県","cityJa":"安来市","townJa":"伯太町未明","prefectureEn":"SHIMANE KEN","cityEn":"YASUGI SHI","townEn":"HAKUTACHO HONOKA"},"6920204":{"prefectureJa":"島根県","cityJa":"安来市","townJa":"伯太町安田宮内","prefectureEn":"SHIMANE KEN","cityEn":"YASUGI SHI","townEn":"HAKUTACHO YASUDAMIYAUCHI"},"6920205":{"prefectureJa":"島根県","cityJa":"安来市","townJa":"伯太町安田中","prefectureEn":"SHIMANE KEN","cityEn":"YASUGI SHI","townEn":"HAKUTACHO YASUDANAKA"},"6920206":{"prefectureJa":"島根県","cityJa":"安来市","townJa":"伯太町安田","prefectureEn":"SHIMANE KEN","cityEn":"YASUGI SHI","townEn":"HAKUTACHO YASUDA"},"6920207":{"prefectureJa":"島根県","cityJa":"安来市","townJa":"伯太町東母里","prefectureEn":"SHIMANE KEN","cityEn":"YASUGI SHI","townEn":"HAKUTACHO HIGASHIMORI"},"6920211":{"prefectureJa":"島根県","cityJa":"安来市","townJa":"伯太町母里","prefectureEn":"SHIMANE KEN","cityEn":"YASUGI SHI","townEn":"HAKUTACHO MORI"},"6920212":{"prefectureJa":"島根県","cityJa":"安来市","townJa":"伯太町西母里","prefectureEn":"SHIMANE KEN","cityEn":"YASUGI SHI","townEn":"HAKUTACHO NISHIMORI"},"6920213":{"prefectureJa":"島根県","cityJa":"安来市","townJa":"伯太町井尻","prefectureEn":"SHIMANE KEN","cityEn":"YASUGI SHI","townEn":"HAKUTACHO IJIRI"},"6920214":{"prefectureJa":"島根県","cityJa":"安来市","townJa":"伯太町須山福冨","prefectureEn":"SHIMANE KEN","cityEn":"YASUGI SHI","townEn":"HAKUTACHO SUYAMAFUKUDOME"},"6920215":{"prefectureJa":"島根県","cityJa":"安来市","townJa":"伯太町高江寸次","prefectureEn":"SHIMANE KEN","cityEn":"YASUGI SHI","townEn":"HAKUTACHO TAKAESUNJI"},"6920216":{"prefectureJa":"島根県","cityJa":"安来市","townJa":"伯太町日次","prefectureEn":"SHIMANE KEN","cityEn":"YASUGI SHI","townEn":"HAKUTACHO HINAMI"},"6920217":{"prefectureJa":"島根県","cityJa":"安来市","townJa":"伯太町横屋","prefectureEn":"SHIMANE KEN","cityEn":"YASUGI SHI","townEn":"HAKUTACHO YOKOYA"},"6920218":{"prefectureJa":"島根県","cityJa":"安来市","townJa":"伯太町峠之内","prefectureEn":"SHIMANE KEN","cityEn":"YASUGI SHI","townEn":"HAKUTACHO TAWANOCHI"},"6920321":{"prefectureJa":"島根県","cityJa":"安来市","townJa":"伯太町赤屋","prefectureEn":"SHIMANE KEN","cityEn":"YASUGI SHI","townEn":"HAKUTACHO AKAYA"},"6920322":{"prefectureJa":"島根県","cityJa":"安来市","townJa":"伯太町上小竹","prefectureEn":"SHIMANE KEN","cityEn":"YASUGI SHI","townEn":"HAKUTACHO KAMIODAKE"},"6920323":{"prefectureJa":"島根県","cityJa":"安来市","townJa":"伯太町下小竹","prefectureEn":"SHIMANE KEN","cityEn":"YASUGI SHI","townEn":"HAKUTACHO SHIMODAKE"},"6920324":{"prefectureJa":"島根県","cityJa":"安来市","townJa":"伯太町草野","prefectureEn":"SHIMANE KEN","cityEn":"YASUGI SHI","townEn":"HAKUTACHO KUSANO"},"6920325":{"prefectureJa":"島根県","cityJa":"安来市","townJa":"伯太町上十年畑","prefectureEn":"SHIMANE KEN","cityEn":"YASUGI SHI","townEn":"HAKUTACHO KAMIJUNEMBATA"},"6920326":{"prefectureJa":"島根県","cityJa":"安来市","townJa":"伯太町下十年畑","prefectureEn":"SHIMANE KEN","cityEn":"YASUGI SHI","townEn":"HAKUTACHO SHIMOJUNEMBATA"},"6920401":{"prefectureJa":"島根県","cityJa":"安来市","townJa":"広瀬町石原","prefectureEn":"SHIMANE KEN","cityEn":"YASUGI SHI","townEn":"HIROSECHO ISHIHARA"},"6920402":{"prefectureJa":"島根県","cityJa":"安来市","townJa":"広瀬町町帳","prefectureEn":"SHIMANE KEN","cityEn":"YASUGI SHI","townEn":"HIROSECHO MACHICHO"},"6920403":{"prefectureJa":"島根県","cityJa":"安来市","townJa":"広瀬町富田","prefectureEn":"SHIMANE KEN","cityEn":"YASUGI SHI","townEn":"HIROSECHO TODA"},"6920404":{"prefectureJa":"島根県","cityJa":"安来市","townJa":"広瀬町広瀬","prefectureEn":"SHIMANE KEN","cityEn":"YASUGI SHI","townEn":"HIROSECHO HIROSE"},"6920405":{"prefectureJa":"島根県","cityJa":"安来市","townJa":"広瀬町祖父谷","prefectureEn":"SHIMANE KEN","cityEn":"YASUGI SHI","townEn":"HIROSECHO OJIDANI"},"6920411":{"prefectureJa":"島根県","cityJa":"安来市","townJa":"広瀬町菅原（下田原）","prefectureEn":"SHIMANE KEN","cityEn":"YASUGI SHI","townEn":"HIROSECHO SUGAHARA(SHIMOTAWARA)"},"6920412":{"prefectureJa":"島根県","cityJa":"安来市","townJa":"広瀬町下山佐","prefectureEn":"SHIMANE KEN","cityEn":"YASUGI SHI","townEn":"HIROSECHO SHIMOYAMASA"},"6920413":{"prefectureJa":"島根県","cityJa":"安来市","townJa":"広瀬町上山佐","prefectureEn":"SHIMANE KEN","cityEn":"YASUGI SHI","townEn":"HIROSECHO KAMIYAMASA"},"6920621":{"prefectureJa":"島根県","cityJa":"安来市","townJa":"広瀬町菅原（その他）","prefectureEn":"SHIMANE KEN","cityEn":"YASUGI SHI","townEn":"HIROSECHO SUGAHARA(SONOTA)"},"6920622":{"prefectureJa":"島根県","cityJa":"安来市","townJa":"広瀬町宇波","prefectureEn":"SHIMANE KEN","cityEn":"YASUGI SHI","townEn":"HIROSECHO UNAMI"},"6920623":{"prefectureJa":"島根県","cityJa":"安来市","townJa":"広瀬町布部","prefectureEn":"SHIMANE KEN","cityEn":"YASUGI SHI","townEn":"HIROSECHO FUBE"},"6920624":{"prefectureJa":"島根県","cityJa":"安来市","townJa":"広瀬町西谷","prefectureEn":"SHIMANE KEN","cityEn":"YASUGI SHI","townEn":"HIROSECHO NISHIDANI"},"6920625":{"prefectureJa":"島根県","cityJa":"安来市","townJa":"広瀬町奥田原","prefectureEn":"SHIMANE KEN","cityEn":"YASUGI SHI","townEn":"HIROSECHO OKUTAWARA"},"6920731":{"prefectureJa":"島根県","cityJa":"安来市","townJa":"広瀬町西比田","prefectureEn":"SHIMANE KEN","cityEn":"YASUGI SHI","townEn":"HIROSECHO NISHIHIDA"},"6920732":{"prefectureJa":"島根県","cityJa":"安来市","townJa":"広瀬町梶福留","prefectureEn":"SHIMANE KEN","cityEn":"YASUGI SHI","townEn":"HIROSECHO KAJIFUKUDOME"},"6920733":{"prefectureJa":"島根県","cityJa":"安来市","townJa":"広瀬町東比田","prefectureEn":"SHIMANE KEN","cityEn":"YASUGI SHI","townEn":"HIROSECHO HIGASHIHIDA"}}