{"4310101":{"prefectureJa":"静岡県","cityJa":"浜松市中央区","townJa":"雄踏町山崎","prefectureEn":"SHIZUOKA KEN","cityEn":"HAMAMATSU SHI CHUO KU","townEn":"YUTOCHO YAMAZAKI"},"4310102":{"prefectureJa":"静岡県","cityJa":"浜松市中央区","townJa":"雄踏町宇布見","prefectureEn":"SHIZUOKA KEN","cityEn":"HAMAMATSU SHI CHUO KU","townEn":"YUTOCHO UBUMI"},"4310103":{"prefectureJa":"静岡県","cityJa":"浜松市中央区","townJa":"雄踏","prefectureEn":"SHIZUOKA KEN","cityEn":"HAMAMATSU SHI CHUO KU","townEn":"YUTO"},"4310201":{"prefectureJa":"静岡県","cityJa":"浜松市中央区","townJa":"篠原町","prefectureEn":"SHIZUOKA KEN","cityEn":"HAMAMATSU SHI CHUO KU","townEn":"SHINOHARACHO"},"4310202":{"prefectureJa":"静岡県","cityJa":"浜松市中央区","townJa":"坪井町","prefectureEn":"SHIZUOKA KEN","cityEn":"HAMAMATSU SHI CHUO KU","townEn":"TSUBOICHO"},"4310203":{"prefectureJa":"静岡県","cityJa":"浜松市中央区","townJa":"馬郡町","prefectureEn":"SHIZUOKA KEN","cityEn":"HAMAMATSU SHI CHUO KU","townEn":"MAGORICHO"},"4310211":{"prefectureJa":"静岡県","cityJa":"浜松市中央区","townJa":"舞阪町舞阪","prefectureEn":"SHIZUOKA KEN","cityEn":"HAMAMATSU SHI CHUO KU","townEn":"MAISAKACHO MAISAKA"},"4310212":{"prefectureJa":"静岡県","cityJa":"浜松市中央区","townJa":"舞阪町長十新田","prefectureEn":"SHIZUOKA KEN","cityEn":"HAMAMATSU SHI CHUO KU","townEn":"MAISAKACHO CHOJUSHINDEN"},"4310213":{"prefectureJa":"静岡県","cityJa":"浜松市中央区","townJa":"舞阪町浜田","prefectureEn":"SHIZUOKA KEN","cityEn":"HAMAMATSU SHI CHUO KU","townEn":"MAISAKACHO HAMADA"},"4310214":{"prefectureJa":"静岡県","cityJa":"浜松市中央区","townJa":"舞阪町弁天島","prefectureEn":"SHIZUOKA KEN","cityEn":"HAMAMATSU SHI CHUO KU","townEn":"MAISAKACHO BENTENJIMA"},"4310301":{"prefectureJa":"静岡県","cityJa":"湖西市","townJa":"新居町中之郷","prefectureEn":"SHIZUOKA KEN","cityEn":"KOSAI SHI","townEn":"ARAICHO NAKANOGO"},"4310302":{"prefectureJa":"静岡県","cityJa":"湖西市","townJa":"新居町新居","prefectureEn":"SHIZUOKA KEN","cityEn":"KOSAI SHI","townEn":"ARAICHO ARAI"},"4310303":{"prefectureJa":"静岡県","cityJa":"湖西市","townJa":"新居町浜名","prefectureEn":"SHIZUOKA KEN","cityEn":"KOSAI SHI","townEn":"ARAICHO HAMANA"},"4310304":{"prefectureJa":"静岡県","cityJa":"湖西市","townJa":"新居町内山","prefectureEn":"SHIZUOKA KEN","cityEn":"KOSAI SHI","townEn":"ARAICHO UCHIYAMA"},"4310400":{"prefectureJa":"静岡県","cityJa":"湖西市","townJa":"以下に掲載がない場合","prefectureEn":"SHIZUOKA KEN","cityEn":"KOSAI SHI","townEn":"IKANIKEISAIGANAIBAAI"},"4310401":{"prefectureJa":"静岡県","cityJa":"湖西市","townJa":"横山","prefectureEn":"SHIZUOKA KEN","cityEn":"KOSAI SHI","townEn":"YOKOYAMA"},"4310402":{"prefectureJa":"静岡県","cityJa":"湖西市","townJa":"利木","prefectureEn":"SHIZUOKA KEN","cityEn":"KOSAI SHI","townEn":"RIKI"},"4310403":{"prefectureJa":"静岡県","cityJa":"湖西市","townJa":"大知波","prefectureEn":"SHIZUOKA KEN","cityEn":"KOSAI SHI","townEn":"OCHIBA"},"4310404":{"prefectureJa":"静岡県","cityJa":"湖西市","townJa":"太田","prefectureEn":"SHIZUOKA KEN","cityEn":"KOSAI SHI","townEn":"OTA"},"4310405":{"prefectureJa":"静岡県","cityJa":"湖西市","townJa":"神座","prefectureEn":"SHIZUOKA KEN","cityEn":"KOSAI SHI","townEn":"KANZA"},"4310411":{"prefectureJa":"静岡県","cityJa":"湖西市","townJa":"入出","prefectureEn":"SHIZUOKA KEN","cityEn":"KOSAI SHI","townEn":"IRIDE"},"4310412":{"prefectureJa":"静岡県","cityJa":"湖西市","townJa":"内浦","prefectureEn":"SHIZUOKA KEN","cityEn":"KOSAI SHI","townEn":"UCHIURA"},"4310421":{"prefectureJa":"静岡県","cityJa":"湖西市","townJa":"新所","prefectureEn":"SHIZUOKA KEN","cityEn":"KOSAI SHI","townEn":"SHINJO"},"4310422":{"prefectureJa":"静岡県","cityJa":"湖西市","townJa":"岡崎","prefectureEn":"SHIZUOKA KEN","cityEn":"KOSAI SHI","townEn":"OKASAKI"},"4310423":{"prefectureJa":"静岡県","cityJa":"湖西市","townJa":"新所・岡崎・梅田入会地","prefectureEn":"SHIZUOKA KEN","cityEn":"KOSAI SHI","townEn":"SHINJO.OKASAKI.UMEDANYUKAICHI"},"4310424":{"prefectureJa":"静岡県","cityJa":"湖西市","townJa":"新所原","prefectureEn":"SHIZUOKA KEN","cityEn":"KOSAI SHI","townEn":"SHINJOHARA"},"4310425":{"prefectureJa":"静岡県","cityJa":"湖西市","townJa":"梅田","prefectureEn":"SHIZUOKA KEN","cityEn":"KOSAI SHI","townEn":"UMEDA"},"4310426":{"prefectureJa":"静岡県","cityJa":"湖西市","townJa":"新所原東","prefectureEn":"SHIZUOKA KEN","cityEn":"KOSAI SHI","townEn":"SHINJOHARA HIGASHI"},"4310427":{"prefectureJa":"静岡県","cityJa":"湖西市","townJa":"駅南","prefectureEn":"SHIZUOKA KEN","cityEn":"KOSAI SHI","townEn":"EKIMINAMI"},"4310428":{"prefectureJa":"静岡県","cityJa":"湖西市","townJa":"ときわ","prefectureEn":"SHIZUOKA KEN","cityEn":"KOSAI SHI","townEn":"TOKIWA"},"4310429":{"prefectureJa":"静岡県","cityJa":"湖西市","townJa":"南台","prefectureEn":"SHIZUOKA KEN","cityEn":"KOSAI SHI","townEn":"MINAMIDAI"},"4310431":{"prefectureJa":"静岡県","cityJa":"湖西市","townJa":"鷲津","prefectureEn":"SHIZUOKA KEN","cityEn":"KOSAI SHI","townEn":"WASHIZU"},"4310432":{"prefectureJa":"静岡県","cityJa":"湖西市","townJa":"風の杜","prefectureEn":"SHIZUOKA KEN","cityEn":"KOSAI SHI","townEn":"KAZENOMORI"},"4310441":{"prefectureJa":"静岡県","cityJa":"湖西市","townJa":"吉美","prefectureEn":"SHIZUOKA KEN","cityEn":"KOSAI SHI","townEn":"KIBI"},"4310442":{"prefectureJa":"静岡県","cityJa":"湖西市","townJa":"古見","prefectureEn":"SHIZUOKA KEN","cityEn":"KOSAI SHI","townEn":"KOMI"},"4310443":{"prefectureJa":"静岡県","cityJa":"湖西市","townJa":"山口","prefectureEn":"SHIZUOKA KEN","cityEn":"KOSAI SHI","townEn":"YAMAGUCHI"},"4310444":{"prefectureJa":"静岡県","cityJa":"湖西市","townJa":"坊瀬","prefectureEn":"SHIZUOKA KEN","cityEn":"KOSAI SHI","townEn":"BOZE"},"4310451":{"prefectureJa":"静岡県","cityJa":"湖西市","townJa":"白須賀","prefectureEn":"SHIZUOKA KEN","cityEn":"KOSAI SHI","townEn":"SHIRASUKA"},"4310452":{"prefectureJa":"静岡県","cityJa":"湖西市","townJa":"境宿","prefectureEn":"SHIZUOKA KEN","cityEn":"KOSAI SHI","townEn":"SAKAIJUKU"},"4311101":{"prefectureJa":"静岡県","cityJa":"浜松市中央区","townJa":"和光町","prefectureEn":"SHIZUOKA KEN","cityEn":"HAMAMATSU SHI CHUO KU","townEn":"WAKOCHO"},"4311102":{"prefectureJa":"静岡県","cityJa":"浜松市中央区","townJa":"大山町","prefectureEn":"SHIZUOKA KEN","cityEn":"HAMAMATSU SHI CHUO KU","townEn":"OYAMACHO"},"4311103":{"prefectureJa":"静岡県","cityJa":"浜松市中央区","townJa":"湖東町","prefectureEn":"SHIZUOKA KEN","cityEn":"HAMAMATSU SHI CHUO KU","townEn":"KOTOCHO"},"4311104":{"prefectureJa":"静岡県","cityJa":"浜松市中央区","townJa":"桜台","prefectureEn":"SHIZUOKA KEN","cityEn":"HAMAMATSU SHI CHUO KU","townEn":"SAKURADAI"},"4311111":{"prefectureJa":"静岡県","cityJa":"浜松市中央区","townJa":"伊左地町","prefectureEn":"SHIZUOKA KEN","cityEn":"HAMAMATSU SHI CHUO KU","townEn":"ISAJICHO"},"4311112":{"prefectureJa":"静岡県","cityJa":"浜松市中央区","townJa":"大人見町","prefectureEn":"SHIZUOKA KEN","cityEn":"HAMAMATSU SHI CHUO KU","townEn":"OHITOMICHO"},"4311113":{"prefectureJa":"静岡県","cityJa":"浜松市中央区","townJa":"古人見町","prefectureEn":"SHIZUOKA KEN","cityEn":"HAMAMATSU SHI CHUO KU","townEn":"KOHITOMICHO"},"4311114":{"prefectureJa":"静岡県","cityJa":"浜松市中央区","townJa":"佐浜町","prefectureEn":"SHIZUOKA KEN","cityEn":"HAMAMATSU SHI CHUO KU","townEn":"SAHAMACHO"},"4311115":{"prefectureJa":"静岡県","cityJa":"浜松市中央区","townJa":"和地町","prefectureEn":"SHIZUOKA KEN","cityEn":"HAMAMATSU SHI CHUO KU","townEn":"WAJICHO"},"4311201":{"prefectureJa":"静岡県","cityJa":"浜松市中央区","townJa":"深萩町","prefectureEn":"SHIZUOKA KEN","cityEn":"HAMAMATSU SHI CHUO KU","townEn":"FUKAHAGICHO"},"4311202":{"prefectureJa":"静岡県","cityJa":"浜松市中央区","townJa":"呉松町","prefectureEn":"SHIZUOKA KEN","cityEn":"HAMAMATSU SHI CHUO KU","townEn":"KUREMATSUCHO"},"4311203":{"prefectureJa":"静岡県","cityJa":"浜松市中央区","townJa":"平松町","prefectureEn":"SHIZUOKA KEN","cityEn":"HAMAMATSU SHI CHUO KU","townEn":"HIRAMATSUCHO"},"4311204":{"prefectureJa":"静岡県","cityJa":"浜松市中央区","townJa":"白洲町","prefectureEn":"SHIZUOKA KEN","cityEn":"HAMAMATSU SHI CHUO KU","townEn":"SHIRASUCHO"},"4311205":{"prefectureJa":"静岡県","cityJa":"浜松市中央区","townJa":"協和町","prefectureEn":"SHIZUOKA KEN","cityEn":"HAMAMATSU SHI CHUO KU","townEn":"KYOWACHO"},"4311206":{"prefectureJa":"静岡県","cityJa":"浜松市中央区","townJa":"庄和町","prefectureEn":"SHIZUOKA KEN","cityEn":"HAMAMATSU SHI CHUO KU","townEn":"SHOWACHO"},"4311207":{"prefectureJa":"静岡県","cityJa":"浜松市中央区","townJa":"村櫛町","prefectureEn":"SHIZUOKA KEN","cityEn":"HAMAMATSU SHI CHUO KU","townEn":"MURAKUSHICHO"},"4311208":{"prefectureJa":"静岡県","cityJa":"浜松市中央区","townJa":"庄内町","prefectureEn":"SHIZUOKA KEN","cityEn":"HAMAMATSU SHI CHUO KU","townEn":"SHONAICHO"},"4311209":{"prefectureJa":"静岡県","cityJa":"浜松市中央区","townJa":"舘山寺町","prefectureEn":"SHIZUOKA KEN","cityEn":"HAMAMATSU SHI CHUO KU","townEn":"KANZANJICHO"},"4311301":{"prefectureJa":"静岡県","cityJa":"浜松市浜名区","townJa":"細江町小野","prefectureEn":"SHIZUOKA KEN","cityEn":"HAMAMATSU SHI HAMANA KU","townEn":"HOSOECHO ONO"},"4311302":{"prefectureJa":"静岡県","cityJa":"浜松市浜名区","townJa":"細江町広岡","prefectureEn":"SHIZUOKA KEN","cityEn":"HAMAMATSU SHI HAMANA KU","townEn":"HOSOECHO HIROKA"},"4311303":{"prefectureJa":"静岡県","cityJa":"浜松市浜名区","townJa":"細江町三和","prefectureEn":"SHIZUOKA KEN","cityEn":"HAMAMATSU SHI HAMANA KU","townEn":"HOSOECHO MIWA"},"4311304":{"prefectureJa":"静岡県","cityJa":"浜松市浜名区","townJa":"細江町中川","prefectureEn":"SHIZUOKA KEN","cityEn":"HAMAMATSU SHI HAMANA KU","townEn":"HOSOECHO NAKAGAWA"},"4311305":{"prefectureJa":"静岡県","cityJa":"浜松市浜名区","townJa":"細江町気賀","prefectureEn":"SHIZUOKA KEN","cityEn":"HAMAMATSU SHI HAMANA KU","townEn":"HOSOECHO KIGA"},"4311401":{"prefectureJa":"静岡県","cityJa":"浜松市浜名区","townJa":"三ヶ日町佐久米","prefectureEn":"SHIZUOKA KEN","cityEn":"HAMAMATSU SHI HAMANA KU","townEn":"MIKKABICHO SAKUME"},"4311402":{"prefectureJa":"静岡県","cityJa":"浜松市浜名区","townJa":"三ヶ日町都筑","prefectureEn":"SHIZUOKA KEN","cityEn":"HAMAMATSU SHI HAMANA KU","townEn":"MIKKABICHO TSUZUKI"},"4311403":{"prefectureJa":"静岡県","cityJa":"浜松市浜名区","townJa":"三ヶ日町大崎","prefectureEn":"SHIZUOKA KEN","cityEn":"HAMAMATSU SHI HAMANA KU","townEn":"MIKKABICHO OSAKI"},"4311404":{"prefectureJa":"静岡県","cityJa":"浜松市浜名区","townJa":"三ヶ日町宇志","prefectureEn":"SHIZUOKA KEN","cityEn":"HAMAMATSU SHI HAMANA KU","townEn":"MIKKABICHO USHI"},"4311405":{"prefectureJa":"静岡県","cityJa":"浜松市浜名区","townJa":"三ヶ日町津々崎","prefectureEn":"SHIZUOKA KEN","cityEn":"HAMAMATSU SHI HAMANA KU","townEn":"MIKKABICHO TSUZUSAKI"},"4311406":{"prefectureJa":"静岡県","cityJa":"浜松市浜名区","townJa":"三ヶ日町駒場","prefectureEn":"SHIZUOKA KEN","cityEn":"HAMAMATSU SHI HAMANA KU","townEn":"MIKKABICHO KOMABA"},"4311407":{"prefectureJa":"静岡県","cityJa":"浜松市浜名区","townJa":"三ヶ日町大谷","prefectureEn":"SHIZUOKA KEN","cityEn":"HAMAMATSU SHI HAMANA KU","townEn":"MIKKABICHO OYA"},"4311411":{"prefectureJa":"静岡県","cityJa":"浜松市浜名区","townJa":"三ヶ日町福長","prefectureEn":"SHIZUOKA KEN","cityEn":"HAMAMATSU SHI HAMANA KU","townEn":"MIKKABICHO FUKUNAGA"},"4311412":{"prefectureJa":"静岡県","cityJa":"浜松市浜名区","townJa":"三ヶ日町只木","prefectureEn":"SHIZUOKA KEN","cityEn":"HAMAMATSU SHI HAMANA KU","townEn":"MIKKABICHO TADAKI"},"4311413":{"prefectureJa":"静岡県","cityJa":"浜松市浜名区","townJa":"三ヶ日町摩訶耶","prefectureEn":"SHIZUOKA KEN","cityEn":"HAMAMATSU SHI HAMANA KU","townEn":"MIKKABICHO MAKAYA"},"4311414":{"prefectureJa":"静岡県","cityJa":"浜松市浜名区","townJa":"三ヶ日町三ヶ日","prefectureEn":"SHIZUOKA KEN","cityEn":"HAMAMATSU SHI HAMANA KU","townEn":"MIKKABICHO MIKKABI"},"4311415":{"prefectureJa":"静岡県","cityJa":"浜松市浜名区","townJa":"三ヶ日町岡本","prefectureEn":"SHIZUOKA KEN","cityEn":"HAMAMATSU SHI HAMANA KU","townEn":"MIKKABICHO OKAMOTO"},"4311416":{"prefectureJa":"静岡県","cityJa":"浜松市浜名区","townJa":"三ヶ日町釣","prefectureEn":"SHIZUOKA KEN","cityEn":"HAMAMATSU SHI HAMANA KU","townEn":"MIKKABICHO TSURI"},"4311417":{"prefectureJa":"静岡県","cityJa":"浜松市浜名区","townJa":"三ヶ日町平山","prefectureEn":"SHIZUOKA KEN","cityEn":"HAMAMATSU SHI HAMANA KU","townEn":"MIKKABICHO HIRAYAMA"},"4311421":{"prefectureJa":"静岡県","cityJa":"浜松市浜名区","townJa":"三ヶ日町本坂","prefectureEn":"SHIZUOKA KEN","cityEn":"HAMAMATSU SHI HAMANA KU","townEn":"MIKKABICHO HONZAKA"},"4311422":{"prefectureJa":"静岡県","cityJa":"浜松市浜名区","townJa":"三ヶ日町日比沢","prefectureEn":"SHIZUOKA KEN","cityEn":"HAMAMATSU SHI HAMANA KU","townEn":"MIKKABICHO HIBISAWA"},"4311423":{"prefectureJa":"静岡県","cityJa":"浜松市浜名区","townJa":"三ヶ日町鵺代","prefectureEn":"SHIZUOKA KEN","cityEn":"HAMAMATSU SHI HAMANA KU","townEn":"MIKKABICHO NUESHIRO"},"4311424":{"prefectureJa":"静岡県","cityJa":"浜松市浜名区","townJa":"三ヶ日町下尾奈","prefectureEn":"SHIZUOKA KEN","cityEn":"HAMAMATSU SHI HAMANA KU","townEn":"MIKKABICHO SHIMONA"},"4311425":{"prefectureJa":"静岡県","cityJa":"浜松市浜名区","townJa":"三ヶ日町上尾奈","prefectureEn":"SHIZUOKA KEN","cityEn":"HAMAMATSU SHI HAMANA KU","townEn":"MIKKABICHO KAMIONA"},"4312101":{"prefectureJa":"静岡県","cityJa":"浜松市浜名区","townJa":"滝沢町","prefectureEn":"SHIZUOKA KEN","cityEn":"HAMAMATSU SHI HAMANA KU","townEn":"TAKISAWACHO"},"4312102":{"prefectureJa":"静岡県","cityJa":"浜松市浜名区","townJa":"都田町","prefectureEn":"SHIZUOKA KEN","cityEn":"HAMAMATSU SHI HAMANA KU","townEn":"MIYAKODACHO"},"4312103":{"prefectureJa":"静岡県","cityJa":"浜松市浜名区","townJa":"新都田","prefectureEn":"SHIZUOKA KEN","cityEn":"HAMAMATSU SHI HAMANA KU","townEn":"SHIMMIYAKODA"},"4312104":{"prefectureJa":"静岡県","cityJa":"浜松市浜名区","townJa":"鷲沢町","prefectureEn":"SHIZUOKA KEN","cityEn":"HAMAMATSU SHI HAMANA KU","townEn":"WASHIZAWACHO"},"4312201":{"prefectureJa":"静岡県","cityJa":"浜松市浜名区","townJa":"引佐町東久留女木（その他）","prefectureEn":"SHIZUOKA KEN","cityEn":"HAMAMATSU SHI HAMANA KU","townEn":"INASACHO HIGASHIKURUMEKI(SONOTA)"},"4312202":{"prefectureJa":"静岡県","cityJa":"浜松市浜名区","townJa":"引佐町川名","prefectureEn":"SHIZUOKA KEN","cityEn":"HAMAMATSU SHI HAMANA KU","townEn":"INASACHO KAWANA"},"4312203":{"prefectureJa":"静岡県","cityJa":"浜松市浜名区","townJa":"引佐町三岳","prefectureEn":"SHIZUOKA KEN","cityEn":"HAMAMATSU SHI HAMANA KU","townEn":"INASACHO MITAKE"},"4312204":{"prefectureJa":"静岡県","cityJa":"浜松市浜名区","townJa":"引佐町兎荷","prefectureEn":"SHIZUOKA KEN","cityEn":"HAMAMATSU SHI HAMANA KU","townEn":"INASACHO TOKKA"},"4312205":{"prefectureJa":"静岡県","cityJa":"浜松市浜名区","townJa":"引佐町伊平","prefectureEn":"SHIZUOKA KEN","cityEn":"HAMAMATSU SHI HAMANA KU","townEn":"INASACHO IDAIRA"},"4312206":{"prefectureJa":"静岡県","cityJa":"浜松市浜名区","townJa":"引佐町西黒田","prefectureEn":"SHIZUOKA KEN","cityEn":"HAMAMATSU SHI HAMANA KU","townEn":"INASACHO NISHIKURODA"},"4312207":{"prefectureJa":"静岡県","cityJa":"浜松市浜名区","townJa":"引佐町東黒田","prefectureEn":"SHIZUOKA KEN","cityEn":"HAMAMATSU SHI HAMANA KU","townEn":"INASACHO HIGASHIKURODA"},"4312211":{"prefectureJa":"静岡県","cityJa":"浜松市浜名区","townJa":"引佐町花平","prefectureEn":"SHIZUOKA KEN","cityEn":"HAMAMATSU SHI HAMANA KU","townEn":"INASACHO HANADAIRA"},"4312212":{"prefectureJa":"静岡県","cityJa":"浜松市浜名区","townJa":"引佐町井伊谷","prefectureEn":"SHIZUOKA KEN","cityEn":"HAMAMATSU SHI HAMANA KU","townEn":"INASACHO IINOYA"},"4312213":{"prefectureJa":"静岡県","cityJa":"浜松市浜名区","townJa":"引佐町金指","prefectureEn":"SHIZUOKA KEN","cityEn":"HAMAMATSU SHI HAMANA KU","townEn":"INASACHO KANASASHI"},"4312214":{"prefectureJa":"静岡県","cityJa":"浜松市浜名区","townJa":"引佐町横尾","prefectureEn":"SHIZUOKA KEN","cityEn":"HAMAMATSU SHI HAMANA KU","townEn":"INASACHO YOKO"},"4312215":{"prefectureJa":"静岡県","cityJa":"浜松市浜名区","townJa":"引佐町白岩","prefectureEn":"SHIZUOKA KEN","cityEn":"HAMAMATSU SHI HAMANA KU","townEn":"INASACHO SHIRAIWA"},"4312216":{"prefectureJa":"静岡県","cityJa":"浜松市浜名区","townJa":"神宮寺町","prefectureEn":"SHIZUOKA KEN","cityEn":"HAMAMATSU SHI HAMANA KU","townEn":"JINGUJICHO"},"4312221":{"prefectureJa":"静岡県","cityJa":"浜松市浜名区","townJa":"引佐町田畑","prefectureEn":"SHIZUOKA KEN","cityEn":"HAMAMATSU SHI HAMANA KU","townEn":"INASACHO TABATAKE"},"4312222":{"prefectureJa":"静岡県","cityJa":"浜松市浜名区","townJa":"引佐町黒渕","prefectureEn":"SHIZUOKA KEN","cityEn":"HAMAMATSU SHI HAMANA KU","townEn":"INASACHO KUROBUCHI"},"4312223":{"prefectureJa":"静岡県","cityJa":"浜松市浜名区","townJa":"引佐町栃窪","prefectureEn":"SHIZUOKA KEN","cityEn":"HAMAMATSU SHI HAMANA KU","townEn":"INASACHO TOCHIKUBO"},"4312224":{"prefectureJa":"静岡県","cityJa":"浜松市浜名区","townJa":"引佐町奥山","prefectureEn":"SHIZUOKA KEN","cityEn":"HAMAMATSU SHI HAMANA KU","townEn":"INASACHO OKUYAMA"},"4312225":{"prefectureJa":"静岡県","cityJa":"浜松市浜名区","townJa":"引佐町狩宿","prefectureEn":"SHIZUOKA KEN","cityEn":"HAMAMATSU SHI HAMANA KU","townEn":"INASACHO KARISHUKU"},"4312226":{"prefectureJa":"静岡県","cityJa":"浜松市浜名区","townJa":"引佐町谷沢","prefectureEn":"SHIZUOKA KEN","cityEn":"HAMAMATSU SHI HAMANA KU","townEn":"INASACHO YAZAWA"},"4312531":{"prefectureJa":"静岡県","cityJa":"浜松市浜名区","townJa":"引佐町東久留女木（３７２～７９９番地）","prefectureEn":"SHIZUOKA KEN","cityEn":"HAMAMATSU SHI HAMANA KU","townEn":"INASACHO HIGASHIKURUMEKI(372-799-BA"},"4312532":{"prefectureJa":"静岡県","cityJa":"浜松市浜名区","townJa":"引佐町西久留女木","prefectureEn":"SHIZUOKA KEN","cityEn":"HAMAMATSU SHI HAMANA KU","townEn":"INASACHO NISHIKURUMEKI"},"4312533":{"prefectureJa":"静岡県","cityJa":"浜松市浜名区","townJa":"引佐町四方浄","prefectureEn":"SHIZUOKA KEN","cityEn":"HAMAMATSU SHI HAMANA KU","townEn":"INASACHO SHIHOJO"},"4312534":{"prefectureJa":"静岡県","cityJa":"浜松市浜名区","townJa":"引佐町別所","prefectureEn":"SHIZUOKA KEN","cityEn":"HAMAMATSU SHI HAMANA KU","townEn":"INASACHO BESSHIYO"},"4312535":{"prefectureJa":"静岡県","cityJa":"浜松市浜名区","townJa":"引佐町的場","prefectureEn":"SHIZUOKA KEN","cityEn":"HAMAMATSU SHI HAMANA KU","townEn":"INASACHO MATOBA"},"4312536":{"prefectureJa":"静岡県","cityJa":"浜松市浜名区","townJa":"引佐町田沢","prefectureEn":"SHIZUOKA KEN","cityEn":"HAMAMATSU SHI HAMANA KU","townEn":"INASACHO TAZAWA"},"4312537":{"prefectureJa":"静岡県","cityJa":"浜松市浜名区","townJa":"引佐町渋川","prefectureEn":"SHIZUOKA KEN","cityEn":"HAMAMATSU SHI HAMANA KU","townEn":"INASACHO SHIBUKAWA"},"4313101":{"prefectureJa":"静岡県","cityJa":"浜松市中央区","townJa":"豊町","prefectureEn":"SHIZUOKA KEN","cityEn":"HAMAMATSU SHI CHUO KU","townEn":"YUTAKACHO"},"4313102":{"prefectureJa":"静岡県","cityJa":"浜松市中央区","townJa":"豊西町","prefectureEn":"SHIZUOKA KEN","cityEn":"HAMAMATSU SHI CHUO KU","townEn":"TOYONISHICHO"},"4313103":{"prefectureJa":"静岡県","cityJa":"浜松市中央区","townJa":"常光町","prefectureEn":"SHIZUOKA KEN","cityEn":"HAMAMATSU SHI CHUO KU","townEn":"JOKOCHO"},"4313104":{"prefectureJa":"静岡県","cityJa":"浜松市中央区","townJa":"貴平町","prefectureEn":"SHIZUOKA KEN","cityEn":"HAMAMATSU SHI CHUO KU","townEn":"KIHEICHO"},"4313105":{"prefectureJa":"静岡県","cityJa":"浜松市中央区","townJa":"笠井新田町","prefectureEn":"SHIZUOKA KEN","cityEn":"HAMAMATSU SHI CHUO KU","townEn":"KASAI SHINDENCHO"},"4313106":{"prefectureJa":"静岡県","cityJa":"浜松市中央区","townJa":"笠井上町","prefectureEn":"SHIZUOKA KEN","cityEn":"HAMAMATSU SHI CHUO KU","townEn":"KASAI KAMIMACHI"},"4313107":{"prefectureJa":"静岡県","cityJa":"浜松市中央区","townJa":"笠井町","prefectureEn":"SHIZUOKA KEN","cityEn":"HAMAMATSU SHI CHUO KU","townEn":"KASAICHO"},"4313108":{"prefectureJa":"静岡県","cityJa":"浜松市中央区","townJa":"恒武町","prefectureEn":"SHIZUOKA KEN","cityEn":"HAMAMATSU SHI CHUO KU","townEn":"TSUNETAKECHO"},"4313111":{"prefectureJa":"静岡県","cityJa":"浜松市中央区","townJa":"中郡町","prefectureEn":"SHIZUOKA KEN","cityEn":"HAMAMATSU SHI CHUO KU","townEn":"NAKAGORICHO"},"4313112":{"prefectureJa":"静岡県","cityJa":"浜松市中央区","townJa":"大島町","prefectureEn":"SHIZUOKA KEN","cityEn":"HAMAMATSU SHI CHUO KU","townEn":"OSHIMACHO"},"4313113":{"prefectureJa":"静岡県","cityJa":"浜松市中央区","townJa":"大瀬町","prefectureEn":"SHIZUOKA KEN","cityEn":"HAMAMATSU SHI CHUO KU","townEn":"OSECHO"},"4313114":{"prefectureJa":"静岡県","cityJa":"浜松市中央区","townJa":"積志町","prefectureEn":"SHIZUOKA KEN","cityEn":"HAMAMATSU SHI CHUO KU","townEn":"SEKISHICHO"},"4313115":{"prefectureJa":"静岡県","cityJa":"浜松市中央区","townJa":"西ケ崎町","prefectureEn":"SHIZUOKA KEN","cityEn":"HAMAMATSU SHI CHUO KU","townEn":"NISHIGASAKICHO"},"4313121":{"prefectureJa":"静岡県","cityJa":"浜松市中央区","townJa":"有玉北町","prefectureEn":"SHIZUOKA KEN","cityEn":"HAMAMATSU SHI CHUO KU","townEn":"ARITAMA KITAMACHI"},"4313122":{"prefectureJa":"静岡県","cityJa":"浜松市中央区","townJa":"有玉南町","prefectureEn":"SHIZUOKA KEN","cityEn":"HAMAMATSU SHI CHUO KU","townEn":"ARITAMA MINAMIMACHI"},"4313123":{"prefectureJa":"静岡県","cityJa":"浜松市中央区","townJa":"有玉西町","prefectureEn":"SHIZUOKA KEN","cityEn":"HAMAMATSU SHI CHUO KU","townEn":"ARITAMA NISHIMACHI"},"4313124":{"prefectureJa":"静岡県","cityJa":"浜松市中央区","townJa":"半田町","prefectureEn":"SHIZUOKA KEN","cityEn":"HAMAMATSU SHI CHUO KU","townEn":"HANDACHO"},"4313125":{"prefectureJa":"静岡県","cityJa":"浜松市中央区","townJa":"半田山","prefectureEn":"SHIZUOKA KEN","cityEn":"HAMAMATSU SHI CHUO KU","townEn":"HANDAYAMA"},"4313126":{"prefectureJa":"静岡県","cityJa":"浜松市中央区","townJa":"有玉台","prefectureEn":"SHIZUOKA KEN","cityEn":"HAMAMATSU SHI CHUO KU","townEn":"ARITAMADAI"},"4313301":{"prefectureJa":"静岡県","cityJa":"浜松市天竜区","townJa":"横川","prefectureEn":"SHIZUOKA KEN","cityEn":"HAMAMATSU SHI TENRYU KU","townEn":"YOKOKAWA"},"4313302":{"prefectureJa":"静岡県","cityJa":"浜松市天竜区","townJa":"只来","prefectureEn":"SHIZUOKA KEN","cityEn":"HAMAMATSU SHI TENRYU KU","townEn":"TADARAI"},"4313303":{"prefectureJa":"静岡県","cityJa":"浜松市天竜区","townJa":"山東","prefectureEn":"SHIZUOKA KEN","cityEn":"HAMAMATSU SHI TENRYU KU","townEn":"YAMAHIGASHI"},"4313304":{"prefectureJa":"静岡県","cityJa":"浜松市天竜区","townJa":"次郎八新田","prefectureEn":"SHIZUOKA KEN","cityEn":"HAMAMATSU SHI TENRYU KU","townEn":"JIROHACHISHINDEN"},"4313305":{"prefectureJa":"静岡県","cityJa":"浜松市天竜区","townJa":"大谷","prefectureEn":"SHIZUOKA KEN","cityEn":"HAMAMATSU SHI TENRYU KU","townEn":"OYA"},"4313306":{"prefectureJa":"静岡県","cityJa":"浜松市天竜区","townJa":"船明","prefectureEn":"SHIZUOKA KEN","cityEn":"HAMAMATSU SHI TENRYU KU","townEn":"FUNAGIRA"},"4313311":{"prefectureJa":"静岡県","cityJa":"浜松市天竜区","townJa":"二俣町阿蔵","prefectureEn":"SHIZUOKA KEN","cityEn":"HAMAMATSU SHI TENRYU KU","townEn":"FUTAMATACHO AKURA"},"4313312":{"prefectureJa":"静岡県","cityJa":"浜松市天竜区","townJa":"二俣町南鹿島","prefectureEn":"SHIZUOKA KEN","cityEn":"HAMAMATSU SHI TENRYU KU","townEn":"FUTAMATACHO MINAMIKAJIMA"},"4313313":{"prefectureJa":"静岡県","cityJa":"浜松市天竜区","townJa":"二俣町鹿島","prefectureEn":"SHIZUOKA KEN","cityEn":"HAMAMATSU SHI TENRYU KU","townEn":"FUTAMATACHO KAJIMA"},"4313314":{"prefectureJa":"静岡県","cityJa":"浜松市天竜区","townJa":"二俣町二俣","prefectureEn":"SHIZUOKA KEN","cityEn":"HAMAMATSU SHI TENRYU KU","townEn":"FUTAMATACHO FUTAMATA"},"4313315":{"prefectureJa":"静岡県","cityJa":"浜松市天竜区","townJa":"二俣町大園","prefectureEn":"SHIZUOKA KEN","cityEn":"HAMAMATSU SHI TENRYU KU","townEn":"FUTAMATACHO OSONO"},"4313421":{"prefectureJa":"静岡県","cityJa":"浜松市天竜区","townJa":"日明","prefectureEn":"SHIZUOKA KEN","cityEn":"HAMAMATSU SHI TENRYU KU","townEn":"HIARI"},"4313422":{"prefectureJa":"静岡県","cityJa":"浜松市天竜区","townJa":"米沢","prefectureEn":"SHIZUOKA KEN","cityEn":"HAMAMATSU SHI TENRYU KU","townEn":"MINAZAWA"},"4313423":{"prefectureJa":"静岡県","cityJa":"浜松市天竜区","townJa":"渡ケ島","prefectureEn":"SHIZUOKA KEN","cityEn":"HAMAMATSU SHI TENRYU KU","townEn":"WATAGASHIMA"},"4313424":{"prefectureJa":"静岡県","cityJa":"浜松市天竜区","townJa":"緑恵台","prefectureEn":"SHIZUOKA KEN","cityEn":"HAMAMATSU SHI TENRYU KU","townEn":"RYOKUKEIDAI"},"4313425":{"prefectureJa":"静岡県","cityJa":"浜松市天竜区","townJa":"青谷","prefectureEn":"SHIZUOKA KEN","cityEn":"HAMAMATSU SHI TENRYU KU","townEn":"AOYA"},"4313426":{"prefectureJa":"静岡県","cityJa":"浜松市天竜区","townJa":"両島","prefectureEn":"SHIZUOKA KEN","cityEn":"HAMAMATSU SHI TENRYU KU","townEn":"RYOSHIMA"},"4313427":{"prefectureJa":"静岡県","cityJa":"浜松市天竜区","townJa":"上野","prefectureEn":"SHIZUOKA KEN","cityEn":"HAMAMATSU SHI TENRYU KU","townEn":"KAMINO"},"4313428":{"prefectureJa":"静岡県","cityJa":"浜松市天竜区","townJa":"石神","prefectureEn":"SHIZUOKA KEN","cityEn":"HAMAMATSU SHI TENRYU KU","townEn":"ISHIGAMI"},"4313531":{"prefectureJa":"静岡県","cityJa":"浜松市天竜区","townJa":"東藤平","prefectureEn":"SHIZUOKA KEN","cityEn":"HAMAMATSU SHI TENRYU KU","townEn":"HIGASHIFUJIDAIRA"},"4313532":{"prefectureJa":"静岡県","cityJa":"浜松市天竜区","townJa":"西藤平","prefectureEn":"SHIZUOKA KEN","cityEn":"HAMAMATSU SHI TENRYU KU","townEn":"NISHIFUJIDAIRA"},"4313533":{"prefectureJa":"静岡県","cityJa":"浜松市天竜区","townJa":"長沢","prefectureEn":"SHIZUOKA KEN","cityEn":"HAMAMATSU SHI TENRYU KU","townEn":"NAGASAWA"},"4313534":{"prefectureJa":"静岡県","cityJa":"浜松市天竜区","townJa":"懐山","prefectureEn":"SHIZUOKA KEN","cityEn":"HAMAMATSU SHI TENRYU KU","townEn":"FUTOKOROYAMA"},"4313535":{"prefectureJa":"静岡県","cityJa":"浜松市天竜区","townJa":"芦窪","prefectureEn":"SHIZUOKA KEN","cityEn":"HAMAMATSU SHI TENRYU KU","townEn":"ASHIKUBO"},"4313536":{"prefectureJa":"静岡県","cityJa":"浜松市天竜区","townJa":"阿寺","prefectureEn":"SHIZUOKA KEN","cityEn":"HAMAMATSU SHI TENRYU KU","townEn":"ATERA"},"4313641":{"prefectureJa":"静岡県","cityJa":"浜松市天竜区","townJa":"熊","prefectureEn":"SHIZUOKA KEN","cityEn":"HAMAMATSU SHI TENRYU KU","townEn":"KUMA"},"4313642":{"prefectureJa":"静岡県","cityJa":"浜松市天竜区","townJa":"大栗安","prefectureEn":"SHIZUOKA KEN","cityEn":"HAMAMATSU SHI TENRYU KU","townEn":"OGURIYASU"},"4313643":{"prefectureJa":"静岡県","cityJa":"浜松市天竜区","townJa":"神沢","prefectureEn":"SHIZUOKA KEN","cityEn":"HAMAMATSU SHI TENRYU KU","townEn":"KANZAWA"},"4313751":{"prefectureJa":"静岡県","cityJa":"浜松市天竜区","townJa":"東雲名","prefectureEn":"SHIZUOKA KEN","cityEn":"HAMAMATSU SHI TENRYU KU","townEn":"HIGASHIUNNA"},"4313752":{"prefectureJa":"静岡県","cityJa":"浜松市天竜区","townJa":"小川","prefectureEn":"SHIZUOKA KEN","cityEn":"HAMAMATSU SHI TENRYU KU","townEn":"OGAWA"},"4313753":{"prefectureJa":"静岡県","cityJa":"浜松市天竜区","townJa":"佐久","prefectureEn":"SHIZUOKA KEN","cityEn":"HAMAMATSU SHI TENRYU KU","townEn":"SAKU"},"4313754":{"prefectureJa":"静岡県","cityJa":"浜松市天竜区","townJa":"相津","prefectureEn":"SHIZUOKA KEN","cityEn":"HAMAMATSU SHI TENRYU KU","townEn":"SOZU"},"4313755":{"prefectureJa":"静岡県","cityJa":"浜松市天竜区","townJa":"大川","prefectureEn":"SHIZUOKA KEN","cityEn":"HAMAMATSU SHI TENRYU KU","townEn":"OKAWA"},"4313756":{"prefectureJa":"静岡県","cityJa":"浜松市天竜区","townJa":"谷山","prefectureEn":"SHIZUOKA KEN","cityEn":"HAMAMATSU SHI TENRYU KU","townEn":"YAYAMA"},"4313761":{"prefectureJa":"静岡県","cityJa":"浜松市天竜区","townJa":"西雲名","prefectureEn":"SHIZUOKA KEN","cityEn":"HAMAMATSU SHI TENRYU KU","townEn":"NISHIUNNA"},"4313762":{"prefectureJa":"静岡県","cityJa":"浜松市天竜区","townJa":"伊砂","prefectureEn":"SHIZUOKA KEN","cityEn":"HAMAMATSU SHI TENRYU KU","townEn":"ISUKA"},"4313763":{"prefectureJa":"静岡県","cityJa":"浜松市天竜区","townJa":"月","prefectureEn":"SHIZUOKA KEN","cityEn":"HAMAMATSU SHI TENRYU KU","townEn":"TSUKI"},"4313764":{"prefectureJa":"静岡県","cityJa":"浜松市天竜区","townJa":"横山町","prefectureEn":"SHIZUOKA KEN","cityEn":"HAMAMATSU SHI TENRYU KU","townEn":"YOKOYAMACHO"},"4313801":{"prefectureJa":"静岡県","cityJa":"浜松市天竜区","townJa":"龍山町瀬尻","prefectureEn":"SHIZUOKA KEN","cityEn":"HAMAMATSU SHI TENRYU KU","townEn":"TATSUYAMACHO SEJIRI"},"4313802":{"prefectureJa":"静岡県","cityJa":"浜松市天竜区","townJa":"龍山町下平山","prefectureEn":"SHIZUOKA KEN","cityEn":"HAMAMATSU SHI TENRYU KU","townEn":"TATSUYAMACHO SHIMOHIRAYAMA"},"4313803":{"prefectureJa":"静岡県","cityJa":"浜松市天竜区","townJa":"龍山町戸倉","prefectureEn":"SHIZUOKA KEN","cityEn":"HAMAMATSU SHI TENRYU KU","townEn":"TATSUYAMACHO TOKURA"},"4313804":{"prefectureJa":"静岡県","cityJa":"浜松市天竜区","townJa":"龍山町大嶺","prefectureEn":"SHIZUOKA KEN","cityEn":"HAMAMATSU SHI TENRYU KU","townEn":"TATSUYAMACHO OMINE"},"4313901":{"prefectureJa":"静岡県","cityJa":"浜松市天竜区","townJa":"佐久間町佐久間","prefectureEn":"SHIZUOKA KEN","cityEn":"HAMAMATSU SHI TENRYU KU","townEn":"SAKUMACHO SAKUMA"},"4313902":{"prefectureJa":"静岡県","cityJa":"浜松市天竜区","townJa":"佐久間町大井","prefectureEn":"SHIZUOKA KEN","cityEn":"HAMAMATSU SHI TENRYU KU","townEn":"SAKUMACHO OI"},"4313903":{"prefectureJa":"静岡県","cityJa":"浜松市天竜区","townJa":"佐久間町上平山","prefectureEn":"SHIZUOKA KEN","cityEn":"HAMAMATSU SHI TENRYU KU","townEn":"SAKUMACHO KAMIHIRAYAMA"},"4313904":{"prefectureJa":"静岡県","cityJa":"浜松市天竜区","townJa":"佐久間町戸口","prefectureEn":"SHIZUOKA KEN","cityEn":"HAMAMATSU SHI TENRYU KU","townEn":"SAKUMACHO TOGUCHI"},"4313905":{"prefectureJa":"静岡県","cityJa":"浜松市天竜区","townJa":"佐久間町半場","prefectureEn":"SHIZUOKA KEN","cityEn":"HAMAMATSU SHI TENRYU KU","townEn":"SAKUMACHO HAMBA"},"4313906":{"prefectureJa":"静岡県","cityJa":"浜松市天竜区","townJa":"佐久間町浦川","prefectureEn":"SHIZUOKA KEN","cityEn":"HAMAMATSU SHI TENRYU KU","townEn":"SAKUMACHO URAKAWA"},"4313907":{"prefectureJa":"静岡県","cityJa":"浜松市天竜区","townJa":"佐久間町川合","prefectureEn":"SHIZUOKA KEN","cityEn":"HAMAMATSU SHI TENRYU KU","townEn":"SAKUMACHO KAWAI"},"4313908":{"prefectureJa":"静岡県","cityJa":"浜松市天竜区","townJa":"佐久間町中部","prefectureEn":"SHIZUOKA KEN","cityEn":"HAMAMATSU SHI TENRYU KU","townEn":"SAKUMACHO NAKABE"},"4314101":{"prefectureJa":"静岡県","cityJa":"浜松市天竜区","townJa":"水窪町奥領家","prefectureEn":"SHIZUOKA KEN","cityEn":"HAMAMATSU SHI TENRYU KU","townEn":"MISAKUBOCHO OKURYOKE"},"4314102":{"prefectureJa":"静岡県","cityJa":"浜松市天竜区","townJa":"水窪町地頭方","prefectureEn":"SHIZUOKA KEN","cityEn":"HAMAMATSU SHI TENRYU KU","townEn":"MISAKUBOCHO JITOGATA"},"4314103":{"prefectureJa":"静岡県","cityJa":"浜松市天竜区","townJa":"水窪町山住","prefectureEn":"SHIZUOKA KEN","cityEn":"HAMAMATSU SHI TENRYU KU","townEn":"MISAKUBOCHO YAMAZUMI"},"4314111":{"prefectureJa":"静岡県","cityJa":"浜松市天竜区","townJa":"佐久間町相月","prefectureEn":"SHIZUOKA KEN","cityEn":"HAMAMATSU SHI TENRYU KU","townEn":"SAKUMACHO AIZUKI"},"4314112":{"prefectureJa":"静岡県","cityJa":"浜松市天竜区","townJa":"佐久間町奥領家","prefectureEn":"SHIZUOKA KEN","cityEn":"HAMAMATSU SHI TENRYU KU","townEn":"SAKUMACHO OKURYOKE"},"4314121":{"prefectureJa":"愛知県","cityJa":"北設楽郡豊根村","townJa":"富山","prefectureEn":"AICHI KEN","cityEn":"KITASHITARA GUN TOYONE MURA","townEn":"TOMIYAMA"}}