{"6950000":{"prefectureJa":"島根県","cityJa":"江津市","townJa":"以下に掲載がない場合","prefectureEn":"SHIMANE KEN","cityEn":"GOTSU SHI","townEn":"IKANIKEISAIGANAIBAAI"},"6950001":{"prefectureJa":"島根県","cityJa":"江津市","townJa":"渡津町","prefectureEn":"SHIMANE KEN","cityEn":"GOTSU SHI","townEn":"WATAZUCHO"},"6950002":{"prefectureJa":"島根県","cityJa":"江津市","townJa":"浅利町","prefectureEn":"SHIMANE KEN","cityEn":"GOTSU SHI","townEn":"ASARICHO"},"6950003":{"prefectureJa":"島根県","cityJa":"江津市","townJa":"松川町下河戸","prefectureEn":"SHIMANE KEN","cityEn":"GOTSU SHI","townEn":"MATSUKAWACHO SHIMOKAWADO"},"6950004":{"prefectureJa":"島根県","cityJa":"江津市","townJa":"松川町市村","prefectureEn":"SHIMANE KEN","cityEn":"GOTSU SHI","townEn":"MATSUKAWACHO ICHIMURA"},"6950005":{"prefectureJa":"島根県","cityJa":"江津市","townJa":"松川町長良","prefectureEn":"SHIMANE KEN","cityEn":"GOTSU SHI","townEn":"MATSUKAWACHO NAGARA"},"6950006":{"prefectureJa":"島根県","cityJa":"江津市","townJa":"松川町八神","prefectureEn":"SHIMANE KEN","cityEn":"GOTSU SHI","townEn":"MATSUKAWACHO YAKAMI"},"6950007":{"prefectureJa":"島根県","cityJa":"江津市","townJa":"松川町太田","prefectureEn":"SHIMANE KEN","cityEn":"GOTSU SHI","townEn":"MATSUKAWACHO OTA"},"6950011":{"prefectureJa":"島根県","cityJa":"江津市","townJa":"江津町","prefectureEn":"SHIMANE KEN","cityEn":"GOTSU SHI","townEn":"GOTSUCHO"},"6950012":{"prefectureJa":"島根県","cityJa":"江津市","townJa":"金田町","prefectureEn":"SHIMANE KEN","cityEn":"GOTSU SHI","townEn":"KANETACHO"},"6950013":{"prefectureJa":"島根県","cityJa":"江津市","townJa":"川平町南川上","prefectureEn":"SHIMANE KEN","cityEn":"GOTSU SHI","townEn":"KAWAHIRACHO MINAMIKAWANOBORI"},"6950014":{"prefectureJa":"島根県","cityJa":"江津市","townJa":"川平町平田","prefectureEn":"SHIMANE KEN","cityEn":"GOTSU SHI","townEn":"KAWAHIRACHO HIRATA"},"6950015":{"prefectureJa":"島根県","cityJa":"江津市","townJa":"島の星町","prefectureEn":"SHIMANE KEN","cityEn":"GOTSU SHI","townEn":"SHIMANOHOSHICHO"},"6950016":{"prefectureJa":"島根県","cityJa":"江津市","townJa":"嘉久志町","prefectureEn":"SHIMANE KEN","cityEn":"GOTSU SHI","townEn":"KAKUSHICHO"},"6950017":{"prefectureJa":"島根県","cityJa":"江津市","townJa":"和木町","prefectureEn":"SHIMANE KEN","cityEn":"GOTSU SHI","townEn":"WAKICHO"},"6950021":{"prefectureJa":"島根県","cityJa":"江津市","townJa":"都野津町","prefectureEn":"SHIMANE KEN","cityEn":"GOTSU SHI","townEn":"TSUNOZUCHO"},"6950022":{"prefectureJa":"島根県","cityJa":"江津市","townJa":"二宮町羽代","prefectureEn":"SHIMANE KEN","cityEn":"GOTSU SHI","townEn":"NINOMIYACHO HASHIRO"},"6950023":{"prefectureJa":"島根県","cityJa":"江津市","townJa":"二宮町神村","prefectureEn":"SHIMANE KEN","cityEn":"GOTSU SHI","townEn":"NINOMIYACHO KAMURA"},"6950024":{"prefectureJa":"島根県","cityJa":"江津市","townJa":"二宮町神主","prefectureEn":"SHIMANE KEN","cityEn":"GOTSU SHI","townEn":"NINOMIYACHO KANNUSHI"},"6950101":{"prefectureJa":"島根県","cityJa":"浜田市","townJa":"下有福町","prefectureEn":"SHIMANE KEN","cityEn":"HAMADA SHI","townEn":"SHIMOARIFUKUCHO"},"6950102":{"prefectureJa":"島根県","cityJa":"浜田市","townJa":"宇野町","prefectureEn":"SHIMANE KEN","cityEn":"HAMADA SHI","townEn":"UNOCHO"},"6950103":{"prefectureJa":"島根県","cityJa":"浜田市","townJa":"大金町","prefectureEn":"SHIMANE KEN","cityEn":"HAMADA SHI","townEn":"OGANECHO"},"6950151":{"prefectureJa":"島根県","cityJa":"江津市","townJa":"千田町","prefectureEn":"SHIMANE KEN","cityEn":"GOTSU SHI","townEn":"CHIDACHO"},"6950152":{"prefectureJa":"島根県","cityJa":"江津市","townJa":"跡市町","prefectureEn":"SHIMANE KEN","cityEn":"GOTSU SHI","townEn":"ATOICHICHO"},"6950153":{"prefectureJa":"島根県","cityJa":"江津市","townJa":"清見町","prefectureEn":"SHIMANE KEN","cityEn":"GOTSU SHI","townEn":"SEIMICHO"},"6950154":{"prefectureJa":"島根県","cityJa":"江津市","townJa":"井沢町","prefectureEn":"SHIMANE KEN","cityEn":"GOTSU SHI","townEn":"ISOCHO"},"6950155":{"prefectureJa":"島根県","cityJa":"江津市","townJa":"有福温泉町本明","prefectureEn":"SHIMANE KEN","cityEn":"GOTSU SHI","townEn":"ARIFUKUONSENCHOHOMMYO"},"6950156":{"prefectureJa":"島根県","cityJa":"江津市","townJa":"有福温泉町","prefectureEn":"SHIMANE KEN","cityEn":"GOTSU SHI","townEn":"ARIFUKUONSENCHO"}}