{"3840000":{"prefectureJa":"長野県","cityJa":"小諸市","townJa":"以下に掲載がない場合","prefectureEn":"NAGANO KEN","cityEn":"KOMORO SHI","townEn":"IKANIKEISAIGANAIBAAI"},"3840001":{"prefectureJa":"長野県","cityJa":"小諸市","townJa":"小原","prefectureEn":"NAGANO KEN","cityEn":"KOMORO SHI","townEn":"KOBARA"},"3840002":{"prefectureJa":"長野県","cityJa":"小諸市","townJa":"唐松","prefectureEn":"NAGANO KEN","cityEn":"KOMORO SHI","townEn":"KARAMATSU"},"3840003":{"prefectureJa":"長野県","cityJa":"小諸市","townJa":"東山","prefectureEn":"NAGANO KEN","cityEn":"KOMORO SHI","townEn":"HIGASHIYAMA"},"3840004":{"prefectureJa":"長野県","cityJa":"小諸市","townJa":"乙女","prefectureEn":"NAGANO KEN","cityEn":"KOMORO SHI","townEn":"OTOME"},"3840005":{"prefectureJa":"長野県","cityJa":"小諸市","townJa":"御幸町","prefectureEn":"NAGANO KEN","cityEn":"KOMORO SHI","townEn":"MIYUKICHO"},"3840006":{"prefectureJa":"長野県","cityJa":"小諸市","townJa":"与良町","prefectureEn":"NAGANO KEN","cityEn":"KOMORO SHI","townEn":"YORAMACHI"},"3840007":{"prefectureJa":"長野県","cityJa":"小諸市","townJa":"鶴巻","prefectureEn":"NAGANO KEN","cityEn":"KOMORO SHI","townEn":"TSURUMAKI"},"3840008":{"prefectureJa":"長野県","cityJa":"小諸市","townJa":"東小諸","prefectureEn":"NAGANO KEN","cityEn":"KOMORO SHI","townEn":"HIGASHIKOMORO"},"3840011":{"prefectureJa":"長野県","cityJa":"小諸市","townJa":"赤坂","prefectureEn":"NAGANO KEN","cityEn":"KOMORO SHI","townEn":"AKASAKA"},"3840012":{"prefectureJa":"長野県","cityJa":"小諸市","townJa":"南町","prefectureEn":"NAGANO KEN","cityEn":"KOMORO SHI","townEn":"MINAMICHO"},"3840013":{"prefectureJa":"長野県","cityJa":"小諸市","townJa":"緑ケ丘","prefectureEn":"NAGANO KEN","cityEn":"KOMORO SHI","townEn":"MIDORIGAOKA"},"3840014":{"prefectureJa":"長野県","cityJa":"小諸市","townJa":"荒町","prefectureEn":"NAGANO KEN","cityEn":"KOMORO SHI","townEn":"ARAMACHI"},"3840015":{"prefectureJa":"長野県","cityJa":"小諸市","townJa":"紺屋町","prefectureEn":"NAGANO KEN","cityEn":"KOMORO SHI","townEn":"KONYAMACHI"},"3840016":{"prefectureJa":"長野県","cityJa":"小諸市","townJa":"八幡町","prefectureEn":"NAGANO KEN","cityEn":"KOMORO SHI","townEn":"HACHIMANCHO"},"3840017":{"prefectureJa":"長野県","cityJa":"小諸市","townJa":"三和","prefectureEn":"NAGANO KEN","cityEn":"KOMORO SHI","townEn":"MITSUWA"},"3840018":{"prefectureJa":"長野県","cityJa":"小諸市","townJa":"坂ノ上","prefectureEn":"NAGANO KEN","cityEn":"KOMORO SHI","townEn":"SAKANOE"},"3840021":{"prefectureJa":"長野県","cityJa":"小諸市","townJa":"天池","prefectureEn":"NAGANO KEN","cityEn":"KOMORO SHI","townEn":"AMAIKE"},"3840022":{"prefectureJa":"長野県","cityJa":"小諸市","townJa":"松井","prefectureEn":"NAGANO KEN","cityEn":"KOMORO SHI","townEn":"MATSUI"},"3840023":{"prefectureJa":"長野県","cityJa":"小諸市","townJa":"東雲","prefectureEn":"NAGANO KEN","cityEn":"KOMORO SHI","townEn":"SHINONOME"},"3840024":{"prefectureJa":"長野県","cityJa":"小諸市","townJa":"熊ノ堂","prefectureEn":"NAGANO KEN","cityEn":"KOMORO SHI","townEn":"KUMANODO"},"3840025":{"prefectureJa":"長野県","cityJa":"小諸市","townJa":"相生町","prefectureEn":"NAGANO KEN","cityEn":"KOMORO SHI","townEn":"AIOICHO"},"3840026":{"prefectureJa":"長野県","cityJa":"小諸市","townJa":"本町","prefectureEn":"NAGANO KEN","cityEn":"KOMORO SHI","townEn":"HOMMACHI"},"3840027":{"prefectureJa":"長野県","cityJa":"小諸市","townJa":"六供","prefectureEn":"NAGANO KEN","cityEn":"KOMORO SHI","townEn":"ROKKU"},"3840028":{"prefectureJa":"長野県","cityJa":"小諸市","townJa":"田町","prefectureEn":"NAGANO KEN","cityEn":"KOMORO SHI","townEn":"TAMACHI"},"3840031":{"prefectureJa":"長野県","cityJa":"小諸市","townJa":"大手","prefectureEn":"NAGANO KEN","cityEn":"KOMORO SHI","townEn":"OTE"},"3840032":{"prefectureJa":"長野県","cityJa":"小諸市","townJa":"古城","prefectureEn":"NAGANO KEN","cityEn":"KOMORO SHI","townEn":"KOJO"},"3840033":{"prefectureJa":"長野県","cityJa":"小諸市","townJa":"市町","prefectureEn":"NAGANO KEN","cityEn":"KOMORO SHI","townEn":"ICHIMACHI"},"3840034":{"prefectureJa":"長野県","cityJa":"小諸市","townJa":"新町","prefectureEn":"NAGANO KEN","cityEn":"KOMORO SHI","townEn":"SHIMMACHI"},"3840035":{"prefectureJa":"長野県","cityJa":"小諸市","townJa":"両神","prefectureEn":"NAGANO KEN","cityEn":"KOMORO SHI","townEn":"RYOJIN"},"3840036":{"prefectureJa":"長野県","cityJa":"小諸市","townJa":"富士見平","prefectureEn":"NAGANO KEN","cityEn":"KOMORO SHI","townEn":"FUJIMIDAIRA"},"3840037":{"prefectureJa":"長野県","cityJa":"小諸市","townJa":"押出","prefectureEn":"NAGANO KEN","cityEn":"KOMORO SHI","townEn":"OSHIDASHI"},"3840038":{"prefectureJa":"長野県","cityJa":"小諸市","townJa":"栃木","prefectureEn":"NAGANO KEN","cityEn":"KOMORO SHI","townEn":"TOCHIGI"},"3840041":{"prefectureJa":"長野県","cityJa":"小諸市","townJa":"菱平","prefectureEn":"NAGANO KEN","cityEn":"KOMORO SHI","townEn":"HISHIDAIRA"},"3840042":{"prefectureJa":"長野県","cityJa":"小諸市","townJa":"後平","prefectureEn":"NAGANO KEN","cityEn":"KOMORO SHI","townEn":"USHIRODAIRA"},"3840043":{"prefectureJa":"長野県","cityJa":"小諸市","townJa":"諸","prefectureEn":"NAGANO KEN","cityEn":"KOMORO SHI","townEn":"MORO"},"3840044":{"prefectureJa":"長野県","cityJa":"小諸市","townJa":"西原","prefectureEn":"NAGANO KEN","cityEn":"KOMORO SHI","townEn":"NISHIBARA"},"3840045":{"prefectureJa":"長野県","cityJa":"小諸市","townJa":"滝原","prefectureEn":"NAGANO KEN","cityEn":"KOMORO SHI","townEn":"TAKIBARA"},"3840046":{"prefectureJa":"長野県","cityJa":"小諸市","townJa":"芝生田","prefectureEn":"NAGANO KEN","cityEn":"KOMORO SHI","townEn":"SHIBOTA"},"3840047":{"prefectureJa":"長野県","cityJa":"小諸市","townJa":"井子","prefectureEn":"NAGANO KEN","cityEn":"KOMORO SHI","townEn":"IKO"},"3840048":{"prefectureJa":"長野県","cityJa":"小諸市","townJa":"糠地","prefectureEn":"NAGANO KEN","cityEn":"KOMORO SHI","townEn":"NUKACHI"},"3840051":{"prefectureJa":"長野県","cityJa":"小諸市","townJa":"八満","prefectureEn":"NAGANO KEN","cityEn":"KOMORO SHI","townEn":"HACHIMAN"},"3840052":{"prefectureJa":"長野県","cityJa":"小諸市","townJa":"東区","prefectureEn":"NAGANO KEN","cityEn":"KOMORO SHI","townEn":"HIGASHIKU"},"3840053":{"prefectureJa":"長野県","cityJa":"小諸市","townJa":"藤塚","prefectureEn":"NAGANO KEN","cityEn":"KOMORO SHI","townEn":"FUJITSUKA"},"3840054":{"prefectureJa":"長野県","cityJa":"小諸市","townJa":"石峠","prefectureEn":"NAGANO KEN","cityEn":"KOMORO SHI","townEn":"ISHITOGE"},"3840055":{"prefectureJa":"長野県","cityJa":"小諸市","townJa":"柏木","prefectureEn":"NAGANO KEN","cityEn":"KOMORO SHI","townEn":"KASHIWAGI"},"3840056":{"prefectureJa":"長野県","cityJa":"小諸市","townJa":"四ツ谷","prefectureEn":"NAGANO KEN","cityEn":"KOMORO SHI","townEn":"YOTSUYA"},"3840061":{"prefectureJa":"長野県","cityJa":"小諸市","townJa":"加増","prefectureEn":"NAGANO KEN","cityEn":"KOMORO SHI","townEn":"KAMASU"},"3840062":{"prefectureJa":"長野県","cityJa":"小諸市","townJa":"荒堀","prefectureEn":"NAGANO KEN","cityEn":"KOMORO SHI","townEn":"ARAHORI"},"3840063":{"prefectureJa":"長野県","cityJa":"小諸市","townJa":"南ケ原","prefectureEn":"NAGANO KEN","cityEn":"KOMORO SHI","townEn":"MINAMIGAHARA"},"3840064":{"prefectureJa":"長野県","cityJa":"小諸市","townJa":"乗瀬","prefectureEn":"NAGANO KEN","cityEn":"KOMORO SHI","townEn":"NORISE"},"3840065":{"prefectureJa":"長野県","cityJa":"小諸市","townJa":"ひばりケ丘","prefectureEn":"NAGANO KEN","cityEn":"KOMORO SHI","townEn":"HIBARIGAOKA"},"3840071":{"prefectureJa":"長野県","cityJa":"小諸市","townJa":"大久保","prefectureEn":"NAGANO KEN","cityEn":"KOMORO SHI","townEn":"OKUBO"},"3840072":{"prefectureJa":"長野県","cityJa":"小諸市","townJa":"鴇久保","prefectureEn":"NAGANO KEN","cityEn":"KOMORO SHI","townEn":"TOKIKUBO"},"3840074":{"prefectureJa":"長野県","cityJa":"小諸市","townJa":"西浦","prefectureEn":"NAGANO KEN","cityEn":"KOMORO SHI","townEn":"NISHIURA"},"3840075":{"prefectureJa":"長野県","cityJa":"小諸市","townJa":"上ノ平","prefectureEn":"NAGANO KEN","cityEn":"KOMORO SHI","townEn":"UENODAIRA"},"3840076":{"prefectureJa":"長野県","cityJa":"小諸市","townJa":"久保","prefectureEn":"NAGANO KEN","cityEn":"KOMORO SHI","townEn":"KUBO"},"3840077":{"prefectureJa":"長野県","cityJa":"小諸市","townJa":"大杭","prefectureEn":"NAGANO KEN","cityEn":"KOMORO SHI","townEn":"OKUI"},"3840078":{"prefectureJa":"長野県","cityJa":"小諸市","townJa":"宮沢","prefectureEn":"NAGANO KEN","cityEn":"KOMORO SHI","townEn":"MIYAZAWA"},"3840081":{"prefectureJa":"長野県","cityJa":"小諸市","townJa":"御牧ケ原","prefectureEn":"NAGANO KEN","cityEn":"KOMORO SHI","townEn":"MIMAKIGAHARA"},"3840082":{"prefectureJa":"長野県","cityJa":"小諸市","townJa":"諏訪山","prefectureEn":"NAGANO KEN","cityEn":"KOMORO SHI","townEn":"SUWAYAMA"},"3840083":{"prefectureJa":"長野県","cityJa":"小諸市","townJa":"市","prefectureEn":"NAGANO KEN","cityEn":"KOMORO SHI","townEn":"ICHI"},"3840084":{"prefectureJa":"長野県","cityJa":"小諸市","townJa":"耳取","prefectureEn":"NAGANO KEN","cityEn":"KOMORO SHI","townEn":"MIMITORI"},"3840085":{"prefectureJa":"長野県","cityJa":"小諸市","townJa":"森山","prefectureEn":"NAGANO KEN","cityEn":"KOMORO SHI","townEn":"MORIYAMA"},"3840091":{"prefectureJa":"長野県","cityJa":"小諸市","townJa":"御影","prefectureEn":"NAGANO KEN","cityEn":"KOMORO SHI","townEn":"MIKAGE"},"3840092":{"prefectureJa":"長野県","cityJa":"小諸市","townJa":"平原","prefectureEn":"NAGANO KEN","cityEn":"KOMORO SHI","townEn":"HIRAHARA"},"3840093":{"prefectureJa":"長野県","cityJa":"小諸市","townJa":"和田","prefectureEn":"NAGANO KEN","cityEn":"KOMORO SHI","townEn":"WADA"},"3840094":{"prefectureJa":"長野県","cityJa":"小諸市","townJa":"一ツ谷","prefectureEn":"NAGANO KEN","cityEn":"KOMORO SHI","townEn":"HITOTSUYA"},"3840095":{"prefectureJa":"長野県","cityJa":"小諸市","townJa":"谷地原","prefectureEn":"NAGANO KEN","cityEn":"KOMORO SHI","townEn":"YACHIHARA"},"3840096":{"prefectureJa":"長野県","cityJa":"小諸市","townJa":"池ノ前","prefectureEn":"NAGANO KEN","cityEn":"KOMORO SHI","townEn":"IKENOMAE"},"3840097":{"prefectureJa":"群馬県","cityJa":"吾妻郡嬬恋村","townJa":"鎌原（高峰高原）","prefectureEn":"GUMMA KEN","cityEn":"AGATSUMA GUN TSUMAGOI MURA","townEn":"KAMBARA(TAKAMINEKOGEN)"},"3840301":{"prefectureJa":"長野県","cityJa":"佐久市","townJa":"臼田","prefectureEn":"NAGANO KEN","cityEn":"SAKU SHI","townEn":"USUDA"},"3840302":{"prefectureJa":"長野県","cityJa":"佐久市","townJa":"勝間","prefectureEn":"NAGANO KEN","cityEn":"SAKU SHI","townEn":"KATSUMA"},"3840303":{"prefectureJa":"長野県","cityJa":"佐久市","townJa":"下小田切","prefectureEn":"NAGANO KEN","cityEn":"SAKU SHI","townEn":"SHIMOTAGIRI"},"3840304":{"prefectureJa":"長野県","cityJa":"佐久市","townJa":"北川","prefectureEn":"NAGANO KEN","cityEn":"SAKU SHI","townEn":"KITAGAWA"},"3840305":{"prefectureJa":"長野県","cityJa":"佐久市","townJa":"中小田切","prefectureEn":"NAGANO KEN","cityEn":"SAKU SHI","townEn":"NAKAOTAGIRI"},"3840306":{"prefectureJa":"長野県","cityJa":"佐久市","townJa":"上小田切","prefectureEn":"NAGANO KEN","cityEn":"SAKU SHI","townEn":"KAMIOTAGIRI"},"3840307":{"prefectureJa":"長野県","cityJa":"佐久市","townJa":"湯原","prefectureEn":"NAGANO KEN","cityEn":"SAKU SHI","townEn":"YUHARA"},"3840411":{"prefectureJa":"長野県","cityJa":"佐久市","townJa":"清川","prefectureEn":"NAGANO KEN","cityEn":"SAKU SHI","townEn":"KIYOKAWA"},"3840412":{"prefectureJa":"長野県","cityJa":"佐久市","townJa":"田口","prefectureEn":"NAGANO KEN","cityEn":"SAKU SHI","townEn":"TAGUCHI"},"3840413":{"prefectureJa":"長野県","cityJa":"佐久市","townJa":"三分","prefectureEn":"NAGANO KEN","cityEn":"SAKU SHI","townEn":"MIBUN"},"3840414":{"prefectureJa":"長野県","cityJa":"佐久市","townJa":"下越","prefectureEn":"NAGANO KEN","cityEn":"SAKU SHI","townEn":"SHIMOGOE"},"3840501":{"prefectureJa":"長野県","cityJa":"南佐久郡佐久穂町","townJa":"余地","prefectureEn":"NAGANO KEN","cityEn":"MINAMISAKU GUN SAKUHO MACHI","townEn":"YOJI"},"3840502":{"prefectureJa":"長野県","cityJa":"南佐久郡佐久穂町","townJa":"大日向","prefectureEn":"NAGANO KEN","cityEn":"MINAMISAKU GUN SAKUHO MACHI","townEn":"OHINATA"},"3840503":{"prefectureJa":"長野県","cityJa":"南佐久郡佐久穂町","townJa":"海瀬","prefectureEn":"NAGANO KEN","cityEn":"MINAMISAKU GUN SAKUHO MACHI","townEn":"KAIZE"},"3840600":{"prefectureJa":"長野県","cityJa":"南佐久郡佐久穂町","townJa":"以下に掲載がない場合","prefectureEn":"NAGANO KEN","cityEn":"MINAMISAKU GUN SAKUHO MACHI","townEn":"IKANIKEISAIGANAIBAAI"},"3840611":{"prefectureJa":"長野県","cityJa":"南佐久郡佐久穂町","townJa":"平林","prefectureEn":"NAGANO KEN","cityEn":"MINAMISAKU GUN SAKUHO MACHI","townEn":"HIRABAYASHI"},"3840612":{"prefectureJa":"長野県","cityJa":"南佐久郡佐久穂町","townJa":"宿岩","prefectureEn":"NAGANO KEN","cityEn":"MINAMISAKU GUN SAKUHO MACHI","townEn":"YADOIWA"},"3840613":{"prefectureJa":"長野県","cityJa":"南佐久郡佐久穂町","townJa":"高野町","prefectureEn":"NAGANO KEN","cityEn":"MINAMISAKU GUN SAKUHO MACHI","townEn":"TAKANOMACHI"},"3840614":{"prefectureJa":"長野県","cityJa":"南佐久郡佐久穂町","townJa":"上","prefectureEn":"NAGANO KEN","cityEn":"MINAMISAKU GUN SAKUHO MACHI","townEn":"KAMI"},"3840621":{"prefectureJa":"長野県","cityJa":"佐久市","townJa":"入澤","prefectureEn":"NAGANO KEN","cityEn":"SAKU SHI","townEn":"IRISAWA"},"3840622":{"prefectureJa":"長野県","cityJa":"佐久市","townJa":"平林","prefectureEn":"NAGANO KEN","cityEn":"SAKU SHI","townEn":"HIRABAYASHI"},"3840701":{"prefectureJa":"長野県","cityJa":"南佐久郡佐久穂町","townJa":"畑","prefectureEn":"NAGANO KEN","cityEn":"MINAMISAKU GUN SAKUHO MACHI","townEn":"HATA"},"3840702":{"prefectureJa":"長野県","cityJa":"南佐久郡佐久穂町","townJa":"穂積","prefectureEn":"NAGANO KEN","cityEn":"MINAMISAKU GUN SAKUHO MACHI","townEn":"HOZUMI"},"3840703":{"prefectureJa":"長野県","cityJa":"南佐久郡佐久穂町","townJa":"千代里","prefectureEn":"NAGANO KEN","cityEn":"MINAMISAKU GUN SAKUHO MACHI","townEn":"CHIYOSATO"},"3840704":{"prefectureJa":"長野県","cityJa":"南佐久郡佐久穂町","townJa":"八郡","prefectureEn":"NAGANO KEN","cityEn":"MINAMISAKU GUN SAKUHO MACHI","townEn":"YAKORI"},"3840801":{"prefectureJa":"長野県","cityJa":"小諸市","townJa":"甲","prefectureEn":"NAGANO KEN","cityEn":"KOMORO SHI","townEn":"KO"},"3840802":{"prefectureJa":"長野県","cityJa":"小諸市","townJa":"乙","prefectureEn":"NAGANO KEN","cityEn":"KOMORO SHI","townEn":"OTSU"},"3840803":{"prefectureJa":"長野県","cityJa":"小諸市","townJa":"丙","prefectureEn":"NAGANO KEN","cityEn":"KOMORO SHI","townEn":"HEI"},"3840804":{"prefectureJa":"長野県","cityJa":"小諸市","townJa":"丁","prefectureEn":"NAGANO KEN","cityEn":"KOMORO SHI","townEn":"TEI"},"3840805":{"prefectureJa":"長野県","cityJa":"小諸市","townJa":"己","prefectureEn":"NAGANO KEN","cityEn":"KOMORO SHI","townEn":"KI"},"3840806":{"prefectureJa":"長野県","cityJa":"小諸市","townJa":"塩野","prefectureEn":"NAGANO KEN","cityEn":"KOMORO SHI","townEn":"SHIONO"},"3840807":{"prefectureJa":"長野県","cityJa":"小諸市","townJa":"山浦","prefectureEn":"NAGANO KEN","cityEn":"KOMORO SHI","townEn":"YAMAURA"},"3840808":{"prefectureJa":"長野県","cityJa":"小諸市","townJa":"御影新田","prefectureEn":"NAGANO KEN","cityEn":"KOMORO SHI","townEn":"MIKAGESHINDEN"},"3840809":{"prefectureJa":"長野県","cityJa":"小諸市","townJa":"滋野甲","prefectureEn":"NAGANO KEN","cityEn":"KOMORO SHI","townEn":"SHIGENOKO"},"3841100":{"prefectureJa":"長野県","cityJa":"南佐久郡小海町","townJa":"以下に掲載がない場合","prefectureEn":"NAGANO KEN","cityEn":"MINAMISAKU GUN KOMI MACHI","townEn":"IKANIKEISAIGANAIBAAI"},"3841101":{"prefectureJa":"長野県","cityJa":"南佐久郡小海町","townJa":"東馬流","prefectureEn":"NAGANO KEN","cityEn":"MINAMISAKU GUN KOMI MACHI","townEn":"HIGASHIMANAGASHI"},"3841102":{"prefectureJa":"長野県","cityJa":"南佐久郡小海町","townJa":"小海","prefectureEn":"NAGANO KEN","cityEn":"MINAMISAKU GUN KOMI MACHI","townEn":"KOMI"},"3841103":{"prefectureJa":"長野県","cityJa":"南佐久郡小海町","townJa":"豊里","prefectureEn":"NAGANO KEN","cityEn":"MINAMISAKU GUN KOMI MACHI","townEn":"TOYOSATO"},"3841104":{"prefectureJa":"長野県","cityJa":"南佐久郡小海町","townJa":"稲子","prefectureEn":"NAGANO KEN","cityEn":"MINAMISAKU GUN KOMI MACHI","townEn":"INAKO"},"3841105":{"prefectureJa":"長野県","cityJa":"南佐久郡小海町","townJa":"千代里","prefectureEn":"NAGANO KEN","cityEn":"MINAMISAKU GUN KOMI MACHI","townEn":"CHIYOSATO"},"3841201":{"prefectureJa":"長野県","cityJa":"南佐久郡北相木村","townJa":"北相木村一円","prefectureEn":"NAGANO KEN","cityEn":"MINAMISAKU GUN KITAAIKI MURA","townEn":"KITAAIKIMURAICHIEN"},"3841211":{"prefectureJa":"長野県","cityJa":"南佐久郡南相木村","townJa":"南相木村一円","prefectureEn":"NAGANO KEN","cityEn":"MINAMISAKU GUN MINAMIAIKI MURA","townEn":"MINAMIAIKIMURAICHIEN"},"3841300":{"prefectureJa":"長野県","cityJa":"南佐久郡南牧村","townJa":"以下に掲載がない場合","prefectureEn":"NAGANO KEN","cityEn":"MINAMISAKU GUN MINAMIMAKI MURA","townEn":"IKANIKEISAIGANAIBAAI"},"3841301":{"prefectureJa":"長野県","cityJa":"南佐久郡南牧村","townJa":"海尻","prefectureEn":"NAGANO KEN","cityEn":"MINAMISAKU GUN MINAMIMAKI MURA","townEn":"UMIJIRI"},"3841302":{"prefectureJa":"長野県","cityJa":"南佐久郡南牧村","townJa":"海ノ口","prefectureEn":"NAGANO KEN","cityEn":"MINAMISAKU GUN MINAMIMAKI MURA","townEn":"UMINOKUCHI"},"3841303":{"prefectureJa":"長野県","cityJa":"南佐久郡南牧村","townJa":"広瀬","prefectureEn":"NAGANO KEN","cityEn":"MINAMISAKU GUN MINAMIMAKI MURA","townEn":"HIROSE"},"3841304":{"prefectureJa":"長野県","cityJa":"南佐久郡南牧村","townJa":"板橋","prefectureEn":"NAGANO KEN","cityEn":"MINAMISAKU GUN MINAMIMAKI MURA","townEn":"ITABASHI"},"3841305":{"prefectureJa":"長野県","cityJa":"南佐久郡南牧村","townJa":"野辺山","prefectureEn":"NAGANO KEN","cityEn":"MINAMISAKU GUN MINAMIMAKI MURA","townEn":"NOBEYAMA"},"3841306":{"prefectureJa":"長野県","cityJa":"南佐久郡南牧村","townJa":"平沢","prefectureEn":"NAGANO KEN","cityEn":"MINAMISAKU GUN MINAMIMAKI MURA","townEn":"HIRASAWA"},"3841400":{"prefectureJa":"長野県","cityJa":"南佐久郡川上村","townJa":"以下に掲載がない場合","prefectureEn":"NAGANO KEN","cityEn":"MINAMISAKU GUN KAWAKAMI MURA","townEn":"IKANIKEISAIGANAIBAAI"},"3841401":{"prefectureJa":"長野県","cityJa":"南佐久郡川上村","townJa":"川端下","prefectureEn":"NAGANO KEN","cityEn":"MINAMISAKU GUN KAWAKAMI MURA","townEn":"KAWAHAKE"},"3841402":{"prefectureJa":"長野県","cityJa":"南佐久郡川上村","townJa":"梓山","prefectureEn":"NAGANO KEN","cityEn":"MINAMISAKU GUN KAWAKAMI MURA","townEn":"AZUSAYAMA"},"3841403":{"prefectureJa":"長野県","cityJa":"南佐久郡川上村","townJa":"秋山","prefectureEn":"NAGANO KEN","cityEn":"MINAMISAKU GUN KAWAKAMI MURA","townEn":"AKIYAMA"},"3841404":{"prefectureJa":"長野県","cityJa":"南佐久郡川上村","townJa":"居倉","prefectureEn":"NAGANO KEN","cityEn":"MINAMISAKU GUN KAWAKAMI MURA","townEn":"IGURA"},"3841405":{"prefectureJa":"長野県","cityJa":"南佐久郡川上村","townJa":"大深山","prefectureEn":"NAGANO KEN","cityEn":"MINAMISAKU GUN KAWAKAMI MURA","townEn":"OMIYAMA"},"3841406":{"prefectureJa":"長野県","cityJa":"南佐久郡川上村","townJa":"原","prefectureEn":"NAGANO KEN","cityEn":"MINAMISAKU GUN KAWAKAMI MURA","townEn":"HARA"},"3841407":{"prefectureJa":"長野県","cityJa":"南佐久郡川上村","townJa":"御所平","prefectureEn":"NAGANO KEN","cityEn":"MINAMISAKU GUN KAWAKAMI MURA","townEn":"GOSHODAIRA"},"3841408":{"prefectureJa":"長野県","cityJa":"南佐久郡川上村","townJa":"樋沢","prefectureEn":"NAGANO KEN","cityEn":"MINAMISAKU GUN KAWAKAMI MURA","townEn":"HISAWA"},"3842101":{"prefectureJa":"長野県","cityJa":"佐久市","townJa":"桑山","prefectureEn":"NAGANO KEN","cityEn":"SAKU SHI","townEn":"KUWAYAMA"},"3842102":{"prefectureJa":"長野県","cityJa":"佐久市","townJa":"塩名田","prefectureEn":"NAGANO KEN","cityEn":"SAKU SHI","townEn":"SHIONADA"},"3842103":{"prefectureJa":"長野県","cityJa":"佐久市","townJa":"御馬寄","prefectureEn":"NAGANO KEN","cityEn":"SAKU SHI","townEn":"MIMAYOSE"},"3842104":{"prefectureJa":"長野県","cityJa":"佐久市","townJa":"甲","prefectureEn":"NAGANO KEN","cityEn":"SAKU SHI","townEn":"KO"},"3842105":{"prefectureJa":"長野県","cityJa":"佐久市","townJa":"矢嶋","prefectureEn":"NAGANO KEN","cityEn":"SAKU SHI","townEn":"YASHIMA"},"3842106":{"prefectureJa":"長野県","cityJa":"佐久市","townJa":"八幡","prefectureEn":"NAGANO KEN","cityEn":"SAKU SHI","townEn":"YAWATA"},"3842107":{"prefectureJa":"長野県","cityJa":"佐久市","townJa":"蓬田","prefectureEn":"NAGANO KEN","cityEn":"SAKU SHI","townEn":"YOMOGIDA"},"3842201":{"prefectureJa":"長野県","cityJa":"佐久市","townJa":"印内","prefectureEn":"NAGANO KEN","cityEn":"SAKU SHI","townEn":"INNAI"},"3842202":{"prefectureJa":"長野県","cityJa":"佐久市","townJa":"望月","prefectureEn":"NAGANO KEN","cityEn":"SAKU SHI","townEn":"MOCHIZUKI"},"3842203":{"prefectureJa":"長野県","cityJa":"佐久市","townJa":"布施","prefectureEn":"NAGANO KEN","cityEn":"SAKU SHI","townEn":"FUSE"},"3842204":{"prefectureJa":"長野県","cityJa":"佐久市","townJa":"協和","prefectureEn":"NAGANO KEN","cityEn":"SAKU SHI","townEn":"KYOWA"},"3842205":{"prefectureJa":"長野県","cityJa":"佐久市","townJa":"春日","prefectureEn":"NAGANO KEN","cityEn":"SAKU SHI","townEn":"KASUGA"},"3842206":{"prefectureJa":"長野県","cityJa":"佐久市","townJa":"茂田井","prefectureEn":"NAGANO KEN","cityEn":"SAKU SHI","townEn":"MOTAI"},"3842211":{"prefectureJa":"長野県","cityJa":"北佐久郡立科町","townJa":"茂田井（その他）","prefectureEn":"NAGANO KEN","cityEn":"KITASAKU GUN TATESHINA MACHI","townEn":"MOTAI(SONOTA)"},"3842300":{"prefectureJa":"長野県","cityJa":"北佐久郡立科町","townJa":"以下に掲載がない場合","prefectureEn":"NAGANO KEN","cityEn":"KITASAKU GUN TATESHINA MACHI","townEn":"IKANIKEISAIGANAIBAAI"},"3842301":{"prefectureJa":"長野県","cityJa":"北佐久郡立科町","townJa":"桐原","prefectureEn":"NAGANO KEN","cityEn":"KITASAKU GUN TATESHINA MACHI","townEn":"KIRIHARA"},"3842302":{"prefectureJa":"長野県","cityJa":"北佐久郡立科町","townJa":"藤沢","prefectureEn":"NAGANO KEN","cityEn":"KITASAKU GUN TATESHINA MACHI","townEn":"FUJISAWA"},"3842303":{"prefectureJa":"長野県","cityJa":"北佐久郡立科町","townJa":"塩沢","prefectureEn":"NAGANO KEN","cityEn":"KITASAKU GUN TATESHINA MACHI","townEn":"SHIOSAWA"},"3842304":{"prefectureJa":"長野県","cityJa":"北佐久郡立科町","townJa":"茂田井（１～５００「２１１番地を除く」「古町」、２５２７～２５２９「土遠」）","prefectureEn":"NAGANO KEN","cityEn":"KITASAKU GUN TATESHINA MACHI","townEn":"MOTAI(1-500<211-BANCHIONOZOKU><FURU"},"3842305":{"prefectureJa":"長野県","cityJa":"北佐久郡立科町","townJa":"芦田","prefectureEn":"NAGANO KEN","cityEn":"KITASAKU GUN TATESHINA MACHI","townEn":"ASHIDA"},"3842306":{"prefectureJa":"長野県","cityJa":"北佐久郡立科町","townJa":"宇山","prefectureEn":"NAGANO KEN","cityEn":"KITASAKU GUN TATESHINA MACHI","townEn":"UYAMA"},"3842307":{"prefectureJa":"長野県","cityJa":"北佐久郡立科町","townJa":"山部","prefectureEn":"NAGANO KEN","cityEn":"KITASAKU GUN TATESHINA MACHI","townEn":"YAMABE"},"3842308":{"prefectureJa":"長野県","cityJa":"北佐久郡立科町","townJa":"牛鹿","prefectureEn":"NAGANO KEN","cityEn":"KITASAKU GUN TATESHINA MACHI","townEn":"USHIROKU"},"3842309":{"prefectureJa":"長野県","cityJa":"北佐久郡立科町","townJa":"芦田八ケ野（その他）","prefectureEn":"NAGANO KEN","cityEn":"KITASAKU GUN TATESHINA MACHI","townEn":"ASHIDAHATSUKANO(SONOTA)"}}