{"7670000":{"prefectureJa":"香川県","cityJa":"三豊市","townJa":"以下に掲載がない場合","prefectureEn":"KAGAWA KEN","cityEn":"MITOYO SHI","townEn":"IKANIKEISAIGANAIBAAI"},"7670001":{"prefectureJa":"香川県","cityJa":"三豊市","townJa":"高瀬町上高瀬","prefectureEn":"KAGAWA KEN","cityEn":"MITOYO SHI","townEn":"TAKASECHO KAMITAKASE"},"7670002":{"prefectureJa":"香川県","cityJa":"三豊市","townJa":"高瀬町新名","prefectureEn":"KAGAWA KEN","cityEn":"MITOYO SHI","townEn":"TAKASECHO SHIMMYO"},"7670003":{"prefectureJa":"香川県","cityJa":"三豊市","townJa":"高瀬町比地中","prefectureEn":"KAGAWA KEN","cityEn":"MITOYO SHI","townEn":"TAKASECHO HIJINAKA"},"7670004":{"prefectureJa":"香川県","cityJa":"三豊市","townJa":"高瀬町比地","prefectureEn":"KAGAWA KEN","cityEn":"MITOYO SHI","townEn":"TAKASECHO HIJI"},"7670011":{"prefectureJa":"香川県","cityJa":"三豊市","townJa":"高瀬町下勝間","prefectureEn":"KAGAWA KEN","cityEn":"MITOYO SHI","townEn":"TAKASECHO SHIMOKATSUMA"},"7670012":{"prefectureJa":"香川県","cityJa":"三豊市","townJa":"高瀬町上勝間","prefectureEn":"KAGAWA KEN","cityEn":"MITOYO SHI","townEn":"TAKASECHO KAMIKATSUMA"},"7670013":{"prefectureJa":"香川県","cityJa":"三豊市","townJa":"高瀬町下麻","prefectureEn":"KAGAWA KEN","cityEn":"MITOYO SHI","townEn":"TAKASECHO SHIMOASA"},"7670014":{"prefectureJa":"香川県","cityJa":"三豊市","townJa":"高瀬町上麻","prefectureEn":"KAGAWA KEN","cityEn":"MITOYO SHI","townEn":"TAKASECHO KAMIASA"},"7670021":{"prefectureJa":"香川県","cityJa":"三豊市","townJa":"高瀬町佐股","prefectureEn":"KAGAWA KEN","cityEn":"MITOYO SHI","townEn":"TAKASECHO SAMATA"},"7670022":{"prefectureJa":"香川県","cityJa":"三豊市","townJa":"高瀬町羽方","prefectureEn":"KAGAWA KEN","cityEn":"MITOYO SHI","townEn":"TAKASECHO HAGATA"},"7670031":{"prefectureJa":"香川県","cityJa":"三豊市","townJa":"三野町大見","prefectureEn":"KAGAWA KEN","cityEn":"MITOYO SHI","townEn":"MINOCHO OMI"},"7670032":{"prefectureJa":"香川県","cityJa":"三豊市","townJa":"三野町下高瀬","prefectureEn":"KAGAWA KEN","cityEn":"MITOYO SHI","townEn":"MINOCHO SHIMOTAKASE"},"7670033":{"prefectureJa":"香川県","cityJa":"三豊市","townJa":"三野町吉津","prefectureEn":"KAGAWA KEN","cityEn":"MITOYO SHI","townEn":"MINOCHO YOSHIZU"}}