{"3050000":{"prefectureJa":"茨城県","cityJa":"つくば市","townJa":"以下に掲載がない場合","prefectureEn":"IBARAKI KEN","cityEn":"TSUKUBA SHI","townEn":"IKANIKEISAIGANAIBAAI"},"3050001":{"prefectureJa":"茨城県","cityJa":"つくば市","townJa":"栗原","prefectureEn":"IBARAKI KEN","cityEn":"TSUKUBA SHI","townEn":"KURIHARA"},"3050002":{"prefectureJa":"茨城県","cityJa":"つくば市","townJa":"上野","prefectureEn":"IBARAKI KEN","cityEn":"TSUKUBA SHI","townEn":"UENO"},"3050003":{"prefectureJa":"茨城県","cityJa":"つくば市","townJa":"桜","prefectureEn":"IBARAKI KEN","cityEn":"TSUKUBA SHI","townEn":"SAKURA"},"3050004":{"prefectureJa":"茨城県","cityJa":"つくば市","townJa":"柴崎","prefectureEn":"IBARAKI KEN","cityEn":"TSUKUBA SHI","townEn":"SHIBASAKI"},"3050005":{"prefectureJa":"茨城県","cityJa":"つくば市","townJa":"天久保","prefectureEn":"IBARAKI KEN","cityEn":"TSUKUBA SHI","townEn":"AMAKUBO"},"3050006":{"prefectureJa":"茨城県","cityJa":"つくば市","townJa":"天王台","prefectureEn":"IBARAKI KEN","cityEn":"TSUKUBA SHI","townEn":"TENNODAI"},"3050007":{"prefectureJa":"茨城県","cityJa":"つくば市","townJa":"春風台","prefectureEn":"IBARAKI KEN","cityEn":"TSUKUBA SHI","townEn":"HARUKAZEDAI"},"3050008":{"prefectureJa":"茨城県","cityJa":"つくば市","townJa":"流星台","prefectureEn":"IBARAKI KEN","cityEn":"TSUKUBA SHI","townEn":"RYUSEIDAI"},"3050011":{"prefectureJa":"茨城県","cityJa":"つくば市","townJa":"上境","prefectureEn":"IBARAKI KEN","cityEn":"TSUKUBA SHI","townEn":"KAMIZAKAI"},"3050012":{"prefectureJa":"茨城県","cityJa":"つくば市","townJa":"中根","prefectureEn":"IBARAKI KEN","cityEn":"TSUKUBA SHI","townEn":"NAKANE"},"3050013":{"prefectureJa":"茨城県","cityJa":"つくば市","townJa":"栄","prefectureEn":"IBARAKI KEN","cityEn":"TSUKUBA SHI","townEn":"SAKAE"},"3050014":{"prefectureJa":"茨城県","cityJa":"つくば市","townJa":"松栄","prefectureEn":"IBARAKI KEN","cityEn":"TSUKUBA SHI","townEn":"SHOEI"},"3050015":{"prefectureJa":"茨城県","cityJa":"つくば市","townJa":"松塚","prefectureEn":"IBARAKI KEN","cityEn":"TSUKUBA SHI","townEn":"MATSUZUKA"},"3050016":{"prefectureJa":"茨城県","cityJa":"つくば市","townJa":"大","prefectureEn":"IBARAKI KEN","cityEn":"TSUKUBA SHI","townEn":"O"},"3050017":{"prefectureJa":"茨城県","cityJa":"つくば市","townJa":"横町","prefectureEn":"IBARAKI KEN","cityEn":"TSUKUBA SHI","townEn":"YOKOMACHI"},"3050018":{"prefectureJa":"茨城県","cityJa":"つくば市","townJa":"金田","prefectureEn":"IBARAKI KEN","cityEn":"TSUKUBA SHI","townEn":"KONDA"},"3050019":{"prefectureJa":"茨城県","cityJa":"つくば市","townJa":"さくらの森","prefectureEn":"IBARAKI KEN","cityEn":"TSUKUBA SHI","townEn":"SAKURANOMORI"},"3050021":{"prefectureJa":"茨城県","cityJa":"つくば市","townJa":"古来","prefectureEn":"IBARAKI KEN","cityEn":"TSUKUBA SHI","townEn":"FURUKU"},"3050022":{"prefectureJa":"茨城県","cityJa":"つくば市","townJa":"吉瀬","prefectureEn":"IBARAKI KEN","cityEn":"TSUKUBA SHI","townEn":"KISE"},"3050023":{"prefectureJa":"茨城県","cityJa":"つくば市","townJa":"上ノ室","prefectureEn":"IBARAKI KEN","cityEn":"TSUKUBA SHI","townEn":"UENOMURO"},"3050024":{"prefectureJa":"茨城県","cityJa":"つくば市","townJa":"倉掛","prefectureEn":"IBARAKI KEN","cityEn":"TSUKUBA SHI","townEn":"KURAKAKE"},"3050025":{"prefectureJa":"茨城県","cityJa":"つくば市","townJa":"花室","prefectureEn":"IBARAKI KEN","cityEn":"TSUKUBA SHI","townEn":"HANAMURO"},"3050026":{"prefectureJa":"茨城県","cityJa":"つくば市","townJa":"岡村新田","prefectureEn":"IBARAKI KEN","cityEn":"TSUKUBA SHI","townEn":"OKAMURASHINDEN"},"3050027":{"prefectureJa":"茨城県","cityJa":"つくば市","townJa":"東岡","prefectureEn":"IBARAKI KEN","cityEn":"TSUKUBA SHI","townEn":"HIGASHIOKA"},"3050028":{"prefectureJa":"茨城県","cityJa":"つくば市","townJa":"妻木","prefectureEn":"IBARAKI KEN","cityEn":"TSUKUBA SHI","townEn":"SAIKI"},"3050029":{"prefectureJa":"茨城県","cityJa":"つくば市","townJa":"花園","prefectureEn":"IBARAKI KEN","cityEn":"TSUKUBA SHI","townEn":"HANAZONO"},"3050031":{"prefectureJa":"茨城県","cityJa":"つくば市","townJa":"吾妻","prefectureEn":"IBARAKI KEN","cityEn":"TSUKUBA SHI","townEn":"AZUMA"},"3050032":{"prefectureJa":"茨城県","cityJa":"つくば市","townJa":"竹園","prefectureEn":"IBARAKI KEN","cityEn":"TSUKUBA SHI","townEn":"TAKEZONO"},"3050033":{"prefectureJa":"茨城県","cityJa":"つくば市","townJa":"東新井","prefectureEn":"IBARAKI KEN","cityEn":"TSUKUBA SHI","townEn":"HIGASHIARAI"},"3050034":{"prefectureJa":"茨城県","cityJa":"つくば市","townJa":"小野崎","prefectureEn":"IBARAKI KEN","cityEn":"TSUKUBA SHI","townEn":"ONOZAKI"},"3050035":{"prefectureJa":"茨城県","cityJa":"つくば市","townJa":"松代","prefectureEn":"IBARAKI KEN","cityEn":"TSUKUBA SHI","townEn":"MATSUSHIRO"},"3050036":{"prefectureJa":"茨城県","cityJa":"つくば市","townJa":"西郷","prefectureEn":"IBARAKI KEN","cityEn":"TSUKUBA SHI","townEn":"SAIGO"},"3050041":{"prefectureJa":"茨城県","cityJa":"つくば市","townJa":"上広岡","prefectureEn":"IBARAKI KEN","cityEn":"TSUKUBA SHI","townEn":"KAMIHIROKA"},"3050042":{"prefectureJa":"茨城県","cityJa":"つくば市","townJa":"下広岡","prefectureEn":"IBARAKI KEN","cityEn":"TSUKUBA SHI","townEn":"SHIMOHIROKA"},"3050043":{"prefectureJa":"茨城県","cityJa":"つくば市","townJa":"大角豆","prefectureEn":"IBARAKI KEN","cityEn":"TSUKUBA SHI","townEn":"SASAGI"},"3050044":{"prefectureJa":"茨城県","cityJa":"つくば市","townJa":"並木","prefectureEn":"IBARAKI KEN","cityEn":"TSUKUBA SHI","townEn":"NAMIKI"},"3050045":{"prefectureJa":"茨城県","cityJa":"つくば市","townJa":"梅園","prefectureEn":"IBARAKI KEN","cityEn":"TSUKUBA SHI","townEn":"UMEZONO"},"3050046":{"prefectureJa":"茨城県","cityJa":"つくば市","townJa":"東","prefectureEn":"IBARAKI KEN","cityEn":"TSUKUBA SHI","townEn":"HIGASHI"},"3050047":{"prefectureJa":"茨城県","cityJa":"つくば市","townJa":"千現","prefectureEn":"IBARAKI KEN","cityEn":"TSUKUBA SHI","townEn":"SENGEN"},"3050051":{"prefectureJa":"茨城県","cityJa":"つくば市","townJa":"二の宮","prefectureEn":"IBARAKI KEN","cityEn":"TSUKUBA SHI","townEn":"NINOMIYA"},"3050052":{"prefectureJa":"茨城県","cityJa":"つくば市","townJa":"長峰","prefectureEn":"IBARAKI KEN","cityEn":"TSUKUBA SHI","townEn":"NAGAMINE"},"3050053":{"prefectureJa":"茨城県","cityJa":"つくば市","townJa":"小野川","prefectureEn":"IBARAKI KEN","cityEn":"TSUKUBA SHI","townEn":"ONOGAWA"},"3050054":{"prefectureJa":"茨城県","cityJa":"つくば市","townJa":"西大沼","prefectureEn":"IBARAKI KEN","cityEn":"TSUKUBA SHI","townEn":"NISHIONUMA"},"3050055":{"prefectureJa":"茨城県","cityJa":"つくば市","townJa":"上原","prefectureEn":"IBARAKI KEN","cityEn":"TSUKUBA SHI","townEn":"KAMIHARA"},"3050056":{"prefectureJa":"茨城県","cityJa":"つくば市","townJa":"松野木","prefectureEn":"IBARAKI KEN","cityEn":"TSUKUBA SHI","townEn":"MATSUNOKI"},"3050061":{"prefectureJa":"茨城県","cityJa":"つくば市","townJa":"稲荷前","prefectureEn":"IBARAKI KEN","cityEn":"TSUKUBA SHI","townEn":"INARIMAE"},"3050062":{"prefectureJa":"茨城県","cityJa":"つくば市","townJa":"赤塚","prefectureEn":"IBARAKI KEN","cityEn":"TSUKUBA SHI","townEn":"AKATSUKA"},"3050063":{"prefectureJa":"茨城県","cityJa":"つくば市","townJa":"下原","prefectureEn":"IBARAKI KEN","cityEn":"TSUKUBA SHI","townEn":"SHIMOHARA"},"3050064":{"prefectureJa":"茨城県","cityJa":"つくば市","townJa":"梶内","prefectureEn":"IBARAKI KEN","cityEn":"TSUKUBA SHI","townEn":"KAJIUCHI"},"3050065":{"prefectureJa":"茨城県","cityJa":"つくば市","townJa":"南中妻","prefectureEn":"IBARAKI KEN","cityEn":"TSUKUBA SHI","townEn":"MINAMINAKAZUMA"},"3050066":{"prefectureJa":"茨城県","cityJa":"つくば市","townJa":"北中妻","prefectureEn":"IBARAKI KEN","cityEn":"TSUKUBA SHI","townEn":"KITANAKAZUMA"},"3050067":{"prefectureJa":"茨城県","cityJa":"つくば市","townJa":"館野","prefectureEn":"IBARAKI KEN","cityEn":"TSUKUBA SHI","townEn":"TATENO"},"3050068":{"prefectureJa":"茨城県","cityJa":"つくば市","townJa":"中内","prefectureEn":"IBARAKI KEN","cityEn":"TSUKUBA SHI","townEn":"NAKAUCHI"},"3050071":{"prefectureJa":"茨城県","cityJa":"つくば市","townJa":"稲岡","prefectureEn":"IBARAKI KEN","cityEn":"TSUKUBA SHI","townEn":"INAOKA"},"3050072":{"prefectureJa":"茨城県","cityJa":"つくば市","townJa":"北中島","prefectureEn":"IBARAKI KEN","cityEn":"TSUKUBA SHI","townEn":"KITANAKAJIMA"},"3050073":{"prefectureJa":"茨城県","cityJa":"つくば市","townJa":"市之台","prefectureEn":"IBARAKI KEN","cityEn":"TSUKUBA SHI","townEn":"ICHINODAI"},"3050074":{"prefectureJa":"茨城県","cityJa":"つくば市","townJa":"高野台","prefectureEn":"IBARAKI KEN","cityEn":"TSUKUBA SHI","townEn":"KOYADAI"},"3050075":{"prefectureJa":"茨城県","cityJa":"つくば市","townJa":"下横場","prefectureEn":"IBARAKI KEN","cityEn":"TSUKUBA SHI","townEn":"SHIMOYOKOBA"},"3050076":{"prefectureJa":"茨城県","cityJa":"つくば市","townJa":"新牧田","prefectureEn":"IBARAKI KEN","cityEn":"TSUKUBA SHI","townEn":"ARAMAKIDA"},"3050077":{"prefectureJa":"茨城県","cityJa":"つくば市","townJa":"鷹野原","prefectureEn":"IBARAKI KEN","cityEn":"TSUKUBA SHI","townEn":"TAKANOHARA"},"3050801":{"prefectureJa":"茨城県","cityJa":"つくば市","townJa":"大穂（１－１）","prefectureEn":"IBARAKI KEN","cityEn":"TSUKUBA SHI","townEn":"OHO(1-1)"},"3050802":{"prefectureJa":"茨城県","cityJa":"つくば市","townJa":"立原（１、２、３）","prefectureEn":"IBARAKI KEN","cityEn":"TSUKUBA SHI","townEn":"TACHIHARA(1.2.3)"},"3050803":{"prefectureJa":"茨城県","cityJa":"つくば市","townJa":"南原（２）","prefectureEn":"IBARAKI KEN","cityEn":"TSUKUBA SHI","townEn":"MINAMIHARA(2)"},"3050804":{"prefectureJa":"茨城県","cityJa":"つくば市","townJa":"旭（１）","prefectureEn":"IBARAKI KEN","cityEn":"TSUKUBA SHI","townEn":"ASAHI(1)"},"3050805":{"prefectureJa":"茨城県","cityJa":"つくば市","townJa":"花畑（１－７－１）","prefectureEn":"IBARAKI KEN","cityEn":"TSUKUBA SHI","townEn":"HANABATAKE(1-7-1)"},"3050811":{"prefectureJa":"茨城県","cityJa":"つくば市","townJa":"北郷","prefectureEn":"IBARAKI KEN","cityEn":"TSUKUBA SHI","townEn":"KITASATO"},"3050812":{"prefectureJa":"茨城県","cityJa":"つくば市","townJa":"東平塚","prefectureEn":"IBARAKI KEN","cityEn":"TSUKUBA SHI","townEn":"HIGASHIHIRATSUKA"},"3050813":{"prefectureJa":"茨城県","cityJa":"つくば市","townJa":"下平塚","prefectureEn":"IBARAKI KEN","cityEn":"TSUKUBA SHI","townEn":"SHIMOHIRATSUKA"},"3050814":{"prefectureJa":"茨城県","cityJa":"つくば市","townJa":"西平塚","prefectureEn":"IBARAKI KEN","cityEn":"TSUKUBA SHI","townEn":"NISHIHIRATSUKA"},"3050815":{"prefectureJa":"茨城県","cityJa":"つくば市","townJa":"西原","prefectureEn":"IBARAKI KEN","cityEn":"TSUKUBA SHI","townEn":"NISHIHARA"},"3050816":{"prefectureJa":"茨城県","cityJa":"つくば市","townJa":"学園の森","prefectureEn":"IBARAKI KEN","cityEn":"TSUKUBA SHI","townEn":"GAKUENNOMORI"},"3050817":{"prefectureJa":"茨城県","cityJa":"つくば市","townJa":"研究学園","prefectureEn":"IBARAKI KEN","cityEn":"TSUKUBA SHI","townEn":"KENKYUGAKUEN"},"3050818":{"prefectureJa":"茨城県","cityJa":"つくば市","townJa":"学園南","prefectureEn":"IBARAKI KEN","cityEn":"TSUKUBA SHI","townEn":"GAKUEMMINAMI"},"3050821":{"prefectureJa":"茨城県","cityJa":"つくば市","townJa":"春日","prefectureEn":"IBARAKI KEN","cityEn":"TSUKUBA SHI","townEn":"KASUGA"},"3050822":{"prefectureJa":"茨城県","cityJa":"つくば市","townJa":"苅間","prefectureEn":"IBARAKI KEN","cityEn":"TSUKUBA SHI","townEn":"KARIMA"},"3050823":{"prefectureJa":"茨城県","cityJa":"つくば市","townJa":"原","prefectureEn":"IBARAKI KEN","cityEn":"TSUKUBA SHI","townEn":"HARA"},"3050824":{"prefectureJa":"茨城県","cityJa":"つくば市","townJa":"葛城根崎","prefectureEn":"IBARAKI KEN","cityEn":"TSUKUBA SHI","townEn":"KATSURAGINESAKI"},"3050831":{"prefectureJa":"茨城県","cityJa":"つくば市","townJa":"西大橋","prefectureEn":"IBARAKI KEN","cityEn":"TSUKUBA SHI","townEn":"NISHIOHASHI"},"3050832":{"prefectureJa":"茨城県","cityJa":"つくば市","townJa":"西岡","prefectureEn":"IBARAKI KEN","cityEn":"TSUKUBA SHI","townEn":"NISHIOKA"},"3050833":{"prefectureJa":"茨城県","cityJa":"つくば市","townJa":"島","prefectureEn":"IBARAKI KEN","cityEn":"TSUKUBA SHI","townEn":"SHIMA"},"3050834":{"prefectureJa":"茨城県","cityJa":"つくば市","townJa":"手代木","prefectureEn":"IBARAKI KEN","cityEn":"TSUKUBA SHI","townEn":"TESHIROGI"},"3050835":{"prefectureJa":"茨城県","cityJa":"つくば市","townJa":"新井","prefectureEn":"IBARAKI KEN","cityEn":"TSUKUBA SHI","townEn":"ARAI"},"3050836":{"prefectureJa":"茨城県","cityJa":"つくば市","townJa":"山中","prefectureEn":"IBARAKI KEN","cityEn":"TSUKUBA SHI","townEn":"YAMANAKA"},"3050841":{"prefectureJa":"茨城県","cityJa":"つくば市","townJa":"御幸が丘","prefectureEn":"IBARAKI KEN","cityEn":"TSUKUBA SHI","townEn":"MIYUKIGAOKA"},"3050842":{"prefectureJa":"茨城県","cityJa":"つくば市","townJa":"柳橋","prefectureEn":"IBARAKI KEN","cityEn":"TSUKUBA SHI","townEn":"YAGIHASHI"},"3050843":{"prefectureJa":"茨城県","cityJa":"つくば市","townJa":"八幡台","prefectureEn":"IBARAKI KEN","cityEn":"TSUKUBA SHI","townEn":"HACHIMANDAI"},"3050844":{"prefectureJa":"茨城県","cityJa":"つくば市","townJa":"小白硲","prefectureEn":"IBARAKI KEN","cityEn":"TSUKUBA SHI","townEn":"KOJIRAHAZAMA"},"3050845":{"prefectureJa":"茨城県","cityJa":"つくば市","townJa":"大白硲","prefectureEn":"IBARAKI KEN","cityEn":"TSUKUBA SHI","townEn":"OJIRAHAZAMA"},"3050846":{"prefectureJa":"茨城県","cityJa":"つくば市","townJa":"平","prefectureEn":"IBARAKI KEN","cityEn":"TSUKUBA SHI","townEn":"TAIRA"},"3050847":{"prefectureJa":"茨城県","cityJa":"つくば市","townJa":"陣場","prefectureEn":"IBARAKI KEN","cityEn":"TSUKUBA SHI","townEn":"JIMBA"},"3050851":{"prefectureJa":"茨城県","cityJa":"つくば市","townJa":"大わし","prefectureEn":"IBARAKI KEN","cityEn":"TSUKUBA SHI","townEn":"OWASHI"},"3050852":{"prefectureJa":"茨城県","cityJa":"つくば市","townJa":"藤本","prefectureEn":"IBARAKI KEN","cityEn":"TSUKUBA SHI","townEn":"FUJIMOTO"},"3050853":{"prefectureJa":"茨城県","cityJa":"つくば市","townJa":"榎戸","prefectureEn":"IBARAKI KEN","cityEn":"TSUKUBA SHI","townEn":"ENOKIDO"},"3050854":{"prefectureJa":"茨城県","cityJa":"つくば市","townJa":"上横場","prefectureEn":"IBARAKI KEN","cityEn":"TSUKUBA SHI","townEn":"KAMIYOKOBA"},"3050855":{"prefectureJa":"茨城県","cityJa":"つくば市","townJa":"今泉","prefectureEn":"IBARAKI KEN","cityEn":"TSUKUBA SHI","townEn":"IMAIZUMI"},"3050856":{"prefectureJa":"茨城県","cityJa":"つくば市","townJa":"観音台","prefectureEn":"IBARAKI KEN","cityEn":"TSUKUBA SHI","townEn":"KANNONDAI"},"3050857":{"prefectureJa":"茨城県","cityJa":"つくば市","townJa":"羽成","prefectureEn":"IBARAKI KEN","cityEn":"TSUKUBA SHI","townEn":"HANARE"},"3050861":{"prefectureJa":"茨城県","cityJa":"つくば市","townJa":"谷田部","prefectureEn":"IBARAKI KEN","cityEn":"TSUKUBA SHI","townEn":"YATABE"},"3050862":{"prefectureJa":"茨城県","cityJa":"つくば市","townJa":"東丸山","prefectureEn":"IBARAKI KEN","cityEn":"TSUKUBA SHI","townEn":"HIGASHIMARUYAMA"},"3050863":{"prefectureJa":"茨城県","cityJa":"つくば市","townJa":"緑が丘","prefectureEn":"IBARAKI KEN","cityEn":"TSUKUBA SHI","townEn":"MIDORIGAOKA"},"3050864":{"prefectureJa":"茨城県","cityJa":"つくば市","townJa":"境松","prefectureEn":"IBARAKI KEN","cityEn":"TSUKUBA SHI","townEn":"SAKAIMATSU"},"3050865":{"prefectureJa":"茨城県","cityJa":"つくば市","townJa":"根崎","prefectureEn":"IBARAKI KEN","cityEn":"TSUKUBA SHI","townEn":"NESAKI"},"3050866":{"prefectureJa":"茨城県","cityJa":"つくば市","townJa":"古館","prefectureEn":"IBARAKI KEN","cityEn":"TSUKUBA SHI","townEn":"FURUDATE"},"3050867":{"prefectureJa":"茨城県","cityJa":"つくば市","townJa":"境田","prefectureEn":"IBARAKI KEN","cityEn":"TSUKUBA SHI","townEn":"SAKAIDA"},"3050868":{"prefectureJa":"茨城県","cityJa":"つくば市","townJa":"台町","prefectureEn":"IBARAKI KEN","cityEn":"TSUKUBA SHI","townEn":"DAIMACHI"},"3050871":{"prefectureJa":"茨城県","cityJa":"つくば市","townJa":"上萱丸","prefectureEn":"IBARAKI KEN","cityEn":"TSUKUBA SHI","townEn":"KAMIKAYAMARU"},"3050872":{"prefectureJa":"茨城県","cityJa":"つくば市","townJa":"下萱丸","prefectureEn":"IBARAKI KEN","cityEn":"TSUKUBA SHI","townEn":"SHIMOKAYAMARU"},"3050873":{"prefectureJa":"茨城県","cityJa":"つくば市","townJa":"中野","prefectureEn":"IBARAKI KEN","cityEn":"TSUKUBA SHI","townEn":"NAKANO"},"3050874":{"prefectureJa":"茨城県","cityJa":"つくば市","townJa":"飯田","prefectureEn":"IBARAKI KEN","cityEn":"TSUKUBA SHI","townEn":"IIDA"},"3050875":{"prefectureJa":"茨城県","cityJa":"つくば市","townJa":"花島新田","prefectureEn":"IBARAKI KEN","cityEn":"TSUKUBA SHI","townEn":"HANASHIMASHINDEN"},"3050876":{"prefectureJa":"茨城県","cityJa":"つくば市","townJa":"西栗山","prefectureEn":"IBARAKI KEN","cityEn":"TSUKUBA SHI","townEn":"NISHIKURIYAMA"},"3050877":{"prefectureJa":"茨城県","cityJa":"つくば市","townJa":"片田","prefectureEn":"IBARAKI KEN","cityEn":"TSUKUBA SHI","townEn":"KATADA"},"3050881":{"prefectureJa":"茨城県","cityJa":"つくば市","townJa":"みどりの","prefectureEn":"IBARAKI KEN","cityEn":"TSUKUBA SHI","townEn":"MIDORINO"},"3050882":{"prefectureJa":"茨城県","cityJa":"つくば市","townJa":"みどりの中央","prefectureEn":"IBARAKI KEN","cityEn":"TSUKUBA SHI","townEn":"MIDORINOCHUO"},"3050883":{"prefectureJa":"茨城県","cityJa":"つくば市","townJa":"みどりの東","prefectureEn":"IBARAKI KEN","cityEn":"TSUKUBA SHI","townEn":"MIDORINOHIGASHI"},"3050884":{"prefectureJa":"茨城県","cityJa":"つくば市","townJa":"みどりの南","prefectureEn":"IBARAKI KEN","cityEn":"TSUKUBA SHI","townEn":"MIDORINOMINAMI"},"3050901":{"prefectureJa":"茨城県","cityJa":"つくば市","townJa":"池の台（２）","prefectureEn":"IBARAKI KEN","cityEn":"TSUKUBA SHI","townEn":"IKENODAI(2)"},"3050902":{"prefectureJa":"茨城県","cityJa":"つくば市","townJa":"西の沢（畜産試験場圃場）","prefectureEn":"IBARAKI KEN","cityEn":"TSUKUBA SHI","townEn":"NISHINOSAWA(CHIKUSANSHIKENJOBOJO)"},"3050903":{"prefectureJa":"茨城県","cityJa":"つくば市","townJa":"松の里（１）","prefectureEn":"IBARAKI KEN","cityEn":"TSUKUBA SHI","townEn":"MATSUNOSATO(1)"}}