{"8560000":{"prefectureJa":"長崎県","cityJa":"大村市","townJa":"以下に掲載がない場合","prefectureEn":"NAGASAKI KEN","cityEn":"OMURA SHI","townEn":"IKANIKEISAIGANAIBAAI"},"8560001":{"prefectureJa":"長崎県","cityJa":"大村市","townJa":"武留路町","prefectureEn":"NAGASAKI KEN","cityEn":"OMURA SHI","townEn":"MURUROMACHI"},"8560002":{"prefectureJa":"長崎県","cityJa":"大村市","townJa":"東野岳町","prefectureEn":"NAGASAKI KEN","cityEn":"OMURA SHI","townEn":"HIGASHINODAKEMACHI"},"8560003":{"prefectureJa":"長崎県","cityJa":"大村市","townJa":"野岳町","prefectureEn":"NAGASAKI KEN","cityEn":"OMURA SHI","townEn":"NODAKEMACHI"},"8560004":{"prefectureJa":"長崎県","cityJa":"大村市","townJa":"立福寺町","prefectureEn":"NAGASAKI KEN","cityEn":"OMURA SHI","townEn":"RIFUKUJIMACHI"},"8560005":{"prefectureJa":"長崎県","cityJa":"大村市","townJa":"弥勒寺町","prefectureEn":"NAGASAKI KEN","cityEn":"OMURA SHI","townEn":"MIROKUJIMACHI"},"8560006":{"prefectureJa":"長崎県","cityJa":"大村市","townJa":"福重町","prefectureEn":"NAGASAKI KEN","cityEn":"OMURA SHI","townEn":"FUKUSHIGEMACHI"},"8560007":{"prefectureJa":"長崎県","cityJa":"大村市","townJa":"草場町","prefectureEn":"NAGASAKI KEN","cityEn":"OMURA SHI","townEn":"KUSABAMACHI"},"8560008":{"prefectureJa":"長崎県","cityJa":"大村市","townJa":"松原","prefectureEn":"NAGASAKI KEN","cityEn":"OMURA SHI","townEn":"MATSUBARA"},"8560009":{"prefectureJa":"長崎県","cityJa":"大村市","townJa":"松原本町","prefectureEn":"NAGASAKI KEN","cityEn":"OMURA SHI","townEn":"MATSUBARAHOMMACHI"},"8560011":{"prefectureJa":"長崎県","cityJa":"大村市","townJa":"重井田町","prefectureEn":"NAGASAKI KEN","cityEn":"OMURA SHI","townEn":"SHIGEIDAMACHI"},"8560012":{"prefectureJa":"長崎県","cityJa":"大村市","townJa":"黒木町","prefectureEn":"NAGASAKI KEN","cityEn":"OMURA SHI","townEn":"KUROKIMACHI"},"8560013":{"prefectureJa":"長崎県","cityJa":"大村市","townJa":"中岳町","prefectureEn":"NAGASAKI KEN","cityEn":"OMURA SHI","townEn":"NAKADAKEMACHI"},"8560014":{"prefectureJa":"長崎県","cityJa":"大村市","townJa":"田下町","prefectureEn":"NAGASAKI KEN","cityEn":"OMURA SHI","townEn":"TAJIMOMACHI"},"8560015":{"prefectureJa":"長崎県","cityJa":"大村市","townJa":"宮代町","prefectureEn":"NAGASAKI KEN","cityEn":"OMURA SHI","townEn":"MIYADAIMACHI"},"8560016":{"prefectureJa":"長崎県","cityJa":"大村市","townJa":"原町","prefectureEn":"NAGASAKI KEN","cityEn":"OMURA SHI","townEn":"HARAMACHI"},"8560017":{"prefectureJa":"長崎県","cityJa":"大村市","townJa":"荒瀬町","prefectureEn":"NAGASAKI KEN","cityEn":"OMURA SHI","townEn":"ARASEMACHI"},"8560018":{"prefectureJa":"長崎県","cityJa":"大村市","townJa":"今富町","prefectureEn":"NAGASAKI KEN","cityEn":"OMURA SHI","townEn":"IMATOMIMACHI"},"8560019":{"prefectureJa":"長崎県","cityJa":"大村市","townJa":"野田町","prefectureEn":"NAGASAKI KEN","cityEn":"OMURA SHI","townEn":"NODAMACHI"},"8560020":{"prefectureJa":"長崎県","cityJa":"大村市","townJa":"小路口本町","prefectureEn":"NAGASAKI KEN","cityEn":"OMURA SHI","townEn":"OROGUCHIHOMMACHI"},"8560021":{"prefectureJa":"長崎県","cityJa":"大村市","townJa":"鬼橋町","prefectureEn":"NAGASAKI KEN","cityEn":"OMURA SHI","townEn":"ONIBASHIMACHI"},"8560022":{"prefectureJa":"長崎県","cityJa":"大村市","townJa":"雄ケ原町","prefectureEn":"NAGASAKI KEN","cityEn":"OMURA SHI","townEn":"MASURAGAHARAMACHI"},"8560023":{"prefectureJa":"長崎県","cityJa":"大村市","townJa":"上諏訪町","prefectureEn":"NAGASAKI KEN","cityEn":"OMURA SHI","townEn":"KAMISUWAMACHI"},"8560024":{"prefectureJa":"長崎県","cityJa":"大村市","townJa":"諏訪","prefectureEn":"NAGASAKI KEN","cityEn":"OMURA SHI","townEn":"SUWA"},"8560025":{"prefectureJa":"長崎県","cityJa":"大村市","townJa":"小路口町","prefectureEn":"NAGASAKI KEN","cityEn":"OMURA SHI","townEn":"OROGUCHIMACHI"},"8560026":{"prefectureJa":"長崎県","cityJa":"大村市","townJa":"池田","prefectureEn":"NAGASAKI KEN","cityEn":"OMURA SHI","townEn":"IKEDA"},"8560027":{"prefectureJa":"長崎県","cityJa":"大村市","townJa":"植松","prefectureEn":"NAGASAKI KEN","cityEn":"OMURA SHI","townEn":"UEMATSU"},"8560028":{"prefectureJa":"長崎県","cityJa":"大村市","townJa":"坂口町","prefectureEn":"NAGASAKI KEN","cityEn":"OMURA SHI","townEn":"SAKAGUCHIMACHI"},"8560029":{"prefectureJa":"長崎県","cityJa":"大村市","townJa":"池田新町","prefectureEn":"NAGASAKI KEN","cityEn":"OMURA SHI","townEn":"IKEDASHIMMACHI"},"8560031":{"prefectureJa":"長崎県","cityJa":"大村市","townJa":"三城町","prefectureEn":"NAGASAKI KEN","cityEn":"OMURA SHI","townEn":"SANJOCHO"},"8560032":{"prefectureJa":"長崎県","cityJa":"大村市","townJa":"東大村","prefectureEn":"NAGASAKI KEN","cityEn":"OMURA SHI","townEn":"HIGASHIOMURA"},"8560033":{"prefectureJa":"長崎県","cityJa":"大村市","townJa":"荒平町","prefectureEn":"NAGASAKI KEN","cityEn":"OMURA SHI","townEn":"ARAHIRAMACHI"},"8560034":{"prefectureJa":"長崎県","cityJa":"大村市","townJa":"水計町","prefectureEn":"NAGASAKI KEN","cityEn":"OMURA SHI","townEn":"MIZUHAKARIMACHI"},"8560035":{"prefectureJa":"長崎県","cityJa":"大村市","townJa":"武部町","prefectureEn":"NAGASAKI KEN","cityEn":"OMURA SHI","townEn":"TAKEBEMACHI"},"8560041":{"prefectureJa":"長崎県","cityJa":"大村市","townJa":"徳泉川内町","prefectureEn":"NAGASAKI KEN","cityEn":"OMURA SHI","townEn":"TOKUSENGAWACHIMACHI"},"8560042":{"prefectureJa":"長崎県","cityJa":"大村市","townJa":"平町","prefectureEn":"NAGASAKI KEN","cityEn":"OMURA SHI","townEn":"HIRAMACHI"},"8560043":{"prefectureJa":"長崎県","cityJa":"大村市","townJa":"小川内町","prefectureEn":"NAGASAKI KEN","cityEn":"OMURA SHI","townEn":"OGAWAUCHIMACHI"},"8560044":{"prefectureJa":"長崎県","cityJa":"大村市","townJa":"岩松町","prefectureEn":"NAGASAKI KEN","cityEn":"OMURA SHI","townEn":"IWAMATSUMACHI"},"8560045":{"prefectureJa":"長崎県","cityJa":"大村市","townJa":"向木場町","prefectureEn":"NAGASAKI KEN","cityEn":"OMURA SHI","townEn":"MUKAIKOBAMACHI"},"8560046":{"prefectureJa":"長崎県","cityJa":"大村市","townJa":"木場","prefectureEn":"NAGASAKI KEN","cityEn":"OMURA SHI","townEn":"KOBA"},"8560047":{"prefectureJa":"長崎県","cityJa":"大村市","townJa":"須田ノ木町","prefectureEn":"NAGASAKI KEN","cityEn":"OMURA SHI","townEn":"SUDANOKIMACHI"},"8560048":{"prefectureJa":"長崎県","cityJa":"大村市","townJa":"赤佐古町","prefectureEn":"NAGASAKI KEN","cityEn":"OMURA SHI","townEn":"AKASAKOMACHI"},"8560801":{"prefectureJa":"長崎県","cityJa":"大村市","townJa":"寿古町","prefectureEn":"NAGASAKI KEN","cityEn":"OMURA SHI","townEn":"SUKOMACHI"},"8560802":{"prefectureJa":"長崎県","cityJa":"大村市","townJa":"皆同町","prefectureEn":"NAGASAKI KEN","cityEn":"OMURA SHI","townEn":"KAIDOMACHI"},"8560803":{"prefectureJa":"長崎県","cityJa":"大村市","townJa":"竹松町","prefectureEn":"NAGASAKI KEN","cityEn":"OMURA SHI","townEn":"TAKEMATSUMACHI"},"8560804":{"prefectureJa":"長崎県","cityJa":"大村市","townJa":"大川田町","prefectureEn":"NAGASAKI KEN","cityEn":"OMURA SHI","townEn":"OKAWADAMACHI"},"8560805":{"prefectureJa":"長崎県","cityJa":"大村市","townJa":"竹松本町","prefectureEn":"NAGASAKI KEN","cityEn":"OMURA SHI","townEn":"TAKEMATSUHOMMACHI"},"8560806":{"prefectureJa":"長崎県","cityJa":"大村市","townJa":"富の原","prefectureEn":"NAGASAKI KEN","cityEn":"OMURA SHI","townEn":"TOMINOHARA"},"8560807":{"prefectureJa":"長崎県","cityJa":"大村市","townJa":"宮小路","prefectureEn":"NAGASAKI KEN","cityEn":"OMURA SHI","townEn":"MIYASHOJI"},"8560808":{"prefectureJa":"長崎県","cityJa":"大村市","townJa":"黒丸町","prefectureEn":"NAGASAKI KEN","cityEn":"OMURA SHI","townEn":"KUROMARUMACHI"},"8560809":{"prefectureJa":"長崎県","cityJa":"大村市","townJa":"沖田町","prefectureEn":"NAGASAKI KEN","cityEn":"OMURA SHI","townEn":"OKITAMACHI"},"8560811":{"prefectureJa":"長崎県","cityJa":"大村市","townJa":"原口町","prefectureEn":"NAGASAKI KEN","cityEn":"OMURA SHI","townEn":"HARAGUCHIMACHI"},"8560812":{"prefectureJa":"長崎県","cityJa":"大村市","townJa":"桜馬場","prefectureEn":"NAGASAKI KEN","cityEn":"OMURA SHI","townEn":"SAKURABABA"},"8560813":{"prefectureJa":"長崎県","cityJa":"大村市","townJa":"西大村本町","prefectureEn":"NAGASAKI KEN","cityEn":"OMURA SHI","townEn":"NISHIOMURAHOMMACHI"},"8560814":{"prefectureJa":"長崎県","cityJa":"大村市","townJa":"松並","prefectureEn":"NAGASAKI KEN","cityEn":"OMURA SHI","townEn":"MATSUNAMI"},"8560815":{"prefectureJa":"長崎県","cityJa":"大村市","townJa":"森園町","prefectureEn":"NAGASAKI KEN","cityEn":"OMURA SHI","townEn":"MORIZONOMACHI"},"8560816":{"prefectureJa":"長崎県","cityJa":"大村市","townJa":"箕島町","prefectureEn":"NAGASAKI KEN","cityEn":"OMURA SHI","townEn":"MISHIMAMACHI"},"8560817":{"prefectureJa":"長崎県","cityJa":"大村市","townJa":"古賀島町","prefectureEn":"NAGASAKI KEN","cityEn":"OMURA SHI","townEn":"KOGASHIMAMACHI"},"8560818":{"prefectureJa":"長崎県","cityJa":"大村市","townJa":"今津町","prefectureEn":"NAGASAKI KEN","cityEn":"OMURA SHI","townEn":"IMAZUMACHI"},"8560820":{"prefectureJa":"長崎県","cityJa":"大村市","townJa":"協和町","prefectureEn":"NAGASAKI KEN","cityEn":"OMURA SHI","townEn":"KYOWAMACHI"},"8560821":{"prefectureJa":"長崎県","cityJa":"大村市","townJa":"西乾馬場町","prefectureEn":"NAGASAKI KEN","cityEn":"OMURA SHI","townEn":"NISHIINUIBABAMACHI"},"8560822":{"prefectureJa":"長崎県","cityJa":"大村市","townJa":"古町","prefectureEn":"NAGASAKI KEN","cityEn":"OMURA SHI","townEn":"FURUMACHI"},"8560823":{"prefectureJa":"長崎県","cityJa":"大村市","townJa":"乾馬場町","prefectureEn":"NAGASAKI KEN","cityEn":"OMURA SHI","townEn":"INUIBABAMACHI"},"8560824":{"prefectureJa":"長崎県","cityJa":"大村市","townJa":"水田町","prefectureEn":"NAGASAKI KEN","cityEn":"OMURA SHI","townEn":"MIZUTAMACHI"},"8560825":{"prefectureJa":"長崎県","cityJa":"大村市","townJa":"西三城町","prefectureEn":"NAGASAKI KEN","cityEn":"OMURA SHI","townEn":"NISHISANJOCHO"},"8560826":{"prefectureJa":"長崎県","cityJa":"大村市","townJa":"東三城町","prefectureEn":"NAGASAKI KEN","cityEn":"OMURA SHI","townEn":"HIGASHISANJOCHO"},"8560827":{"prefectureJa":"長崎県","cityJa":"大村市","townJa":"水主町","prefectureEn":"NAGASAKI KEN","cityEn":"OMURA SHI","townEn":"KAKOMACHI"},"8560828":{"prefectureJa":"長崎県","cityJa":"大村市","townJa":"杭出津","prefectureEn":"NAGASAKI KEN","cityEn":"OMURA SHI","townEn":"KUIDETSU"},"8560829":{"prefectureJa":"長崎県","cityJa":"大村市","townJa":"松山町","prefectureEn":"NAGASAKI KEN","cityEn":"OMURA SHI","townEn":"MATSUYAMAMACHI"},"8560831":{"prefectureJa":"長崎県","cityJa":"大村市","townJa":"東本町","prefectureEn":"NAGASAKI KEN","cityEn":"OMURA SHI","townEn":"HIGASHIHOMMACHI"},"8560832":{"prefectureJa":"長崎県","cityJa":"大村市","townJa":"本町","prefectureEn":"NAGASAKI KEN","cityEn":"OMURA SHI","townEn":"HOMMACHI"},"8560833":{"prefectureJa":"長崎県","cityJa":"大村市","townJa":"片町","prefectureEn":"NAGASAKI KEN","cityEn":"OMURA SHI","townEn":"KATAMACHI"},"8560834":{"prefectureJa":"長崎県","cityJa":"大村市","townJa":"玖島","prefectureEn":"NAGASAKI KEN","cityEn":"OMURA SHI","townEn":"KUSHIMA"},"8560835":{"prefectureJa":"長崎県","cityJa":"大村市","townJa":"久原","prefectureEn":"NAGASAKI KEN","cityEn":"OMURA SHI","townEn":"KUBARA"},"8560836":{"prefectureJa":"長崎県","cityJa":"大村市","townJa":"幸町","prefectureEn":"NAGASAKI KEN","cityEn":"OMURA SHI","townEn":"SAIWAIMACHI"},"8560837":{"prefectureJa":"長崎県","cityJa":"大村市","townJa":"西本町","prefectureEn":"NAGASAKI KEN","cityEn":"OMURA SHI","townEn":"NISHIHOMMACHI"},"8560841":{"prefectureJa":"長崎県","cityJa":"大村市","townJa":"陰平町","prefectureEn":"NAGASAKI KEN","cityEn":"OMURA SHI","townEn":"KAGEHIRAMACHI"},"8560842":{"prefectureJa":"長崎県","cityJa":"大村市","townJa":"中里町","prefectureEn":"NAGASAKI KEN","cityEn":"OMURA SHI","townEn":"NAKAZATOMACHI"},"8560843":{"prefectureJa":"長崎県","cityJa":"大村市","townJa":"今村町","prefectureEn":"NAGASAKI KEN","cityEn":"OMURA SHI","townEn":"IMAMURAMACHI"},"8560844":{"prefectureJa":"長崎県","cityJa":"大村市","townJa":"溝陸町","prefectureEn":"NAGASAKI KEN","cityEn":"OMURA SHI","townEn":"MIZOROKUMACHI"},"8560845":{"prefectureJa":"長崎県","cityJa":"大村市","townJa":"大里町","prefectureEn":"NAGASAKI KEN","cityEn":"OMURA SHI","townEn":"OZATOMACHI"},"8560846":{"prefectureJa":"長崎県","cityJa":"大村市","townJa":"日泊町","prefectureEn":"NAGASAKI KEN","cityEn":"OMURA SHI","townEn":"HIDOMARUMACHI"},"8560847":{"prefectureJa":"長崎県","cityJa":"大村市","townJa":"西部町","prefectureEn":"NAGASAKI KEN","cityEn":"OMURA SHI","townEn":"SEIBUMACHI"}}