{"9810100":{"prefectureJa":"宮城県","cityJa":"宮城郡利府町","townJa":"以下に掲載がない場合","prefectureEn":"MIYAGI KEN","cityEn":"MIYAGI GUN RIFU CHO","townEn":"IKANIKEISAIGANAIBAAI"},"9810101":{"prefectureJa":"宮城県","cityJa":"宮城郡利府町","townJa":"赤沼","prefectureEn":"MIYAGI KEN","cityEn":"MIYAGI GUN RIFU CHO","townEn":"AKANUMA"},"9810102":{"prefectureJa":"宮城県","cityJa":"宮城郡利府町","townJa":"春日","prefectureEn":"MIYAGI KEN","cityEn":"MIYAGI GUN RIFU CHO","townEn":"KASUGA"},"9810103":{"prefectureJa":"宮城県","cityJa":"宮城郡利府町","townJa":"森郷","prefectureEn":"MIYAGI KEN","cityEn":"MIYAGI GUN RIFU CHO","townEn":"MORIGO"},"9810104":{"prefectureJa":"宮城県","cityJa":"宮城郡利府町","townJa":"中央","prefectureEn":"MIYAGI KEN","cityEn":"MIYAGI GUN RIFU CHO","townEn":"CHUO"},"9810105":{"prefectureJa":"宮城県","cityJa":"宮城郡利府町","townJa":"葉山","prefectureEn":"MIYAGI KEN","cityEn":"MIYAGI GUN RIFU CHO","townEn":"HAYAMA"},"9810111":{"prefectureJa":"宮城県","cityJa":"宮城郡利府町","townJa":"加瀬","prefectureEn":"MIYAGI KEN","cityEn":"MIYAGI GUN RIFU CHO","townEn":"KASE"},"9810112":{"prefectureJa":"宮城県","cityJa":"宮城郡利府町","townJa":"利府","prefectureEn":"MIYAGI KEN","cityEn":"MIYAGI GUN RIFU CHO","townEn":"RIFU"},"9810113":{"prefectureJa":"宮城県","cityJa":"宮城郡利府町","townJa":"飯土井","prefectureEn":"MIYAGI KEN","cityEn":"MIYAGI GUN RIFU CHO","townEn":"IIDOI"},"9810114":{"prefectureJa":"宮城県","cityJa":"宮城郡利府町","townJa":"新中道","prefectureEn":"MIYAGI KEN","cityEn":"MIYAGI GUN RIFU CHO","townEn":"SHINNAKAMICHI"},"9810121":{"prefectureJa":"宮城県","cityJa":"宮城郡利府町","townJa":"神谷沢","prefectureEn":"MIYAGI KEN","cityEn":"MIYAGI GUN RIFU CHO","townEn":"KAMIYASAWA"},"9810122":{"prefectureJa":"宮城県","cityJa":"宮城郡利府町","townJa":"菅谷","prefectureEn":"MIYAGI KEN","cityEn":"MIYAGI GUN RIFU CHO","townEn":"SUGAYA"},"9810123":{"prefectureJa":"宮城県","cityJa":"宮城郡利府町","townJa":"沢乙","prefectureEn":"MIYAGI KEN","cityEn":"MIYAGI GUN RIFU CHO","townEn":"SAWAOTO"},"9810124":{"prefectureJa":"宮城県","cityJa":"宮城郡利府町","townJa":"沢乙東","prefectureEn":"MIYAGI KEN","cityEn":"MIYAGI GUN RIFU CHO","townEn":"SAWAOTOHIGASHI"},"9810125":{"prefectureJa":"宮城県","cityJa":"宮城郡利府町","townJa":"岩切","prefectureEn":"MIYAGI KEN","cityEn":"MIYAGI GUN RIFU CHO","townEn":"IWAKIRI"},"9810131":{"prefectureJa":"宮城県","cityJa":"宮城郡利府町","townJa":"青山","prefectureEn":"MIYAGI KEN","cityEn":"MIYAGI GUN RIFU CHO","townEn":"AOYAMA"},"9810132":{"prefectureJa":"宮城県","cityJa":"宮城郡利府町","townJa":"花園","prefectureEn":"MIYAGI KEN","cityEn":"MIYAGI GUN RIFU CHO","townEn":"HANAZONO"},"9810133":{"prefectureJa":"宮城県","cityJa":"宮城郡利府町","townJa":"青葉台","prefectureEn":"MIYAGI KEN","cityEn":"MIYAGI GUN RIFU CHO","townEn":"AOBADAI"},"9810134":{"prefectureJa":"宮城県","cityJa":"宮城郡利府町","townJa":"しらかし台","prefectureEn":"MIYAGI KEN","cityEn":"MIYAGI GUN RIFU CHO","townEn":"SHIRAKASHIDAI"},"9810135":{"prefectureJa":"宮城県","cityJa":"宮城郡利府町","townJa":"菅谷台","prefectureEn":"MIYAGI KEN","cityEn":"MIYAGI GUN RIFU CHO","townEn":"SUGAYADAI"},"9810136":{"prefectureJa":"宮城県","cityJa":"宮城郡利府町","townJa":"皆の丘","prefectureEn":"MIYAGI KEN","cityEn":"MIYAGI GUN RIFU CHO","townEn":"MINANOKA"},"9810200":{"prefectureJa":"宮城県","cityJa":"宮城郡松島町","townJa":"以下に掲載がない場合","prefectureEn":"MIYAGI KEN","cityEn":"MIYAGI GUN MATSUSHIMA MACHI","townEn":"IKANIKEISAIGANAIBAAI"},"9810201":{"prefectureJa":"宮城県","cityJa":"宮城郡松島町","townJa":"竹谷","prefectureEn":"MIYAGI KEN","cityEn":"MIYAGI GUN MATSUSHIMA MACHI","townEn":"TAKEYA"},"9810202":{"prefectureJa":"宮城県","cityJa":"宮城郡松島町","townJa":"北小泉","prefectureEn":"MIYAGI KEN","cityEn":"MIYAGI GUN MATSUSHIMA MACHI","townEn":"KITAKOIZUMI"},"9810203":{"prefectureJa":"宮城県","cityJa":"宮城郡松島町","townJa":"根廻","prefectureEn":"MIYAGI KEN","cityEn":"MIYAGI GUN MATSUSHIMA MACHI","townEn":"NEMAWARI"},"9810204":{"prefectureJa":"宮城県","cityJa":"宮城郡松島町","townJa":"初原","prefectureEn":"MIYAGI KEN","cityEn":"MIYAGI GUN MATSUSHIMA MACHI","townEn":"HATSUBARA"},"9810205":{"prefectureJa":"宮城県","cityJa":"宮城郡松島町","townJa":"幡谷","prefectureEn":"MIYAGI KEN","cityEn":"MIYAGI GUN MATSUSHIMA MACHI","townEn":"HATAYA"},"9810211":{"prefectureJa":"宮城県","cityJa":"宮城郡松島町","townJa":"手樽","prefectureEn":"MIYAGI KEN","cityEn":"MIYAGI GUN MATSUSHIMA MACHI","townEn":"TETARU"},"9810212":{"prefectureJa":"宮城県","cityJa":"宮城郡松島町","townJa":"磯崎","prefectureEn":"MIYAGI KEN","cityEn":"MIYAGI GUN MATSUSHIMA MACHI","townEn":"ISOZAKI"},"9810213":{"prefectureJa":"宮城県","cityJa":"宮城郡松島町","townJa":"松島","prefectureEn":"MIYAGI KEN","cityEn":"MIYAGI GUN MATSUSHIMA MACHI","townEn":"MATSUSHIMA"},"9810214":{"prefectureJa":"宮城県","cityJa":"宮城郡松島町","townJa":"桜渡戸","prefectureEn":"MIYAGI KEN","cityEn":"MIYAGI GUN MATSUSHIMA MACHI","townEn":"SAKURAWATASHIDO"},"9810215":{"prefectureJa":"宮城県","cityJa":"宮城郡松島町","townJa":"高城","prefectureEn":"MIYAGI KEN","cityEn":"MIYAGI GUN MATSUSHIMA MACHI","townEn":"TAKAGI"},"9810301":{"prefectureJa":"宮城県","cityJa":"東松島市","townJa":"牛網","prefectureEn":"MIYAGI KEN","cityEn":"HIGASHIMATSUSHIMA SHI","townEn":"USHIAMI"},"9810302":{"prefectureJa":"宮城県","cityJa":"東松島市","townJa":"浜市","prefectureEn":"MIYAGI KEN","cityEn":"HIGASHIMATSUSHIMA SHI","townEn":"HAMAICHI"},"9810303":{"prefectureJa":"宮城県","cityJa":"東松島市","townJa":"小野","prefectureEn":"MIYAGI KEN","cityEn":"HIGASHIMATSUSHIMA SHI","townEn":"ONO"},"9810304":{"prefectureJa":"宮城県","cityJa":"東松島市","townJa":"川下","prefectureEn":"MIYAGI KEN","cityEn":"HIGASHIMATSUSHIMA SHI","townEn":"KAWAKUDARI"},"9810305":{"prefectureJa":"宮城県","cityJa":"東松島市","townJa":"上下堤","prefectureEn":"MIYAGI KEN","cityEn":"HIGASHIMATSUSHIMA SHI","townEn":"JOGETSUTSUMI"},"9810306":{"prefectureJa":"宮城県","cityJa":"東松島市","townJa":"西福田","prefectureEn":"MIYAGI KEN","cityEn":"HIGASHIMATSUSHIMA SHI","townEn":"NISHIFUKUDA"},"9810307":{"prefectureJa":"宮城県","cityJa":"東松島市","townJa":"新田","prefectureEn":"MIYAGI KEN","cityEn":"HIGASHIMATSUSHIMA SHI","townEn":"NITSUTA"},"9810308":{"prefectureJa":"宮城県","cityJa":"東松島市","townJa":"高松","prefectureEn":"MIYAGI KEN","cityEn":"HIGASHIMATSUSHIMA SHI","townEn":"TAKAMATSU"},"9810309":{"prefectureJa":"宮城県","cityJa":"東松島市","townJa":"根古","prefectureEn":"MIYAGI KEN","cityEn":"HIGASHIMATSUSHIMA SHI","townEn":"NEKO"},"9810411":{"prefectureJa":"宮城県","cityJa":"東松島市","townJa":"野蒜","prefectureEn":"MIYAGI KEN","cityEn":"HIGASHIMATSUSHIMA SHI","townEn":"NOBIRU"},"9810412":{"prefectureJa":"宮城県","cityJa":"東松島市","townJa":"宮戸","prefectureEn":"MIYAGI KEN","cityEn":"HIGASHIMATSUSHIMA SHI","townEn":"MIYATO"},"9810413":{"prefectureJa":"宮城県","cityJa":"東松島市","townJa":"新東名","prefectureEn":"MIYAGI KEN","cityEn":"HIGASHIMATSUSHIMA SHI","townEn":"SHINTONA"},"9810414":{"prefectureJa":"宮城県","cityJa":"東松島市","townJa":"大塚","prefectureEn":"MIYAGI KEN","cityEn":"HIGASHIMATSUSHIMA SHI","townEn":"OTSUKA"},"9810415":{"prefectureJa":"宮城県","cityJa":"東松島市","townJa":"浅井","prefectureEn":"MIYAGI KEN","cityEn":"HIGASHIMATSUSHIMA SHI","townEn":"ASAI"},"9810416":{"prefectureJa":"宮城県","cityJa":"東松島市","townJa":"野蒜ケ丘","prefectureEn":"MIYAGI KEN","cityEn":"HIGASHIMATSUSHIMA SHI","townEn":"NOBIRUGAOKA"},"9810500":{"prefectureJa":"宮城県","cityJa":"東松島市","townJa":"以下に掲載がない場合","prefectureEn":"MIYAGI KEN","cityEn":"HIGASHIMATSUSHIMA SHI","townEn":"IKANIKEISAIGANAIBAAI"},"9810501":{"prefectureJa":"宮城県","cityJa":"東松島市","townJa":"赤井","prefectureEn":"MIYAGI KEN","cityEn":"HIGASHIMATSUSHIMA SHI","townEn":"AKAI"},"9810502":{"prefectureJa":"宮城県","cityJa":"東松島市","townJa":"大曲","prefectureEn":"MIYAGI KEN","cityEn":"HIGASHIMATSUSHIMA SHI","townEn":"OMAGARI"},"9810503":{"prefectureJa":"宮城県","cityJa":"東松島市","townJa":"矢本","prefectureEn":"MIYAGI KEN","cityEn":"HIGASHIMATSUSHIMA SHI","townEn":"YAMOTO"},"9810504":{"prefectureJa":"宮城県","cityJa":"東松島市","townJa":"小松","prefectureEn":"MIYAGI KEN","cityEn":"HIGASHIMATSUSHIMA SHI","townEn":"KOMATSU"},"9810505":{"prefectureJa":"宮城県","cityJa":"東松島市","townJa":"大塩","prefectureEn":"MIYAGI KEN","cityEn":"HIGASHIMATSUSHIMA SHI","townEn":"OSHIO"},"9810506":{"prefectureJa":"宮城県","cityJa":"東松島市","townJa":"あおい","prefectureEn":"MIYAGI KEN","cityEn":"HIGASHIMATSUSHIMA SHI","townEn":"AOI"},"9810507":{"prefectureJa":"宮城県","cityJa":"東松島市","townJa":"みそら","prefectureEn":"MIYAGI KEN","cityEn":"HIGASHIMATSUSHIMA SHI","townEn":"MISORA"},"9810901":{"prefectureJa":"宮城県","cityJa":"仙台市青葉区","townJa":"北根黒松","prefectureEn":"MIYAGI KEN","cityEn":"SENDAI SHI AOBA KU","townEn":"KITANEKUROMATSU"},"9810902":{"prefectureJa":"宮城県","cityJa":"仙台市青葉区","townJa":"北根","prefectureEn":"MIYAGI KEN","cityEn":"SENDAI SHI AOBA KU","townEn":"KITANE"},"9810903":{"prefectureJa":"宮城県","cityJa":"仙台市青葉区","townJa":"台原森林公園","prefectureEn":"MIYAGI KEN","cityEn":"SENDAI SHI AOBA KU","townEn":"DAINOHARASHINRINKOEN"},"9810904":{"prefectureJa":"宮城県","cityJa":"仙台市青葉区","townJa":"旭ケ丘","prefectureEn":"MIYAGI KEN","cityEn":"SENDAI SHI AOBA KU","townEn":"ASAHIGAOKA"},"9810905":{"prefectureJa":"宮城県","cityJa":"仙台市青葉区","townJa":"小松島","prefectureEn":"MIYAGI KEN","cityEn":"SENDAI SHI AOBA KU","townEn":"KOMATSUSHIMA"},"9810906":{"prefectureJa":"宮城県","cityJa":"仙台市青葉区","townJa":"小松島新堤","prefectureEn":"MIYAGI KEN","cityEn":"SENDAI SHI AOBA KU","townEn":"KOMATSUSHIMASHINTSUTSUMI"},"9810907":{"prefectureJa":"宮城県","cityJa":"仙台市青葉区","townJa":"高松","prefectureEn":"MIYAGI KEN","cityEn":"SENDAI SHI AOBA KU","townEn":"TAKAMATSU"},"9810908":{"prefectureJa":"宮城県","cityJa":"仙台市青葉区","townJa":"東照宮","prefectureEn":"MIYAGI KEN","cityEn":"SENDAI SHI AOBA KU","townEn":"TOSHOGU"},"9810911":{"prefectureJa":"宮城県","cityJa":"仙台市青葉区","townJa":"台原","prefectureEn":"MIYAGI KEN","cityEn":"SENDAI SHI AOBA KU","townEn":"DAINOHARA"},"9810912":{"prefectureJa":"宮城県","cityJa":"仙台市青葉区","townJa":"堤町","prefectureEn":"MIYAGI KEN","cityEn":"SENDAI SHI AOBA KU","townEn":"TSUTSUMIMACHI"},"9810913":{"prefectureJa":"宮城県","cityJa":"仙台市青葉区","townJa":"昭和町","prefectureEn":"MIYAGI KEN","cityEn":"SENDAI SHI AOBA KU","townEn":"SHOWAMACHI"},"9810914":{"prefectureJa":"宮城県","cityJa":"仙台市青葉区","townJa":"堤通雨宮町","prefectureEn":"MIYAGI KEN","cityEn":"SENDAI SHI AOBA KU","townEn":"TSUTSUMIDORIAMAMIYAMACHI"},"9810915":{"prefectureJa":"宮城県","cityJa":"仙台市青葉区","townJa":"通町","prefectureEn":"MIYAGI KEN","cityEn":"SENDAI SHI AOBA KU","townEn":"TORICHO"},"9810916":{"prefectureJa":"宮城県","cityJa":"仙台市青葉区","townJa":"青葉町","prefectureEn":"MIYAGI KEN","cityEn":"SENDAI SHI AOBA KU","townEn":"AOBAMACHI"},"9810917":{"prefectureJa":"宮城県","cityJa":"仙台市青葉区","townJa":"葉山町","prefectureEn":"MIYAGI KEN","cityEn":"SENDAI SHI AOBA KU","townEn":"HAYAMAMACHI"},"9810921":{"prefectureJa":"宮城県","cityJa":"仙台市青葉区","townJa":"藤松","prefectureEn":"MIYAGI KEN","cityEn":"SENDAI SHI AOBA KU","townEn":"FUJIMATSU"},"9810922":{"prefectureJa":"宮城県","cityJa":"仙台市青葉区","townJa":"鷺ケ森","prefectureEn":"MIYAGI KEN","cityEn":"SENDAI SHI AOBA KU","townEn":"SAGIGAMORI"},"9810923":{"prefectureJa":"宮城県","cityJa":"仙台市青葉区","townJa":"東勝山","prefectureEn":"MIYAGI KEN","cityEn":"SENDAI SHI AOBA KU","townEn":"HIGASHIKATSUYAMA"},"9810924":{"prefectureJa":"宮城県","cityJa":"仙台市青葉区","townJa":"双葉ケ丘","prefectureEn":"MIYAGI KEN","cityEn":"SENDAI SHI AOBA KU","townEn":"FUTABAGAOKA"},"9810931":{"prefectureJa":"宮城県","cityJa":"仙台市青葉区","townJa":"北山","prefectureEn":"MIYAGI KEN","cityEn":"SENDAI SHI AOBA KU","townEn":"KITAYAMA"},"9810932":{"prefectureJa":"宮城県","cityJa":"仙台市青葉区","townJa":"木町","prefectureEn":"MIYAGI KEN","cityEn":"SENDAI SHI AOBA KU","townEn":"KIMACHI"},"9810933":{"prefectureJa":"宮城県","cityJa":"仙台市青葉区","townJa":"柏木","prefectureEn":"MIYAGI KEN","cityEn":"SENDAI SHI AOBA KU","townEn":"KASHIWAGI"},"9810934":{"prefectureJa":"宮城県","cityJa":"仙台市青葉区","townJa":"新坂町","prefectureEn":"MIYAGI KEN","cityEn":"SENDAI SHI AOBA KU","townEn":"NIIZAKAMACHI"},"9810935":{"prefectureJa":"宮城県","cityJa":"仙台市青葉区","townJa":"三条町","prefectureEn":"MIYAGI KEN","cityEn":"SENDAI SHI AOBA KU","townEn":"SANJOMACHI"},"9810936":{"prefectureJa":"宮城県","cityJa":"仙台市青葉区","townJa":"千代田町","prefectureEn":"MIYAGI KEN","cityEn":"SENDAI SHI AOBA KU","townEn":"CHIYODAMACHI"},"9810941":{"prefectureJa":"宮城県","cityJa":"仙台市青葉区","townJa":"菊田町","prefectureEn":"MIYAGI KEN","cityEn":"SENDAI SHI AOBA KU","townEn":"KIKUTAMACHI"},"9810942":{"prefectureJa":"宮城県","cityJa":"仙台市青葉区","townJa":"貝ケ森","prefectureEn":"MIYAGI KEN","cityEn":"SENDAI SHI AOBA KU","townEn":"KAIGAMORI"},"9810943":{"prefectureJa":"宮城県","cityJa":"仙台市青葉区","townJa":"国見","prefectureEn":"MIYAGI KEN","cityEn":"SENDAI SHI AOBA KU","townEn":"KUNIMI"},"9810944":{"prefectureJa":"宮城県","cityJa":"仙台市青葉区","townJa":"子平町","prefectureEn":"MIYAGI KEN","cityEn":"SENDAI SHI AOBA KU","townEn":"SHIHEIMACHI"},"9810945":{"prefectureJa":"宮城県","cityJa":"仙台市青葉区","townJa":"荒巻（西雷神、仁田谷地、坊主門）","prefectureEn":"MIYAGI KEN","cityEn":"SENDAI SHI AOBA KU","townEn":"ARAMAKI(NISHIRAIJIN.NITAYACHI.BOZUM"},"9810951":{"prefectureJa":"宮城県","cityJa":"仙台市青葉区","townJa":"滝道","prefectureEn":"MIYAGI KEN","cityEn":"SENDAI SHI AOBA KU","townEn":"TAKIMICHI"},"9810952":{"prefectureJa":"宮城県","cityJa":"仙台市青葉区","townJa":"中山","prefectureEn":"MIYAGI KEN","cityEn":"SENDAI SHI AOBA KU","townEn":"NAKAYAMA"},"9810953":{"prefectureJa":"宮城県","cityJa":"仙台市青葉区","townJa":"西勝山","prefectureEn":"MIYAGI KEN","cityEn":"SENDAI SHI AOBA KU","townEn":"NISHIKATSUYAMA"},"9810954":{"prefectureJa":"宮城県","cityJa":"仙台市青葉区","townJa":"川平","prefectureEn":"MIYAGI KEN","cityEn":"SENDAI SHI AOBA KU","townEn":"KAWADAIRA"},"9810961":{"prefectureJa":"宮城県","cityJa":"仙台市青葉区","townJa":"桜ケ丘","prefectureEn":"MIYAGI KEN","cityEn":"SENDAI SHI AOBA KU","townEn":"SAKURAGAOKA"},"9810962":{"prefectureJa":"宮城県","cityJa":"仙台市青葉区","townJa":"水の森","prefectureEn":"MIYAGI KEN","cityEn":"SENDAI SHI AOBA KU","townEn":"MIZUNOMORI"},"9810963":{"prefectureJa":"宮城県","cityJa":"仙台市青葉区","townJa":"あけぼの町","prefectureEn":"MIYAGI KEN","cityEn":"SENDAI SHI AOBA KU","townEn":"AKEBONOMACHI"},"9810964":{"prefectureJa":"宮城県","cityJa":"仙台市青葉区","townJa":"荒巻中央","prefectureEn":"MIYAGI KEN","cityEn":"SENDAI SHI AOBA KU","townEn":"ARAMAKICHUO"},"9810965":{"prefectureJa":"宮城県","cityJa":"仙台市青葉区","townJa":"荒巻神明町","prefectureEn":"MIYAGI KEN","cityEn":"SENDAI SHI AOBA KU","townEn":"ARAMAKISHIMMEIMACHI"},"9810966":{"prefectureJa":"宮城県","cityJa":"仙台市青葉区","townJa":"荒巻本沢","prefectureEn":"MIYAGI KEN","cityEn":"SENDAI SHI AOBA KU","townEn":"ARAMAKIHONZAWA"},"9810967":{"prefectureJa":"宮城県","cityJa":"仙台市青葉区","townJa":"山手町","prefectureEn":"MIYAGI KEN","cityEn":"SENDAI SHI AOBA KU","townEn":"YAMATEMACHI"},"9811101":{"prefectureJa":"宮城県","cityJa":"仙台市太白区","townJa":"四郎丸","prefectureEn":"MIYAGI KEN","cityEn":"SENDAI SHI TAIHAKU KU","townEn":"SHIROMARU"},"9811102":{"prefectureJa":"宮城県","cityJa":"仙台市太白区","townJa":"袋原","prefectureEn":"MIYAGI KEN","cityEn":"SENDAI SHI TAIHAKU KU","townEn":"FUKUROBARA"},"9811103":{"prefectureJa":"宮城県","cityJa":"仙台市太白区","townJa":"中田町","prefectureEn":"MIYAGI KEN","cityEn":"SENDAI SHI TAIHAKU KU","townEn":"NAKADAMACHI"},"9811104":{"prefectureJa":"宮城県","cityJa":"仙台市太白区","townJa":"中田","prefectureEn":"MIYAGI KEN","cityEn":"SENDAI SHI TAIHAKU KU","townEn":"NAKADA"},"9811105":{"prefectureJa":"宮城県","cityJa":"仙台市太白区","townJa":"西中田","prefectureEn":"MIYAGI KEN","cityEn":"SENDAI SHI TAIHAKU KU","townEn":"NISHINAKADA"},"9811106":{"prefectureJa":"宮城県","cityJa":"仙台市太白区","townJa":"柳生","prefectureEn":"MIYAGI KEN","cityEn":"SENDAI SHI TAIHAKU KU","townEn":"YANAGIU"},"9811107":{"prefectureJa":"宮城県","cityJa":"仙台市太白区","townJa":"東中田","prefectureEn":"MIYAGI KEN","cityEn":"SENDAI SHI TAIHAKU KU","townEn":"HIGASHINAKADA"},"9811200":{"prefectureJa":"宮城県","cityJa":"名取市","townJa":"以下に掲載がない場合","prefectureEn":"MIYAGI KEN","cityEn":"NATORI SHI","townEn":"IKANIKEISAIGANAIBAAI"},"9811201":{"prefectureJa":"宮城県","cityJa":"名取市","townJa":"下増田（その他）","prefectureEn":"MIYAGI KEN","cityEn":"NATORI SHI","townEn":"SHIMOMASUDA(SONOTA)"},"9811202":{"prefectureJa":"宮城県","cityJa":"名取市","townJa":"閖上西","prefectureEn":"MIYAGI KEN","cityEn":"NATORI SHI","townEn":"YURIAGENISHI"},"9811203":{"prefectureJa":"宮城県","cityJa":"名取市","townJa":"閖上中央","prefectureEn":"MIYAGI KEN","cityEn":"NATORI SHI","townEn":"YURIAGECHUO"},"9811204":{"prefectureJa":"宮城県","cityJa":"名取市","townJa":"閖上東","prefectureEn":"MIYAGI KEN","cityEn":"NATORI SHI","townEn":"YURIAGEHIGASHI"},"9811211":{"prefectureJa":"宮城県","cityJa":"名取市","townJa":"高柳","prefectureEn":"MIYAGI KEN","cityEn":"NATORI SHI","townEn":"TAKAYANAGI"},"9811212":{"prefectureJa":"宮城県","cityJa":"名取市","townJa":"小塚原","prefectureEn":"MIYAGI KEN","cityEn":"NATORI SHI","townEn":"KOZUKAHARA"},"9811213":{"prefectureJa":"宮城県","cityJa":"名取市","townJa":"閖上","prefectureEn":"MIYAGI KEN","cityEn":"NATORI SHI","townEn":"YURIAGE"},"9811214":{"prefectureJa":"宮城県","cityJa":"名取市","townJa":"杉ケ袋","prefectureEn":"MIYAGI KEN","cityEn":"NATORI SHI","townEn":"SUGIGAFUKURO"},"9811215":{"prefectureJa":"宮城県","cityJa":"名取市","townJa":"牛野","prefectureEn":"MIYAGI KEN","cityEn":"NATORI SHI","townEn":"USHINO"},"9811216":{"prefectureJa":"宮城県","cityJa":"名取市","townJa":"大曲","prefectureEn":"MIYAGI KEN","cityEn":"NATORI SHI","townEn":"OMAGARI"},"9811217":{"prefectureJa":"宮城県","cityJa":"名取市","townJa":"美田園","prefectureEn":"MIYAGI KEN","cityEn":"NATORI SHI","townEn":"MITAZONO"},"9811218":{"prefectureJa":"宮城県","cityJa":"名取市","townJa":"美田園北","prefectureEn":"MIYAGI KEN","cityEn":"NATORI SHI","townEn":"MITAZONOKITA"},"9811221":{"prefectureJa":"宮城県","cityJa":"名取市","townJa":"田高","prefectureEn":"MIYAGI KEN","cityEn":"NATORI SHI","townEn":"TAKO"},"9811222":{"prefectureJa":"宮城県","cityJa":"名取市","townJa":"上余田","prefectureEn":"MIYAGI KEN","cityEn":"NATORI SHI","townEn":"KAMIYODEN"},"9811223":{"prefectureJa":"宮城県","cityJa":"名取市","townJa":"下余田","prefectureEn":"MIYAGI KEN","cityEn":"NATORI SHI","townEn":"SHIMOYODEN"},"9811224":{"prefectureJa":"宮城県","cityJa":"名取市","townJa":"増田","prefectureEn":"MIYAGI KEN","cityEn":"NATORI SHI","townEn":"MASUDA"},"9811225":{"prefectureJa":"宮城県","cityJa":"名取市","townJa":"飯野坂","prefectureEn":"MIYAGI KEN","cityEn":"NATORI SHI","townEn":"IINOZAKA"},"9811226":{"prefectureJa":"宮城県","cityJa":"名取市","townJa":"植松","prefectureEn":"MIYAGI KEN","cityEn":"NATORI SHI","townEn":"UEMATSU"},"9811227":{"prefectureJa":"宮城県","cityJa":"名取市","townJa":"杜せきのした","prefectureEn":"MIYAGI KEN","cityEn":"NATORI SHI","townEn":"MORISEKINOSHITA"},"9811228":{"prefectureJa":"宮城県","cityJa":"名取市","townJa":"飯野坂東","prefectureEn":"MIYAGI KEN","cityEn":"NATORI SHI","townEn":"IINOZAKAHIGASHI"},"9811230":{"prefectureJa":"宮城県","cityJa":"名取市","townJa":"愛の杜","prefectureEn":"MIYAGI KEN","cityEn":"NATORI SHI","townEn":"AINOMORI"},"9811231":{"prefectureJa":"宮城県","cityJa":"名取市","townJa":"手倉田","prefectureEn":"MIYAGI KEN","cityEn":"NATORI SHI","townEn":"TEKURADA"},"9811232":{"prefectureJa":"宮城県","cityJa":"名取市","townJa":"大手町","prefectureEn":"MIYAGI KEN","cityEn":"NATORI SHI","townEn":"OTEMACHI"},"9811233":{"prefectureJa":"宮城県","cityJa":"名取市","townJa":"小山","prefectureEn":"MIYAGI KEN","cityEn":"NATORI SHI","townEn":"OYAMA"},"9811234":{"prefectureJa":"宮城県","cityJa":"名取市","townJa":"箱塚","prefectureEn":"MIYAGI KEN","cityEn":"NATORI SHI","townEn":"HAKOZUKA"},"9811235":{"prefectureJa":"宮城県","cityJa":"名取市","townJa":"名取が丘","prefectureEn":"MIYAGI KEN","cityEn":"NATORI SHI","townEn":"NATORIGAOKA"},"9811236":{"prefectureJa":"宮城県","cityJa":"名取市","townJa":"愛島小豆島","prefectureEn":"MIYAGI KEN","cityEn":"NATORI SHI","townEn":"MEDESHIMA AZUKISHIMA"},"9811237":{"prefectureJa":"宮城県","cityJa":"名取市","townJa":"愛島北目","prefectureEn":"MIYAGI KEN","cityEn":"NATORI SHI","townEn":"MEDESHIMA KITAME"},"9811238":{"prefectureJa":"宮城県","cityJa":"名取市","townJa":"愛島笠島","prefectureEn":"MIYAGI KEN","cityEn":"NATORI SHI","townEn":"MEDESHIMA KASASHIMA"},"9811239":{"prefectureJa":"宮城県","cityJa":"名取市","townJa":"愛島塩手","prefectureEn":"MIYAGI KEN","cityEn":"NATORI SHI","townEn":"MEDESHIMA SHIOTE"},"9811240":{"prefectureJa":"宮城県","cityJa":"名取市","townJa":"愛島郷","prefectureEn":"MIYAGI KEN","cityEn":"NATORI SHI","townEn":"MEDESHIMANOSATO"},"9811241":{"prefectureJa":"宮城県","cityJa":"名取市","townJa":"高舘熊野堂","prefectureEn":"MIYAGI KEN","cityEn":"NATORI SHI","townEn":"TAKADATE KUMANODO"},"9811242":{"prefectureJa":"宮城県","cityJa":"名取市","townJa":"高舘吉田","prefectureEn":"MIYAGI KEN","cityEn":"NATORI SHI","townEn":"TAKADATE YOSHIDA"},"9811243":{"prefectureJa":"宮城県","cityJa":"名取市","townJa":"高舘川上","prefectureEn":"MIYAGI KEN","cityEn":"NATORI SHI","townEn":"TAKADATE KAWAKAMI"},"9811244":{"prefectureJa":"宮城県","cityJa":"名取市","townJa":"那智が丘","prefectureEn":"MIYAGI KEN","cityEn":"NATORI SHI","townEn":"NACHIGAOKA"},"9811245":{"prefectureJa":"宮城県","cityJa":"名取市","townJa":"ゆりが丘","prefectureEn":"MIYAGI KEN","cityEn":"NATORI SHI","townEn":"YURIGAOKA"},"9811246":{"prefectureJa":"宮城県","cityJa":"名取市","townJa":"相互台","prefectureEn":"MIYAGI KEN","cityEn":"NATORI SHI","townEn":"SOGODAI"},"9811247":{"prefectureJa":"宮城県","cityJa":"名取市","townJa":"みどり台","prefectureEn":"MIYAGI KEN","cityEn":"NATORI SHI","townEn":"MIDORIDAI"},"9811248":{"prefectureJa":"宮城県","cityJa":"名取市","townJa":"相互台東","prefectureEn":"MIYAGI KEN","cityEn":"NATORI SHI","townEn":"SOGODAIHIGASHI"},"9811251":{"prefectureJa":"宮城県","cityJa":"名取市","townJa":"愛島台","prefectureEn":"MIYAGI KEN","cityEn":"NATORI SHI","townEn":"MEDESHIMADAI"},"9811500":{"prefectureJa":"宮城県","cityJa":"角田市","townJa":"以下に掲載がない場合","prefectureEn":"MIYAGI KEN","cityEn":"KAKUDA SHI","townEn":"IKANIKEISAIGANAIBAAI"},"9811501":{"prefectureJa":"宮城県","cityJa":"角田市","townJa":"藤田","prefectureEn":"MIYAGI KEN","cityEn":"KAKUDA SHI","townEn":"FUJITA"},"9811502":{"prefectureJa":"宮城県","cityJa":"角田市","townJa":"尾山","prefectureEn":"MIYAGI KEN","cityEn":"KAKUDA SHI","townEn":"OYAMA"},"9811503":{"prefectureJa":"宮城県","cityJa":"角田市","townJa":"島田","prefectureEn":"MIYAGI KEN","cityEn":"KAKUDA SHI","townEn":"SHIMADA"},"9811504":{"prefectureJa":"宮城県","cityJa":"角田市","townJa":"枝野","prefectureEn":"MIYAGI KEN","cityEn":"KAKUDA SHI","townEn":"EDANO"},"9811505":{"prefectureJa":"宮城県","cityJa":"角田市","townJa":"角田","prefectureEn":"MIYAGI KEN","cityEn":"KAKUDA SHI","townEn":"KAKUDA"},"9811511":{"prefectureJa":"宮城県","cityJa":"角田市","townJa":"花島","prefectureEn":"MIYAGI KEN","cityEn":"KAKUDA SHI","townEn":"HANASHIMA"},"9811512":{"prefectureJa":"宮城県","cityJa":"角田市","townJa":"横倉","prefectureEn":"MIYAGI KEN","cityEn":"KAKUDA SHI","townEn":"YOKOKURA"},"9811513":{"prefectureJa":"宮城県","cityJa":"角田市","townJa":"豊室","prefectureEn":"MIYAGI KEN","cityEn":"KAKUDA SHI","townEn":"TOYOMURO"},"9811514":{"prefectureJa":"宮城県","cityJa":"角田市","townJa":"小田","prefectureEn":"MIYAGI KEN","cityEn":"KAKUDA SHI","townEn":"ODA"},"9811515":{"prefectureJa":"宮城県","cityJa":"角田市","townJa":"笠島","prefectureEn":"MIYAGI KEN","cityEn":"KAKUDA SHI","townEn":"KASASHIMA"},"9811516":{"prefectureJa":"宮城県","cityJa":"角田市","townJa":"高倉","prefectureEn":"MIYAGI KEN","cityEn":"KAKUDA SHI","townEn":"TAKAKURA"},"9811517":{"prefectureJa":"宮城県","cityJa":"角田市","townJa":"毛萱","prefectureEn":"MIYAGI KEN","cityEn":"KAKUDA SHI","townEn":"KEGAYA"},"9811518":{"prefectureJa":"宮城県","cityJa":"角田市","townJa":"稲置","prefectureEn":"MIYAGI KEN","cityEn":"KAKUDA SHI","townEn":"INAOKI"},"9811521":{"prefectureJa":"宮城県","cityJa":"角田市","townJa":"江尻","prefectureEn":"MIYAGI KEN","cityEn":"KAKUDA SHI","townEn":"EJIRI"},"9811522":{"prefectureJa":"宮城県","cityJa":"角田市","townJa":"佐倉","prefectureEn":"MIYAGI KEN","cityEn":"KAKUDA SHI","townEn":"SAKURA"},"9811523":{"prefectureJa":"宮城県","cityJa":"角田市","townJa":"梶賀","prefectureEn":"MIYAGI KEN","cityEn":"KAKUDA SHI","townEn":"KAJIKA"},"9811524":{"prefectureJa":"宮城県","cityJa":"角田市","townJa":"岡","prefectureEn":"MIYAGI KEN","cityEn":"KAKUDA SHI","townEn":"OKA"},"9811525":{"prefectureJa":"宮城県","cityJa":"角田市","townJa":"君萱","prefectureEn":"MIYAGI KEN","cityEn":"KAKUDA SHI","townEn":"KIMIGAYA"},"9811526":{"prefectureJa":"宮城県","cityJa":"角田市","townJa":"神次郎","prefectureEn":"MIYAGI KEN","cityEn":"KAKUDA SHI","townEn":"JINJIRO"},"9811531":{"prefectureJa":"宮城県","cityJa":"角田市","townJa":"鳩原","prefectureEn":"MIYAGI KEN","cityEn":"KAKUDA SHI","townEn":"HATOBARA"},"9811532":{"prefectureJa":"宮城県","cityJa":"角田市","townJa":"小坂","prefectureEn":"MIYAGI KEN","cityEn":"KAKUDA SHI","townEn":"OSAKA"},"9811533":{"prefectureJa":"宮城県","cityJa":"角田市","townJa":"平貫","prefectureEn":"MIYAGI KEN","cityEn":"KAKUDA SHI","townEn":"HIRANUKI"},"9811534":{"prefectureJa":"宮城県","cityJa":"角田市","townJa":"坂津田","prefectureEn":"MIYAGI KEN","cityEn":"KAKUDA SHI","townEn":"SAKATSUTA"},"9812100":{"prefectureJa":"宮城県","cityJa":"伊具郡丸森町","townJa":"以下に掲載がない場合","prefectureEn":"MIYAGI KEN","cityEn":"IGU GUN MARUMORI MACHI","townEn":"IKANIKEISAIGANAIBAAI"},"9812101":{"prefectureJa":"宮城県","cityJa":"伊具郡丸森町","townJa":"舘矢間木沼","prefectureEn":"MIYAGI KEN","cityEn":"IGU GUN MARUMORI MACHI","townEn":"TATEYAMAKINUMA"},"9812102":{"prefectureJa":"宮城県","cityJa":"伊具郡丸森町","townJa":"舘矢間舘山","prefectureEn":"MIYAGI KEN","cityEn":"IGU GUN MARUMORI MACHI","townEn":"TATEYAMATATEYAMA"},"9812103":{"prefectureJa":"宮城県","cityJa":"伊具郡丸森町","townJa":"舘矢間山田","prefectureEn":"MIYAGI KEN","cityEn":"IGU GUN MARUMORI MACHI","townEn":"TATEYAMAYAMADA"},"9812104":{"prefectureJa":"宮城県","cityJa":"伊具郡丸森町","townJa":"大舘","prefectureEn":"MIYAGI KEN","cityEn":"IGU GUN MARUMORI MACHI","townEn":"ODATE"},"9812105":{"prefectureJa":"宮城県","cityJa":"伊具郡丸森町","townJa":"舘矢間松掛","prefectureEn":"MIYAGI KEN","cityEn":"IGU GUN MARUMORI MACHI","townEn":"TATEYAMAMATSUKAKE"},"9812106":{"prefectureJa":"宮城県","cityJa":"伊具郡丸森町","townJa":"木沼","prefectureEn":"MIYAGI KEN","cityEn":"IGU GUN MARUMORI MACHI","townEn":"KINUMA"},"9812111":{"prefectureJa":"宮城県","cityJa":"伊具郡丸森町","townJa":"神明","prefectureEn":"MIYAGI KEN","cityEn":"IGU GUN MARUMORI MACHI","townEn":"SHIMMEIMINAMI"},"9812112":{"prefectureJa":"宮城県","cityJa":"伊具郡丸森町","townJa":"石渕","prefectureEn":"MIYAGI KEN","cityEn":"IGU GUN MARUMORI MACHI","townEn":"YAARAI"},"9812113":{"prefectureJa":"宮城県","cityJa":"伊具郡丸森町","townJa":"越田","prefectureEn":"MIYAGI KEN","cityEn":"IGU GUN MARUMORI MACHI","townEn":"MIYANOWAKI"},"9812114":{"prefectureJa":"宮城県","cityJa":"伊具郡丸森町","townJa":"赤堀","prefectureEn":"MIYAGI KEN","cityEn":"IGU GUN MARUMORI MACHI","townEn":"TENNO"},"9812115":{"prefectureJa":"宮城県","cityJa":"伊具郡丸森町","townJa":"稲場","prefectureEn":"MIYAGI KEN","cityEn":"IGU GUN MARUMORI MACHI","townEn":"YAMAGOYA"},"9812116":{"prefectureJa":"宮城県","cityJa":"伊具郡丸森町","townJa":"石倉","prefectureEn":"MIYAGI KEN","cityEn":"IGU GUN MARUMORI MACHI","townEn":"FUDO"},"9812117":{"prefectureJa":"宮城県","cityJa":"伊具郡丸森町","townJa":"上林東","prefectureEn":"MIYAGI KEN","cityEn":"IGU GUN MARUMORI MACHI","townEn":"WADANISHI"},"9812121":{"prefectureJa":"宮城県","cityJa":"伊具郡丸森町","townJa":"吉田","prefectureEn":"MIYAGI KEN","cityEn":"IGU GUN MARUMORI MACHI","townEn":"YOSHIDA"},"9812122":{"prefectureJa":"宮城県","cityJa":"伊具郡丸森町","townJa":"荒田","prefectureEn":"MIYAGI KEN","cityEn":"IGU GUN MARUMORI MACHI","townEn":"FUKUZAWAMAE"},"9812123":{"prefectureJa":"宮城県","cityJa":"伊具郡丸森町","townJa":"原場","prefectureEn":"MIYAGI KEN","cityEn":"IGU GUN MARUMORI MACHI","townEn":"YANAGIDA"},"9812124":{"prefectureJa":"宮城県","cityJa":"伊具郡丸森町","townJa":"切立","prefectureEn":"MIYAGI KEN","cityEn":"IGU GUN MARUMORI MACHI","townEn":"KUNUGIZUKA"},"9812125":{"prefectureJa":"宮城県","cityJa":"伊具郡丸森町","townJa":"深田上","prefectureEn":"MIYAGI KEN","cityEn":"IGU GUN MARUMORI MACHI","townEn":"FUKADASHIMO"},"9812126":{"prefectureJa":"宮城県","cityJa":"伊具郡丸森町","townJa":"梅木坂","prefectureEn":"MIYAGI KEN","cityEn":"IGU GUN MARUMORI MACHI","townEn":"KANEGASAKUMAE"},"9812127":{"prefectureJa":"宮城県","cityJa":"伊具郡丸森町","townJa":"中ノ内","prefectureEn":"MIYAGI KEN","cityEn":"IGU GUN MARUMORI MACHI","townEn":"NAKANOCHI"},"9812131":{"prefectureJa":"宮城県","cityJa":"伊具郡丸森町","townJa":"銀杏","prefectureEn":"MIYAGI KEN","cityEn":"IGU GUN MARUMORI MACHI","townEn":"BANJO"},"9812132":{"prefectureJa":"宮城県","cityJa":"伊具郡丸森町","townJa":"牛子","prefectureEn":"MIYAGI KEN","cityEn":"IGU GUN MARUMORI MACHI","townEn":"WARABIDAIRA"},"9812133":{"prefectureJa":"宮城県","cityJa":"伊具郡丸森町","townJa":"秋柴","prefectureEn":"MIYAGI KEN","cityEn":"IGU GUN MARUMORI MACHI","townEn":"YOEMUGI7"},"9812134":{"prefectureJa":"宮城県","cityJa":"伊具郡丸森町","townJa":"峠上","prefectureEn":"MIYAGI KEN","cityEn":"IGU GUN MARUMORI MACHI","townEn":"TOGEYOKOMUKI"},"9812141":{"prefectureJa":"宮城県","cityJa":"伊具郡丸森町","townJa":"板山","prefectureEn":"MIYAGI KEN","cityEn":"IGU GUN MARUMORI MACHI","townEn":"KOBOTA"},"9812142":{"prefectureJa":"宮城県","cityJa":"伊具郡丸森町","townJa":"飯泉","prefectureEn":"MIYAGI KEN","cityEn":"IGU GUN MARUMORI MACHI","townEn":"HINATAKAMI"},"9812143":{"prefectureJa":"宮城県","cityJa":"伊具郡丸森町","townJa":"虚空蔵上","prefectureEn":"MIYAGI KEN","cityEn":"IGU GUN MARUMORI MACHI","townEn":"KOKUZOSHIMO"},"9812144":{"prefectureJa":"宮城県","cityJa":"伊具郡丸森町","townJa":"大畑","prefectureEn":"MIYAGI KEN","cityEn":"IGU GUN MARUMORI MACHI","townEn":"YONAZAKA"},"9812145":{"prefectureJa":"宮城県","cityJa":"伊具郡丸森町","townJa":"川田島","prefectureEn":"MIYAGI KEN","cityEn":"IGU GUN MARUMORI MACHI","townEn":"GOHOMMATSU"},"9812146":{"prefectureJa":"宮城県","cityJa":"伊具郡丸森町","townJa":"欠入上","prefectureEn":"MIYAGI KEN","cityEn":"IGU GUN MARUMORI MACHI","townEn":"HIROMACHI"},"9812151":{"prefectureJa":"宮城県","cityJa":"伊具郡丸森町","townJa":"千刈場","prefectureEn":"MIYAGI KEN","cityEn":"IGU GUN MARUMORI MACHI","townEn":"SENGARIBA"},"9812152":{"prefectureJa":"宮城県","cityJa":"伊具郡丸森町","townJa":"鳥屋","prefectureEn":"MIYAGI KEN","cityEn":"IGU GUN MARUMORI MACHI","townEn":"HANADA"},"9812153":{"prefectureJa":"宮城県","cityJa":"伊具郡丸森町","townJa":"雁歌","prefectureEn":"MIYAGI KEN","cityEn":"IGU GUN MARUMORI MACHI","townEn":"KARIGA"},"9812154":{"prefectureJa":"宮城県","cityJa":"伊具郡丸森町","townJa":"大川口","prefectureEn":"MIYAGI KEN","cityEn":"IGU GUN MARUMORI MACHI","townEn":"OKAWAGUCHIMAE"},"9812155":{"prefectureJa":"宮城県","cityJa":"伊具郡丸森町","townJa":"片岸","prefectureEn":"MIYAGI KEN","cityEn":"IGU GUN MARUMORI MACHI","townEn":"YAMAZAKIMAE"},"9812156":{"prefectureJa":"宮城県","cityJa":"伊具郡丸森町","townJa":"うるし原","prefectureEn":"MIYAGI KEN","cityEn":"IGU GUN MARUMORI MACHI","townEn":"HISHIKAWAUCHI"},"9812161":{"prefectureJa":"宮城県","cityJa":"伊具郡丸森町","townJa":"除南","prefectureEn":"MIYAGI KEN","cityEn":"IGU GUN MARUMORI MACHI","townEn":"NOZOKIMINAMI"},"9812162":{"prefectureJa":"宮城県","cityJa":"伊具郡丸森町","townJa":"除北","prefectureEn":"MIYAGI KEN","cityEn":"IGU GUN MARUMORI MACHI","townEn":"NOZOKIKITA"},"9812163":{"prefectureJa":"宮城県","cityJa":"伊具郡丸森町","townJa":"除","prefectureEn":"MIYAGI KEN","cityEn":"IGU GUN MARUMORI MACHI","townEn":"NOZOKI"},"9812164":{"prefectureJa":"宮城県","cityJa":"伊具郡丸森町","townJa":"町東","prefectureEn":"MIYAGI KEN","cityEn":"IGU GUN MARUMORI MACHI","townEn":"MACHIHIGASHI"},"9812165":{"prefectureJa":"宮城県","cityJa":"伊具郡丸森町","townJa":"町西","prefectureEn":"MIYAGI KEN","cityEn":"IGU GUN MARUMORI MACHI","townEn":"MACHINISHI"},"9812166":{"prefectureJa":"宮城県","cityJa":"伊具郡丸森町","townJa":"高畑","prefectureEn":"MIYAGI KEN","cityEn":"IGU GUN MARUMORI MACHI","townEn":"TAKABATAKE"},"9812167":{"prefectureJa":"宮城県","cityJa":"伊具郡丸森町","townJa":"田町南","prefectureEn":"MIYAGI KEN","cityEn":"IGU GUN MARUMORI MACHI","townEn":"TAMACHIMINAMI"},"9812168":{"prefectureJa":"宮城県","cityJa":"伊具郡丸森町","townJa":"田町北","prefectureEn":"MIYAGI KEN","cityEn":"IGU GUN MARUMORI MACHI","townEn":"TAMACHIKITA"},"9812171":{"prefectureJa":"宮城県","cityJa":"伊具郡丸森町","townJa":"下滝","prefectureEn":"MIYAGI KEN","cityEn":"IGU GUN MARUMORI MACHI","townEn":"FUNABA"},"9812172":{"prefectureJa":"宮城県","cityJa":"伊具郡丸森町","townJa":"敷文東","prefectureEn":"MIYAGI KEN","cityEn":"IGU GUN MARUMORI MACHI","townEn":"YURISAWA"},"9812173":{"prefectureJa":"宮城県","cityJa":"伊具郡丸森町","townJa":"天炉","prefectureEn":"MIYAGI KEN","cityEn":"IGU GUN MARUMORI MACHI","townEn":"YAMADASHIMO"},"9812174":{"prefectureJa":"宮城県","cityJa":"伊具郡丸森町","townJa":"岡巻","prefectureEn":"MIYAGI KEN","cityEn":"IGU GUN MARUMORI MACHI","townEn":"SUNANOIRI"},"9812181":{"prefectureJa":"宮城県","cityJa":"伊具郡丸森町","townJa":"子安","prefectureEn":"MIYAGI KEN","cityEn":"IGU GUN MARUMORI MACHI","townEn":"MAWARIGURA"},"9812182":{"prefectureJa":"宮城県","cityJa":"伊具郡丸森町","townJa":"覆盆子原","prefectureEn":"MIYAGI KEN","cityEn":"IGU GUN MARUMORI MACHI","townEn":"OGANO"},"9812183":{"prefectureJa":"宮城県","cityJa":"伊具郡丸森町","townJa":"石釜","prefectureEn":"MIYAGI KEN","cityEn":"IGU GUN MARUMORI MACHI","townEn":"YASHIKIMAE"},"9812184":{"prefectureJa":"宮城県","cityJa":"伊具郡丸森町","townJa":"笠松","prefectureEn":"MIYAGI KEN","cityEn":"IGU GUN MARUMORI MACHI","townEn":"MORI"},"9812185":{"prefectureJa":"宮城県","cityJa":"伊具郡丸森町","townJa":"椚林","prefectureEn":"MIYAGI KEN","cityEn":"IGU GUN MARUMORI MACHI","townEn":"HIUCHIISHI"},"9812186":{"prefectureJa":"宮城県","cityJa":"伊具郡丸森町","townJa":"小坊木南","prefectureEn":"MIYAGI KEN","cityEn":"IGU GUN MARUMORI MACHI","townEn":"HAYASAKA"},"9812187":{"prefectureJa":"宮城県","cityJa":"伊具郡丸森町","townJa":"荒屋敷","prefectureEn":"MIYAGI KEN","cityEn":"IGU GUN MARUMORI MACHI","townEn":"MIZUSAWA"},"9812201":{"prefectureJa":"宮城県","cityJa":"伊具郡丸森町","townJa":"筆甫","prefectureEn":"MIYAGI KEN","cityEn":"IGU GUN MARUMORI MACHI","townEn":"HIPPO"},"9812301":{"prefectureJa":"宮城県","cityJa":"伊具郡丸森町","townJa":"大張大蔵","prefectureEn":"MIYAGI KEN","cityEn":"IGU GUN MARUMORI MACHI","townEn":"OHARIOKURA"},"9812302":{"prefectureJa":"宮城県","cityJa":"伊具郡丸森町","townJa":"大張川張","prefectureEn":"MIYAGI KEN","cityEn":"IGU GUN MARUMORI MACHI","townEn":"OHARIKAWAHARI"},"9812303":{"prefectureJa":"宮城県","cityJa":"伊具郡丸森町","townJa":"耕野","prefectureEn":"MIYAGI KEN","cityEn":"IGU GUN MARUMORI MACHI","townEn":"KOYA"},"9812401":{"prefectureJa":"宮城県","cityJa":"伊具郡丸森町","townJa":"小斎","prefectureEn":"MIYAGI KEN","cityEn":"IGU GUN MARUMORI MACHI","townEn":"KOSAI"},"9812402":{"prefectureJa":"宮城県","cityJa":"伊具郡丸森町","townJa":"金山","prefectureEn":"MIYAGI KEN","cityEn":"IGU GUN MARUMORI MACHI","townEn":"KANEYAMA"},"9812501":{"prefectureJa":"宮城県","cityJa":"伊具郡丸森町","townJa":"大内","prefectureEn":"MIYAGI KEN","cityEn":"IGU GUN MARUMORI MACHI","townEn":"OUCHI"},"9813100":{"prefectureJa":"宮城県","cityJa":"仙台市泉区","townJa":"以下に掲載がない場合","prefectureEn":"MIYAGI KEN","cityEn":"SENDAI SHI IZUMI KU","townEn":"IKANIKEISAIGANAIBAAI"},"9813101":{"prefectureJa":"宮城県","cityJa":"仙台市泉区","townJa":"明石南","prefectureEn":"MIYAGI KEN","cityEn":"SENDAI SHI IZUMI KU","townEn":"AKAISHIMINAMI"},"9813102":{"prefectureJa":"宮城県","cityJa":"仙台市泉区","townJa":"向陽台","prefectureEn":"MIYAGI KEN","cityEn":"SENDAI SHI IZUMI KU","townEn":"KOYODAI"},"9813103":{"prefectureJa":"宮城県","cityJa":"仙台市泉区","townJa":"山の寺","prefectureEn":"MIYAGI KEN","cityEn":"SENDAI SHI IZUMI KU","townEn":"YAMANOTERA"},"9813104":{"prefectureJa":"宮城県","cityJa":"仙台市泉区","townJa":"永和台","prefectureEn":"MIYAGI KEN","cityEn":"SENDAI SHI IZUMI KU","townEn":"EIWADAI"},"9813105":{"prefectureJa":"宮城県","cityJa":"仙台市泉区","townJa":"天神沢","prefectureEn":"MIYAGI KEN","cityEn":"SENDAI SHI IZUMI KU","townEn":"TENJINZAWA"},"9813106":{"prefectureJa":"宮城県","cityJa":"仙台市泉区","townJa":"歩坂町","prefectureEn":"MIYAGI KEN","cityEn":"SENDAI SHI IZUMI KU","townEn":"HOSAKACHO"},"9813107":{"prefectureJa":"宮城県","cityJa":"仙台市泉区","townJa":"本田町","prefectureEn":"MIYAGI KEN","cityEn":"SENDAI SHI IZUMI KU","townEn":"HONDACHO"},"9813108":{"prefectureJa":"宮城県","cityJa":"仙台市泉区","townJa":"松陵","prefectureEn":"MIYAGI KEN","cityEn":"SENDAI SHI IZUMI KU","townEn":"SHORYO"},"9813109":{"prefectureJa":"宮城県","cityJa":"仙台市泉区","townJa":"鶴が丘","prefectureEn":"MIYAGI KEN","cityEn":"SENDAI SHI IZUMI KU","townEn":"TSURUGAOKA"},"9813111":{"prefectureJa":"宮城県","cityJa":"仙台市泉区","townJa":"松森","prefectureEn":"MIYAGI KEN","cityEn":"SENDAI SHI IZUMI KU","townEn":"MATSUMORI"},"9813112":{"prefectureJa":"宮城県","cityJa":"仙台市泉区","townJa":"八乙女","prefectureEn":"MIYAGI KEN","cityEn":"SENDAI SHI IZUMI KU","townEn":"YAOTOME"},"9813113":{"prefectureJa":"宮城県","cityJa":"仙台市泉区","townJa":"真美沢","prefectureEn":"MIYAGI KEN","cityEn":"SENDAI SHI IZUMI KU","townEn":"MAMISAWA"},"9813114":{"prefectureJa":"宮城県","cityJa":"仙台市泉区","townJa":"友愛町","prefectureEn":"MIYAGI KEN","cityEn":"SENDAI SHI IZUMI KU","townEn":"YUAICHO"},"9813115":{"prefectureJa":"宮城県","cityJa":"仙台市泉区","townJa":"愛隣町","prefectureEn":"MIYAGI KEN","cityEn":"SENDAI SHI IZUMI KU","townEn":"AIRINCHO"},"9813116":{"prefectureJa":"宮城県","cityJa":"仙台市泉区","townJa":"高玉町","prefectureEn":"MIYAGI KEN","cityEn":"SENDAI SHI IZUMI KU","townEn":"TAKADAMACHO"},"9813117":{"prefectureJa":"宮城県","cityJa":"仙台市泉区","townJa":"市名坂","prefectureEn":"MIYAGI KEN","cityEn":"SENDAI SHI IZUMI KU","townEn":"ICHINAZAKA"},"9813121":{"prefectureJa":"宮城県","cityJa":"仙台市泉区","townJa":"上谷刈","prefectureEn":"MIYAGI KEN","cityEn":"SENDAI SHI IZUMI KU","townEn":"KAMIYAGARI"},"9813122":{"prefectureJa":"宮城県","cityJa":"仙台市泉区","townJa":"加茂","prefectureEn":"MIYAGI KEN","cityEn":"SENDAI SHI IZUMI KU","townEn":"KAMO"},"9813123":{"prefectureJa":"宮城県","cityJa":"仙台市泉区","townJa":"古内","prefectureEn":"MIYAGI KEN","cityEn":"SENDAI SHI IZUMI KU","townEn":"FURUCHI"},"9813124":{"prefectureJa":"宮城県","cityJa":"仙台市泉区","townJa":"野村","prefectureEn":"MIYAGI KEN","cityEn":"SENDAI SHI IZUMI KU","townEn":"NOMURA"},"9813125":{"prefectureJa":"宮城県","cityJa":"仙台市泉区","townJa":"みずほ台","prefectureEn":"MIYAGI KEN","cityEn":"SENDAI SHI IZUMI KU","townEn":"MIZUHODAI"},"9813126":{"prefectureJa":"宮城県","cityJa":"仙台市泉区","townJa":"泉中央南","prefectureEn":"MIYAGI KEN","cityEn":"SENDAI SHI IZUMI KU","townEn":"IZUMICHUOMINAMI"},"9813131":{"prefectureJa":"宮城県","cityJa":"仙台市泉区","townJa":"七北田","prefectureEn":"MIYAGI KEN","cityEn":"SENDAI SHI IZUMI KU","townEn":"NANAKITA"},"9813132":{"prefectureJa":"宮城県","cityJa":"仙台市泉区","townJa":"将監","prefectureEn":"MIYAGI KEN","cityEn":"SENDAI SHI IZUMI KU","townEn":"SHOGEN"},"9813133":{"prefectureJa":"宮城県","cityJa":"仙台市泉区","townJa":"泉中央","prefectureEn":"MIYAGI KEN","cityEn":"SENDAI SHI IZUMI KU","townEn":"IZUMICHUO"},"9813134":{"prefectureJa":"宮城県","cityJa":"仙台市泉区","townJa":"桂","prefectureEn":"MIYAGI KEN","cityEn":"SENDAI SHI IZUMI KU","townEn":"KATSURA"},"9813135":{"prefectureJa":"宮城県","cityJa":"仙台市泉区","townJa":"八乙女中央","prefectureEn":"MIYAGI KEN","cityEn":"SENDAI SHI IZUMI KU","townEn":"YAOTOMECHUO"},"9813136":{"prefectureJa":"宮城県","cityJa":"仙台市泉区","townJa":"将監殿","prefectureEn":"MIYAGI KEN","cityEn":"SENDAI SHI IZUMI KU","townEn":"SHOGENTONO"},"9813137":{"prefectureJa":"宮城県","cityJa":"仙台市泉区","townJa":"大沢","prefectureEn":"MIYAGI KEN","cityEn":"SENDAI SHI IZUMI KU","townEn":"OSAWA"},"9813201":{"prefectureJa":"宮城県","cityJa":"仙台市泉区","townJa":"泉ケ丘","prefectureEn":"MIYAGI KEN","cityEn":"SENDAI SHI IZUMI KU","townEn":"IZUMIGAOKA"},"9813202":{"prefectureJa":"宮城県","cityJa":"仙台市泉区","townJa":"北高森","prefectureEn":"MIYAGI KEN","cityEn":"SENDAI SHI IZUMI KU","townEn":"KITATAKAMORI"},"9813203":{"prefectureJa":"宮城県","cityJa":"仙台市泉区","townJa":"高森","prefectureEn":"MIYAGI KEN","cityEn":"SENDAI SHI IZUMI KU","townEn":"TAKAMORI"},"9813204":{"prefectureJa":"宮城県","cityJa":"仙台市泉区","townJa":"寺岡","prefectureEn":"MIYAGI KEN","cityEn":"SENDAI SHI IZUMI KU","townEn":"TERAOKA"},"9813205":{"prefectureJa":"宮城県","cityJa":"仙台市泉区","townJa":"紫山","prefectureEn":"MIYAGI KEN","cityEn":"SENDAI SHI IZUMI KU","townEn":"MURASAKIYAMA"},"9813206":{"prefectureJa":"宮城県","cityJa":"仙台市泉区","townJa":"明通","prefectureEn":"MIYAGI KEN","cityEn":"SENDAI SHI IZUMI KU","townEn":"AKEDORI"},"9813211":{"prefectureJa":"宮城県","cityJa":"仙台市泉区","townJa":"長命ケ丘東","prefectureEn":"MIYAGI KEN","cityEn":"SENDAI SHI IZUMI KU","townEn":"CHOMEIGAOKAHIGASHI"},"9813212":{"prefectureJa":"宮城県","cityJa":"仙台市泉区","townJa":"長命ケ丘","prefectureEn":"MIYAGI KEN","cityEn":"SENDAI SHI IZUMI KU","townEn":"CHOMEIGAOKA"},"9813213":{"prefectureJa":"宮城県","cityJa":"仙台市泉区","townJa":"南中山","prefectureEn":"MIYAGI KEN","cityEn":"SENDAI SHI IZUMI KU","townEn":"MINAMINAKAYAMA"},"9813214":{"prefectureJa":"宮城県","cityJa":"仙台市泉区","townJa":"館","prefectureEn":"MIYAGI KEN","cityEn":"SENDAI SHI IZUMI KU","townEn":"YAKATA"},"9813215":{"prefectureJa":"宮城県","cityJa":"仙台市泉区","townJa":"北中山","prefectureEn":"MIYAGI KEN","cityEn":"SENDAI SHI IZUMI KU","townEn":"KITANAKAYAMA"},"9813216":{"prefectureJa":"宮城県","cityJa":"仙台市泉区","townJa":"小角","prefectureEn":"MIYAGI KEN","cityEn":"SENDAI SHI IZUMI KU","townEn":"OGAKU"},"9813217":{"prefectureJa":"宮城県","cityJa":"仙台市泉区","townJa":"実沢","prefectureEn":"MIYAGI KEN","cityEn":"SENDAI SHI IZUMI KU","townEn":"SANEZAWA"},"9813218":{"prefectureJa":"宮城県","cityJa":"仙台市泉区","townJa":"西中山","prefectureEn":"MIYAGI KEN","cityEn":"SENDAI SHI IZUMI KU","townEn":"NISHINAKAYAMA"},"9813221":{"prefectureJa":"宮城県","cityJa":"仙台市泉区","townJa":"根白石","prefectureEn":"MIYAGI KEN","cityEn":"SENDAI SHI IZUMI KU","townEn":"NENOSHIROISHI"},"9813222":{"prefectureJa":"宮城県","cityJa":"仙台市泉区","townJa":"住吉台東","prefectureEn":"MIYAGI KEN","cityEn":"SENDAI SHI IZUMI KU","townEn":"SUMIYOSHIDAIHIGASHI"},"9813223":{"prefectureJa":"宮城県","cityJa":"仙台市泉区","townJa":"住吉台西","prefectureEn":"MIYAGI KEN","cityEn":"SENDAI SHI IZUMI KU","townEn":"SUMIYOSHIDAINISHI"},"9813224":{"prefectureJa":"宮城県","cityJa":"仙台市泉区","townJa":"西田中","prefectureEn":"MIYAGI KEN","cityEn":"SENDAI SHI IZUMI KU","townEn":"NISHITANAKA"},"9813225":{"prefectureJa":"宮城県","cityJa":"仙台市泉区","townJa":"福岡","prefectureEn":"MIYAGI KEN","cityEn":"SENDAI SHI IZUMI KU","townEn":"FUKUOKA"},"9813226":{"prefectureJa":"宮城県","cityJa":"仙台市泉区","townJa":"朴沢","prefectureEn":"MIYAGI KEN","cityEn":"SENDAI SHI IZUMI KU","townEn":"HOZAWA"},"9813227":{"prefectureJa":"宮城県","cityJa":"仙台市泉区","townJa":"朝日","prefectureEn":"MIYAGI KEN","cityEn":"SENDAI SHI IZUMI KU","townEn":"ASAHI"},"9813271":{"prefectureJa":"宮城県","cityJa":"黒川郡大和町","townJa":"学苑","prefectureEn":"MIYAGI KEN","cityEn":"KUROKAWA GUN TAIWA CHO","townEn":"GAKUEN"},"9813300":{"prefectureJa":"宮城県","cityJa":"富谷市","townJa":"以下に掲載がない場合","prefectureEn":"MIYAGI KEN","cityEn":"TOMIYA SHI","townEn":"IKANIKEISAIGANAIBAAI"},"9813301":{"prefectureJa":"宮城県","cityJa":"富谷市","townJa":"志戸田","prefectureEn":"MIYAGI KEN","cityEn":"TOMIYA SHI","townEn":"SHITODA"},"9813302":{"prefectureJa":"宮城県","cityJa":"富谷市","townJa":"三ノ関","prefectureEn":"MIYAGI KEN","cityEn":"TOMIYA SHI","townEn":"SANNOSEKI"},"9813303":{"prefectureJa":"宮城県","cityJa":"富谷市","townJa":"太子堂","prefectureEn":"MIYAGI KEN","cityEn":"TOMIYA SHI","townEn":"TAISHIDO"},"9813304":{"prefectureJa":"宮城県","cityJa":"富谷市","townJa":"ひより台","prefectureEn":"MIYAGI KEN","cityEn":"TOMIYA SHI","townEn":"HIYORIDAI"},"9813305":{"prefectureJa":"宮城県","cityJa":"富谷市","townJa":"一ノ関","prefectureEn":"MIYAGI KEN","cityEn":"TOMIYA SHI","townEn":"ICHINOSEKI"},"9813306":{"prefectureJa":"宮城県","cityJa":"富谷市","townJa":"二ノ関","prefectureEn":"MIYAGI KEN","cityEn":"TOMIYA SHI","townEn":"NINOSEKI"},"9813311":{"prefectureJa":"宮城県","cityJa":"富谷市","townJa":"富谷","prefectureEn":"MIYAGI KEN","cityEn":"TOMIYA SHI","townEn":"TOMIYA"},"9813312":{"prefectureJa":"宮城県","cityJa":"富谷市","townJa":"とちの木","prefectureEn":"MIYAGI KEN","cityEn":"TOMIYA SHI","townEn":"TOCHINOKI"},"9813313":{"prefectureJa":"宮城県","cityJa":"富谷市","townJa":"高屋敷","prefectureEn":"MIYAGI KEN","cityEn":"TOMIYA SHI","townEn":"TAKAYASHIKI"},"9813321":{"prefectureJa":"宮城県","cityJa":"富谷市","townJa":"大童","prefectureEn":"MIYAGI KEN","cityEn":"TOMIYA SHI","townEn":"OWARA"},"9813322":{"prefectureJa":"宮城県","cityJa":"富谷市","townJa":"今泉","prefectureEn":"MIYAGI KEN","cityEn":"TOMIYA SHI","townEn":"IMAIZUMI"},"9813323":{"prefectureJa":"宮城県","cityJa":"富谷市","townJa":"大亀","prefectureEn":"MIYAGI KEN","cityEn":"TOMIYA SHI","townEn":"OGAME"},"9813324":{"prefectureJa":"宮城県","cityJa":"富谷市","townJa":"西成田","prefectureEn":"MIYAGI KEN","cityEn":"TOMIYA SHI","townEn":"NISHINARITA"},"9813325":{"prefectureJa":"宮城県","cityJa":"富谷市","townJa":"石積","prefectureEn":"MIYAGI KEN","cityEn":"TOMIYA SHI","townEn":"ISHIZUMORI"},"9813326":{"prefectureJa":"宮城県","cityJa":"富谷市","townJa":"明石","prefectureEn":"MIYAGI KEN","cityEn":"TOMIYA SHI","townEn":"AKAISHI"},"9813327":{"prefectureJa":"宮城県","cityJa":"富谷市","townJa":"穀田","prefectureEn":"MIYAGI KEN","cityEn":"TOMIYA SHI","townEn":"KOKUDA"},"9813328":{"prefectureJa":"宮城県","cityJa":"富谷市","townJa":"上桜木","prefectureEn":"MIYAGI KEN","cityEn":"TOMIYA SHI","townEn":"KAMISAKURAGI"},"9813329":{"prefectureJa":"宮城県","cityJa":"富谷市","townJa":"大清水","prefectureEn":"MIYAGI KEN","cityEn":"TOMIYA SHI","townEn":"OSHIMIZU"},"9813331":{"prefectureJa":"宮城県","cityJa":"富谷市","townJa":"東向陽台","prefectureEn":"MIYAGI KEN","cityEn":"TOMIYA SHI","townEn":"HIGASHIKOYODAI"},"9813332":{"prefectureJa":"宮城県","cityJa":"富谷市","townJa":"明石台","prefectureEn":"MIYAGI KEN","cityEn":"TOMIYA SHI","townEn":"AKAISHIDAI"},"9813341":{"prefectureJa":"宮城県","cityJa":"富谷市","townJa":"成田","prefectureEn":"MIYAGI KEN","cityEn":"TOMIYA SHI","townEn":"NARITA"},"9813351":{"prefectureJa":"宮城県","cityJa":"富谷市","townJa":"鷹乃杜","prefectureEn":"MIYAGI KEN","cityEn":"TOMIYA SHI","townEn":"TAKANOMORI"},"9813352":{"prefectureJa":"宮城県","cityJa":"富谷市","townJa":"富ケ丘","prefectureEn":"MIYAGI KEN","cityEn":"TOMIYA SHI","townEn":"TOMIGAOKA"},"9813361":{"prefectureJa":"宮城県","cityJa":"富谷市","townJa":"あけの平","prefectureEn":"MIYAGI KEN","cityEn":"TOMIYA SHI","townEn":"AKENODAIRA"},"9813362":{"prefectureJa":"宮城県","cityJa":"富谷市","townJa":"日吉台","prefectureEn":"MIYAGI KEN","cityEn":"TOMIYA SHI","townEn":"HIYOSHIDAI"},"9813363":{"prefectureJa":"宮城県","cityJa":"富谷市","townJa":"杜乃橋","prefectureEn":"MIYAGI KEN","cityEn":"TOMIYA SHI","townEn":"MORINOHASHI"},"9813401":{"prefectureJa":"宮城県","cityJa":"黒川郡大和町","townJa":"落合三ケ内","prefectureEn":"MIYAGI KEN","cityEn":"KUROKAWA GUN TAIWA CHO","townEn":"OCHIAI SANGAUCHI"},"9813402":{"prefectureJa":"宮城県","cityJa":"黒川郡大和町","townJa":"落合報恩寺","prefectureEn":"MIYAGI KEN","cityEn":"KUROKAWA GUN TAIWA CHO","townEn":"OCHIAI HOONJI"},"9813403":{"prefectureJa":"宮城県","cityJa":"黒川郡大和町","townJa":"落合桧和田","prefectureEn":"MIYAGI KEN","cityEn":"KUROKAWA GUN TAIWA CHO","townEn":"OCHIAI HIWADA"},"9813404":{"prefectureJa":"宮城県","cityJa":"黒川郡大和町","townJa":"落合相川","prefectureEn":"MIYAGI KEN","cityEn":"KUROKAWA GUN TAIWA CHO","townEn":"OCHIAI AIKAWA"},"9813405":{"prefectureJa":"宮城県","cityJa":"黒川郡大和町","townJa":"落合舞野","prefectureEn":"MIYAGI KEN","cityEn":"KUROKAWA GUN TAIWA CHO","townEn":"OCHIAI MAINO"},"9813406":{"prefectureJa":"宮城県","cityJa":"黒川郡大和町","townJa":"落合蒜袋","prefectureEn":"MIYAGI KEN","cityEn":"KUROKAWA GUN TAIWA CHO","townEn":"OCHIAI HIRUBUKURO"},"9813407":{"prefectureJa":"宮城県","cityJa":"黒川郡大和町","townJa":"落合松坂","prefectureEn":"MIYAGI KEN","cityEn":"KUROKAWA GUN TAIWA CHO","townEn":"OCHIAI MATSUSAKA"},"9813408":{"prefectureJa":"宮城県","cityJa":"黒川郡大和町","townJa":"松坂平","prefectureEn":"MIYAGI KEN","cityEn":"KUROKAWA GUN TAIWA CHO","townEn":"MATSUSAKADAIRA"},"9813409":{"prefectureJa":"宮城県","cityJa":"黒川郡大和町","townJa":"流通平","prefectureEn":"MIYAGI KEN","cityEn":"KUROKAWA GUN TAIWA CHO","townEn":"RYUTSUDAIRA"},"9813411":{"prefectureJa":"宮城県","cityJa":"黒川郡大和町","townJa":"鶴巣大平","prefectureEn":"MIYAGI KEN","cityEn":"KUROKAWA GUN TAIWA CHO","townEn":"TSURUSU ODAIRA"},"9813412":{"prefectureJa":"宮城県","cityJa":"黒川郡大和町","townJa":"鶴巣鳥屋","prefectureEn":"MIYAGI KEN","cityEn":"KUROKAWA GUN TAIWA CHO","townEn":"TSURUSU TOYA"},"9813413":{"prefectureJa":"宮城県","cityJa":"黒川郡大和町","townJa":"鶴巣幕柳","prefectureEn":"MIYAGI KEN","cityEn":"KUROKAWA GUN TAIWA CHO","townEn":"TSURUSU MAKUYANAGI"},"9813414":{"prefectureJa":"宮城県","cityJa":"黒川郡大和町","townJa":"鶴巣太田","prefectureEn":"MIYAGI KEN","cityEn":"KUROKAWA GUN TAIWA CHO","townEn":"TSURUSU OTA"},"9813415":{"prefectureJa":"宮城県","cityJa":"黒川郡大和町","townJa":"鶴巣小鶴沢","prefectureEn":"MIYAGI KEN","cityEn":"KUROKAWA GUN TAIWA CHO","townEn":"TSURUSU OZURUSAWA"},"9813416":{"prefectureJa":"宮城県","cityJa":"黒川郡大和町","townJa":"鶴巣山田","prefectureEn":"MIYAGI KEN","cityEn":"KUROKAWA GUN TAIWA CHO","townEn":"TSURUSU YAMADA"},"9813417":{"prefectureJa":"宮城県","cityJa":"黒川郡大和町","townJa":"鶴巣北目大崎","prefectureEn":"MIYAGI KEN","cityEn":"KUROKAWA GUN TAIWA CHO","townEn":"TSURUSU KITAMEOSAKI"},"9813418":{"prefectureJa":"宮城県","cityJa":"黒川郡大和町","townJa":"鶴巣下草","prefectureEn":"MIYAGI KEN","cityEn":"KUROKAWA GUN TAIWA CHO","townEn":"TSURUSU SHIMOKUSA"},"9813419":{"prefectureJa":"宮城県","cityJa":"黒川郡大和町","townJa":"まいの","prefectureEn":"MIYAGI KEN","cityEn":"KUROKAWA GUN TAIWA CHO","townEn":"MAINO"},"9813500":{"prefectureJa":"宮城県","cityJa":"黒川郡大郷町","townJa":"以下に掲載がない場合","prefectureEn":"MIYAGI KEN","cityEn":"KUROKAWA GUN OSATO CHO","townEn":"IKANIKEISAIGANAIBAAI"},"9813501":{"prefectureJa":"宮城県","cityJa":"黒川郡大郷町","townJa":"大松沢","prefectureEn":"MIYAGI KEN","cityEn":"KUROKAWA GUN OSATO CHO","townEn":"OMATSUZAWA"},"9813502":{"prefectureJa":"宮城県","cityJa":"黒川郡大郷町","townJa":"粕川","prefectureEn":"MIYAGI KEN","cityEn":"KUROKAWA GUN OSATO CHO","townEn":"KASUKAWA"},"9813503":{"prefectureJa":"宮城県","cityJa":"黒川郡大郷町","townJa":"石原","prefectureEn":"MIYAGI KEN","cityEn":"KUROKAWA GUN OSATO CHO","townEn":"ISHIBARA"},"9813511":{"prefectureJa":"宮城県","cityJa":"黒川郡大郷町","townJa":"山崎","prefectureEn":"MIYAGI KEN","cityEn":"KUROKAWA GUN OSATO CHO","townEn":"YAMASAKI"},"9813512":{"prefectureJa":"宮城県","cityJa":"黒川郡大郷町","townJa":"不来内","prefectureEn":"MIYAGI KEN","cityEn":"KUROKAWA GUN OSATO CHO","townEn":"KOZUNAI"},"9813513":{"prefectureJa":"宮城県","cityJa":"黒川郡大郷町","townJa":"味明","prefectureEn":"MIYAGI KEN","cityEn":"KUROKAWA GUN OSATO CHO","townEn":"MIAKE"},"9813514":{"prefectureJa":"宮城県","cityJa":"黒川郡大郷町","townJa":"川内","prefectureEn":"MIYAGI KEN","cityEn":"KUROKAWA GUN OSATO CHO","townEn":"KAWAUCHI"},"9813515":{"prefectureJa":"宮城県","cityJa":"黒川郡大郷町","townJa":"羽生","prefectureEn":"MIYAGI KEN","cityEn":"KUROKAWA GUN OSATO CHO","townEn":"HANYU"},"9813521":{"prefectureJa":"宮城県","cityJa":"黒川郡大郷町","townJa":"中村","prefectureEn":"MIYAGI KEN","cityEn":"KUROKAWA GUN OSATO CHO","townEn":"NAKAMURA"},"9813522":{"prefectureJa":"宮城県","cityJa":"黒川郡大郷町","townJa":"東成田","prefectureEn":"MIYAGI KEN","cityEn":"KUROKAWA GUN OSATO CHO","townEn":"HIGASHINARITA"},"9813523":{"prefectureJa":"宮城県","cityJa":"黒川郡大郷町","townJa":"土橋","prefectureEn":"MIYAGI KEN","cityEn":"KUROKAWA GUN OSATO CHO","townEn":"TSUCHIHASHI"},"9813524":{"prefectureJa":"宮城県","cityJa":"黒川郡大郷町","townJa":"鶉崎","prefectureEn":"MIYAGI KEN","cityEn":"KUROKAWA GUN OSATO CHO","townEn":"UZURASAKI"},"9813600":{"prefectureJa":"宮城県","cityJa":"黒川郡大和町","townJa":"以下に掲載がない場合","prefectureEn":"MIYAGI KEN","cityEn":"KUROKAWA GUN OHIRA MURA","townEn":"IKANIKEISAIGANAIBAAI"},"9813601":{"prefectureJa":"宮城県","cityJa":"黒川郡大衡村","townJa":"大瓜","prefectureEn":"MIYAGI KEN","cityEn":"KUROKAWA GUN OHIRA MURA","townEn":"OURI"},"9813602":{"prefectureJa":"宮城県","cityJa":"黒川郡大衡村","townJa":"大衡","prefectureEn":"MIYAGI KEN","cityEn":"KUROKAWA GUN OHIRA MURA","townEn":"OHIRA"},"9813603":{"prefectureJa":"宮城県","cityJa":"黒川郡大衡村","townJa":"沖の平","prefectureEn":"MIYAGI KEN","cityEn":"KUROKAWA GUN OHIRA MURA","townEn":"OKINODAIRA"},"9813604":{"prefectureJa":"宮城県","cityJa":"黒川郡大衡村","townJa":"駒場","prefectureEn":"MIYAGI KEN","cityEn":"KUROKAWA GUN OHIRA MURA","townEn":"KOMABA"},"9813605":{"prefectureJa":"宮城県","cityJa":"黒川郡大衡村","townJa":"大森","prefectureEn":"MIYAGI KEN","cityEn":"KUROKAWA GUN OHIRA MURA","townEn":"OMORI"},"9813606":{"prefectureJa":"宮城県","cityJa":"黒川郡大衡村","townJa":"桔梗平","prefectureEn":"MIYAGI KEN","cityEn":"KUROKAWA GUN OHIRA MURA","townEn":"KIKYODAIRA"},"9813607":{"prefectureJa":"宮城県","cityJa":"黒川郡大衡村","townJa":"奥田","prefectureEn":"MIYAGI KEN","cityEn":"KUROKAWA GUN OHIRA MURA","townEn":"OKUDA"},"9813608":{"prefectureJa":"宮城県","cityJa":"黒川郡大衡村","townJa":"松の平","prefectureEn":"MIYAGI KEN","cityEn":"KUROKAWA GUN OHIRA MURA","townEn":"MATSUNODAIRA"},"9813609":{"prefectureJa":"宮城県","cityJa":"黒川郡大衡村","townJa":"中央平","prefectureEn":"MIYAGI KEN","cityEn":"KUROKAWA GUN OHIRA MURA","townEn":"CHUODAIRA"},"9813611":{"prefectureJa":"宮城県","cityJa":"黒川郡大衡村","townJa":"ときわ台","prefectureEn":"MIYAGI KEN","cityEn":"KUROKAWA GUN OHIRA MURA","townEn":"TOKIWADAI"},"9813612":{"prefectureJa":"宮城県","cityJa":"黒川郡大衡村","townJa":"ときわ台南","prefectureEn":"MIYAGI KEN","cityEn":"KUROKAWA GUN OHIRA MURA","townEn":"TOKIWADAIMINAMI"},"9813620":{"prefectureJa":"宮城県","cityJa":"黒川郡大和町","townJa":"しあわせの杜","prefectureEn":"MIYAGI KEN","cityEn":"KUROKAWA GUN TAIWA CHO","townEn":"SHIAWASENOMORI"},"9813621":{"prefectureJa":"宮城県","cityJa":"黒川郡大和町","townJa":"吉岡","prefectureEn":"MIYAGI KEN","cityEn":"KUROKAWA GUN TAIWA CHO","townEn":"YOSHIOKA"},"9813622":{"prefectureJa":"宮城県","cityJa":"黒川郡大和町","townJa":"もみじケ丘","prefectureEn":"MIYAGI KEN","cityEn":"KUROKAWA GUN TAIWA CHO","townEn":"MOMIJIGAOKA"},"9813623":{"prefectureJa":"宮城県","cityJa":"黒川郡大和町","townJa":"小野","prefectureEn":"MIYAGI KEN","cityEn":"KUROKAWA GUN TAIWA CHO","townEn":"ONO"},"9813624":{"prefectureJa":"宮城県","cityJa":"黒川郡大和町","townJa":"宮床","prefectureEn":"MIYAGI KEN","cityEn":"KUROKAWA GUN TAIWA CHO","townEn":"MIYATOKO"},"9813625":{"prefectureJa":"宮城県","cityJa":"黒川郡大和町","townJa":"吉田","prefectureEn":"MIYAGI KEN","cityEn":"KUROKAWA GUN TAIWA CHO","townEn":"YOSHIDA"},"9813626":{"prefectureJa":"宮城県","cityJa":"黒川郡大和町","townJa":"吉岡南","prefectureEn":"MIYAGI KEN","cityEn":"KUROKAWA GUN TAIWA CHO","townEn":"YOSHIOKA MINAMI"},"9813627":{"prefectureJa":"宮城県","cityJa":"黒川郡大和町","townJa":"吉岡東","prefectureEn":"MIYAGI KEN","cityEn":"KUROKAWA GUN TAIWA CHO","townEn":"YOSHIOKA HIGASHI"},"9813628":{"prefectureJa":"宮城県","cityJa":"黒川郡大和町","townJa":"杜の丘","prefectureEn":"MIYAGI KEN","cityEn":"KUROKAWA GUN TAIWA CHO","townEn":"MORINOKA"},"9813629":{"prefectureJa":"宮城県","cityJa":"黒川郡大和町","townJa":"テクノヒルズ","prefectureEn":"MIYAGI KEN","cityEn":"KUROKAWA GUN TAIWA CHO","townEn":"TEKUNOHIRUZU"},"9813631":{"prefectureJa":"宮城県","cityJa":"黒川郡大和町","townJa":"吉岡天皇寺東","prefectureEn":"MIYAGI KEN","cityEn":"KUROKAWA GUN TAIWA CHO","townEn":"YOSHIOKA TENNOJIHIGASHI"},"9813632":{"prefectureJa":"宮城県","cityJa":"黒川郡大和町","townJa":"吉岡まほろば","prefectureEn":"MIYAGI KEN","cityEn":"KUROKAWA GUN TAIWA CHO","townEn":"YOSHIOKA MAHOROBA"},"9814100":{"prefectureJa":"宮城県","cityJa":"加美郡色麻町","townJa":"以下に掲載がない場合","prefectureEn":"MIYAGI KEN","cityEn":"KAMI GUN SHIKAMA CHO","townEn":"IKANIKEISAIGANAIBAAI"},"9814101":{"prefectureJa":"宮城県","cityJa":"加美郡色麻町","townJa":"清水","prefectureEn":"MIYAGI KEN","cityEn":"KAMI GUN SHIKAMA CHO","townEn":"KIYOMIZU"},"9814102":{"prefectureJa":"宮城県","cityJa":"加美郡色麻町","townJa":"高城","prefectureEn":"MIYAGI KEN","cityEn":"KAMI GUN SHIKAMA CHO","townEn":"TAKAGI"},"9814103":{"prefectureJa":"宮城県","cityJa":"加美郡色麻町","townJa":"高根","prefectureEn":"MIYAGI KEN","cityEn":"KAMI GUN SHIKAMA CHO","townEn":"TAKANE"},"9814104":{"prefectureJa":"宮城県","cityJa":"加美郡色麻町","townJa":"平沢","prefectureEn":"MIYAGI KEN","cityEn":"KAMI GUN SHIKAMA CHO","townEn":"HIRASAWA"},"9814105":{"prefectureJa":"宮城県","cityJa":"加美郡色麻町","townJa":"吉田","prefectureEn":"MIYAGI KEN","cityEn":"KAMI GUN SHIKAMA CHO","townEn":"YOSHIDA"},"9814111":{"prefectureJa":"宮城県","cityJa":"加美郡色麻町","townJa":"黒沢","prefectureEn":"MIYAGI KEN","cityEn":"KAMI GUN SHIKAMA CHO","townEn":"KUROSAWA"},"9814112":{"prefectureJa":"宮城県","cityJa":"加美郡色麻町","townJa":"志津","prefectureEn":"MIYAGI KEN","cityEn":"KAMI GUN SHIKAMA CHO","townEn":"SHIZU"},"9814121":{"prefectureJa":"宮城県","cityJa":"加美郡色麻町","townJa":"一の関","prefectureEn":"MIYAGI KEN","cityEn":"KAMI GUN SHIKAMA CHO","townEn":"ICHINOSEKI"},"9814122":{"prefectureJa":"宮城県","cityJa":"加美郡色麻町","townJa":"四竃","prefectureEn":"MIYAGI KEN","cityEn":"KAMI GUN SHIKAMA CHO","townEn":"SHIKAMA"},"9814131":{"prefectureJa":"宮城県","cityJa":"加美郡色麻町","townJa":"大","prefectureEn":"MIYAGI KEN","cityEn":"KAMI GUN SHIKAMA CHO","townEn":"DAI"},"9814141":{"prefectureJa":"宮城県","cityJa":"加美郡色麻町","townJa":"王城寺","prefectureEn":"MIYAGI KEN","cityEn":"KAMI GUN SHIKAMA CHO","townEn":"OJOJI"},"9814151":{"prefectureJa":"宮城県","cityJa":"加美郡色麻町","townJa":"小栗山","prefectureEn":"MIYAGI KEN","cityEn":"KAMI GUN SHIKAMA CHO","townEn":"KOGURIYAMA"},"9814200":{"prefectureJa":"宮城県","cityJa":"加美郡加美町","townJa":"以下に掲載がない場合","prefectureEn":"MIYAGI KEN","cityEn":"KAMI GUN KAMI MACHI","townEn":"IKANIKEISAIGANAIBAAI"},"9814201":{"prefectureJa":"宮城県","cityJa":"加美郡加美町","townJa":"上多田川","prefectureEn":"MIYAGI KEN","cityEn":"KAMI GUN KAMI MACHI","townEn":"KAMITADAGAWA"},"9814202":{"prefectureJa":"宮城県","cityJa":"加美郡加美町","townJa":"下多田川","prefectureEn":"MIYAGI KEN","cityEn":"KAMI GUN KAMI MACHI","townEn":"SHIMOTADAGAWA"},"9814203":{"prefectureJa":"宮城県","cityJa":"加美郡加美町","townJa":"菜切谷","prefectureEn":"MIYAGI KEN","cityEn":"KAMI GUN KAMI MACHI","townEn":"NAGIRIYA"},"9814211":{"prefectureJa":"宮城県","cityJa":"加美郡加美町","townJa":"上狼塚","prefectureEn":"MIYAGI KEN","cityEn":"KAMI GUN KAMI MACHI","townEn":"KAMIOINOZUKA"},"9814212":{"prefectureJa":"宮城県","cityJa":"加美郡加美町","townJa":"下狼塚","prefectureEn":"MIYAGI KEN","cityEn":"KAMI GUN KAMI MACHI","townEn":"SHIMOINOZUKA"},"9814213":{"prefectureJa":"宮城県","cityJa":"加美郡加美町","townJa":"平柳","prefectureEn":"MIYAGI KEN","cityEn":"KAMI GUN KAMI MACHI","townEn":"HIRAYANAGI"},"9814221":{"prefectureJa":"宮城県","cityJa":"加美郡加美町","townJa":"四日市場","prefectureEn":"MIYAGI KEN","cityEn":"KAMI GUN KAMI MACHI","townEn":"YOKKAICHIBA"},"9814222":{"prefectureJa":"宮城県","cityJa":"加美郡加美町","townJa":"下新田","prefectureEn":"MIYAGI KEN","cityEn":"KAMI GUN KAMI MACHI","townEn":"SHIMONIIDA"},"9814223":{"prefectureJa":"宮城県","cityJa":"加美郡加美町","townJa":"雑式ノ目","prefectureEn":"MIYAGI KEN","cityEn":"KAMI GUN KAMI MACHI","townEn":"ZOSHIKINOME"},"9814224":{"prefectureJa":"宮城県","cityJa":"加美郡加美町","townJa":"木伏","prefectureEn":"MIYAGI KEN","cityEn":"KAMI GUN KAMI MACHI","townEn":"KIPPUSHI"},"9814225":{"prefectureJa":"宮城県","cityJa":"加美郡加美町","townJa":"新木伏","prefectureEn":"MIYAGI KEN","cityEn":"KAMI GUN KAMI MACHI","townEn":"SHINKITSUPUSHI"},"9814226":{"prefectureJa":"宮城県","cityJa":"加美郡加美町","townJa":"押登目","prefectureEn":"MIYAGI KEN","cityEn":"KAMI GUN KAMI MACHI","townEn":"OSHITOME"},"9814227":{"prefectureJa":"宮城県","cityJa":"加美郡加美町","townJa":"新川原","prefectureEn":"MIYAGI KEN","cityEn":"KAMI GUN KAMI MACHI","townEn":"SHINKAWARA"},"9814228":{"prefectureJa":"宮城県","cityJa":"加美郡加美町","townJa":"鹿島越","prefectureEn":"MIYAGI KEN","cityEn":"KAMI GUN KAMI MACHI","townEn":"KASHIMAGOSHI"},"9814229":{"prefectureJa":"宮城県","cityJa":"加美郡加美町","townJa":"薬師堂","prefectureEn":"MIYAGI KEN","cityEn":"KAMI GUN KAMI MACHI","townEn":"YAKUSHIDO"},"9814231":{"prefectureJa":"宮城県","cityJa":"加美郡加美町","townJa":"百目木１番","prefectureEn":"MIYAGI KEN","cityEn":"KAMI GUN KAMI MACHI","townEn":"DOMEKI1-BAN"},"9814232":{"prefectureJa":"宮城県","cityJa":"加美郡加美町","townJa":"百目木２番","prefectureEn":"MIYAGI KEN","cityEn":"KAMI GUN KAMI MACHI","townEn":"DOMEKI2-BAN"},"9814233":{"prefectureJa":"宮城県","cityJa":"加美郡加美町","townJa":"百目木３番","prefectureEn":"MIYAGI KEN","cityEn":"KAMI GUN KAMI MACHI","townEn":"DOMEKI3-BAN"},"9814234":{"prefectureJa":"宮城県","cityJa":"加美郡加美町","townJa":"旧舘１番","prefectureEn":"MIYAGI KEN","cityEn":"KAMI GUN KAMI MACHI","townEn":"KYUKAN1-BAN"},"9814235":{"prefectureJa":"宮城県","cityJa":"加美郡加美町","townJa":"旧舘２番","prefectureEn":"MIYAGI KEN","cityEn":"KAMI GUN KAMI MACHI","townEn":"KYUKAN2-BAN"},"9814241":{"prefectureJa":"宮城県","cityJa":"加美郡加美町","townJa":"南町","prefectureEn":"MIYAGI KEN","cityEn":"KAMI GUN KAMI MACHI","townEn":"MINAMIMACHI"},"9814242":{"prefectureJa":"宮城県","cityJa":"加美郡加美町","townJa":"町西","prefectureEn":"MIYAGI KEN","cityEn":"KAMI GUN KAMI MACHI","townEn":"MACHINISHI"},"9814251":{"prefectureJa":"宮城県","cityJa":"加美郡加美町","townJa":"西町","prefectureEn":"MIYAGI KEN","cityEn":"KAMI GUN KAMI MACHI","townEn":"NISHIMACHI"},"9814252":{"prefectureJa":"宮城県","cityJa":"加美郡加美町","townJa":"西田","prefectureEn":"MIYAGI KEN","cityEn":"KAMI GUN KAMI MACHI","townEn":"NISHIDA"},"9814253":{"prefectureJa":"宮城県","cityJa":"加美郡加美町","townJa":"大門","prefectureEn":"MIYAGI KEN","cityEn":"KAMI GUN KAMI MACHI","townEn":"DAIMON"},"9814254":{"prefectureJa":"宮城県","cityJa":"加美郡加美町","townJa":"北町","prefectureEn":"MIYAGI KEN","cityEn":"KAMI GUN KAMI MACHI","townEn":"KITAMACHI"},"9814255":{"prefectureJa":"宮城県","cityJa":"加美郡加美町","townJa":"岡町","prefectureEn":"MIYAGI KEN","cityEn":"KAMI GUN KAMI MACHI","townEn":"OKAMACHI"},"9814256":{"prefectureJa":"宮城県","cityJa":"加美郡加美町","townJa":"下川原","prefectureEn":"MIYAGI KEN","cityEn":"KAMI GUN KAMI MACHI","townEn":"SHIMOKAWARA"},"9814261":{"prefectureJa":"宮城県","cityJa":"加美郡加美町","townJa":"町裏","prefectureEn":"MIYAGI KEN","cityEn":"KAMI GUN KAMI MACHI","townEn":"MACHIURA"},"9814262":{"prefectureJa":"宮城県","cityJa":"加美郡加美町","townJa":"一本杉","prefectureEn":"MIYAGI KEN","cityEn":"KAMI GUN KAMI MACHI","townEn":"IPPONSUGI"},"9814263":{"prefectureJa":"宮城県","cityJa":"加美郡加美町","townJa":"雁原","prefectureEn":"MIYAGI KEN","cityEn":"KAMI GUN KAMI MACHI","townEn":"GAMBARA"},"9814264":{"prefectureJa":"宮城県","cityJa":"加美郡加美町","townJa":"赤塚","prefectureEn":"MIYAGI KEN","cityEn":"KAMI GUN KAMI MACHI","townEn":"AKATSUKA"},"9814265":{"prefectureJa":"宮城県","cityJa":"加美郡加美町","townJa":"矢越","prefectureEn":"MIYAGI KEN","cityEn":"KAMI GUN KAMI MACHI","townEn":"YAGOSHI"},"9814271":{"prefectureJa":"宮城県","cityJa":"加美郡加美町","townJa":"羽場","prefectureEn":"MIYAGI KEN","cityEn":"KAMI GUN KAMI MACHI","townEn":"HABA"},"9814272":{"prefectureJa":"宮城県","cityJa":"加美郡加美町","townJa":"城生","prefectureEn":"MIYAGI KEN","cityEn":"KAMI GUN KAMI MACHI","townEn":"JO"},"9814273":{"prefectureJa":"宮城県","cityJa":"加美郡加美町","townJa":"上川原","prefectureEn":"MIYAGI KEN","cityEn":"KAMI GUN KAMI MACHI","townEn":"KAMIKAWARA"},"9814274":{"prefectureJa":"宮城県","cityJa":"加美郡加美町","townJa":"一本柳","prefectureEn":"MIYAGI KEN","cityEn":"KAMI GUN KAMI MACHI","townEn":"IPPONYANAGI"},"9814275":{"prefectureJa":"宮城県","cityJa":"加美郡加美町","townJa":"穴畑","prefectureEn":"MIYAGI KEN","cityEn":"KAMI GUN KAMI MACHI","townEn":"ANAHATA"},"9814276":{"prefectureJa":"宮城県","cityJa":"加美郡加美町","townJa":"焼橋","prefectureEn":"MIYAGI KEN","cityEn":"KAMI GUN KAMI MACHI","townEn":"YAKIHASHI"},"9814277":{"prefectureJa":"宮城県","cityJa":"加美郡加美町","townJa":"一本柳南","prefectureEn":"MIYAGI KEN","cityEn":"KAMI GUN KAMI MACHI","townEn":"IPPONYANAGIMINAMI"},"9814301":{"prefectureJa":"宮城県","cityJa":"加美郡加美町","townJa":"樋田","prefectureEn":"MIYAGI KEN","cityEn":"KAMI GUN KAMI MACHI","townEn":"TOIDA"},"9814302":{"prefectureJa":"宮城県","cityJa":"加美郡加美町","townJa":"下野目","prefectureEn":"MIYAGI KEN","cityEn":"KAMI GUN KAMI MACHI","townEn":"SHIMONOME"},"9814303":{"prefectureJa":"宮城県","cityJa":"加美郡加美町","townJa":"前田下","prefectureEn":"MIYAGI KEN","cityEn":"KAMI GUN KAMI MACHI","townEn":"MAEDASHIMO"},"9814304":{"prefectureJa":"宮城県","cityJa":"加美郡加美町","townJa":"久保","prefectureEn":"MIYAGI KEN","cityEn":"KAMI GUN KAMI MACHI","townEn":"KUBO"},"9814305":{"prefectureJa":"宮城県","cityJa":"加美郡加美町","townJa":"宮田","prefectureEn":"MIYAGI KEN","cityEn":"KAMI GUN KAMI MACHI","townEn":"MIYATA"},"9814306":{"prefectureJa":"宮城県","cityJa":"加美郡加美町","townJa":"天王","prefectureEn":"MIYAGI KEN","cityEn":"KAMI GUN KAMI MACHI","townEn":"TENNO"},"9814308":{"prefectureJa":"宮城県","cityJa":"加美郡加美町","townJa":"長町","prefectureEn":"MIYAGI KEN","cityEn":"KAMI GUN KAMI MACHI","townEn":"NAGAMACHI"},"9814309":{"prefectureJa":"宮城県","cityJa":"加美郡加美町","townJa":"蓬田","prefectureEn":"MIYAGI KEN","cityEn":"KAMI GUN KAMI MACHI","townEn":"YOMOGIDA"},"9814311":{"prefectureJa":"宮城県","cityJa":"加美郡加美町","townJa":"板橋","prefectureEn":"MIYAGI KEN","cityEn":"KAMI GUN KAMI MACHI","townEn":"ITABASHI"},"9814312":{"prefectureJa":"宮城県","cityJa":"加美郡加美町","townJa":"月崎（皆屋敷）","prefectureEn":"MIYAGI KEN","cityEn":"KAMI GUN KAMI MACHI","townEn":"TSUKIZAKI(MINAYASHIKI)"},"9814313":{"prefectureJa":"宮城県","cityJa":"加美郡加美町","townJa":"二ノ坪","prefectureEn":"MIYAGI KEN","cityEn":"KAMI GUN KAMI MACHI","townEn":"NINOTSUBO"},"9814314":{"prefectureJa":"宮城県","cityJa":"加美郡加美町","townJa":"田中","prefectureEn":"MIYAGI KEN","cityEn":"KAMI GUN KAMI MACHI","townEn":"TANAKA"},"9814315":{"prefectureJa":"宮城県","cityJa":"加美郡加美町","townJa":"中嶋","prefectureEn":"MIYAGI KEN","cityEn":"KAMI GUN KAMI MACHI","townEn":"NAKAJIMA"},"9814316":{"prefectureJa":"宮城県","cityJa":"加美郡加美町","townJa":"月崎（その他）","prefectureEn":"MIYAGI KEN","cityEn":"KAMI GUN KAMI MACHI","townEn":"TSUKIZAKI(SONOTA)"},"9814317":{"prefectureJa":"宮城県","cityJa":"加美郡加美町","townJa":"神山西","prefectureEn":"MIYAGI KEN","cityEn":"KAMI GUN KAMI MACHI","townEn":"SHINZANNISHI"},"9814318":{"prefectureJa":"宮城県","cityJa":"加美郡加美町","townJa":"清水田","prefectureEn":"MIYAGI KEN","cityEn":"KAMI GUN KAMI MACHI","townEn":"SHIMIZUTA"},"9814319":{"prefectureJa":"宮城県","cityJa":"加美郡加美町","townJa":"久保田","prefectureEn":"MIYAGI KEN","cityEn":"KAMI GUN KAMI MACHI","townEn":"KUBOTA"},"9814321":{"prefectureJa":"宮城県","cityJa":"加美郡加美町","townJa":"下原","prefectureEn":"MIYAGI KEN","cityEn":"KAMI GUN KAMI MACHI","townEn":"SHIMOHARA"},"9814322":{"prefectureJa":"宮城県","cityJa":"加美郡加美町","townJa":"北下原","prefectureEn":"MIYAGI KEN","cityEn":"KAMI GUN KAMI MACHI","townEn":"KITASHIMOHARA"},"9814323":{"prefectureJa":"宮城県","cityJa":"加美郡加美町","townJa":"石原","prefectureEn":"MIYAGI KEN","cityEn":"KAMI GUN KAMI MACHI","townEn":"ISHIHARA"},"9814324":{"prefectureJa":"宮城県","cityJa":"加美郡加美町","townJa":"北原","prefectureEn":"MIYAGI KEN","cityEn":"KAMI GUN KAMI MACHI","townEn":"KITAHARA"},"9814325":{"prefectureJa":"宮城県","cityJa":"加美郡加美町","townJa":"五百刈","prefectureEn":"MIYAGI KEN","cityEn":"KAMI GUN KAMI MACHI","townEn":"GOHYAKUGARI"},"9814326":{"prefectureJa":"宮城県","cityJa":"加美郡加美町","townJa":"北ノ口","prefectureEn":"MIYAGI KEN","cityEn":"KAMI GUN KAMI MACHI","townEn":"KITANOKUCHI"},"9814327":{"prefectureJa":"宮城県","cityJa":"加美郡加美町","townJa":"上野原","prefectureEn":"MIYAGI KEN","cityEn":"KAMI GUN KAMI MACHI","townEn":"UENOHARA"},"9814328":{"prefectureJa":"宮城県","cityJa":"加美郡加美町","townJa":"一里塚","prefectureEn":"MIYAGI KEN","cityEn":"KAMI GUN KAMI MACHI","townEn":"ICHIRITSUKA"},"9814329":{"prefectureJa":"宮城県","cityJa":"加美郡加美町","townJa":"鶴羽美","prefectureEn":"MIYAGI KEN","cityEn":"KAMI GUN KAMI MACHI","townEn":"TSURUBAMI"},"9814331":{"prefectureJa":"宮城県","cityJa":"加美郡加美町","townJa":"北寺宿","prefectureEn":"MIYAGI KEN","cityEn":"KAMI GUN KAMI MACHI","townEn":"KITATERASHUKU"},"9814332":{"prefectureJa":"宮城県","cityJa":"加美郡加美町","townJa":"南寺宿","prefectureEn":"MIYAGI KEN","cityEn":"KAMI GUN KAMI MACHI","townEn":"MINAMITERASHUKU"},"9814333":{"prefectureJa":"宮城県","cityJa":"加美郡加美町","townJa":"中畑","prefectureEn":"MIYAGI KEN","cityEn":"KAMI GUN KAMI MACHI","townEn":"NAKAHATA"},"9814334":{"prefectureJa":"宮城県","cityJa":"加美郡加美町","townJa":"町屋敷","prefectureEn":"MIYAGI KEN","cityEn":"KAMI GUN KAMI MACHI","townEn":"MACHIYASHIKI"},"9814335":{"prefectureJa":"宮城県","cityJa":"加美郡加美町","townJa":"新小路","prefectureEn":"MIYAGI KEN","cityEn":"KAMI GUN KAMI MACHI","townEn":"SHINKOJI"},"9814336":{"prefectureJa":"宮城県","cityJa":"加美郡加美町","townJa":"下タ川原","prefectureEn":"MIYAGI KEN","cityEn":"KAMI GUN KAMI MACHI","townEn":"SHIMOTAKAWAHARA"},"9814337":{"prefectureJa":"宮城県","cityJa":"加美郡加美町","townJa":"長檀","prefectureEn":"MIYAGI KEN","cityEn":"KAMI GUN KAMI MACHI","townEn":"NAGADAN"},"9814341":{"prefectureJa":"宮城県","cityJa":"加美郡加美町","townJa":"中原","prefectureEn":"MIYAGI KEN","cityEn":"KAMI GUN KAMI MACHI","townEn":"NAKAHARA"},"9814342":{"prefectureJa":"宮城県","cityJa":"加美郡加美町","townJa":"原中原浦","prefectureEn":"MIYAGI KEN","cityEn":"KAMI GUN KAMI MACHI","townEn":"HARANAKAHARAURA"},"9814343":{"prefectureJa":"宮城県","cityJa":"加美郡加美町","townJa":"内谷地","prefectureEn":"MIYAGI KEN","cityEn":"KAMI GUN KAMI MACHI","townEn":"UCHIYAJI"},"9814344":{"prefectureJa":"宮城県","cityJa":"加美郡加美町","townJa":"原道端屋敷","prefectureEn":"MIYAGI KEN","cityEn":"KAMI GUN KAMI MACHI","townEn":"HARAMICHIBATAYASHIKI"},"9814345":{"prefectureJa":"宮城県","cityJa":"加美郡加美町","townJa":"下北浦","prefectureEn":"MIYAGI KEN","cityEn":"KAMI GUN KAMI MACHI","townEn":"SHIMOKITAURA"},"9814346":{"prefectureJa":"宮城県","cityJa":"加美郡加美町","townJa":"原南江端","prefectureEn":"MIYAGI KEN","cityEn":"KAMI GUN KAMI MACHI","townEn":"HARAMINAMIEBATA"},"9814347":{"prefectureJa":"宮城県","cityJa":"加美郡加美町","townJa":"原高谷地屋敷","prefectureEn":"MIYAGI KEN","cityEn":"KAMI GUN KAMI MACHI","townEn":"HARATAKAYAJIYASHIKI"},"9814351":{"prefectureJa":"宮城県","cityJa":"加美郡加美町","townJa":"南小路","prefectureEn":"MIYAGI KEN","cityEn":"KAMI GUN KAMI MACHI","townEn":"MINAMIKOJI"},"9814352":{"prefectureJa":"宮城県","cityJa":"加美郡加美町","townJa":"八石下","prefectureEn":"MIYAGI KEN","cityEn":"KAMI GUN KAMI MACHI","townEn":"HAKKOKUSHITA"},"9814353":{"prefectureJa":"宮城県","cityJa":"加美郡加美町","townJa":"照井","prefectureEn":"MIYAGI KEN","cityEn":"KAMI GUN KAMI MACHI","townEn":"TERUI"},"9814354":{"prefectureJa":"宮城県","cityJa":"加美郡加美町","townJa":"麓山","prefectureEn":"MIYAGI KEN","cityEn":"KAMI GUN KAMI MACHI","townEn":"FUMOTOYAMA"},"9814355":{"prefectureJa":"宮城県","cityJa":"加美郡加美町","townJa":"鹿原","prefectureEn":"MIYAGI KEN","cityEn":"KAMI GUN KAMI MACHI","townEn":"KANOHARA"},"9814356":{"prefectureJa":"宮城県","cityJa":"加美郡加美町","townJa":"芋沢","prefectureEn":"MIYAGI KEN","cityEn":"KAMI GUN KAMI MACHI","townEn":"IMOZAWA"},"9814357":{"prefectureJa":"宮城県","cityJa":"加美郡加美町","townJa":"城内","prefectureEn":"MIYAGI KEN","cityEn":"KAMI GUN KAMI MACHI","townEn":"JONAI"},"9814358":{"prefectureJa":"宮城県","cityJa":"加美郡加美町","townJa":"西八石","prefectureEn":"MIYAGI KEN","cityEn":"KAMI GUN KAMI MACHI","townEn":"NISHIHAKKOKU"},"9814361":{"prefectureJa":"宮城県","cityJa":"加美郡加美町","townJa":"藤兵衛前","prefectureEn":"MIYAGI KEN","cityEn":"KAMI GUN KAMI MACHI","townEn":"TOBEIMAE"},"9814362":{"prefectureJa":"宮城県","cityJa":"加美郡加美町","townJa":"小瀬","prefectureEn":"MIYAGI KEN","cityEn":"KAMI GUN KAMI MACHI","townEn":"KOZE"},"9814363":{"prefectureJa":"宮城県","cityJa":"加美郡加美町","townJa":"滝下","prefectureEn":"MIYAGI KEN","cityEn":"KAMI GUN KAMI MACHI","townEn":"TAKISHITA"},"9814364":{"prefectureJa":"宮城県","cityJa":"加美郡加美町","townJa":"松田","prefectureEn":"MIYAGI KEN","cityEn":"KAMI GUN KAMI MACHI","townEn":"MATSUTA"},"9814365":{"prefectureJa":"宮城県","cityJa":"加美郡加美町","townJa":"伯治","prefectureEn":"MIYAGI KEN","cityEn":"KAMI GUN KAMI MACHI","townEn":"HAKUJI"},"9814366":{"prefectureJa":"宮城県","cityJa":"加美郡加美町","townJa":"水芋","prefectureEn":"MIYAGI KEN","cityEn":"KAMI GUN KAMI MACHI","townEn":"MIZUIMO"},"9814367":{"prefectureJa":"宮城県","cityJa":"加美郡加美町","townJa":"門沢","prefectureEn":"MIYAGI KEN","cityEn":"KAMI GUN KAMI MACHI","townEn":"KADOSAWA"},"9814368":{"prefectureJa":"宮城県","cityJa":"加美郡加美町","townJa":"漆沢","prefectureEn":"MIYAGI KEN","cityEn":"KAMI GUN KAMI MACHI","townEn":"URUSHIZAWA"},"9814369":{"prefectureJa":"宮城県","cityJa":"加美郡加美町","townJa":"新松田","prefectureEn":"MIYAGI KEN","cityEn":"KAMI GUN KAMI MACHI","townEn":"SHIMMATSUTA"},"9814371":{"prefectureJa":"宮城県","cityJa":"加美郡加美町","townJa":"原","prefectureEn":"MIYAGI KEN","cityEn":"KAMI GUN KAMI MACHI","townEn":"HARA"},"9814372":{"prefectureJa":"宮城県","cityJa":"加美郡加美町","townJa":"長清水","prefectureEn":"MIYAGI KEN","cityEn":"KAMI GUN KAMI MACHI","townEn":"CHOSHIMIZU"},"9814373":{"prefectureJa":"宮城県","cityJa":"加美郡加美町","townJa":"原町","prefectureEn":"MIYAGI KEN","cityEn":"KAMI GUN KAMI MACHI","townEn":"HARAMACHI"},"9814374":{"prefectureJa":"宮城県","cityJa":"加美郡加美町","townJa":"上野目","prefectureEn":"MIYAGI KEN","cityEn":"KAMI GUN KAMI MACHI","townEn":"KAMINOME"},"9814375":{"prefectureJa":"宮城県","cityJa":"加美郡加美町","townJa":"味ケ袋","prefectureEn":"MIYAGI KEN","cityEn":"KAMI GUN KAMI MACHI","townEn":"AJIGAFUKURO"},"9814376":{"prefectureJa":"宮城県","cityJa":"加美郡加美町","townJa":"新北雷屋敷","prefectureEn":"MIYAGI KEN","cityEn":"KAMI GUN KAMI MACHI","townEn":"SHINKITAIKAZUCHIYASHIKI"},"9814377":{"prefectureJa":"宮城県","cityJa":"加美郡加美町","townJa":"新南雷屋敷","prefectureEn":"MIYAGI KEN","cityEn":"KAMI GUN KAMI MACHI","townEn":"SHIMMINAMIIKAZUCHIYASHIKI"},"9814381":{"prefectureJa":"宮城県","cityJa":"加美郡加美町","townJa":"大谷地","prefectureEn":"MIYAGI KEN","cityEn":"KAMI GUN KAMI MACHI","townEn":"OYACHI"},"9814382":{"prefectureJa":"宮城県","cityJa":"加美郡加美町","townJa":"新伯治","prefectureEn":"MIYAGI KEN","cityEn":"KAMI GUN KAMI MACHI","townEn":"SHINHAKUJI"},"9814383":{"prefectureJa":"宮城県","cityJa":"加美郡加美町","townJa":"新滝下","prefectureEn":"MIYAGI KEN","cityEn":"KAMI GUN KAMI MACHI","townEn":"SHINTAKISHITA"},"9814384":{"prefectureJa":"宮城県","cityJa":"加美郡加美町","townJa":"新藤兵衛前","prefectureEn":"MIYAGI KEN","cityEn":"KAMI GUN KAMI MACHI","townEn":"SHINTOBEIMAE"},"9814385":{"prefectureJa":"宮城県","cityJa":"加美郡加美町","townJa":"下原前","prefectureEn":"MIYAGI KEN","cityEn":"KAMI GUN KAMI MACHI","townEn":"SHIMOHARAMAE"},"9814386":{"prefectureJa":"宮城県","cityJa":"加美郡加美町","townJa":"城野","prefectureEn":"MIYAGI KEN","cityEn":"KAMI GUN KAMI MACHI","townEn":"JONO"},"9814401":{"prefectureJa":"宮城県","cityJa":"加美郡加美町","townJa":"宮崎","prefectureEn":"MIYAGI KEN","cityEn":"KAMI GUN KAMI MACHI","townEn":"MIYAZAKI"},"9814402":{"prefectureJa":"宮城県","cityJa":"加美郡加美町","townJa":"北川内","prefectureEn":"MIYAGI KEN","cityEn":"KAMI GUN KAMI MACHI","townEn":"KITAKAWAUCHI"},"9814403":{"prefectureJa":"宮城県","cityJa":"加美郡加美町","townJa":"柳沢","prefectureEn":"MIYAGI KEN","cityEn":"KAMI GUN KAMI MACHI","townEn":"YANAGISAWA"},"9814411":{"prefectureJa":"宮城県","cityJa":"加美郡加美町","townJa":"谷地森","prefectureEn":"MIYAGI KEN","cityEn":"KAMI GUN KAMI MACHI","townEn":"YACHIMORI"},"9814412":{"prefectureJa":"宮城県","cityJa":"加美郡加美町","townJa":"鳥嶋","prefectureEn":"MIYAGI KEN","cityEn":"KAMI GUN KAMI MACHI","townEn":"TORISHIMA"},"9814413":{"prefectureJa":"宮城県","cityJa":"加美郡加美町","townJa":"鳥屋ケ崎","prefectureEn":"MIYAGI KEN","cityEn":"KAMI GUN KAMI MACHI","townEn":"TORIYAGASAKI"},"9814414":{"prefectureJa":"宮城県","cityJa":"加美郡加美町","townJa":"孫沢","prefectureEn":"MIYAGI KEN","cityEn":"KAMI GUN KAMI MACHI","townEn":"MAGOSAWA"},"9814415":{"prefectureJa":"宮城県","cityJa":"加美郡加美町","townJa":"米泉","prefectureEn":"MIYAGI KEN","cityEn":"KAMI GUN KAMI MACHI","townEn":"KOMEIZUMI"},"9814416":{"prefectureJa":"宮城県","cityJa":"加美郡加美町","townJa":"沼ケ袋","prefectureEn":"MIYAGI KEN","cityEn":"KAMI GUN KAMI MACHI","townEn":"NUMAGAFUKURO"},"9814417":{"prefectureJa":"宮城県","cityJa":"加美郡加美町","townJa":"君ケ袋","prefectureEn":"MIYAGI KEN","cityEn":"KAMI GUN KAMI MACHI","townEn":"KIMIGAFUKURO"},"9814418":{"prefectureJa":"宮城県","cityJa":"加美郡加美町","townJa":"小泉","prefectureEn":"MIYAGI KEN","cityEn":"KAMI GUN KAMI MACHI","townEn":"KOIZUMI"},"9814419":{"prefectureJa":"宮城県","cityJa":"加美郡加美町","townJa":"木舟","prefectureEn":"MIYAGI KEN","cityEn":"KAMI GUN KAMI MACHI","townEn":"KIBUNE"},"9818001":{"prefectureJa":"宮城県","cityJa":"仙台市泉区","townJa":"南光台東","prefectureEn":"MIYAGI KEN","cityEn":"SENDAI SHI IZUMI KU","townEn":"NANKODAIHIGASHI"},"9818002":{"prefectureJa":"宮城県","cityJa":"仙台市泉区","townJa":"南光台南","prefectureEn":"MIYAGI KEN","cityEn":"SENDAI SHI IZUMI KU","townEn":"NANKODAIMINAMI"},"9818003":{"prefectureJa":"宮城県","cityJa":"仙台市泉区","townJa":"南光台","prefectureEn":"MIYAGI KEN","cityEn":"SENDAI SHI IZUMI KU","townEn":"NANKODAI"},"9818004":{"prefectureJa":"宮城県","cityJa":"仙台市泉区","townJa":"旭丘堤","prefectureEn":"MIYAGI KEN","cityEn":"SENDAI SHI IZUMI KU","townEn":"ASAHIGAOKATSUTSUMI"},"9818005":{"prefectureJa":"宮城県","cityJa":"仙台市泉区","townJa":"東黒松","prefectureEn":"MIYAGI KEN","cityEn":"SENDAI SHI IZUMI KU","townEn":"HIGASHIKUROMATSU"},"9818006":{"prefectureJa":"宮城県","cityJa":"仙台市泉区","townJa":"黒松","prefectureEn":"MIYAGI KEN","cityEn":"SENDAI SHI IZUMI KU","townEn":"KUROMATSU"},"9818007":{"prefectureJa":"宮城県","cityJa":"仙台市泉区","townJa":"虹の丘","prefectureEn":"MIYAGI KEN","cityEn":"SENDAI SHI IZUMI KU","townEn":"NIJINOKA"}}