{"7930000":{"prefectureJa":"愛媛県","cityJa":"西条市","townJa":"以下に掲載がない場合","prefectureEn":"EHIME KEN","cityEn":"SAIJO SHI","townEn":"IKANIKEISAIGANAIBAAI"},"7930001":{"prefectureJa":"愛媛県","cityJa":"西条市","townJa":"玉津","prefectureEn":"EHIME KEN","cityEn":"SAIJO SHI","townEn":"TAMATSU"},"7930002":{"prefectureJa":"愛媛県","cityJa":"西条市","townJa":"天神","prefectureEn":"EHIME KEN","cityEn":"SAIJO SHI","townEn":"TENJIN"},"7930003":{"prefectureJa":"愛媛県","cityJa":"西条市","townJa":"ひうち","prefectureEn":"EHIME KEN","cityEn":"SAIJO SHI","townEn":"HIUCHI"},"7930004":{"prefectureJa":"愛媛県","cityJa":"西条市","townJa":"船屋甲","prefectureEn":"EHIME KEN","cityEn":"SAIJO SHI","townEn":"FUNAYA KO"},"7930005":{"prefectureJa":"愛媛県","cityJa":"西条市","townJa":"船屋乙","prefectureEn":"EHIME KEN","cityEn":"SAIJO SHI","townEn":"FUNAYA OTSU"},"7930006":{"prefectureJa":"愛媛県","cityJa":"西条市","townJa":"下島山甲","prefectureEn":"EHIME KEN","cityEn":"SAIJO SHI","townEn":"SHIMOSHIMAYAMA KO"},"7930007":{"prefectureJa":"愛媛県","cityJa":"西条市","townJa":"下島山乙","prefectureEn":"EHIME KEN","cityEn":"SAIJO SHI","townEn":"SHIMOSHIMAYAMA OTSU"},"7930010":{"prefectureJa":"愛媛県","cityJa":"西条市","townJa":"飯岡","prefectureEn":"EHIME KEN","cityEn":"SAIJO SHI","townEn":"IIOKA"},"7930016":{"prefectureJa":"愛媛県","cityJa":"西条市","townJa":"大浜","prefectureEn":"EHIME KEN","cityEn":"SAIJO SHI","townEn":"OHAMA"},"7930017":{"prefectureJa":"愛媛県","cityJa":"西条市","townJa":"早川","prefectureEn":"EHIME KEN","cityEn":"SAIJO SHI","townEn":"HAIGAWA"},"7930021":{"prefectureJa":"愛媛県","cityJa":"西条市","townJa":"神拝乙","prefectureEn":"EHIME KEN","cityEn":"SAIJO SHI","townEn":"KAMBAI OTSU"},"7930022":{"prefectureJa":"愛媛県","cityJa":"西条市","townJa":"本町","prefectureEn":"EHIME KEN","cityEn":"SAIJO SHI","townEn":"HOMMACHI"},"7930023":{"prefectureJa":"愛媛県","cityJa":"西条市","townJa":"明屋敷","prefectureEn":"EHIME KEN","cityEn":"SAIJO SHI","townEn":"AKEYASHIKI"},"7930024":{"prefectureJa":"愛媛県","cityJa":"西条市","townJa":"大師町","prefectureEn":"EHIME KEN","cityEn":"SAIJO SHI","townEn":"DAISHIMACHI"},"7930025":{"prefectureJa":"愛媛県","cityJa":"西条市","townJa":"栄町","prefectureEn":"EHIME KEN","cityEn":"SAIJO SHI","townEn":"SAKAEMACHI"},"7930026":{"prefectureJa":"愛媛県","cityJa":"西条市","townJa":"東町","prefectureEn":"EHIME KEN","cityEn":"SAIJO SHI","townEn":"HIGASHIMACHI"},"7930027":{"prefectureJa":"愛媛県","cityJa":"西条市","townJa":"朔日市","prefectureEn":"EHIME KEN","cityEn":"SAIJO SHI","townEn":"TSUITACHI"},"7930028":{"prefectureJa":"愛媛県","cityJa":"西条市","townJa":"新田","prefectureEn":"EHIME KEN","cityEn":"SAIJO SHI","townEn":"SHINDEN"},"7930030":{"prefectureJa":"愛媛県","cityJa":"西条市","townJa":"大町","prefectureEn":"EHIME KEN","cityEn":"SAIJO SHI","townEn":"OMACHI"},"7930034":{"prefectureJa":"愛媛県","cityJa":"西条市","townJa":"明神木","prefectureEn":"EHIME KEN","cityEn":"SAIJO SHI","townEn":"MYOJINGI"},"7930035":{"prefectureJa":"愛媛県","cityJa":"西条市","townJa":"福武甲","prefectureEn":"EHIME KEN","cityEn":"SAIJO SHI","townEn":"FUKUTAKE KO"},"7930036":{"prefectureJa":"愛媛県","cityJa":"西条市","townJa":"福武乙","prefectureEn":"EHIME KEN","cityEn":"SAIJO SHI","townEn":"FUKUTAKE OTSU"},"7930037":{"prefectureJa":"愛媛県","cityJa":"西条市","townJa":"市之川","prefectureEn":"EHIME KEN","cityEn":"SAIJO SHI","townEn":"ICHINOKAWA"},"7930038":{"prefectureJa":"愛媛県","cityJa":"西条市","townJa":"丸野","prefectureEn":"EHIME KEN","cityEn":"SAIJO SHI","townEn":"MARUNO"},"7930039":{"prefectureJa":"愛媛県","cityJa":"西条市","townJa":"保野","prefectureEn":"EHIME KEN","cityEn":"SAIJO SHI","townEn":"HONO"},"7930041":{"prefectureJa":"愛媛県","cityJa":"西条市","townJa":"神拝甲","prefectureEn":"EHIME KEN","cityEn":"SAIJO SHI","townEn":"KAMBAI KO"},"7930042":{"prefectureJa":"愛媛県","cityJa":"西条市","townJa":"喜多川","prefectureEn":"EHIME KEN","cityEn":"SAIJO SHI","townEn":"KITAGAWA"},"7930043":{"prefectureJa":"愛媛県","cityJa":"西条市","townJa":"樋之口","prefectureEn":"EHIME KEN","cityEn":"SAIJO SHI","townEn":"HINOKUCHI"},"7930044":{"prefectureJa":"愛媛県","cityJa":"西条市","townJa":"古川甲","prefectureEn":"EHIME KEN","cityEn":"SAIJO SHI","townEn":"FURUKAWA KO"},"7930045":{"prefectureJa":"愛媛県","cityJa":"西条市","townJa":"古川乙","prefectureEn":"EHIME KEN","cityEn":"SAIJO SHI","townEn":"FURUKAWA OTSU"},"7930046":{"prefectureJa":"愛媛県","cityJa":"西条市","townJa":"港","prefectureEn":"EHIME KEN","cityEn":"SAIJO SHI","townEn":"MINATO"},"7930051":{"prefectureJa":"愛媛県","cityJa":"西条市","townJa":"安知生","prefectureEn":"EHIME KEN","cityEn":"SAIJO SHI","townEn":"ANJU"},"7930052":{"prefectureJa":"愛媛県","cityJa":"西条市","townJa":"中西","prefectureEn":"EHIME KEN","cityEn":"SAIJO SHI","townEn":"NAKANISHI"},"7930053":{"prefectureJa":"愛媛県","cityJa":"西条市","townJa":"洲之内甲","prefectureEn":"EHIME KEN","cityEn":"SAIJO SHI","townEn":"SUNOCHI KO"},"7930054":{"prefectureJa":"愛媛県","cityJa":"西条市","townJa":"中野甲","prefectureEn":"EHIME KEN","cityEn":"SAIJO SHI","townEn":"NAKANO KO"},"7930055":{"prefectureJa":"愛媛県","cityJa":"西条市","townJa":"中野乙","prefectureEn":"EHIME KEN","cityEn":"SAIJO SHI","townEn":"NAKANO OTSU"},"7930056":{"prefectureJa":"愛媛県","cityJa":"西条市","townJa":"中野丙","prefectureEn":"EHIME KEN","cityEn":"SAIJO SHI","townEn":"NAKANO HEI"},"7930057":{"prefectureJa":"愛媛県","cityJa":"西条市","townJa":"津越","prefectureEn":"EHIME KEN","cityEn":"SAIJO SHI","townEn":"TSUGOE"},"7930061":{"prefectureJa":"愛媛県","cityJa":"西条市","townJa":"禎瑞","prefectureEn":"EHIME KEN","cityEn":"SAIJO SHI","townEn":"TEIZUI"},"7930062":{"prefectureJa":"愛媛県","cityJa":"西条市","townJa":"西田甲","prefectureEn":"EHIME KEN","cityEn":"SAIJO SHI","townEn":"NISHIDA KO"},"7930063":{"prefectureJa":"愛媛県","cityJa":"西条市","townJa":"西泉甲","prefectureEn":"EHIME KEN","cityEn":"SAIJO SHI","townEn":"NISHIIZUMI KO"},"7930064":{"prefectureJa":"愛媛県","cityJa":"西条市","townJa":"西泉乙","prefectureEn":"EHIME KEN","cityEn":"SAIJO SHI","townEn":"NISHIIZUMI OTSU"},"7930065":{"prefectureJa":"愛媛県","cityJa":"西条市","townJa":"楢木","prefectureEn":"EHIME KEN","cityEn":"SAIJO SHI","townEn":"NARANOKI"},"7930066":{"prefectureJa":"愛媛県","cityJa":"西条市","townJa":"野々市","prefectureEn":"EHIME KEN","cityEn":"SAIJO SHI","townEn":"NONOICHI"},"7930067":{"prefectureJa":"愛媛県","cityJa":"西条市","townJa":"坂元甲","prefectureEn":"EHIME KEN","cityEn":"SAIJO SHI","townEn":"SAKAMOTO KO"},"7930071":{"prefectureJa":"愛媛県","cityJa":"西条市","townJa":"氷見甲","prefectureEn":"EHIME KEN","cityEn":"SAIJO SHI","townEn":"HIMI KO"},"7930072":{"prefectureJa":"愛媛県","cityJa":"西条市","townJa":"氷見乙","prefectureEn":"EHIME KEN","cityEn":"SAIJO SHI","townEn":"HIMI OTSU"},"7930073":{"prefectureJa":"愛媛県","cityJa":"西条市","townJa":"氷見丙","prefectureEn":"EHIME KEN","cityEn":"SAIJO SHI","townEn":"HIMI HEI"},"7930074":{"prefectureJa":"愛媛県","cityJa":"西条市","townJa":"氷見丁","prefectureEn":"EHIME KEN","cityEn":"SAIJO SHI","townEn":"HIMI TEI"},"7930075":{"prefectureJa":"愛媛県","cityJa":"西条市","townJa":"氷見戊","prefectureEn":"EHIME KEN","cityEn":"SAIJO SHI","townEn":"HIMI BO"},"7930101":{"prefectureJa":"愛媛県","cityJa":"西条市","townJa":"千町","prefectureEn":"EHIME KEN","cityEn":"SAIJO SHI","townEn":"SENJO"},"7930102":{"prefectureJa":"愛媛県","cityJa":"西条市","townJa":"藤之石","prefectureEn":"EHIME KEN","cityEn":"SAIJO SHI","townEn":"FUJINOISHI"},"7930103":{"prefectureJa":"愛媛県","cityJa":"西条市","townJa":"荒川","prefectureEn":"EHIME KEN","cityEn":"SAIJO SHI","townEn":"ARAKAWA"},"7930211":{"prefectureJa":"愛媛県","cityJa":"西条市","townJa":"大保木","prefectureEn":"EHIME KEN","cityEn":"SAIJO SHI","townEn":"OFUKI"},"7930212":{"prefectureJa":"愛媛県","cityJa":"西条市","townJa":"黒瀬","prefectureEn":"EHIME KEN","cityEn":"SAIJO SHI","townEn":"KUROSE"},"7930213":{"prefectureJa":"愛媛県","cityJa":"西条市","townJa":"兎之山","prefectureEn":"EHIME KEN","cityEn":"SAIJO SHI","townEn":"TONOYAMA"},"7930214":{"prefectureJa":"愛媛県","cityJa":"西条市","townJa":"中奥","prefectureEn":"EHIME KEN","cityEn":"SAIJO SHI","townEn":"NAKAOKU"},"7930215":{"prefectureJa":"愛媛県","cityJa":"西条市","townJa":"西之川","prefectureEn":"EHIME KEN","cityEn":"SAIJO SHI","townEn":"NISHINOKAWA"},"7930216":{"prefectureJa":"愛媛県","cityJa":"西条市","townJa":"東之川","prefectureEn":"EHIME KEN","cityEn":"SAIJO SHI","townEn":"HIGASHINOKAWA"}}