{"2990101":{"prefectureJa":"千葉県","cityJa":"市原市","townJa":"青柳北","prefectureEn":"CHIBA KEN","cityEn":"ICHIHARA SHI","townEn":"AOYAGIKITA"},"2990102":{"prefectureJa":"千葉県","cityJa":"市原市","townJa":"青柳","prefectureEn":"CHIBA KEN","cityEn":"ICHIHARA SHI","townEn":"AOYAGI"},"2990103":{"prefectureJa":"千葉県","cityJa":"市原市","townJa":"青柳海岸","prefectureEn":"CHIBA KEN","cityEn":"ICHIHARA SHI","townEn":"AOYAGI KAIGAN"},"2990104":{"prefectureJa":"千葉県","cityJa":"市原市","townJa":"白塚","prefectureEn":"CHIBA KEN","cityEn":"ICHIHARA SHI","townEn":"SHIRATSUKA"},"2990105":{"prefectureJa":"千葉県","cityJa":"市原市","townJa":"柏原","prefectureEn":"CHIBA KEN","cityEn":"ICHIHARA SHI","townEn":"KASHIWABARA"},"2990106":{"prefectureJa":"千葉県","cityJa":"市原市","townJa":"今津朝山","prefectureEn":"CHIBA KEN","cityEn":"ICHIHARA SHI","townEn":"IMAZUASAYAMA"},"2990107":{"prefectureJa":"千葉県","cityJa":"市原市","townJa":"姉崎海岸","prefectureEn":"CHIBA KEN","cityEn":"ICHIHARA SHI","townEn":"ANESAKIKAIGAN"},"2990108":{"prefectureJa":"千葉県","cityJa":"市原市","townJa":"千種海岸","prefectureEn":"CHIBA KEN","cityEn":"ICHIHARA SHI","townEn":"CHIGUSAKAIGAN"},"2990109":{"prefectureJa":"千葉県","cityJa":"市原市","townJa":"千種","prefectureEn":"CHIBA KEN","cityEn":"ICHIHARA SHI","townEn":"CHIGUSA"},"2990110":{"prefectureJa":"千葉県","cityJa":"市原市","townJa":"姉崎東","prefectureEn":"CHIBA KEN","cityEn":"ICHIHARA SHI","townEn":"ANESAKIHIGASHI"},"2990111":{"prefectureJa":"千葉県","cityJa":"市原市","townJa":"姉崎","prefectureEn":"CHIBA KEN","cityEn":"ICHIHARA SHI","townEn":"ANESAKI"},"2990112":{"prefectureJa":"千葉県","cityJa":"市原市","townJa":"畑木","prefectureEn":"CHIBA KEN","cityEn":"ICHIHARA SHI","townEn":"HATAKI"},"2990113":{"prefectureJa":"千葉県","cityJa":"市原市","townJa":"片又木","prefectureEn":"CHIBA KEN","cityEn":"ICHIHARA SHI","townEn":"KATAMATAGI"},"2990114":{"prefectureJa":"千葉県","cityJa":"市原市","townJa":"泉台","prefectureEn":"CHIBA KEN","cityEn":"ICHIHARA SHI","townEn":"IZUMIDAI"},"2990115":{"prefectureJa":"千葉県","cityJa":"市原市","townJa":"不入斗","prefectureEn":"CHIBA KEN","cityEn":"ICHIHARA SHI","townEn":"IRIYAMAZU"},"2990116":{"prefectureJa":"千葉県","cityJa":"市原市","townJa":"迎田","prefectureEn":"CHIBA KEN","cityEn":"ICHIHARA SHI","townEn":"MUKAEDA"},"2990117":{"prefectureJa":"千葉県","cityJa":"市原市","townJa":"青葉台","prefectureEn":"CHIBA KEN","cityEn":"ICHIHARA SHI","townEn":"AOBADAI"},"2990118":{"prefectureJa":"千葉県","cityJa":"市原市","townJa":"椎津","prefectureEn":"CHIBA KEN","cityEn":"ICHIHARA SHI","townEn":"SHIIZU"},"2990119":{"prefectureJa":"千葉県","cityJa":"市原市","townJa":"姉崎西","prefectureEn":"CHIBA KEN","cityEn":"ICHIHARA SHI","townEn":"ANESAKINISHI"},"2990121":{"prefectureJa":"千葉県","cityJa":"市原市","townJa":"立野","prefectureEn":"CHIBA KEN","cityEn":"ICHIHARA SHI","townEn":"TATENO"},"2990122":{"prefectureJa":"千葉県","cityJa":"市原市","townJa":"豊成","prefectureEn":"CHIBA KEN","cityEn":"ICHIHARA SHI","townEn":"TOYONARI"},"2990123":{"prefectureJa":"千葉県","cityJa":"市原市","townJa":"深城","prefectureEn":"CHIBA KEN","cityEn":"ICHIHARA SHI","townEn":"FUKASHIRO"},"2990124":{"prefectureJa":"千葉県","cityJa":"市原市","townJa":"有秋台東","prefectureEn":"CHIBA KEN","cityEn":"ICHIHARA SHI","townEn":"YUSHUDAI HIGASHI"},"2990125":{"prefectureJa":"千葉県","cityJa":"市原市","townJa":"有秋台西","prefectureEn":"CHIBA KEN","cityEn":"ICHIHARA SHI","townEn":"YUSHUDAI NISHI"},"2990126":{"prefectureJa":"千葉県","cityJa":"市原市","townJa":"天羽田","prefectureEn":"CHIBA KEN","cityEn":"ICHIHARA SHI","townEn":"AMODA"},"2990127":{"prefectureJa":"千葉県","cityJa":"市原市","townJa":"桜台","prefectureEn":"CHIBA KEN","cityEn":"ICHIHARA SHI","townEn":"SAKURADAI"},"2990128":{"prefectureJa":"千葉県","cityJa":"市原市","townJa":"椎の木台","prefectureEn":"CHIBA KEN","cityEn":"ICHIHARA SHI","townEn":"SHIINOKIDAI"},"2990200":{"prefectureJa":"千葉県","cityJa":"袖ケ浦市","townJa":"以下に掲載がない場合","prefectureEn":"CHIBA KEN","cityEn":"SODEGAURA SHI","townEn":"IKANIKEISAIGANAIBAAI"},"2990201":{"prefectureJa":"千葉県","cityJa":"袖ケ浦市","townJa":"川原井","prefectureEn":"CHIBA KEN","cityEn":"SODEGAURA SHI","townEn":"KAWAHARAI"},"2990202":{"prefectureJa":"千葉県","cityJa":"袖ケ浦市","townJa":"林","prefectureEn":"CHIBA KEN","cityEn":"SODEGAURA SHI","townEn":"HAYASHI"},"2990203":{"prefectureJa":"千葉県","cityJa":"袖ケ浦市","townJa":"高谷","prefectureEn":"CHIBA KEN","cityEn":"SODEGAURA SHI","townEn":"TAKAYA"},"2990204":{"prefectureJa":"千葉県","cityJa":"袖ケ浦市","townJa":"永吉","prefectureEn":"CHIBA KEN","cityEn":"SODEGAURA SHI","townEn":"NAGAYOSHI"},"2990205":{"prefectureJa":"千葉県","cityJa":"袖ケ浦市","townJa":"上泉","prefectureEn":"CHIBA KEN","cityEn":"SODEGAURA SHI","townEn":"KAMIIZUMI"},"2990211":{"prefectureJa":"千葉県","cityJa":"袖ケ浦市","townJa":"野里","prefectureEn":"CHIBA KEN","cityEn":"SODEGAURA SHI","townEn":"NOZATO"},"2990212":{"prefectureJa":"千葉県","cityJa":"袖ケ浦市","townJa":"三箇","prefectureEn":"CHIBA KEN","cityEn":"SODEGAURA SHI","townEn":"SANGA"},"2990213":{"prefectureJa":"千葉県","cityJa":"袖ケ浦市","townJa":"百目木","prefectureEn":"CHIBA KEN","cityEn":"SODEGAURA SHI","townEn":"DOMEKI"},"2990214":{"prefectureJa":"千葉県","cityJa":"袖ケ浦市","townJa":"下根岸","prefectureEn":"CHIBA KEN","cityEn":"SODEGAURA SHI","townEn":"SHIMONEGISHI"},"2990215":{"prefectureJa":"千葉県","cityJa":"袖ケ浦市","townJa":"堂谷","prefectureEn":"CHIBA KEN","cityEn":"SODEGAURA SHI","townEn":"DOYATSU"},"2990216":{"prefectureJa":"千葉県","cityJa":"袖ケ浦市","townJa":"阿部","prefectureEn":"CHIBA KEN","cityEn":"SODEGAURA SHI","townEn":"ABE"},"2990217":{"prefectureJa":"千葉県","cityJa":"袖ケ浦市","townJa":"打越","prefectureEn":"CHIBA KEN","cityEn":"SODEGAURA SHI","townEn":"UCHIKOSHI"},"2990221":{"prefectureJa":"千葉県","cityJa":"袖ケ浦市","townJa":"大竹","prefectureEn":"CHIBA KEN","cityEn":"SODEGAURA SHI","townEn":"OTAKE"},"2990222":{"prefectureJa":"千葉県","cityJa":"袖ケ浦市","townJa":"上宮田","prefectureEn":"CHIBA KEN","cityEn":"SODEGAURA SHI","townEn":"KAMIMIYADA"},"2990223":{"prefectureJa":"千葉県","cityJa":"袖ケ浦市","townJa":"下宮田","prefectureEn":"CHIBA KEN","cityEn":"SODEGAURA SHI","townEn":"SHIMOMIYADA"},"2990224":{"prefectureJa":"千葉県","cityJa":"袖ケ浦市","townJa":"吉野田","prefectureEn":"CHIBA KEN","cityEn":"SODEGAURA SHI","townEn":"YOSHINODA"},"2990225":{"prefectureJa":"千葉県","cityJa":"袖ケ浦市","townJa":"玉野","prefectureEn":"CHIBA KEN","cityEn":"SODEGAURA SHI","townEn":"TAMANO"},"2990226":{"prefectureJa":"千葉県","cityJa":"袖ケ浦市","townJa":"滝の口","prefectureEn":"CHIBA KEN","cityEn":"SODEGAURA SHI","townEn":"TAKINOKUCHI"},"2990231":{"prefectureJa":"千葉県","cityJa":"袖ケ浦市","townJa":"下泉","prefectureEn":"CHIBA KEN","cityEn":"SODEGAURA SHI","townEn":"SHIMOIZUMI"},"2990232":{"prefectureJa":"千葉県","cityJa":"袖ケ浦市","townJa":"永地","prefectureEn":"CHIBA KEN","cityEn":"SODEGAURA SHI","townEn":"EICHI"},"2990233":{"prefectureJa":"千葉県","cityJa":"袖ケ浦市","townJa":"岩井","prefectureEn":"CHIBA KEN","cityEn":"SODEGAURA SHI","townEn":"IWAI"},"2990234":{"prefectureJa":"千葉県","cityJa":"袖ケ浦市","townJa":"谷中","prefectureEn":"CHIBA KEN","cityEn":"SODEGAURA SHI","townEn":"YANAKA"},"2990235":{"prefectureJa":"千葉県","cityJa":"袖ケ浦市","townJa":"三黒","prefectureEn":"CHIBA KEN","cityEn":"SODEGAURA SHI","townEn":"MIKURO"},"2990236":{"prefectureJa":"千葉県","cityJa":"袖ケ浦市","townJa":"横田","prefectureEn":"CHIBA KEN","cityEn":"SODEGAURA SHI","townEn":"YOKOTA"},"2990237":{"prefectureJa":"千葉県","cityJa":"袖ケ浦市","townJa":"大鳥居","prefectureEn":"CHIBA KEN","cityEn":"SODEGAURA SHI","townEn":"ODORII"},"2990241":{"prefectureJa":"千葉県","cityJa":"袖ケ浦市","townJa":"代宿","prefectureEn":"CHIBA KEN","cityEn":"SODEGAURA SHI","townEn":"DAIJUKU"},"2990242":{"prefectureJa":"千葉県","cityJa":"袖ケ浦市","townJa":"久保田","prefectureEn":"CHIBA KEN","cityEn":"SODEGAURA SHI","townEn":"KUBOTA"},"2990243":{"prefectureJa":"千葉県","cityJa":"袖ケ浦市","townJa":"蔵波","prefectureEn":"CHIBA KEN","cityEn":"SODEGAURA SHI","townEn":"KURANAMI"},"2990244":{"prefectureJa":"千葉県","cityJa":"袖ケ浦市","townJa":"野田","prefectureEn":"CHIBA KEN","cityEn":"SODEGAURA SHI","townEn":"NODA"},"2990245":{"prefectureJa":"千葉県","cityJa":"袖ケ浦市","townJa":"蔵波台","prefectureEn":"CHIBA KEN","cityEn":"SODEGAURA SHI","townEn":"KURANAMIDAI"},"2990246":{"prefectureJa":"千葉県","cityJa":"袖ケ浦市","townJa":"長浦駅前","prefectureEn":"CHIBA KEN","cityEn":"SODEGAURA SHI","townEn":"NAGAURAEKIMAE"},"2990247":{"prefectureJa":"千葉県","cityJa":"袖ケ浦市","townJa":"椎の森","prefectureEn":"CHIBA KEN","cityEn":"SODEGAURA SHI","townEn":"SHIINOMORI"},"2990251":{"prefectureJa":"千葉県","cityJa":"袖ケ浦市","townJa":"のぞみ野","prefectureEn":"CHIBA KEN","cityEn":"SODEGAURA SHI","townEn":"NOZOMINO"},"2990252":{"prefectureJa":"千葉県","cityJa":"袖ケ浦市","townJa":"勝","prefectureEn":"CHIBA KEN","cityEn":"SODEGAURA SHI","townEn":"KATSU"},"2990253":{"prefectureJa":"千葉県","cityJa":"袖ケ浦市","townJa":"大曽根","prefectureEn":"CHIBA KEN","cityEn":"SODEGAURA SHI","townEn":"OZONE"},"2990254":{"prefectureJa":"千葉県","cityJa":"袖ケ浦市","townJa":"三ツ作","prefectureEn":"CHIBA KEN","cityEn":"SODEGAURA SHI","townEn":"MITSUZAKU"},"2990255":{"prefectureJa":"千葉県","cityJa":"袖ケ浦市","townJa":"下新田","prefectureEn":"CHIBA KEN","cityEn":"SODEGAURA SHI","townEn":"SHIMONITTA"},"2990256":{"prefectureJa":"千葉県","cityJa":"袖ケ浦市","townJa":"飯富","prefectureEn":"CHIBA KEN","cityEn":"SODEGAURA SHI","townEn":"IITOMI"},"2990257":{"prefectureJa":"千葉県","cityJa":"袖ケ浦市","townJa":"神納","prefectureEn":"CHIBA KEN","cityEn":"SODEGAURA SHI","townEn":"KANNO"},"2990261":{"prefectureJa":"千葉県","cityJa":"袖ケ浦市","townJa":"福王台","prefectureEn":"CHIBA KEN","cityEn":"SODEGAURA SHI","townEn":"FUKUODAI"},"2990262":{"prefectureJa":"千葉県","cityJa":"袖ケ浦市","townJa":"坂戸市場","prefectureEn":"CHIBA KEN","cityEn":"SODEGAURA SHI","townEn":"SAKADOICHIBA"},"2990263":{"prefectureJa":"千葉県","cityJa":"袖ケ浦市","townJa":"奈良輪","prefectureEn":"CHIBA KEN","cityEn":"SODEGAURA SHI","townEn":"NARAWA"},"2990264":{"prefectureJa":"千葉県","cityJa":"袖ケ浦市","townJa":"今井","prefectureEn":"CHIBA KEN","cityEn":"SODEGAURA SHI","townEn":"IMAI"},"2990265":{"prefectureJa":"千葉県","cityJa":"袖ケ浦市","townJa":"長浦","prefectureEn":"CHIBA KEN","cityEn":"SODEGAURA SHI","townEn":"NAGAURA"},"2990266":{"prefectureJa":"千葉県","cityJa":"袖ケ浦市","townJa":"北袖","prefectureEn":"CHIBA KEN","cityEn":"SODEGAURA SHI","townEn":"KITASODE"},"2990267":{"prefectureJa":"千葉県","cityJa":"袖ケ浦市","townJa":"中袖","prefectureEn":"CHIBA KEN","cityEn":"SODEGAURA SHI","townEn":"NAKASODE"},"2990268":{"prefectureJa":"千葉県","cityJa":"袖ケ浦市","townJa":"南袖","prefectureEn":"CHIBA KEN","cityEn":"SODEGAURA SHI","townEn":"MINAMISODE"},"2990269":{"prefectureJa":"千葉県","cityJa":"袖ケ浦市","townJa":"袖ケ浦駅前","prefectureEn":"CHIBA KEN","cityEn":"SODEGAURA SHI","townEn":"SODEGAURAEKIMAE"},"2990271":{"prefectureJa":"千葉県","cityJa":"木更津市","townJa":"坂戸市場","prefectureEn":"CHIBA KEN","cityEn":"KISARAZU SHI","townEn":"SAKADOICHIBA"},"2991100":{"prefectureJa":"千葉県","cityJa":"君津市","townJa":"以下に掲載がない場合","prefectureEn":"CHIBA KEN","cityEn":"KIMITSU SHI","townEn":"IKANIKEISAIGANAIBAAI"},"2991101":{"prefectureJa":"千葉県","cityJa":"君津市","townJa":"大鷲新田","prefectureEn":"CHIBA KEN","cityEn":"KIMITSU SHI","townEn":"OWASHISHINDEN"},"2991102":{"prefectureJa":"千葉県","cityJa":"君津市","townJa":"大鷲","prefectureEn":"CHIBA KEN","cityEn":"KIMITSU SHI","townEn":"OWASHI"},"2991103":{"prefectureJa":"千葉県","cityJa":"君津市","townJa":"大井","prefectureEn":"CHIBA KEN","cityEn":"KIMITSU SHI","townEn":"OI"},"2991104":{"prefectureJa":"千葉県","cityJa":"君津市","townJa":"糠田","prefectureEn":"CHIBA KEN","cityEn":"KIMITSU SHI","townEn":"NUKATA"},"2991105":{"prefectureJa":"千葉県","cityJa":"君津市","townJa":"白駒","prefectureEn":"CHIBA KEN","cityEn":"KIMITSU SHI","townEn":"SHIROKOMA"},"2991106":{"prefectureJa":"千葉県","cityJa":"君津市","townJa":"中島","prefectureEn":"CHIBA KEN","cityEn":"KIMITSU SHI","townEn":"NAKAJIMA"},"2991107":{"prefectureJa":"千葉県","cityJa":"君津市","townJa":"上","prefectureEn":"CHIBA KEN","cityEn":"KIMITSU SHI","townEn":"KAMI"},"2991108":{"prefectureJa":"千葉県","cityJa":"君津市","townJa":"練木","prefectureEn":"CHIBA KEN","cityEn":"KIMITSU SHI","townEn":"NERIKI"},"2991111":{"prefectureJa":"千葉県","cityJa":"君津市","townJa":"六手","prefectureEn":"CHIBA KEN","cityEn":"KIMITSU SHI","townEn":"MUTE"},"2991112":{"prefectureJa":"千葉県","cityJa":"君津市","townJa":"泉","prefectureEn":"CHIBA KEN","cityEn":"KIMITSU SHI","townEn":"IZUMI"},"2991113":{"prefectureJa":"千葉県","cityJa":"君津市","townJa":"尾車","prefectureEn":"CHIBA KEN","cityEn":"KIMITSU SHI","townEn":"BISHA"},"2991114":{"prefectureJa":"千葉県","cityJa":"君津市","townJa":"草牛","prefectureEn":"CHIBA KEN","cityEn":"KIMITSU SHI","townEn":"SOGYU"},"2991115":{"prefectureJa":"千葉県","cityJa":"君津市","townJa":"馬登","prefectureEn":"CHIBA KEN","cityEn":"KIMITSU SHI","townEn":"MANOBORI"},"2991116":{"prefectureJa":"千葉県","cityJa":"君津市","townJa":"皿引","prefectureEn":"CHIBA KEN","cityEn":"KIMITSU SHI","townEn":"SARAHIKI"},"2991117":{"prefectureJa":"千葉県","cityJa":"君津市","townJa":"宮下","prefectureEn":"CHIBA KEN","cityEn":"KIMITSU SHI","townEn":"MIYANOSHITA"},"2991121":{"prefectureJa":"千葉県","cityJa":"君津市","townJa":"常代","prefectureEn":"CHIBA KEN","cityEn":"KIMITSU SHI","townEn":"TOKOSHIRO"},"2991122":{"prefectureJa":"千葉県","cityJa":"君津市","townJa":"浜子","prefectureEn":"CHIBA KEN","cityEn":"KIMITSU SHI","townEn":"HAMAGO"},"2991123":{"prefectureJa":"千葉県","cityJa":"君津市","townJa":"大山野","prefectureEn":"CHIBA KEN","cityEn":"KIMITSU SHI","townEn":"OYAMANO"},"2991124":{"prefectureJa":"千葉県","cityJa":"君津市","townJa":"作木","prefectureEn":"CHIBA KEN","cityEn":"KIMITSU SHI","townEn":"TSUKURIKI"},"2991125":{"prefectureJa":"千葉県","cityJa":"君津市","townJa":"山高原","prefectureEn":"CHIBA KEN","cityEn":"KIMITSU SHI","townEn":"YAMATAKAHARA"},"2991126":{"prefectureJa":"千葉県","cityJa":"君津市","townJa":"小山野","prefectureEn":"CHIBA KEN","cityEn":"KIMITSU SHI","townEn":"KOYAMANO"},"2991127":{"prefectureJa":"千葉県","cityJa":"君津市","townJa":"郡","prefectureEn":"CHIBA KEN","cityEn":"KIMITSU SHI","townEn":"KORI"},"2991131":{"prefectureJa":"千葉県","cityJa":"君津市","townJa":"下湯江","prefectureEn":"CHIBA KEN","cityEn":"KIMITSU SHI","townEn":"SHIMOYUE"},"2991132":{"prefectureJa":"千葉県","cityJa":"君津市","townJa":"中富","prefectureEn":"CHIBA KEN","cityEn":"KIMITSU SHI","townEn":"NAKATOMI"},"2991133":{"prefectureJa":"千葉県","cityJa":"君津市","townJa":"貞元","prefectureEn":"CHIBA KEN","cityEn":"KIMITSU SHI","townEn":"SADAMOTO"},"2991134":{"prefectureJa":"千葉県","cityJa":"君津市","townJa":"八幡","prefectureEn":"CHIBA KEN","cityEn":"KIMITSU SHI","townEn":"YAWATA"},"2991135":{"prefectureJa":"千葉県","cityJa":"君津市","townJa":"杉谷","prefectureEn":"CHIBA KEN","cityEn":"KIMITSU SHI","townEn":"SUGIYATSU"},"2991136":{"prefectureJa":"千葉県","cityJa":"君津市","townJa":"新御堂","prefectureEn":"CHIBA KEN","cityEn":"KIMITSU SHI","townEn":"SHIMIDO"},"2991137":{"prefectureJa":"千葉県","cityJa":"君津市","townJa":"小香","prefectureEn":"CHIBA KEN","cityEn":"KIMITSU SHI","townEn":"SHOKO"},"2991138":{"prefectureJa":"千葉県","cityJa":"君津市","townJa":"上湯江","prefectureEn":"CHIBA KEN","cityEn":"KIMITSU SHI","townEn":"KAMIYUE"},"2991141":{"prefectureJa":"千葉県","cityJa":"君津市","townJa":"君津","prefectureEn":"CHIBA KEN","cityEn":"KIMITSU SHI","townEn":"KIMITSU"},"2991142":{"prefectureJa":"千葉県","cityJa":"君津市","townJa":"坂田","prefectureEn":"CHIBA KEN","cityEn":"KIMITSU SHI","townEn":"SAKADA"},"2991143":{"prefectureJa":"千葉県","cityJa":"君津市","townJa":"君津台","prefectureEn":"CHIBA KEN","cityEn":"KIMITSU SHI","townEn":"KIMITSUDAI"},"2991144":{"prefectureJa":"千葉県","cityJa":"君津市","townJa":"東坂田","prefectureEn":"CHIBA KEN","cityEn":"KIMITSU SHI","townEn":"HIGASHISAKADA"},"2991145":{"prefectureJa":"千葉県","cityJa":"君津市","townJa":"西坂田","prefectureEn":"CHIBA KEN","cityEn":"KIMITSU SHI","townEn":"NISHISAKADA"},"2991146":{"prefectureJa":"千葉県","cityJa":"君津市","townJa":"大和田","prefectureEn":"CHIBA KEN","cityEn":"KIMITSU SHI","townEn":"OWADA"},"2991147":{"prefectureJa":"千葉県","cityJa":"君津市","townJa":"人見","prefectureEn":"CHIBA KEN","cityEn":"KIMITSU SHI","townEn":"HITOMI"},"2991151":{"prefectureJa":"千葉県","cityJa":"君津市","townJa":"中野","prefectureEn":"CHIBA KEN","cityEn":"KIMITSU SHI","townEn":"NAKANO"},"2991152":{"prefectureJa":"千葉県","cityJa":"君津市","townJa":"久保","prefectureEn":"CHIBA KEN","cityEn":"KIMITSU SHI","townEn":"KUBO"},"2991153":{"prefectureJa":"千葉県","cityJa":"君津市","townJa":"台","prefectureEn":"CHIBA KEN","cityEn":"KIMITSU SHI","townEn":"DAI"},"2991154":{"prefectureJa":"千葉県","cityJa":"君津市","townJa":"南久保","prefectureEn":"CHIBA KEN","cityEn":"KIMITSU SHI","townEn":"MINAMIKUBO"},"2991161":{"prefectureJa":"千葉県","cityJa":"君津市","townJa":"北子安","prefectureEn":"CHIBA KEN","cityEn":"KIMITSU SHI","townEn":"KITAKOYASU"},"2991162":{"prefectureJa":"千葉県","cityJa":"君津市","townJa":"南子安","prefectureEn":"CHIBA KEN","cityEn":"KIMITSU SHI","townEn":"MINAMIKOYASU"},"2991163":{"prefectureJa":"千葉県","cityJa":"君津市","townJa":"杢師","prefectureEn":"CHIBA KEN","cityEn":"KIMITSU SHI","townEn":"MOKUSHI"},"2991164":{"prefectureJa":"千葉県","cityJa":"君津市","townJa":"北久保","prefectureEn":"CHIBA KEN","cityEn":"KIMITSU SHI","townEn":"KITAKUBO"},"2991165":{"prefectureJa":"千葉県","cityJa":"君津市","townJa":"高坂","prefectureEn":"CHIBA KEN","cityEn":"KIMITSU SHI","townEn":"KOSAKA"},"2991166":{"prefectureJa":"千葉県","cityJa":"君津市","townJa":"陽光台","prefectureEn":"CHIBA KEN","cityEn":"KIMITSU SHI","townEn":"YOKODAI"},"2991171":{"prefectureJa":"千葉県","cityJa":"君津市","townJa":"八重原","prefectureEn":"CHIBA KEN","cityEn":"KIMITSU SHI","townEn":"YAEHARA"},"2991172":{"prefectureJa":"千葉県","cityJa":"君津市","townJa":"三直","prefectureEn":"CHIBA KEN","cityEn":"KIMITSU SHI","townEn":"MINO"},"2991173":{"prefectureJa":"千葉県","cityJa":"君津市","townJa":"外箕輪","prefectureEn":"CHIBA KEN","cityEn":"KIMITSU SHI","townEn":"SOTOMINOWA"},"2991174":{"prefectureJa":"千葉県","cityJa":"君津市","townJa":"法木作","prefectureEn":"CHIBA KEN","cityEn":"KIMITSU SHI","townEn":"HOGISAKU"},"2991175":{"prefectureJa":"千葉県","cityJa":"君津市","townJa":"内箕輪","prefectureEn":"CHIBA KEN","cityEn":"KIMITSU SHI","townEn":"UCHIMINOWA"},"2991176":{"prefectureJa":"千葉県","cityJa":"君津市","townJa":"内蓑輪","prefectureEn":"CHIBA KEN","cityEn":"KIMITSU SHI","townEn":"UCHIMINOWA"},"2991601":{"prefectureJa":"千葉県","cityJa":"富津市","townJa":"桜井総稱鬼泪山","prefectureEn":"CHIBA KEN","cityEn":"FUTTSU SHI","townEn":"SAKURAISOSHOKINADAYAMA"},"2991602":{"prefectureJa":"千葉県","cityJa":"富津市","townJa":"桜井","prefectureEn":"CHIBA KEN","cityEn":"FUTTSU SHI","townEn":"SAKURAI"},"2991603":{"prefectureJa":"千葉県","cityJa":"富津市","townJa":"更和","prefectureEn":"CHIBA KEN","cityEn":"FUTTSU SHI","townEn":"SARAWA"},"2991604":{"prefectureJa":"千葉県","cityJa":"富津市","townJa":"台原","prefectureEn":"CHIBA KEN","cityEn":"FUTTSU SHI","townEn":"DAIBARA"},"2991605":{"prefectureJa":"千葉県","cityJa":"富津市","townJa":"望井","prefectureEn":"CHIBA KEN","cityEn":"FUTTSU SHI","townEn":"MOCHII"},"2991606":{"prefectureJa":"千葉県","cityJa":"富津市","townJa":"数馬","prefectureEn":"CHIBA KEN","cityEn":"FUTTSU SHI","townEn":"KAZUMA"},"2991607":{"prefectureJa":"千葉県","cityJa":"富津市","townJa":"湊","prefectureEn":"CHIBA KEN","cityEn":"FUTTSU SHI","townEn":"MINATO"},"2991608":{"prefectureJa":"千葉県","cityJa":"富津市","townJa":"岩坂","prefectureEn":"CHIBA KEN","cityEn":"FUTTSU SHI","townEn":"IWASAKA"},"2991609":{"prefectureJa":"千葉県","cityJa":"富津市","townJa":"加藤","prefectureEn":"CHIBA KEN","cityEn":"FUTTSU SHI","townEn":"KATO"},"2991611":{"prefectureJa":"千葉県","cityJa":"富津市","townJa":"長崎","prefectureEn":"CHIBA KEN","cityEn":"FUTTSU SHI","townEn":"NAGASAKI"},"2991612":{"prefectureJa":"千葉県","cityJa":"富津市","townJa":"横山","prefectureEn":"CHIBA KEN","cityEn":"FUTTSU SHI","townEn":"YOKOYAMA"},"2991613":{"prefectureJa":"千葉県","cityJa":"富津市","townJa":"不入斗","prefectureEn":"CHIBA KEN","cityEn":"FUTTSU SHI","townEn":"IRIYAMAZU"},"2991614":{"prefectureJa":"千葉県","cityJa":"富津市","townJa":"梨沢（その他）","prefectureEn":"CHIBA KEN","cityEn":"FUTTSU SHI","townEn":"NASHIZAWA(SONOTA)"},"2991615":{"prefectureJa":"千葉県","cityJa":"富津市","townJa":"相川","prefectureEn":"CHIBA KEN","cityEn":"FUTTSU SHI","townEn":"AIKAWA"},"2991616":{"prefectureJa":"千葉県","cityJa":"富津市","townJa":"海良","prefectureEn":"CHIBA KEN","cityEn":"FUTTSU SHI","townEn":"KAIRA"},"2991617":{"prefectureJa":"千葉県","cityJa":"富津市","townJa":"売津","prefectureEn":"CHIBA KEN","cityEn":"FUTTSU SHI","townEn":"URUZU"},"2991618":{"prefectureJa":"千葉県","cityJa":"富津市","townJa":"花輪","prefectureEn":"CHIBA KEN","cityEn":"FUTTSU SHI","townEn":"HANAWA"},"2991621":{"prefectureJa":"千葉県","cityJa":"富津市","townJa":"竹岡","prefectureEn":"CHIBA KEN","cityEn":"FUTTSU SHI","townEn":"TAKEOKA"},"2991622":{"prefectureJa":"千葉県","cityJa":"富津市","townJa":"萩生","prefectureEn":"CHIBA KEN","cityEn":"FUTTSU SHI","townEn":"HAGIU"},"2991731":{"prefectureJa":"千葉県","cityJa":"富津市","townJa":"田倉","prefectureEn":"CHIBA KEN","cityEn":"FUTTSU SHI","townEn":"TAGURA"},"2991732":{"prefectureJa":"千葉県","cityJa":"富津市","townJa":"宇藤原","prefectureEn":"CHIBA KEN","cityEn":"FUTTSU SHI","townEn":"UTOBARA"},"2991733":{"prefectureJa":"千葉県","cityJa":"富津市","townJa":"高溝","prefectureEn":"CHIBA KEN","cityEn":"FUTTSU SHI","townEn":"TAKAMIZO"},"2991734":{"prefectureJa":"千葉県","cityJa":"富津市","townJa":"関","prefectureEn":"CHIBA KEN","cityEn":"FUTTSU SHI","townEn":"SEKI"},"2991735":{"prefectureJa":"千葉県","cityJa":"富津市","townJa":"大田和","prefectureEn":"CHIBA KEN","cityEn":"FUTTSU SHI","townEn":"OTAWA"},"2991736":{"prefectureJa":"千葉県","cityJa":"富津市","townJa":"大川崎","prefectureEn":"CHIBA KEN","cityEn":"FUTTSU SHI","townEn":"OGAWASAKI"},"2991737":{"prefectureJa":"千葉県","cityJa":"富津市","townJa":"東大和田","prefectureEn":"CHIBA KEN","cityEn":"FUTTSU SHI","townEn":"HIGASHIOWADA"},"2991741":{"prefectureJa":"千葉県","cityJa":"富津市","townJa":"御代原","prefectureEn":"CHIBA KEN","cityEn":"FUTTSU SHI","townEn":"MIYOBARA"},"2991742":{"prefectureJa":"千葉県","cityJa":"富津市","townJa":"豊岡","prefectureEn":"CHIBA KEN","cityEn":"FUTTSU SHI","townEn":"TOYOKA"},"2991743":{"prefectureJa":"千葉県","cityJa":"富津市","townJa":"山中","prefectureEn":"CHIBA KEN","cityEn":"FUTTSU SHI","townEn":"YAMANAKA"},"2991744":{"prefectureJa":"千葉県","cityJa":"富津市","townJa":"梨沢（東井戸堀）","prefectureEn":"CHIBA KEN","cityEn":"FUTTSU SHI","townEn":"NASHIZAWA(HIGASHIIDOBORI)"},"2991745":{"prefectureJa":"千葉県","cityJa":"富津市","townJa":"志駒","prefectureEn":"CHIBA KEN","cityEn":"FUTTSU SHI","townEn":"SHIKOMA"},"2991746":{"prefectureJa":"千葉県","cityJa":"富津市","townJa":"岩本","prefectureEn":"CHIBA KEN","cityEn":"FUTTSU SHI","townEn":"IWAMOTO"},"2991747":{"prefectureJa":"千葉県","cityJa":"富津市","townJa":"小志駒","prefectureEn":"CHIBA KEN","cityEn":"FUTTSU SHI","townEn":"KOJIKOMA"},"2991751":{"prefectureJa":"千葉県","cityJa":"富津市","townJa":"恩田","prefectureEn":"CHIBA KEN","cityEn":"FUTTSU SHI","townEn":"ONDA"},"2991752":{"prefectureJa":"千葉県","cityJa":"富津市","townJa":"関尻","prefectureEn":"CHIBA KEN","cityEn":"FUTTSU SHI","townEn":"SEKIJIRI"},"2991753":{"prefectureJa":"千葉県","cityJa":"富津市","townJa":"上後","prefectureEn":"CHIBA KEN","cityEn":"FUTTSU SHI","townEn":"UEGO"},"2991754":{"prefectureJa":"千葉県","cityJa":"富津市","townJa":"山脇","prefectureEn":"CHIBA KEN","cityEn":"FUTTSU SHI","townEn":"YAMAWAKI"},"2991755":{"prefectureJa":"千葉県","cityJa":"富津市","townJa":"田原","prefectureEn":"CHIBA KEN","cityEn":"FUTTSU SHI","townEn":"TABARA"},"2991756":{"prefectureJa":"千葉県","cityJa":"富津市","townJa":"六野","prefectureEn":"CHIBA KEN","cityEn":"FUTTSU SHI","townEn":"MUTSUNO"},"2991757":{"prefectureJa":"千葉県","cityJa":"富津市","townJa":"押切","prefectureEn":"CHIBA KEN","cityEn":"FUTTSU SHI","townEn":"OSHIKIRI"},"2991758":{"prefectureJa":"千葉県","cityJa":"富津市","townJa":"大森","prefectureEn":"CHIBA KEN","cityEn":"FUTTSU SHI","townEn":"OMORI"},"2991759":{"prefectureJa":"千葉県","cityJa":"富津市","townJa":"寺尾","prefectureEn":"CHIBA KEN","cityEn":"FUTTSU SHI","townEn":"TERAO"},"2991861":{"prefectureJa":"千葉県","cityJa":"富津市","townJa":"金谷","prefectureEn":"CHIBA KEN","cityEn":"FUTTSU SHI","townEn":"KANAYA"},"2991901":{"prefectureJa":"千葉県","cityJa":"安房郡鋸南町","townJa":"元名","prefectureEn":"CHIBA KEN","cityEn":"AWA GUN KYONAN MACHI","townEn":"MOTONA"},"2991902":{"prefectureJa":"千葉県","cityJa":"安房郡鋸南町","townJa":"保田","prefectureEn":"CHIBA KEN","cityEn":"AWA GUN KYONAN MACHI","townEn":"HOTA"},"2991903":{"prefectureJa":"千葉県","cityJa":"安房郡鋸南町","townJa":"大帷子","prefectureEn":"CHIBA KEN","cityEn":"AWA GUN KYONAN MACHI","townEn":"OKATABIRA"},"2991904":{"prefectureJa":"千葉県","cityJa":"安房郡鋸南町","townJa":"小保田","prefectureEn":"CHIBA KEN","cityEn":"AWA GUN KYONAN MACHI","townEn":"KOBOTA"},"2991905":{"prefectureJa":"千葉県","cityJa":"安房郡鋸南町","townJa":"市井原","prefectureEn":"CHIBA KEN","cityEn":"AWA GUN KYONAN MACHI","townEn":"ICHIIBARA"},"2991906":{"prefectureJa":"千葉県","cityJa":"安房郡鋸南町","townJa":"横根","prefectureEn":"CHIBA KEN","cityEn":"AWA GUN KYONAN MACHI","townEn":"YOKONE"},"2991907":{"prefectureJa":"千葉県","cityJa":"安房郡鋸南町","townJa":"江月","prefectureEn":"CHIBA KEN","cityEn":"AWA GUN KYONAN MACHI","townEn":"EZUKI"},"2991908":{"prefectureJa":"千葉県","cityJa":"安房郡鋸南町","townJa":"吉浜","prefectureEn":"CHIBA KEN","cityEn":"AWA GUN KYONAN MACHI","townEn":"YOSHIHAMA"},"2991909":{"prefectureJa":"千葉県","cityJa":"安房郡鋸南町","townJa":"大六","prefectureEn":"CHIBA KEN","cityEn":"AWA GUN KYONAN MACHI","townEn":"DAIROKU"},"2992100":{"prefectureJa":"千葉県","cityJa":"安房郡鋸南町","townJa":"以下に掲載がない場合","prefectureEn":"CHIBA KEN","cityEn":"AWA GUN KYONAN MACHI","townEn":"IKANIKEISAIGANAIBAAI"},"2992111":{"prefectureJa":"千葉県","cityJa":"安房郡鋸南町","townJa":"大崩","prefectureEn":"CHIBA KEN","cityEn":"AWA GUN KYONAN MACHI","townEn":"OKUZURE"},"2992112":{"prefectureJa":"千葉県","cityJa":"安房郡鋸南町","townJa":"奥山","prefectureEn":"CHIBA KEN","cityEn":"AWA GUN KYONAN MACHI","townEn":"OKUYAMA"},"2992113":{"prefectureJa":"千葉県","cityJa":"安房郡鋸南町","townJa":"上佐久間","prefectureEn":"CHIBA KEN","cityEn":"AWA GUN KYONAN MACHI","townEn":"KAMISAKUMA"},"2992114":{"prefectureJa":"千葉県","cityJa":"安房郡鋸南町","townJa":"中佐久間","prefectureEn":"CHIBA KEN","cityEn":"AWA GUN KYONAN MACHI","townEn":"NAKASAKUMA"},"2992115":{"prefectureJa":"千葉県","cityJa":"安房郡鋸南町","townJa":"下佐久間","prefectureEn":"CHIBA KEN","cityEn":"AWA GUN KYONAN MACHI","townEn":"SHIMOSAKUMA"},"2992116":{"prefectureJa":"千葉県","cityJa":"安房郡鋸南町","townJa":"岩井袋","prefectureEn":"CHIBA KEN","cityEn":"AWA GUN KYONAN MACHI","townEn":"IWAIFUKURO"},"2992117":{"prefectureJa":"千葉県","cityJa":"安房郡鋸南町","townJa":"勝山","prefectureEn":"CHIBA KEN","cityEn":"AWA GUN KYONAN MACHI","townEn":"KATSUYAMA"},"2992118":{"prefectureJa":"千葉県","cityJa":"安房郡鋸南町","townJa":"竜島","prefectureEn":"CHIBA KEN","cityEn":"AWA GUN KYONAN MACHI","townEn":"RYUSHIMA"},"2992201":{"prefectureJa":"千葉県","cityJa":"南房総市","townJa":"荒川","prefectureEn":"CHIBA KEN","cityEn":"MINAMIBOSO SHI","townEn":"ARAKAWA"},"2992202":{"prefectureJa":"千葉県","cityJa":"南房総市","townJa":"平塚","prefectureEn":"CHIBA KEN","cityEn":"MINAMIBOSO SHI","townEn":"HIRATSUKA"},"2992203":{"prefectureJa":"千葉県","cityJa":"南房総市","townJa":"山田","prefectureEn":"CHIBA KEN","cityEn":"MINAMIBOSO SHI","townEn":"YAMADA"},"2992204":{"prefectureJa":"千葉県","cityJa":"南房総市","townJa":"平久里中","prefectureEn":"CHIBA KEN","cityEn":"MINAMIBOSO SHI","townEn":"HEGURINAKA"},"2992205":{"prefectureJa":"千葉県","cityJa":"南房総市","townJa":"犬掛","prefectureEn":"CHIBA KEN","cityEn":"MINAMIBOSO SHI","townEn":"INUKAKE"},"2992206":{"prefectureJa":"千葉県","cityJa":"南房総市","townJa":"平久里下","prefectureEn":"CHIBA KEN","cityEn":"MINAMIBOSO SHI","townEn":"HEGURISHIMO"},"2992211":{"prefectureJa":"千葉県","cityJa":"南房総市","townJa":"川上","prefectureEn":"CHIBA KEN","cityEn":"MINAMIBOSO SHI","townEn":"KAWAKAMI"},"2992212":{"prefectureJa":"千葉県","cityJa":"南房総市","townJa":"井野","prefectureEn":"CHIBA KEN","cityEn":"MINAMIBOSO SHI","townEn":"INO"},"2992213":{"prefectureJa":"千葉県","cityJa":"南房総市","townJa":"吉沢","prefectureEn":"CHIBA KEN","cityEn":"MINAMIBOSO SHI","townEn":"YOSHIZAWA"},"2992214":{"prefectureJa":"千葉県","cityJa":"南房総市","townJa":"二部","prefectureEn":"CHIBA KEN","cityEn":"MINAMIBOSO SHI","townEn":"NIBU"},"2992215":{"prefectureJa":"千葉県","cityJa":"南房総市","townJa":"検儀谷","prefectureEn":"CHIBA KEN","cityEn":"MINAMIBOSO SHI","townEn":"KEGIYA"},"2992216":{"prefectureJa":"千葉県","cityJa":"南房総市","townJa":"久枝","prefectureEn":"CHIBA KEN","cityEn":"MINAMIBOSO SHI","townEn":"KUSHI"},"2992221":{"prefectureJa":"千葉県","cityJa":"南房総市","townJa":"合戸","prefectureEn":"CHIBA KEN","cityEn":"MINAMIBOSO SHI","townEn":"GODO"},"2992222":{"prefectureJa":"千葉県","cityJa":"南房総市","townJa":"宮谷","prefectureEn":"CHIBA KEN","cityEn":"MINAMIBOSO SHI","townEn":"MIYANOYATSU"},"2992223":{"prefectureJa":"千葉県","cityJa":"南房総市","townJa":"高崎","prefectureEn":"CHIBA KEN","cityEn":"MINAMIBOSO SHI","townEn":"TAKASAKI"},"2992224":{"prefectureJa":"千葉県","cityJa":"南房総市","townJa":"小浦","prefectureEn":"CHIBA KEN","cityEn":"MINAMIBOSO SHI","townEn":"KORA"},"2992225":{"prefectureJa":"千葉県","cityJa":"南房総市","townJa":"竹内","prefectureEn":"CHIBA KEN","cityEn":"MINAMIBOSO SHI","townEn":"TAKENOCHI"},"2992226":{"prefectureJa":"千葉県","cityJa":"南房総市","townJa":"市部","prefectureEn":"CHIBA KEN","cityEn":"MINAMIBOSO SHI","townEn":"ICHIBU"},"2992400":{"prefectureJa":"千葉県","cityJa":"南房総市","townJa":"以下に掲載がない場合","prefectureEn":"CHIBA KEN","cityEn":"MINAMIBOSO SHI","townEn":"IKANIKEISAIGANAIBAAI"},"2992401":{"prefectureJa":"千葉県","cityJa":"南房総市","townJa":"富浦町南無谷","prefectureEn":"CHIBA KEN","cityEn":"MINAMIBOSO SHI","townEn":"TOMIURACHO NAMUYA"},"2992402":{"prefectureJa":"千葉県","cityJa":"南房総市","townJa":"富浦町豊岡","prefectureEn":"CHIBA KEN","cityEn":"MINAMIBOSO SHI","townEn":"TOMIURACHO TOYOKA"},"2992403":{"prefectureJa":"千葉県","cityJa":"南房総市","townJa":"富浦町原岡","prefectureEn":"CHIBA KEN","cityEn":"MINAMIBOSO SHI","townEn":"TOMIURACHO HARAOKA"},"2992404":{"prefectureJa":"千葉県","cityJa":"南房総市","townJa":"富浦町多田良","prefectureEn":"CHIBA KEN","cityEn":"MINAMIBOSO SHI","townEn":"TOMIURACHO TADARA"},"2992411":{"prefectureJa":"千葉県","cityJa":"南房総市","townJa":"富浦町居倉","prefectureEn":"CHIBA KEN","cityEn":"MINAMIBOSO SHI","townEn":"TOMIURACHO IGURA"},"2992412":{"prefectureJa":"千葉県","cityJa":"南房総市","townJa":"富浦町大津","prefectureEn":"CHIBA KEN","cityEn":"MINAMIBOSO SHI","townEn":"TOMIURACHO OTSU"},"2992413":{"prefectureJa":"千葉県","cityJa":"南房総市","townJa":"富浦町宮本","prefectureEn":"CHIBA KEN","cityEn":"MINAMIBOSO SHI","townEn":"TOMIURACHO MIYAMOTO"},"2992414":{"prefectureJa":"千葉県","cityJa":"南房総市","townJa":"富浦町福澤","prefectureEn":"CHIBA KEN","cityEn":"MINAMIBOSO SHI","townEn":"TOMIURACHO FUKUZAWA"},"2992415":{"prefectureJa":"千葉県","cityJa":"南房総市","townJa":"富浦町深名","prefectureEn":"CHIBA KEN","cityEn":"MINAMIBOSO SHI","townEn":"TOMIURACHO FUKANA"},"2992416":{"prefectureJa":"千葉県","cityJa":"南房総市","townJa":"富浦町青木","prefectureEn":"CHIBA KEN","cityEn":"MINAMIBOSO SHI","townEn":"TOMIURACHO AOKI"},"2992417":{"prefectureJa":"千葉県","cityJa":"南房総市","townJa":"富浦町丹生","prefectureEn":"CHIBA KEN","cityEn":"MINAMIBOSO SHI","townEn":"TOMIURACHO NYU"},"2992418":{"prefectureJa":"千葉県","cityJa":"南房総市","townJa":"富浦町手取","prefectureEn":"CHIBA KEN","cityEn":"MINAMIBOSO SHI","townEn":"TOMIURACHO TEDORI"},"2992501":{"prefectureJa":"千葉県","cityJa":"南房総市","townJa":"珠師ケ谷","prefectureEn":"CHIBA KEN","cityEn":"MINAMIBOSO SHI","townEn":"SHUSHIGAYATSU"},"2992502":{"prefectureJa":"千葉県","cityJa":"南房総市","townJa":"石堂原","prefectureEn":"CHIBA KEN","cityEn":"MINAMIBOSO SHI","townEn":"ISHIDOHARA"},"2992503":{"prefectureJa":"千葉県","cityJa":"南房総市","townJa":"石堂","prefectureEn":"CHIBA KEN","cityEn":"MINAMIBOSO SHI","townEn":"ISHIDO"},"2992504":{"prefectureJa":"千葉県","cityJa":"南房総市","townJa":"川谷","prefectureEn":"CHIBA KEN","cityEn":"MINAMIBOSO SHI","townEn":"KAWAYATSU"},"2992505":{"prefectureJa":"千葉県","cityJa":"南房総市","townJa":"宮下","prefectureEn":"CHIBA KEN","cityEn":"MINAMIBOSO SHI","townEn":"MIYASHITA"},"2992506":{"prefectureJa":"千葉県","cityJa":"南房総市","townJa":"御子神","prefectureEn":"CHIBA KEN","cityEn":"MINAMIBOSO SHI","townEn":"MIKOGAMI"},"2992507":{"prefectureJa":"千葉県","cityJa":"南房総市","townJa":"大井","prefectureEn":"CHIBA KEN","cityEn":"MINAMIBOSO SHI","townEn":"OI"},"2992508":{"prefectureJa":"千葉県","cityJa":"南房総市","townJa":"丸山平塚","prefectureEn":"CHIBA KEN","cityEn":"MINAMIBOSO SHI","townEn":"MARUYAMAHIRATSUKA"},"2992511":{"prefectureJa":"千葉県","cityJa":"南房総市","townJa":"小戸","prefectureEn":"CHIBA KEN","cityEn":"MINAMIBOSO SHI","townEn":"ODO"},"2992512":{"prefectureJa":"千葉県","cityJa":"南房総市","townJa":"岩糸","prefectureEn":"CHIBA KEN","cityEn":"MINAMIBOSO SHI","townEn":"IWAITO"},"2992513":{"prefectureJa":"千葉県","cityJa":"南房総市","townJa":"古川","prefectureEn":"CHIBA KEN","cityEn":"MINAMIBOSO SHI","townEn":"FURUKAWA"},"2992514":{"prefectureJa":"千葉県","cityJa":"南房総市","townJa":"西原","prefectureEn":"CHIBA KEN","cityEn":"MINAMIBOSO SHI","townEn":"NISHIBARA"},"2992515":{"prefectureJa":"千葉県","cityJa":"南房総市","townJa":"石神","prefectureEn":"CHIBA KEN","cityEn":"MINAMIBOSO SHI","townEn":"ISHIGAMI"},"2992516":{"prefectureJa":"千葉県","cityJa":"南房総市","townJa":"前田","prefectureEn":"CHIBA KEN","cityEn":"MINAMIBOSO SHI","townEn":"MAEDA"},"2992517":{"prefectureJa":"千葉県","cityJa":"南房総市","townJa":"丸本郷","prefectureEn":"CHIBA KEN","cityEn":"MINAMIBOSO SHI","townEn":"MARUHONGO"},"2992521":{"prefectureJa":"千葉県","cityJa":"南房総市","townJa":"白子","prefectureEn":"CHIBA KEN","cityEn":"MINAMIBOSO SHI","townEn":"SHIRAKO"},"2992522":{"prefectureJa":"千葉県","cityJa":"南房総市","townJa":"安馬谷","prefectureEn":"CHIBA KEN","cityEn":"MINAMIBOSO SHI","townEn":"AMBAYA"},"2992523":{"prefectureJa":"千葉県","cityJa":"南房総市","townJa":"峰","prefectureEn":"CHIBA KEN","cityEn":"MINAMIBOSO SHI","townEn":"MINE"},"2992524":{"prefectureJa":"千葉県","cityJa":"南房総市","townJa":"久保","prefectureEn":"CHIBA KEN","cityEn":"MINAMIBOSO SHI","townEn":"KUBO"},"2992525":{"prefectureJa":"千葉県","cityJa":"南房総市","townJa":"加茂","prefectureEn":"CHIBA KEN","cityEn":"MINAMIBOSO SHI","townEn":"KAMO"},"2992526":{"prefectureJa":"千葉県","cityJa":"南房総市","townJa":"沓見","prefectureEn":"CHIBA KEN","cityEn":"MINAMIBOSO SHI","townEn":"KUTSUMI"},"2992701":{"prefectureJa":"千葉県","cityJa":"南房総市","townJa":"和田町花園","prefectureEn":"CHIBA KEN","cityEn":"MINAMIBOSO SHI","townEn":"WADACHO HANASONO"},"2992702":{"prefectureJa":"千葉県","cityJa":"南房総市","townJa":"和田町柴","prefectureEn":"CHIBA KEN","cityEn":"MINAMIBOSO SHI","townEn":"WADACHO SHIBA"},"2992703":{"prefectureJa":"千葉県","cityJa":"南房総市","townJa":"和田町仁我浦","prefectureEn":"CHIBA KEN","cityEn":"MINAMIBOSO SHI","townEn":"WADACHO NIGAURA"},"2992704":{"prefectureJa":"千葉県","cityJa":"南房総市","townJa":"和田町和田","prefectureEn":"CHIBA KEN","cityEn":"MINAMIBOSO SHI","townEn":"WADACHO WADA"},"2992705":{"prefectureJa":"千葉県","cityJa":"南房総市","townJa":"和田町真浦","prefectureEn":"CHIBA KEN","cityEn":"MINAMIBOSO SHI","townEn":"WADACHO MORA"},"2992711":{"prefectureJa":"千葉県","cityJa":"南房総市","townJa":"和田町白渚","prefectureEn":"CHIBA KEN","cityEn":"MINAMIBOSO SHI","townEn":"WADACHO SHIRASUKA"},"2992712":{"prefectureJa":"千葉県","cityJa":"南房総市","townJa":"和田町海発","prefectureEn":"CHIBA KEN","cityEn":"MINAMIBOSO SHI","townEn":"WADACHO KAIHOTSU"},"2992713":{"prefectureJa":"千葉県","cityJa":"南房総市","townJa":"和田町松田","prefectureEn":"CHIBA KEN","cityEn":"MINAMIBOSO SHI","townEn":"WADACHO MATSUDA"},"2992714":{"prefectureJa":"千葉県","cityJa":"南房総市","townJa":"和田町沼","prefectureEn":"CHIBA KEN","cityEn":"MINAMIBOSO SHI","townEn":"WADACHO NUMA"},"2992715":{"prefectureJa":"千葉県","cityJa":"南房総市","townJa":"和田町下三原","prefectureEn":"CHIBA KEN","cityEn":"MINAMIBOSO SHI","townEn":"WADACHO SHIMOMIHARA"},"2992716":{"prefectureJa":"千葉県","cityJa":"南房総市","townJa":"和田町中三原","prefectureEn":"CHIBA KEN","cityEn":"MINAMIBOSO SHI","townEn":"WADACHO NAKAMIHARA"},"2992721":{"prefectureJa":"千葉県","cityJa":"南房総市","townJa":"和田町五十蔵","prefectureEn":"CHIBA KEN","cityEn":"MINAMIBOSO SHI","townEn":"WADACHO GOJUKURA"},"2992722":{"prefectureJa":"千葉県","cityJa":"南房総市","townJa":"和田町磑森","prefectureEn":"CHIBA KEN","cityEn":"MINAMIBOSO SHI","townEn":"WADACHO SURUSUMORI"},"2992723":{"prefectureJa":"千葉県","cityJa":"南房総市","townJa":"和田町布野","prefectureEn":"CHIBA KEN","cityEn":"MINAMIBOSO SHI","townEn":"WADACHO FUNO"},"2992724":{"prefectureJa":"千葉県","cityJa":"南房総市","townJa":"和田町小向","prefectureEn":"CHIBA KEN","cityEn":"MINAMIBOSO SHI","townEn":"WADACHO KOMUKAI"},"2992725":{"prefectureJa":"千葉県","cityJa":"南房総市","townJa":"和田町黒岩","prefectureEn":"CHIBA KEN","cityEn":"MINAMIBOSO SHI","townEn":"WADACHO KUROIWA"},"2992726":{"prefectureJa":"千葉県","cityJa":"南房総市","townJa":"和田町小川","prefectureEn":"CHIBA KEN","cityEn":"MINAMIBOSO SHI","townEn":"WADACHO OGAWA"},"2992727":{"prefectureJa":"千葉県","cityJa":"南房総市","townJa":"和田町上三原","prefectureEn":"CHIBA KEN","cityEn":"MINAMIBOSO SHI","townEn":"WADACHO KAMIMIHARA"},"2992728":{"prefectureJa":"千葉県","cityJa":"南房総市","townJa":"和田町石堂","prefectureEn":"CHIBA KEN","cityEn":"MINAMIBOSO SHI","townEn":"WADACHO ISHIDO"},"2992841":{"prefectureJa":"千葉県","cityJa":"鴨川市","townJa":"西江見","prefectureEn":"CHIBA KEN","cityEn":"KAMOGAWA SHI","townEn":"NISHIEMI"},"2992842":{"prefectureJa":"千葉県","cityJa":"鴨川市","townJa":"江見青木","prefectureEn":"CHIBA KEN","cityEn":"KAMOGAWA SHI","townEn":"EMI AOKI"},"2992843":{"prefectureJa":"千葉県","cityJa":"鴨川市","townJa":"東江見","prefectureEn":"CHIBA KEN","cityEn":"KAMOGAWA SHI","townEn":"HIGASHIEMI"},"2992844":{"prefectureJa":"千葉県","cityJa":"鴨川市","townJa":"江見東真門","prefectureEn":"CHIBA KEN","cityEn":"KAMOGAWA SHI","townEn":"EMI HIGASHIMAKADO"},"2992845":{"prefectureJa":"千葉県","cityJa":"鴨川市","townJa":"江見西真門","prefectureEn":"CHIBA KEN","cityEn":"KAMOGAWA SHI","townEn":"EMI NISHIMAKADO"},"2992846":{"prefectureJa":"千葉県","cityJa":"鴨川市","townJa":"江見外堀","prefectureEn":"CHIBA KEN","cityEn":"KAMOGAWA SHI","townEn":"EMI SOTOBORI"},"2992847":{"prefectureJa":"千葉県","cityJa":"鴨川市","townJa":"江見内遠野","prefectureEn":"CHIBA KEN","cityEn":"KAMOGAWA SHI","townEn":"EMI UTONO"},"2992851":{"prefectureJa":"千葉県","cityJa":"鴨川市","townJa":"仲町","prefectureEn":"CHIBA KEN","cityEn":"KAMOGAWA SHI","townEn":"NAKACHO"},"2992852":{"prefectureJa":"千葉県","cityJa":"鴨川市","townJa":"二子","prefectureEn":"CHIBA KEN","cityEn":"KAMOGAWA SHI","townEn":"FUTAGO"},"2992853":{"prefectureJa":"千葉県","cityJa":"鴨川市","townJa":"宮","prefectureEn":"CHIBA KEN","cityEn":"KAMOGAWA SHI","townEn":"MIYA"},"2992854":{"prefectureJa":"千葉県","cityJa":"鴨川市","townJa":"代","prefectureEn":"CHIBA KEN","cityEn":"KAMOGAWA SHI","townEn":"DAI"},"2992855":{"prefectureJa":"千葉県","cityJa":"鴨川市","townJa":"畑","prefectureEn":"CHIBA KEN","cityEn":"KAMOGAWA SHI","townEn":"HATA"},"2992856":{"prefectureJa":"千葉県","cityJa":"鴨川市","townJa":"西","prefectureEn":"CHIBA KEN","cityEn":"KAMOGAWA SHI","townEn":"NISHI"},"2992857":{"prefectureJa":"千葉県","cityJa":"鴨川市","townJa":"東","prefectureEn":"CHIBA KEN","cityEn":"KAMOGAWA SHI","townEn":"HIGASHI"},"2992858":{"prefectureJa":"千葉県","cityJa":"鴨川市","townJa":"上","prefectureEn":"CHIBA KEN","cityEn":"KAMOGAWA SHI","townEn":"KAMI"},"2992861":{"prefectureJa":"千葉県","cityJa":"鴨川市","townJa":"太海西","prefectureEn":"CHIBA KEN","cityEn":"KAMOGAWA SHI","townEn":"FUTOMINISHI"},"2992862":{"prefectureJa":"千葉県","cityJa":"鴨川市","townJa":"太海","prefectureEn":"CHIBA KEN","cityEn":"KAMOGAWA SHI","townEn":"FUTOMI"},"2992863":{"prefectureJa":"千葉県","cityJa":"鴨川市","townJa":"太海浜","prefectureEn":"CHIBA KEN","cityEn":"KAMOGAWA SHI","townEn":"FUTOMIHAMA"},"2992864":{"prefectureJa":"千葉県","cityJa":"鴨川市","townJa":"天面","prefectureEn":"CHIBA KEN","cityEn":"KAMOGAWA SHI","townEn":"AMATSURA"},"2992865":{"prefectureJa":"千葉県","cityJa":"鴨川市","townJa":"江見太夫崎","prefectureEn":"CHIBA KEN","cityEn":"KAMOGAWA SHI","townEn":"EMI TAYUZAKI"},"2992866":{"prefectureJa":"千葉県","cityJa":"鴨川市","townJa":"江見吉浦","prefectureEn":"CHIBA KEN","cityEn":"KAMOGAWA SHI","townEn":"EMI YOSHIURA"},"2992867":{"prefectureJa":"千葉県","cityJa":"鴨川市","townJa":"西山","prefectureEn":"CHIBA KEN","cityEn":"KAMOGAWA SHI","townEn":"NISHIYAMA"},"2993200":{"prefectureJa":"千葉県","cityJa":"大網白里市","townJa":"以下に掲載がない場合","prefectureEn":"CHIBA KEN","cityEn":"OAMISHIRASATO SHI","townEn":"IKANIKEISAIGANAIBAAI"},"2993201":{"prefectureJa":"千葉県","cityJa":"大網白里市","townJa":"北今泉","prefectureEn":"CHIBA KEN","cityEn":"OAMISHIRASATO SHI","townEn":"KITAIMAIZUMI"},"2993202":{"prefectureJa":"千葉県","cityJa":"大網白里市","townJa":"南今泉","prefectureEn":"CHIBA KEN","cityEn":"OAMISHIRASATO SHI","townEn":"MINAMIIMAIZUMI"},"2993203":{"prefectureJa":"千葉県","cityJa":"大網白里市","townJa":"四天木","prefectureEn":"CHIBA KEN","cityEn":"OAMISHIRASATO SHI","townEn":"SHITENGI"},"2993211":{"prefectureJa":"千葉県","cityJa":"大網白里市","townJa":"細草","prefectureEn":"CHIBA KEN","cityEn":"OAMISHIRASATO SHI","townEn":"HOSOKUSA"},"2993212":{"prefectureJa":"千葉県","cityJa":"大網白里市","townJa":"清水","prefectureEn":"CHIBA KEN","cityEn":"OAMISHIRASATO SHI","townEn":"SHIMIZU"},"2993213":{"prefectureJa":"千葉県","cityJa":"大網白里市","townJa":"二之袋","prefectureEn":"CHIBA KEN","cityEn":"OAMISHIRASATO SHI","townEn":"NINOFUKURO"},"2993214":{"prefectureJa":"千葉県","cityJa":"大網白里市","townJa":"下ヶ傍示","prefectureEn":"CHIBA KEN","cityEn":"OAMISHIRASATO SHI","townEn":"SAGEHOJI"},"2993215":{"prefectureJa":"千葉県","cityJa":"大網白里市","townJa":"長国","prefectureEn":"CHIBA KEN","cityEn":"OAMISHIRASATO SHI","townEn":"NAGAKUNI"},"2993216":{"prefectureJa":"千葉県","cityJa":"大網白里市","townJa":"北吉田","prefectureEn":"CHIBA KEN","cityEn":"OAMISHIRASATO SHI","townEn":"KITAYOSHIDA"},"2993217":{"prefectureJa":"千葉県","cityJa":"大網白里市","townJa":"木崎","prefectureEn":"CHIBA KEN","cityEn":"OAMISHIRASATO SHI","townEn":"KISAKI"},"2993218":{"prefectureJa":"千葉県","cityJa":"大網白里市","townJa":"北飯塚","prefectureEn":"CHIBA KEN","cityEn":"OAMISHIRASATO SHI","townEn":"KITAIIZUKA"},"2993219":{"prefectureJa":"千葉県","cityJa":"大網白里市","townJa":"南飯塚","prefectureEn":"CHIBA KEN","cityEn":"OAMISHIRASATO SHI","townEn":"MINAMIIIZUKA"},"2993221":{"prefectureJa":"千葉県","cityJa":"大網白里市","townJa":"富田","prefectureEn":"CHIBA KEN","cityEn":"OAMISHIRASATO SHI","townEn":"TOMIDA"},"2993222":{"prefectureJa":"千葉県","cityJa":"大網白里市","townJa":"星谷","prefectureEn":"CHIBA KEN","cityEn":"OAMISHIRASATO SHI","townEn":"HOSHIYA"},"2993223":{"prefectureJa":"千葉県","cityJa":"大網白里市","townJa":"南横川","prefectureEn":"CHIBA KEN","cityEn":"OAMISHIRASATO SHI","townEn":"MINAMIYOKOKAWA"},"2993231":{"prefectureJa":"千葉県","cityJa":"大網白里市","townJa":"経田","prefectureEn":"CHIBA KEN","cityEn":"OAMISHIRASATO SHI","townEn":"KYODEN"},"2993232":{"prefectureJa":"千葉県","cityJa":"大網白里市","townJa":"ながた野","prefectureEn":"CHIBA KEN","cityEn":"OAMISHIRASATO SHI","townEn":"NAGATANO"},"2993233":{"prefectureJa":"千葉県","cityJa":"大網白里市","townJa":"永田","prefectureEn":"CHIBA KEN","cityEn":"OAMISHIRASATO SHI","townEn":"NAGATA"},"2993234":{"prefectureJa":"千葉県","cityJa":"大網白里市","townJa":"みずほ台","prefectureEn":"CHIBA KEN","cityEn":"OAMISHIRASATO SHI","townEn":"MIZUHODAI"},"2993235":{"prefectureJa":"千葉県","cityJa":"大網白里市","townJa":"駒込","prefectureEn":"CHIBA KEN","cityEn":"OAMISHIRASATO SHI","townEn":"KOMAGOME"},"2993236":{"prefectureJa":"千葉県","cityJa":"大網白里市","townJa":"みやこ野","prefectureEn":"CHIBA KEN","cityEn":"OAMISHIRASATO SHI","townEn":"MIYAKONO"},"2993237":{"prefectureJa":"千葉県","cityJa":"大網白里市","townJa":"仏島","prefectureEn":"CHIBA KEN","cityEn":"OAMISHIRASATO SHI","townEn":"HOTOKESHIMA"},"2993238":{"prefectureJa":"千葉県","cityJa":"大網白里市","townJa":"東駒込","prefectureEn":"CHIBA KEN","cityEn":"OAMISHIRASATO SHI","townEn":"HIGASHIKOMAGOME"},"2993241":{"prefectureJa":"千葉県","cityJa":"大網白里市","townJa":"季美の森南","prefectureEn":"CHIBA KEN","cityEn":"OAMISHIRASATO SHI","townEn":"KIMINOMORIMINAMI"},"2993242":{"prefectureJa":"千葉県","cityJa":"大網白里市","townJa":"金谷郷","prefectureEn":"CHIBA KEN","cityEn":"OAMISHIRASATO SHI","townEn":"KANAYAGO"},"2993243":{"prefectureJa":"千葉県","cityJa":"大網白里市","townJa":"大竹","prefectureEn":"CHIBA KEN","cityEn":"OAMISHIRASATO SHI","townEn":"ODAKE"},"2993244":{"prefectureJa":"千葉県","cityJa":"大網白里市","townJa":"南玉","prefectureEn":"CHIBA KEN","cityEn":"OAMISHIRASATO SHI","townEn":"MINAMIDAMA"},"2993245":{"prefectureJa":"千葉県","cityJa":"大網白里市","townJa":"池田","prefectureEn":"CHIBA KEN","cityEn":"OAMISHIRASATO SHI","townEn":"IKEDA"},"2993246":{"prefectureJa":"千葉県","cityJa":"大網白里市","townJa":"小中","prefectureEn":"CHIBA KEN","cityEn":"OAMISHIRASATO SHI","townEn":"KONAKA"},"2993247":{"prefectureJa":"千葉県","cityJa":"大網白里市","townJa":"神房","prefectureEn":"CHIBA KEN","cityEn":"OAMISHIRASATO SHI","townEn":"KAMBO"},"2993248":{"prefectureJa":"千葉県","cityJa":"大網白里市","townJa":"萱野","prefectureEn":"CHIBA KEN","cityEn":"OAMISHIRASATO SHI","townEn":"KAYANO"},"2993249":{"prefectureJa":"千葉県","cityJa":"大網白里市","townJa":"砂田","prefectureEn":"CHIBA KEN","cityEn":"OAMISHIRASATO SHI","townEn":"ISAGODA"},"2993251":{"prefectureJa":"千葉県","cityJa":"大網白里市","townJa":"大網","prefectureEn":"CHIBA KEN","cityEn":"OAMISHIRASATO SHI","townEn":"OAMI"},"2993252":{"prefectureJa":"千葉県","cityJa":"大網白里市","townJa":"餅木","prefectureEn":"CHIBA KEN","cityEn":"OAMISHIRASATO SHI","townEn":"MOCHINOKI"},"2993253":{"prefectureJa":"千葉県","cityJa":"大網白里市","townJa":"小西","prefectureEn":"CHIBA KEN","cityEn":"OAMISHIRASATO SHI","townEn":"KONISHI"},"2993254":{"prefectureJa":"千葉県","cityJa":"大網白里市","townJa":"養安寺","prefectureEn":"CHIBA KEN","cityEn":"OAMISHIRASATO SHI","townEn":"YOANJI"},"2993255":{"prefectureJa":"千葉県","cityJa":"大網白里市","townJa":"みどりが丘","prefectureEn":"CHIBA KEN","cityEn":"OAMISHIRASATO SHI","townEn":"MIDORIGAOKA"},"2993256":{"prefectureJa":"千葉県","cityJa":"大網白里市","townJa":"山口","prefectureEn":"CHIBA KEN","cityEn":"OAMISHIRASATO SHI","townEn":"YAMAGUCHI"},"2993261":{"prefectureJa":"千葉県","cityJa":"大網白里市","townJa":"九十根","prefectureEn":"CHIBA KEN","cityEn":"OAMISHIRASATO SHI","townEn":"KUJUNE"},"2993262":{"prefectureJa":"千葉県","cityJa":"大網白里市","townJa":"桂山","prefectureEn":"CHIBA KEN","cityEn":"OAMISHIRASATO SHI","townEn":"KATSURAYAMA"},"2993263":{"prefectureJa":"千葉県","cityJa":"大網白里市","townJa":"柳橋","prefectureEn":"CHIBA KEN","cityEn":"OAMISHIRASATO SHI","townEn":"YANAGIBASHI"},"2993264":{"prefectureJa":"千葉県","cityJa":"大網白里市","townJa":"柿餅","prefectureEn":"CHIBA KEN","cityEn":"OAMISHIRASATO SHI","townEn":"KAKIMOCHI"},"2993265":{"prefectureJa":"千葉県","cityJa":"大網白里市","townJa":"上貝塚","prefectureEn":"CHIBA KEN","cityEn":"OAMISHIRASATO SHI","townEn":"KAMIKAIZUKA"},"2993266":{"prefectureJa":"千葉県","cityJa":"大網白里市","townJa":"北横川","prefectureEn":"CHIBA KEN","cityEn":"OAMISHIRASATO SHI","townEn":"KITAYOKOKAWA"},"2993267":{"prefectureJa":"千葉県","cityJa":"大網白里市","townJa":"清名幸谷","prefectureEn":"CHIBA KEN","cityEn":"OAMISHIRASATO SHI","townEn":"SEINAGOYA"},"2993268":{"prefectureJa":"千葉県","cityJa":"大網白里市","townJa":"上谷新田","prefectureEn":"CHIBA KEN","cityEn":"OAMISHIRASATO SHI","townEn":"UWAYASHINDEN"},"2994101":{"prefectureJa":"千葉県","cityJa":"茂原市","townJa":"清水","prefectureEn":"CHIBA KEN","cityEn":"MOBARA SHI","townEn":"SHIMIZU"},"2994102":{"prefectureJa":"千葉県","cityJa":"茂原市","townJa":"御蔵芝","prefectureEn":"CHIBA KEN","cityEn":"MOBARA SHI","townEn":"MIKURASHIBA"},"2994103":{"prefectureJa":"千葉県","cityJa":"茂原市","townJa":"千沢","prefectureEn":"CHIBA KEN","cityEn":"MOBARA SHI","townEn":"SENZAWA"},"2994104":{"prefectureJa":"千葉県","cityJa":"茂原市","townJa":"南吉田","prefectureEn":"CHIBA KEN","cityEn":"MOBARA SHI","townEn":"MINAMIYOSHIDA"},"2994105":{"prefectureJa":"千葉県","cityJa":"茂原市","townJa":"弓渡","prefectureEn":"CHIBA KEN","cityEn":"MOBARA SHI","townEn":"YUMIWATASHI"},"2994106":{"prefectureJa":"千葉県","cityJa":"茂原市","townJa":"粟生野","prefectureEn":"CHIBA KEN","cityEn":"MOBARA SHI","townEn":"AONO"},"2994111":{"prefectureJa":"千葉県","cityJa":"茂原市","townJa":"萱場","prefectureEn":"CHIBA KEN","cityEn":"MOBARA SHI","townEn":"KAYABA"},"2994112":{"prefectureJa":"千葉県","cityJa":"茂原市","townJa":"西野","prefectureEn":"CHIBA KEN","cityEn":"MOBARA SHI","townEn":"NISHINO"},"2994113":{"prefectureJa":"千葉県","cityJa":"茂原市","townJa":"法目","prefectureEn":"CHIBA KEN","cityEn":"MOBARA SHI","townEn":"HOME"},"2994114":{"prefectureJa":"千葉県","cityJa":"茂原市","townJa":"本納","prefectureEn":"CHIBA KEN","cityEn":"MOBARA SHI","townEn":"HONNO"},"2994115":{"prefectureJa":"千葉県","cityJa":"茂原市","townJa":"榎神房","prefectureEn":"CHIBA KEN","cityEn":"MOBARA SHI","townEn":"ENOKIKAMBO"},"2994116":{"prefectureJa":"千葉県","cityJa":"茂原市","townJa":"高田","prefectureEn":"CHIBA KEN","cityEn":"MOBARA SHI","townEn":"TAKADA"},"2994117":{"prefectureJa":"千葉県","cityJa":"茂原市","townJa":"小萱場","prefectureEn":"CHIBA KEN","cityEn":"MOBARA SHI","townEn":"KOKAYABA"},"2994118":{"prefectureJa":"千葉県","cityJa":"茂原市","townJa":"榎神房飛地","prefectureEn":"CHIBA KEN","cityEn":"MOBARA SHI","townEn":"ENOKIKAMBOTOBICHI"},"2994121":{"prefectureJa":"千葉県","cityJa":"茂原市","townJa":"吉井下","prefectureEn":"CHIBA KEN","cityEn":"MOBARA SHI","townEn":"YOSHIISHIMO"},"2994122":{"prefectureJa":"千葉県","cityJa":"茂原市","townJa":"吉井上","prefectureEn":"CHIBA KEN","cityEn":"MOBARA SHI","townEn":"YOSHIIKAMI"},"2994123":{"prefectureJa":"千葉県","cityJa":"茂原市","townJa":"下太田","prefectureEn":"CHIBA KEN","cityEn":"MOBARA SHI","townEn":"SHIMOODA"},"2994124":{"prefectureJa":"千葉県","cityJa":"茂原市","townJa":"上太田","prefectureEn":"CHIBA KEN","cityEn":"MOBARA SHI","townEn":"KAMIODA"},"2994125":{"prefectureJa":"千葉県","cityJa":"茂原市","townJa":"大沢","prefectureEn":"CHIBA KEN","cityEn":"MOBARA SHI","townEn":"OSAWA"},"2994126":{"prefectureJa":"千葉県","cityJa":"茂原市","townJa":"柴名","prefectureEn":"CHIBA KEN","cityEn":"MOBARA SHI","townEn":"SHIBANA"},"2994127":{"prefectureJa":"千葉県","cityJa":"茂原市","townJa":"桂","prefectureEn":"CHIBA KEN","cityEn":"MOBARA SHI","townEn":"KATSURA"},"2994128":{"prefectureJa":"千葉県","cityJa":"茂原市","townJa":"桂飛地","prefectureEn":"CHIBA KEN","cityEn":"MOBARA SHI","townEn":"KATSURATOBICHI"},"2994129":{"prefectureJa":"千葉県","cityJa":"茂原市","townJa":"にいはる工業団地","prefectureEn":"CHIBA KEN","cityEn":"MOBARA SHI","townEn":"NIIHARUKOGYODANCHI"},"2994200":{"prefectureJa":"千葉県","cityJa":"長生郡白子町","townJa":"以下に掲載がない場合","prefectureEn":"CHIBA KEN","cityEn":"CHOSEI GUN SHIRAKO MACHI","townEn":"IKANIKEISAIGANAIBAAI"},"2994201":{"prefectureJa":"千葉県","cityJa":"長生郡白子町","townJa":"浜宿","prefectureEn":"CHIBA KEN","cityEn":"CHOSEI GUN SHIRAKO MACHI","townEn":"HAMASHUKU"},"2994202":{"prefectureJa":"千葉県","cityJa":"長生郡白子町","townJa":"牛込","prefectureEn":"CHIBA KEN","cityEn":"CHOSEI GUN SHIRAKO MACHI","townEn":"USHIGOME"},"2994203":{"prefectureJa":"千葉県","cityJa":"長生郡白子町","townJa":"剃金","prefectureEn":"CHIBA KEN","cityEn":"CHOSEI GUN SHIRAKO MACHI","townEn":"SORIGANE"},"2994204":{"prefectureJa":"千葉県","cityJa":"長生郡白子町","townJa":"福島","prefectureEn":"CHIBA KEN","cityEn":"CHOSEI GUN SHIRAKO MACHI","townEn":"FUKUSHIMA"},"2994205":{"prefectureJa":"千葉県","cityJa":"長生郡白子町","townJa":"南日当","prefectureEn":"CHIBA KEN","cityEn":"CHOSEI GUN SHIRAKO MACHI","townEn":"MINAMIHINATA"},"2994206":{"prefectureJa":"千葉県","cityJa":"長生郡白子町","townJa":"北日当","prefectureEn":"CHIBA KEN","cityEn":"CHOSEI GUN SHIRAKO MACHI","townEn":"KITAHINATA"},"2994211":{"prefectureJa":"千葉県","cityJa":"長生郡白子町","townJa":"五井","prefectureEn":"CHIBA KEN","cityEn":"CHOSEI GUN SHIRAKO MACHI","townEn":"GOI"},"2994212":{"prefectureJa":"千葉県","cityJa":"長生郡白子町","townJa":"古所","prefectureEn":"CHIBA KEN","cityEn":"CHOSEI GUN SHIRAKO MACHI","townEn":"FURUTOKORO"},"2994213":{"prefectureJa":"千葉県","cityJa":"長生郡白子町","townJa":"八斗","prefectureEn":"CHIBA KEN","cityEn":"CHOSEI GUN SHIRAKO MACHI","townEn":"HATSUTO"},"2994214":{"prefectureJa":"千葉県","cityJa":"長生郡白子町","townJa":"驚","prefectureEn":"CHIBA KEN","cityEn":"CHOSEI GUN SHIRAKO MACHI","townEn":"ODOROKI"},"2994215":{"prefectureJa":"千葉県","cityJa":"長生郡白子町","townJa":"中里","prefectureEn":"CHIBA KEN","cityEn":"CHOSEI GUN SHIRAKO MACHI","townEn":"NAKAZATO"},"2994216":{"prefectureJa":"千葉県","cityJa":"長生郡白子町","townJa":"幸治","prefectureEn":"CHIBA KEN","cityEn":"CHOSEI GUN SHIRAKO MACHI","townEn":"KOJI"},"2994217":{"prefectureJa":"千葉県","cityJa":"長生郡白子町","townJa":"北高根","prefectureEn":"CHIBA KEN","cityEn":"CHOSEI GUN SHIRAKO MACHI","townEn":"KITADAKANE"},"2994218":{"prefectureJa":"千葉県","cityJa":"長生郡白子町","townJa":"関","prefectureEn":"CHIBA KEN","cityEn":"CHOSEI GUN SHIRAKO MACHI","townEn":"SEKI"},"2994300":{"prefectureJa":"千葉県","cityJa":"長生郡一宮町","townJa":"以下に掲載がない場合","prefectureEn":"CHIBA KEN","cityEn":"CHOSEI GUN CHOSEI MURA","townEn":"IKANIKEISAIGANAIBAAI"},"2994301":{"prefectureJa":"千葉県","cityJa":"長生郡一宮町","townJa":"一宮","prefectureEn":"CHIBA KEN","cityEn":"CHOSEI GUN ICHINOMIYA MACHI","townEn":"ICHINOMIYA"},"2994302":{"prefectureJa":"千葉県","cityJa":"長生郡一宮町","townJa":"田町","prefectureEn":"CHIBA KEN","cityEn":"CHOSEI GUN ICHINOMIYA MACHI","townEn":"TAMACHI"},"2994303":{"prefectureJa":"千葉県","cityJa":"長生郡一宮町","townJa":"東浪見","prefectureEn":"CHIBA KEN","cityEn":"CHOSEI GUN ICHINOMIYA MACHI","townEn":"TORAMI"},"2994304":{"prefectureJa":"千葉県","cityJa":"長生郡一宮町","townJa":"綱田","prefectureEn":"CHIBA KEN","cityEn":"CHOSEI GUN ICHINOMIYA MACHI","townEn":"TSUNADA"},"2994305":{"prefectureJa":"千葉県","cityJa":"長生郡一宮町","townJa":"本給","prefectureEn":"CHIBA KEN","cityEn":"CHOSEI GUN ICHINOMIYA MACHI","townEn":"HONKYU"},"2994306":{"prefectureJa":"千葉県","cityJa":"長生郡一宮町","townJa":"東野","prefectureEn":"CHIBA KEN","cityEn":"CHOSEI GUN ICHINOMIYA MACHI","townEn":"HIGASHINO"},"2994311":{"prefectureJa":"千葉県","cityJa":"長生郡一宮町","townJa":"白山","prefectureEn":"CHIBA KEN","cityEn":"CHOSEI GUN ICHINOMIYA MACHI","townEn":"HAKUSAN"},"2994312":{"prefectureJa":"千葉県","cityJa":"長生郡一宮町","townJa":"宮原","prefectureEn":"CHIBA KEN","cityEn":"CHOSEI GUN ICHINOMIYA MACHI","townEn":"MIYABARA"},"2994313":{"prefectureJa":"千葉県","cityJa":"長生郡一宮町","townJa":"船頭給","prefectureEn":"CHIBA KEN","cityEn":"CHOSEI GUN ICHINOMIYA MACHI","townEn":"SENDOKYU"},"2994314":{"prefectureJa":"千葉県","cityJa":"長生郡一宮町","townJa":"新地","prefectureEn":"CHIBA KEN","cityEn":"CHOSEI GUN ICHINOMIYA MACHI","townEn":"ARACHI"},"2994315":{"prefectureJa":"千葉県","cityJa":"長生郡一宮町","townJa":"新地甲","prefectureEn":"CHIBA KEN","cityEn":"CHOSEI GUN ICHINOMIYA MACHI","townEn":"ARACHIKO"},"2994316":{"prefectureJa":"千葉県","cityJa":"長生郡一宮町","townJa":"新地丙","prefectureEn":"CHIBA KEN","cityEn":"CHOSEI GUN ICHINOMIYA MACHI","townEn":"ARACHIHEI"},"2994321":{"prefectureJa":"千葉県","cityJa":"長生郡長生村","townJa":"入山津","prefectureEn":"CHIBA KEN","cityEn":"CHOSEI GUN CHOSEI MURA","townEn":"IRIYAMAZU"},"2994322":{"prefectureJa":"千葉県","cityJa":"長生郡長生村","townJa":"驚","prefectureEn":"CHIBA KEN","cityEn":"CHOSEI GUN CHOSEI MURA","townEn":"ODOROKI"},"2994323":{"prefectureJa":"千葉県","cityJa":"長生郡長生村","townJa":"一松戊","prefectureEn":"CHIBA KEN","cityEn":"CHOSEI GUN CHOSEI MURA","townEn":"HITOTSUMATSUBO"},"2994324":{"prefectureJa":"千葉県","cityJa":"長生郡長生村","townJa":"一松丁","prefectureEn":"CHIBA KEN","cityEn":"CHOSEI GUN CHOSEI MURA","townEn":"HITOTSUMATSUTEI"},"2994325":{"prefectureJa":"千葉県","cityJa":"長生郡長生村","townJa":"一松丙","prefectureEn":"CHIBA KEN","cityEn":"CHOSEI GUN CHOSEI MURA","townEn":"HITOTSUMATSUHEI"},"2994326":{"prefectureJa":"千葉県","cityJa":"長生郡長生村","townJa":"一松乙","prefectureEn":"CHIBA KEN","cityEn":"CHOSEI GUN CHOSEI MURA","townEn":"HITOTSUMATSUOTSU"},"2994327":{"prefectureJa":"千葉県","cityJa":"長生郡長生村","townJa":"一松","prefectureEn":"CHIBA KEN","cityEn":"CHOSEI GUN CHOSEI MURA","townEn":"HITOTSUMATSU"},"2994328":{"prefectureJa":"千葉県","cityJa":"長生郡長生村","townJa":"一松甲","prefectureEn":"CHIBA KEN","cityEn":"CHOSEI GUN CHOSEI MURA","townEn":"HITOTSUMATSUKO"},"2994331":{"prefectureJa":"千葉県","cityJa":"長生郡長生村","townJa":"信友","prefectureEn":"CHIBA KEN","cityEn":"CHOSEI GUN CHOSEI MURA","townEn":"NOBUTOMO"},"2994332":{"prefectureJa":"千葉県","cityJa":"長生郡長生村","townJa":"金田","prefectureEn":"CHIBA KEN","cityEn":"CHOSEI GUN CHOSEI MURA","townEn":"KANEDA"},"2994333":{"prefectureJa":"千葉県","cityJa":"長生郡長生村","townJa":"七井土","prefectureEn":"CHIBA KEN","cityEn":"CHOSEI GUN CHOSEI MURA","townEn":"NANAIDO"},"2994334":{"prefectureJa":"千葉県","cityJa":"長生郡長生村","townJa":"薮塚","prefectureEn":"CHIBA KEN","cityEn":"CHOSEI GUN CHOSEI MURA","townEn":"YABUTSUKA"},"2994335":{"prefectureJa":"千葉県","cityJa":"長生郡長生村","townJa":"水口","prefectureEn":"CHIBA KEN","cityEn":"CHOSEI GUN CHOSEI MURA","townEn":"MIYOGUCHI"},"2994336":{"prefectureJa":"千葉県","cityJa":"長生郡長生村","townJa":"岩沼","prefectureEn":"CHIBA KEN","cityEn":"CHOSEI GUN CHOSEI MURA","townEn":"IWANUMA"},"2994337":{"prefectureJa":"千葉県","cityJa":"長生郡長生村","townJa":"北水口","prefectureEn":"CHIBA KEN","cityEn":"CHOSEI GUN CHOSEI MURA","townEn":"KITAMIYOGUCHI"},"2994338":{"prefectureJa":"千葉県","cityJa":"長生郡長生村","townJa":"六ツ野飛地","prefectureEn":"CHIBA KEN","cityEn":"CHOSEI GUN CHOSEI MURA","townEn":"MUTSUNOTOBICHI"},"2994341":{"prefectureJa":"千葉県","cityJa":"長生郡長生村","townJa":"宮成","prefectureEn":"CHIBA KEN","cityEn":"CHOSEI GUN CHOSEI MURA","townEn":"MIYANARI"},"2994342":{"prefectureJa":"千葉県","cityJa":"長生郡長生村","townJa":"一松飛地甲","prefectureEn":"CHIBA KEN","cityEn":"CHOSEI GUN CHOSEI MURA","townEn":"HITOTSUMATSUTOBICHIKO"},"2994343":{"prefectureJa":"千葉県","cityJa":"長生郡長生村","townJa":"岩沼飛地","prefectureEn":"CHIBA KEN","cityEn":"CHOSEI GUN CHOSEI MURA","townEn":"IWANUMATOBICHI"},"2994344":{"prefectureJa":"千葉県","cityJa":"長生郡長生村","townJa":"曽根","prefectureEn":"CHIBA KEN","cityEn":"CHOSEI GUN CHOSEI MURA","townEn":"SONE"},"2994345":{"prefectureJa":"千葉県","cityJa":"長生郡長生村","townJa":"本郷","prefectureEn":"CHIBA KEN","cityEn":"CHOSEI GUN CHOSEI MURA","townEn":"HONGO"},"2994346":{"prefectureJa":"千葉県","cityJa":"長生郡長生村","townJa":"中之郷","prefectureEn":"CHIBA KEN","cityEn":"CHOSEI GUN CHOSEI MURA","townEn":"NAKANOGO"},"2994347":{"prefectureJa":"千葉県","cityJa":"長生郡長生村","townJa":"小泉","prefectureEn":"CHIBA KEN","cityEn":"CHOSEI GUN CHOSEI MURA","townEn":"KOIZUMI"},"2994400":{"prefectureJa":"千葉県","cityJa":"長生郡睦沢町","townJa":"以下に掲載がない場合","prefectureEn":"CHIBA KEN","cityEn":"CHOSEI GUN MUTSUZAWA MACHI","townEn":"IKANIKEISAIGANAIBAAI"},"2994401":{"prefectureJa":"千葉県","cityJa":"長生郡睦沢町","townJa":"寺崎","prefectureEn":"CHIBA KEN","cityEn":"CHOSEI GUN MUTSUZAWA MACHI","townEn":"TERASAKI"},"2994402":{"prefectureJa":"千葉県","cityJa":"長生郡睦沢町","townJa":"川島","prefectureEn":"CHIBA KEN","cityEn":"CHOSEI GUN MUTSUZAWA MACHI","townEn":"KAWASHIMA"},"2994403":{"prefectureJa":"千葉県","cityJa":"長生郡睦沢町","townJa":"上市場","prefectureEn":"CHIBA KEN","cityEn":"CHOSEI GUN MUTSUZAWA MACHI","townEn":"KAMIICHIBA"},"2994404":{"prefectureJa":"千葉県","cityJa":"長生郡睦沢町","townJa":"北山田","prefectureEn":"CHIBA KEN","cityEn":"CHOSEI GUN MUTSUZAWA MACHI","townEn":"KITAYAMADA"},"2994405":{"prefectureJa":"千葉県","cityJa":"長生郡睦沢町","townJa":"大谷木","prefectureEn":"CHIBA KEN","cityEn":"CHOSEI GUN MUTSUZAWA MACHI","townEn":"OYAGI"},"2994406":{"prefectureJa":"千葉県","cityJa":"長生郡睦沢町","townJa":"北山田寺崎新田","prefectureEn":"CHIBA KEN","cityEn":"CHOSEI GUN MUTSUZAWA MACHI","townEn":"KITAYAMADATERASAKISHINDEN"},"2994411":{"prefectureJa":"千葉県","cityJa":"長生郡睦沢町","townJa":"河須ケ谷","prefectureEn":"CHIBA KEN","cityEn":"CHOSEI GUN MUTSUZAWA MACHI","townEn":"KAWASUGAYA"},"2994412":{"prefectureJa":"千葉県","cityJa":"長生郡睦沢町","townJa":"岩井","prefectureEn":"CHIBA KEN","cityEn":"CHOSEI GUN MUTSUZAWA MACHI","townEn":"IWAI"},"2994413":{"prefectureJa":"千葉県","cityJa":"長生郡睦沢町","townJa":"上之郷","prefectureEn":"CHIBA KEN","cityEn":"CHOSEI GUN MUTSUZAWA MACHI","townEn":"KAMINOGO"},"2994414":{"prefectureJa":"千葉県","cityJa":"長生郡睦沢町","townJa":"下之郷","prefectureEn":"CHIBA KEN","cityEn":"CHOSEI GUN MUTSUZAWA MACHI","townEn":"SHIMONOGO"},"2994415":{"prefectureJa":"千葉県","cityJa":"長生郡睦沢町","townJa":"小滝","prefectureEn":"CHIBA KEN","cityEn":"CHOSEI GUN MUTSUZAWA MACHI","townEn":"KODAKI"},"2994421":{"prefectureJa":"千葉県","cityJa":"長生郡睦沢町","townJa":"長楽寺","prefectureEn":"CHIBA KEN","cityEn":"CHOSEI GUN MUTSUZAWA MACHI","townEn":"CHORAKUJI"},"2994422":{"prefectureJa":"千葉県","cityJa":"長生郡睦沢町","townJa":"森","prefectureEn":"CHIBA KEN","cityEn":"CHOSEI GUN MUTSUZAWA MACHI","townEn":"MORI"},"2994423":{"prefectureJa":"千葉県","cityJa":"長生郡睦沢町","townJa":"大上","prefectureEn":"CHIBA KEN","cityEn":"CHOSEI GUN MUTSUZAWA MACHI","townEn":"OGAMI"},"2994424":{"prefectureJa":"千葉県","cityJa":"長生郡睦沢町","townJa":"妙楽寺","prefectureEn":"CHIBA KEN","cityEn":"CHOSEI GUN MUTSUZAWA MACHI","townEn":"MYORAKUJI"},"2994425":{"prefectureJa":"千葉県","cityJa":"長生郡睦沢町","townJa":"佐貫","prefectureEn":"CHIBA KEN","cityEn":"CHOSEI GUN MUTSUZAWA MACHI","townEn":"SANUKI"},"2994501":{"prefectureJa":"千葉県","cityJa":"いすみ市","townJa":"岬町椎木","prefectureEn":"CHIBA KEN","cityEn":"ISUMI SHI","townEn":"MISAKICHO SHIIGI"},"2994502":{"prefectureJa":"千葉県","cityJa":"いすみ市","townJa":"岬町中原","prefectureEn":"CHIBA KEN","cityEn":"ISUMI SHI","townEn":"MISAKICHO NAKAHARA"},"2994503":{"prefectureJa":"千葉県","cityJa":"いすみ市","townJa":"岬町和泉（その他）","prefectureEn":"CHIBA KEN","cityEn":"ISUMI SHI","townEn":"MISAKICHO IZUMI(SONOTA)"},"2994504":{"prefectureJa":"千葉県","cityJa":"いすみ市","townJa":"岬町桑田","prefectureEn":"CHIBA KEN","cityEn":"ISUMI SHI","townEn":"MISAKICHO KUWADA"},"2994505":{"prefectureJa":"千葉県","cityJa":"いすみ市","townJa":"岬町岩熊","prefectureEn":"CHIBA KEN","cityEn":"ISUMI SHI","townEn":"MISAKICHO IWAKUMA"},"2994506":{"prefectureJa":"千葉県","cityJa":"いすみ市","townJa":"岬町市野々","prefectureEn":"CHIBA KEN","cityEn":"ISUMI SHI","townEn":"MISAKICHO ICHINONO"},"2994507":{"prefectureJa":"千葉県","cityJa":"いすみ市","townJa":"岬町谷上","prefectureEn":"CHIBA KEN","cityEn":"ISUMI SHI","townEn":"MISAKICHO YAGAMI"},"2994508":{"prefectureJa":"千葉県","cityJa":"いすみ市","townJa":"岬町榎沢","prefectureEn":"CHIBA KEN","cityEn":"ISUMI SHI","townEn":"MISAKICHO ENOKISAWA"},"2994611":{"prefectureJa":"千葉県","cityJa":"いすみ市","townJa":"岬町和泉（４４００番以上）","prefectureEn":"CHIBA KEN","cityEn":"ISUMI SHI","townEn":"MISAKICHO IZUMI(4400-BANIJO)"},"2994612":{"prefectureJa":"千葉県","cityJa":"いすみ市","townJa":"岬町江場土","prefectureEn":"CHIBA KEN","cityEn":"ISUMI SHI","townEn":"MISAKICHO EBADO"},"2994613":{"prefectureJa":"千葉県","cityJa":"いすみ市","townJa":"岬町三門","prefectureEn":"CHIBA KEN","cityEn":"ISUMI SHI","townEn":"MISAKICHO MIKADO"},"2994614":{"prefectureJa":"千葉県","cityJa":"いすみ市","townJa":"岬町東小高","prefectureEn":"CHIBA KEN","cityEn":"ISUMI SHI","townEn":"MISAKICHO HIGASHIODAKA"},"2994615":{"prefectureJa":"千葉県","cityJa":"いすみ市","townJa":"岬町井沢","prefectureEn":"CHIBA KEN","cityEn":"ISUMI SHI","townEn":"MISAKICHO IZAWA"},"2994616":{"prefectureJa":"千葉県","cityJa":"いすみ市","townJa":"岬町長者","prefectureEn":"CHIBA KEN","cityEn":"ISUMI SHI","townEn":"MISAKICHO CHOJA"},"2994621":{"prefectureJa":"千葉県","cityJa":"いすみ市","townJa":"岬町東中滝","prefectureEn":"CHIBA KEN","cityEn":"ISUMI SHI","townEn":"MISAKICHO HIGASHINAKATAKI"},"2994622":{"prefectureJa":"千葉県","cityJa":"いすみ市","townJa":"岬町押日","prefectureEn":"CHIBA KEN","cityEn":"ISUMI SHI","townEn":"MISAKICHO OSHIBI"},"2994623":{"prefectureJa":"千葉県","cityJa":"いすみ市","townJa":"岬町中滝","prefectureEn":"CHIBA KEN","cityEn":"ISUMI SHI","townEn":"MISAKICHO NAKADAKI"},"2994624":{"prefectureJa":"千葉県","cityJa":"いすみ市","townJa":"岬町鴨根","prefectureEn":"CHIBA KEN","cityEn":"ISUMI SHI","townEn":"MISAKICHO KAMONE"},"2994625":{"prefectureJa":"千葉県","cityJa":"いすみ市","townJa":"岬町嘉谷","prefectureEn":"CHIBA KEN","cityEn":"ISUMI SHI","townEn":"MISAKICHO KAYA"},"2995100":{"prefectureJa":"千葉県","cityJa":"夷隅郡御宿町","townJa":"以下に掲載がない場合","prefectureEn":"CHIBA KEN","cityEn":"ISUMI GUN ONJUKU MACHI","townEn":"IKANIKEISAIGANAIBAAI"},"2995101":{"prefectureJa":"千葉県","cityJa":"夷隅郡御宿町","townJa":"高山田","prefectureEn":"CHIBA KEN","cityEn":"ISUMI GUN ONJUKU MACHI","townEn":"TAKAYAMADA"},"2995102":{"prefectureJa":"千葉県","cityJa":"夷隅郡御宿町","townJa":"久保","prefectureEn":"CHIBA KEN","cityEn":"ISUMI GUN ONJUKU MACHI","townEn":"KUBO"},"2995103":{"prefectureJa":"千葉県","cityJa":"夷隅郡御宿町","townJa":"新町","prefectureEn":"CHIBA KEN","cityEn":"ISUMI GUN ONJUKU MACHI","townEn":"SHIMMACHI"},"2995104":{"prefectureJa":"千葉県","cityJa":"夷隅郡御宿町","townJa":"六軒町","prefectureEn":"CHIBA KEN","cityEn":"ISUMI GUN ONJUKU MACHI","townEn":"ROKKEMMACHI"},"2995105":{"prefectureJa":"千葉県","cityJa":"夷隅郡御宿町","townJa":"岩和田","prefectureEn":"CHIBA KEN","cityEn":"ISUMI GUN ONJUKU MACHI","townEn":"IWAWADA"},"2995106":{"prefectureJa":"千葉県","cityJa":"夷隅郡御宿町","townJa":"須賀","prefectureEn":"CHIBA KEN","cityEn":"ISUMI GUN ONJUKU MACHI","townEn":"SUKA"},"2995107":{"prefectureJa":"千葉県","cityJa":"夷隅郡御宿町","townJa":"浜","prefectureEn":"CHIBA KEN","cityEn":"ISUMI GUN ONJUKU MACHI","townEn":"HAMA"},"2995111":{"prefectureJa":"千葉県","cityJa":"夷隅郡御宿町","townJa":"上布施","prefectureEn":"CHIBA KEN","cityEn":"ISUMI GUN ONJUKU MACHI","townEn":"KAMIFUSE"},"2995112":{"prefectureJa":"千葉県","cityJa":"夷隅郡御宿町","townJa":"御宿台","prefectureEn":"CHIBA KEN","cityEn":"ISUMI GUN ONJUKU MACHI","townEn":"ONJUKUDAI"},"2995113":{"prefectureJa":"千葉県","cityJa":"夷隅郡御宿町","townJa":"七本","prefectureEn":"CHIBA KEN","cityEn":"ISUMI GUN ONJUKU MACHI","townEn":"NANAMOTO"},"2995114":{"prefectureJa":"千葉県","cityJa":"夷隅郡御宿町","townJa":"実谷","prefectureEn":"CHIBA KEN","cityEn":"ISUMI GUN ONJUKU MACHI","townEn":"JIKKOKU"},"2995200":{"prefectureJa":"千葉県","cityJa":"勝浦市","townJa":"以下に掲載がない場合","prefectureEn":"CHIBA KEN","cityEn":"KATSURA SHI","townEn":"IKANIKEISAIGANAIBAAI"},"2995201":{"prefectureJa":"千葉県","cityJa":"勝浦市","townJa":"市野郷","prefectureEn":"CHIBA KEN","cityEn":"KATSURA SHI","townEn":"ICHINOGO"},"2995202":{"prefectureJa":"千葉県","cityJa":"勝浦市","townJa":"市野川","prefectureEn":"CHIBA KEN","cityEn":"KATSURA SHI","townEn":"ICHINOKAWA"},"2995203":{"prefectureJa":"千葉県","cityJa":"勝浦市","townJa":"花里","prefectureEn":"CHIBA KEN","cityEn":"KATSURA SHI","townEn":"HANAZATO"},"2995204":{"prefectureJa":"千葉県","cityJa":"勝浦市","townJa":"中倉","prefectureEn":"CHIBA KEN","cityEn":"KATSURA SHI","townEn":"NAKAGURA"},"2995205":{"prefectureJa":"千葉県","cityJa":"勝浦市","townJa":"杉戸","prefectureEn":"CHIBA KEN","cityEn":"KATSURA SHI","townEn":"SUGIDO"},"2995206":{"prefectureJa":"千葉県","cityJa":"勝浦市","townJa":"佐野","prefectureEn":"CHIBA KEN","cityEn":"KATSURA SHI","townEn":"SANO"},"2995211":{"prefectureJa":"千葉県","cityJa":"勝浦市","townJa":"松野","prefectureEn":"CHIBA KEN","cityEn":"KATSURA SHI","townEn":"MATSUNO"},"2995212":{"prefectureJa":"千葉県","cityJa":"勝浦市","townJa":"蟹田","prefectureEn":"CHIBA KEN","cityEn":"KATSURA SHI","townEn":"KANITA"},"2995213":{"prefectureJa":"千葉県","cityJa":"勝浦市","townJa":"芳賀","prefectureEn":"CHIBA KEN","cityEn":"KATSURA SHI","townEn":"HAGA"},"2995214":{"prefectureJa":"千葉県","cityJa":"勝浦市","townJa":"白木","prefectureEn":"CHIBA KEN","cityEn":"KATSURA SHI","townEn":"SHIRAKI"},"2995215":{"prefectureJa":"千葉県","cityJa":"勝浦市","townJa":"白井久保","prefectureEn":"CHIBA KEN","cityEn":"KATSURA SHI","townEn":"SHIRAIKUBO"},"2995216":{"prefectureJa":"千葉県","cityJa":"勝浦市","townJa":"宿戸","prefectureEn":"CHIBA KEN","cityEn":"KATSURA SHI","townEn":"SHUKUDO"},"2995217":{"prefectureJa":"千葉県","cityJa":"勝浦市","townJa":"大楠","prefectureEn":"CHIBA KEN","cityEn":"KATSURA SHI","townEn":"OKUSU"},"2995218":{"prefectureJa":"千葉県","cityJa":"勝浦市","townJa":"小羽戸","prefectureEn":"CHIBA KEN","cityEn":"KATSURA SHI","townEn":"KOBADO"},"2995219":{"prefectureJa":"千葉県","cityJa":"勝浦市","townJa":"小松野","prefectureEn":"CHIBA KEN","cityEn":"KATSURA SHI","townEn":"KOMATSUNO"},"2995221":{"prefectureJa":"千葉県","cityJa":"勝浦市","townJa":"平田","prefectureEn":"CHIBA KEN","cityEn":"KATSURA SHI","townEn":"HIRATA"},"2995222":{"prefectureJa":"千葉県","cityJa":"勝浦市","townJa":"関谷","prefectureEn":"CHIBA KEN","cityEn":"KATSURA SHI","townEn":"SEKIYATSU"},"2995223":{"prefectureJa":"千葉県","cityJa":"勝浦市","townJa":"部原","prefectureEn":"CHIBA KEN","cityEn":"KATSURA SHI","townEn":"HEBARA"},"2995224":{"prefectureJa":"千葉県","cityJa":"勝浦市","townJa":"新官","prefectureEn":"CHIBA KEN","cityEn":"KATSURA SHI","townEn":"SHINKAN"},"2995225":{"prefectureJa":"千葉県","cityJa":"勝浦市","townJa":"墨名","prefectureEn":"CHIBA KEN","cityEn":"KATSURA SHI","townEn":"TONA"},"2995226":{"prefectureJa":"千葉県","cityJa":"勝浦市","townJa":"串浜","prefectureEn":"CHIBA KEN","cityEn":"KATSURA SHI","townEn":"KUSHIHAMA"},"2995227":{"prefectureJa":"千葉県","cityJa":"勝浦市","townJa":"中谷","prefectureEn":"CHIBA KEN","cityEn":"KATSURA SHI","townEn":"NAKAYA"},"2995228":{"prefectureJa":"千葉県","cityJa":"勝浦市","townJa":"新戸","prefectureEn":"CHIBA KEN","cityEn":"KATSURA SHI","townEn":"SHINDO"},"2995231":{"prefectureJa":"千葉県","cityJa":"勝浦市","townJa":"沢倉","prefectureEn":"CHIBA KEN","cityEn":"KATSURA SHI","townEn":"SAWAKURA"},"2995232":{"prefectureJa":"千葉県","cityJa":"勝浦市","townJa":"川津","prefectureEn":"CHIBA KEN","cityEn":"KATSURA SHI","townEn":"KAWAZU"},"2995233":{"prefectureJa":"千葉県","cityJa":"勝浦市","townJa":"浜勝浦","prefectureEn":"CHIBA KEN","cityEn":"KATSURA SHI","townEn":"HAMAKATSURA"},"2995234":{"prefectureJa":"千葉県","cityJa":"勝浦市","townJa":"勝浦","prefectureEn":"CHIBA KEN","cityEn":"KATSURA SHI","townEn":"KATSURA"},"2995235":{"prefectureJa":"千葉県","cityJa":"勝浦市","townJa":"出水","prefectureEn":"CHIBA KEN","cityEn":"KATSURA SHI","townEn":"IDEMIZU"},"2995241":{"prefectureJa":"千葉県","cityJa":"勝浦市","townJa":"松部","prefectureEn":"CHIBA KEN","cityEn":"KATSURA SHI","townEn":"MATSUBE"},"2995242":{"prefectureJa":"千葉県","cityJa":"勝浦市","townJa":"吉尾","prefectureEn":"CHIBA KEN","cityEn":"KATSURA SHI","townEn":"YOSHIO"},"2995243":{"prefectureJa":"千葉県","cityJa":"勝浦市","townJa":"鵜原","prefectureEn":"CHIBA KEN","cityEn":"KATSURA SHI","townEn":"UBARA"},"2995244":{"prefectureJa":"千葉県","cityJa":"勝浦市","townJa":"守谷","prefectureEn":"CHIBA KEN","cityEn":"KATSURA SHI","townEn":"MORIYA"},"2995245":{"prefectureJa":"千葉県","cityJa":"勝浦市","townJa":"興津","prefectureEn":"CHIBA KEN","cityEn":"KATSURA SHI","townEn":"OKITSU"},"2995246":{"prefectureJa":"千葉県","cityJa":"勝浦市","townJa":"興津久保山台","prefectureEn":"CHIBA KEN","cityEn":"KATSURA SHI","townEn":"OKITSUKUBOYAMADAI"},"2995251":{"prefectureJa":"千葉県","cityJa":"勝浦市","townJa":"大森上植野入会地","prefectureEn":"CHIBA KEN","cityEn":"KATSURA SHI","townEn":"OMORIKAMIUENOIRIAICHI"},"2995252":{"prefectureJa":"千葉県","cityJa":"勝浦市","townJa":"上植野","prefectureEn":"CHIBA KEN","cityEn":"KATSURA SHI","townEn":"KAMIUENO"},"2995253":{"prefectureJa":"千葉県","cityJa":"勝浦市","townJa":"名木","prefectureEn":"CHIBA KEN","cityEn":"KATSURA SHI","townEn":"NAGI"},"2995254":{"prefectureJa":"千葉県","cityJa":"勝浦市","townJa":"台宿","prefectureEn":"CHIBA KEN","cityEn":"KATSURA SHI","townEn":"DAIJUKU"},"2995255":{"prefectureJa":"千葉県","cityJa":"勝浦市","townJa":"浜行川","prefectureEn":"CHIBA KEN","cityEn":"KATSURA SHI","townEn":"HAMANAMEGAWA"},"2995256":{"prefectureJa":"千葉県","cityJa":"勝浦市","townJa":"大沢","prefectureEn":"CHIBA KEN","cityEn":"KATSURA SHI","townEn":"OSAWA"},"2995261":{"prefectureJa":"千葉県","cityJa":"勝浦市","townJa":"大森","prefectureEn":"CHIBA KEN","cityEn":"KATSURA SHI","townEn":"OMORI"},"2995262":{"prefectureJa":"千葉県","cityJa":"勝浦市","townJa":"中里","prefectureEn":"CHIBA KEN","cityEn":"KATSURA SHI","townEn":"NAKAZATO"},"2995263":{"prefectureJa":"千葉県","cityJa":"勝浦市","townJa":"赤羽根","prefectureEn":"CHIBA KEN","cityEn":"KATSURA SHI","townEn":"AKABANE"},"2995264":{"prefectureJa":"千葉県","cityJa":"勝浦市","townJa":"中島","prefectureEn":"CHIBA KEN","cityEn":"KATSURA SHI","townEn":"NAKAJIMA"},"2995265":{"prefectureJa":"千葉県","cityJa":"勝浦市","townJa":"植野","prefectureEn":"CHIBA KEN","cityEn":"KATSURA SHI","townEn":"UENO"},"2995266":{"prefectureJa":"千葉県","cityJa":"勝浦市","townJa":"上野","prefectureEn":"CHIBA KEN","cityEn":"KATSURA SHI","townEn":"UENO"},"2995267":{"prefectureJa":"千葉県","cityJa":"勝浦市","townJa":"植野元宮田","prefectureEn":"CHIBA KEN","cityEn":"KATSURA SHI","townEn":"UENOMOTOMIYATA"},"2995271":{"prefectureJa":"千葉県","cityJa":"勝浦市","townJa":"法花","prefectureEn":"CHIBA KEN","cityEn":"KATSURA SHI","townEn":"HOGE"},"2995272":{"prefectureJa":"千葉県","cityJa":"勝浦市","townJa":"貝掛","prefectureEn":"CHIBA KEN","cityEn":"KATSURA SHI","townEn":"KAIGAKE"},"2995273":{"prefectureJa":"千葉県","cityJa":"勝浦市","townJa":"荒川","prefectureEn":"CHIBA KEN","cityEn":"KATSURA SHI","townEn":"ARAKAWA"},"2995274":{"prefectureJa":"千葉県","cityJa":"勝浦市","townJa":"南山田","prefectureEn":"CHIBA KEN","cityEn":"KATSURA SHI","townEn":"MINAMIYAMADA"},"2995501":{"prefectureJa":"千葉県","cityJa":"鴨川市","townJa":"小湊","prefectureEn":"CHIBA KEN","cityEn":"KAMOGAWA SHI","townEn":"KOMINATO"},"2995502":{"prefectureJa":"千葉県","cityJa":"鴨川市","townJa":"内浦","prefectureEn":"CHIBA KEN","cityEn":"KAMOGAWA SHI","townEn":"UCHIURA"},"2995503":{"prefectureJa":"千葉県","cityJa":"鴨川市","townJa":"天津","prefectureEn":"CHIBA KEN","cityEn":"KAMOGAWA SHI","townEn":"AMATSU"},"2995504":{"prefectureJa":"千葉県","cityJa":"鴨川市","townJa":"浜荻","prefectureEn":"CHIBA KEN","cityEn":"KAMOGAWA SHI","townEn":"HAMAOGI"},"2995505":{"prefectureJa":"千葉県","cityJa":"鴨川市","townJa":"清澄","prefectureEn":"CHIBA KEN","cityEn":"KAMOGAWA SHI","townEn":"KIYOSUMI"},"2995506":{"prefectureJa":"千葉県","cityJa":"鴨川市","townJa":"四方木","prefectureEn":"CHIBA KEN","cityEn":"KAMOGAWA SHI","townEn":"YOMOGI"}}