{"7870000":{"prefectureJa":"高知県","cityJa":"四万十市","townJa":"以下に掲載がない場合","prefectureEn":"KOCHI KEN","cityEn":"SHIMANTO SHI","townEn":"IKANIKEISAIGANAIBAAI"},"7870001":{"prefectureJa":"高知県","cityJa":"四万十市","townJa":"中村本町","prefectureEn":"KOCHI KEN","cityEn":"SHIMANTO SHI","townEn":"NAKAMURA HOMMACHI"},"7870002":{"prefectureJa":"高知県","cityJa":"四万十市","townJa":"中村桜町","prefectureEn":"KOCHI KEN","cityEn":"SHIMANTO SHI","townEn":"NAKAMURA SAKURAMACHI"},"7870003":{"prefectureJa":"高知県","cityJa":"四万十市","townJa":"中村丸の内（その他）","prefectureEn":"KOCHI KEN","cityEn":"SHIMANTO SHI","townEn":"NAKAMURA MARUNOCHI(SONOTA)"},"7870004":{"prefectureJa":"高知県","cityJa":"四万十市","townJa":"中村丸の内（丸の内ハイランド）","prefectureEn":"KOCHI KEN","cityEn":"SHIMANTO SHI","townEn":"NAKAMURA MARUNOCHI (MARUNOCHIHAIRAN"},"7870005":{"prefectureJa":"高知県","cityJa":"四万十市","townJa":"中村（桂山団地）","prefectureEn":"KOCHI KEN","cityEn":"SHIMANTO SHI","townEn":"NAKAMURA(KATSURAYAMADANCHI)"},"7870006":{"prefectureJa":"高知県","cityJa":"四万十市","townJa":"麻生","prefectureEn":"KOCHI KEN","cityEn":"SHIMANTO SHI","townEn":"ASO"},"7870007":{"prefectureJa":"高知県","cityJa":"四万十市","townJa":"秋田","prefectureEn":"KOCHI KEN","cityEn":"SHIMANTO SHI","townEn":"AIDA"},"7870008":{"prefectureJa":"高知県","cityJa":"四万十市","townJa":"安並","prefectureEn":"KOCHI KEN","cityEn":"SHIMANTO SHI","townEn":"YASUNAMI"},"7870009":{"prefectureJa":"高知県","cityJa":"四万十市","townJa":"佐岡","prefectureEn":"KOCHI KEN","cityEn":"SHIMANTO SHI","townEn":"SAOKA"},"7870010":{"prefectureJa":"高知県","cityJa":"四万十市","townJa":"古津賀","prefectureEn":"KOCHI KEN","cityEn":"SHIMANTO SHI","townEn":"KOTSUKA"},"7870011":{"prefectureJa":"高知県","cityJa":"四万十市","townJa":"右山元町","prefectureEn":"KOCHI KEN","cityEn":"SHIMANTO SHI","townEn":"UYAMAMOTOMACHI"},"7870012":{"prefectureJa":"高知県","cityJa":"四万十市","townJa":"右山五月町","prefectureEn":"KOCHI KEN","cityEn":"SHIMANTO SHI","townEn":"UYAMASATSUKICHO"},"7870013":{"prefectureJa":"高知県","cityJa":"四万十市","townJa":"右山天神町","prefectureEn":"KOCHI KEN","cityEn":"SHIMANTO SHI","townEn":"UYAMATENJINCHO"},"7870014":{"prefectureJa":"高知県","cityJa":"四万十市","townJa":"駅前町","prefectureEn":"KOCHI KEN","cityEn":"SHIMANTO SHI","townEn":"EKIMAECHO"},"7870015":{"prefectureJa":"高知県","cityJa":"四万十市","townJa":"右山","prefectureEn":"KOCHI KEN","cityEn":"SHIMANTO SHI","townEn":"UYAMA"},"7870016":{"prefectureJa":"高知県","cityJa":"四万十市","townJa":"角崎","prefectureEn":"KOCHI KEN","cityEn":"SHIMANTO SHI","townEn":"TSUNOSAKI"},"7870017":{"prefectureJa":"高知県","cityJa":"四万十市","townJa":"不破","prefectureEn":"KOCHI KEN","cityEn":"SHIMANTO SHI","townEn":"FUBA"},"7870018":{"prefectureJa":"高知県","cityJa":"四万十市","townJa":"不破上町","prefectureEn":"KOCHI KEN","cityEn":"SHIMANTO SHI","townEn":"FUBAKAMIMACHI"},"7870019":{"prefectureJa":"高知県","cityJa":"四万十市","townJa":"具同","prefectureEn":"KOCHI KEN","cityEn":"SHIMANTO SHI","townEn":"GUDO"},"7870020":{"prefectureJa":"高知県","cityJa":"四万十市","townJa":"入田","prefectureEn":"KOCHI KEN","cityEn":"SHIMANTO SHI","townEn":"NYUTA"},"7870021":{"prefectureJa":"高知県","cityJa":"四万十市","townJa":"中村京町","prefectureEn":"KOCHI KEN","cityEn":"SHIMANTO SHI","townEn":"NAKAMURA KYOMACHI"},"7870022":{"prefectureJa":"高知県","cityJa":"四万十市","townJa":"中村新町","prefectureEn":"KOCHI KEN","cityEn":"SHIMANTO SHI","townEn":"NAKAMURA SHIMMACHI"},"7870023":{"prefectureJa":"高知県","cityJa":"四万十市","townJa":"中村東町","prefectureEn":"KOCHI KEN","cityEn":"SHIMANTO SHI","townEn":"NAKAMURA HIGASHIMACHI"},"7870024":{"prefectureJa":"高知県","cityJa":"四万十市","townJa":"中村於東町","prefectureEn":"KOCHI KEN","cityEn":"SHIMANTO SHI","townEn":"NAKAMURA OHIGASHICHO"},"7870025":{"prefectureJa":"高知県","cityJa":"四万十市","townJa":"中村一条通","prefectureEn":"KOCHI KEN","cityEn":"SHIMANTO SHI","townEn":"NAKAMURA ICHIJODORI"},"7870026":{"prefectureJa":"高知県","cityJa":"四万十市","townJa":"中村愛宕町","prefectureEn":"KOCHI KEN","cityEn":"SHIMANTO SHI","townEn":"NAKAMURA ATAGOMACHI"},"7870027":{"prefectureJa":"高知県","cityJa":"四万十市","townJa":"中村天神橋","prefectureEn":"KOCHI KEN","cityEn":"SHIMANTO SHI","townEn":"NAKAMURA TENJIMBASHI"},"7870028":{"prefectureJa":"高知県","cityJa":"四万十市","townJa":"中村山手通","prefectureEn":"KOCHI KEN","cityEn":"SHIMANTO SHI","townEn":"NAKAMURA YAMATEDORI"},"7870029":{"prefectureJa":"高知県","cityJa":"四万十市","townJa":"中村小姓町","prefectureEn":"KOCHI KEN","cityEn":"SHIMANTO SHI","townEn":"NAKAMURA KOSHOMACHI"},"7870030":{"prefectureJa":"高知県","cityJa":"四万十市","townJa":"中村上小姓町","prefectureEn":"KOCHI KEN","cityEn":"SHIMANTO SHI","townEn":"NAKAMURA KAMIKOSHOMACHI"},"7870031":{"prefectureJa":"高知県","cityJa":"四万十市","townJa":"中村東下町","prefectureEn":"KOCHI KEN","cityEn":"SHIMANTO SHI","townEn":"NAKAMURA HIGASHISHIMOMACHI"},"7870032":{"prefectureJa":"高知県","cityJa":"四万十市","townJa":"中村栄町","prefectureEn":"KOCHI KEN","cityEn":"SHIMANTO SHI","townEn":"NAKAMURA SAKAEMACHI"},"7870033":{"prefectureJa":"高知県","cityJa":"四万十市","townJa":"中村大橋通","prefectureEn":"KOCHI KEN","cityEn":"SHIMANTO SHI","townEn":"NAKAMURA OHASHIDORI"},"7870034":{"prefectureJa":"高知県","cityJa":"四万十市","townJa":"中村弥生町","prefectureEn":"KOCHI KEN","cityEn":"SHIMANTO SHI","townEn":"NAKAMURA YAYOICHO"},"7870035":{"prefectureJa":"高知県","cityJa":"四万十市","townJa":"中村羽生小路","prefectureEn":"KOCHI KEN","cityEn":"SHIMANTO SHI","townEn":"NAKAMURA HABUSHOJI"},"7870036":{"prefectureJa":"高知県","cityJa":"四万十市","townJa":"中村岩崎町","prefectureEn":"KOCHI KEN","cityEn":"SHIMANTO SHI","townEn":"NAKAMURA IWASAKICHO"},"7870037":{"prefectureJa":"高知県","cityJa":"四万十市","townJa":"中村四万十町","prefectureEn":"KOCHI KEN","cityEn":"SHIMANTO SHI","townEn":"NAKAMURA SHIMANTOCHO"},"7870038":{"prefectureJa":"高知県","cityJa":"四万十市","townJa":"中村百笑町","prefectureEn":"KOCHI KEN","cityEn":"SHIMANTO SHI","townEn":"NAKAMURA DOMEKICHO"},"7870050":{"prefectureJa":"高知県","cityJa":"四万十市","townJa":"渡川","prefectureEn":"KOCHI KEN","cityEn":"SHIMANTO SHI","townEn":"WATARIGAWA"},"7870051":{"prefectureJa":"高知県","cityJa":"四万十市","townJa":"具同田黒","prefectureEn":"KOCHI KEN","cityEn":"SHIMANTO SHI","townEn":"GUDOTAGURO"},"7870052":{"prefectureJa":"高知県","cityJa":"四万十市","townJa":"赤松町","prefectureEn":"KOCHI KEN","cityEn":"SHIMANTO SHI","townEn":"AKAMATSUCHO"},"7870150":{"prefectureJa":"高知県","cityJa":"四万十市","townJa":"井沢","prefectureEn":"KOCHI KEN","cityEn":"SHIMANTO SHI","townEn":"ISAWA"},"7870151":{"prefectureJa":"高知県","cityJa":"四万十市","townJa":"竹島","prefectureEn":"KOCHI KEN","cityEn":"SHIMANTO SHI","townEn":"TAKESHIMA"},"7870152":{"prefectureJa":"高知県","cityJa":"四万十市","townJa":"鍋島","prefectureEn":"KOCHI KEN","cityEn":"SHIMANTO SHI","townEn":"NABESHIMA"},"7870153":{"prefectureJa":"高知県","cityJa":"四万十市","townJa":"双海","prefectureEn":"KOCHI KEN","cityEn":"SHIMANTO SHI","townEn":"FUTAMI"},"7870154":{"prefectureJa":"高知県","cityJa":"四万十市","townJa":"平野","prefectureEn":"KOCHI KEN","cityEn":"SHIMANTO SHI","townEn":"HIRANO"},"7870155":{"prefectureJa":"高知県","cityJa":"四万十市","townJa":"下田","prefectureEn":"KOCHI KEN","cityEn":"SHIMANTO SHI","townEn":"SHIMODA"},"7870156":{"prefectureJa":"高知県","cityJa":"四万十市","townJa":"坂本","prefectureEn":"KOCHI KEN","cityEn":"SHIMANTO SHI","townEn":"SAKAMOTO"},"7870157":{"prefectureJa":"高知県","cityJa":"四万十市","townJa":"山路","prefectureEn":"KOCHI KEN","cityEn":"SHIMANTO SHI","townEn":"YAMACHI"},"7870158":{"prefectureJa":"高知県","cityJa":"四万十市","townJa":"実崎","prefectureEn":"KOCHI KEN","cityEn":"SHIMANTO SHI","townEn":"SANZAKI"},"7870159":{"prefectureJa":"高知県","cityJa":"四万十市","townJa":"深木","prefectureEn":"KOCHI KEN","cityEn":"SHIMANTO SHI","townEn":"FUKAKI"},"7870160":{"prefectureJa":"高知県","cityJa":"四万十市","townJa":"間崎","prefectureEn":"KOCHI KEN","cityEn":"SHIMANTO SHI","townEn":"MASAKI"},"7870161":{"prefectureJa":"高知県","cityJa":"四万十市","townJa":"津蔵渕","prefectureEn":"KOCHI KEN","cityEn":"SHIMANTO SHI","townEn":"TSUKURABUCHI"},"7870162":{"prefectureJa":"高知県","cityJa":"四万十市","townJa":"初崎","prefectureEn":"KOCHI KEN","cityEn":"SHIMANTO SHI","townEn":"HATSUZAKI"},"7870163":{"prefectureJa":"高知県","cityJa":"四万十市","townJa":"名鹿","prefectureEn":"KOCHI KEN","cityEn":"SHIMANTO SHI","townEn":"NASHISHI"},"7870240":{"prefectureJa":"高知県","cityJa":"土佐清水市","townJa":"立石","prefectureEn":"KOCHI KEN","cityEn":"TOSASHIMIZU SHI","townEn":"TATEISHI"},"7870241":{"prefectureJa":"高知県","cityJa":"土佐清水市","townJa":"布","prefectureEn":"KOCHI KEN","cityEn":"TOSASHIMIZU SHI","townEn":"NUNO"},"7870242":{"prefectureJa":"高知県","cityJa":"土佐清水市","townJa":"下ノ加江","prefectureEn":"KOCHI KEN","cityEn":"TOSASHIMIZU SHI","townEn":"SHIMONOKAE"},"7870243":{"prefectureJa":"高知県","cityJa":"土佐清水市","townJa":"鍵掛","prefectureEn":"KOCHI KEN","cityEn":"TOSASHIMIZU SHI","townEn":"KAIKAKE"},"7870244":{"prefectureJa":"高知県","cityJa":"土佐清水市","townJa":"久百々","prefectureEn":"KOCHI KEN","cityEn":"TOSASHIMIZU SHI","townEn":"KUMOMO"},"7870300":{"prefectureJa":"高知県","cityJa":"土佐清水市","townJa":"以下に掲載がない場合","prefectureEn":"KOCHI KEN","cityEn":"TOSASHIMIZU SHI","townEn":"IKANIKEISAIGANAIBAAI"},"7870301":{"prefectureJa":"高知県","cityJa":"土佐清水市","townJa":"大岐","prefectureEn":"KOCHI KEN","cityEn":"TOSASHIMIZU SHI","townEn":"OKI"},"7870302":{"prefectureJa":"高知県","cityJa":"土佐清水市","townJa":"以布利","prefectureEn":"KOCHI KEN","cityEn":"TOSASHIMIZU SHI","townEn":"IBURI"},"7870303":{"prefectureJa":"高知県","cityJa":"土佐清水市","townJa":"旭町","prefectureEn":"KOCHI KEN","cityEn":"TOSASHIMIZU SHI","townEn":"ASAHIMACHI"},"7870304":{"prefectureJa":"高知県","cityJa":"土佐清水市","townJa":"元町","prefectureEn":"KOCHI KEN","cityEn":"TOSASHIMIZU SHI","townEn":"MOTOMACHI"},"7870305":{"prefectureJa":"高知県","cityJa":"土佐清水市","townJa":"天神町","prefectureEn":"KOCHI KEN","cityEn":"TOSASHIMIZU SHI","townEn":"TENJIMMACHI"},"7870306":{"prefectureJa":"高知県","cityJa":"土佐清水市","townJa":"幸町","prefectureEn":"KOCHI KEN","cityEn":"TOSASHIMIZU SHI","townEn":"SAIWAICHO"},"7870307":{"prefectureJa":"高知県","cityJa":"土佐清水市","townJa":"緑ケ丘","prefectureEn":"KOCHI KEN","cityEn":"TOSASHIMIZU SHI","townEn":"MIDORIGAOKA"},"7870308":{"prefectureJa":"高知県","cityJa":"土佐清水市","townJa":"厚生町","prefectureEn":"KOCHI KEN","cityEn":"TOSASHIMIZU SHI","townEn":"KOSEICHO"},"7870310":{"prefectureJa":"高知県","cityJa":"土佐清水市","townJa":"浦尻","prefectureEn":"KOCHI KEN","cityEn":"TOSASHIMIZU SHI","townEn":"URAJIRI"},"7870311":{"prefectureJa":"高知県","cityJa":"土佐清水市","townJa":"グリーンハイツ","prefectureEn":"KOCHI KEN","cityEn":"TOSASHIMIZU SHI","townEn":"GURINHAITSU"},"7870312":{"prefectureJa":"高知県","cityJa":"土佐清水市","townJa":"窪津","prefectureEn":"KOCHI KEN","cityEn":"TOSASHIMIZU SHI","townEn":"KUBOTSU"},"7870313":{"prefectureJa":"高知県","cityJa":"土佐清水市","townJa":"津呂","prefectureEn":"KOCHI KEN","cityEn":"TOSASHIMIZU SHI","townEn":"TSURO"},"7870314":{"prefectureJa":"高知県","cityJa":"土佐清水市","townJa":"大谷","prefectureEn":"KOCHI KEN","cityEn":"TOSASHIMIZU SHI","townEn":"OTANI"},"7870315":{"prefectureJa":"高知県","cityJa":"土佐清水市","townJa":"足摺岬","prefectureEn":"KOCHI KEN","cityEn":"TOSASHIMIZU SHI","townEn":"ASHIZURIMISAKI"},"7870316":{"prefectureJa":"高知県","cityJa":"土佐清水市","townJa":"松尾","prefectureEn":"KOCHI KEN","cityEn":"TOSASHIMIZU SHI","townEn":"MATSUO"},"7870317":{"prefectureJa":"高知県","cityJa":"土佐清水市","townJa":"大浜","prefectureEn":"KOCHI KEN","cityEn":"TOSASHIMIZU SHI","townEn":"OHAMA"},"7870318":{"prefectureJa":"高知県","cityJa":"土佐清水市","townJa":"中浜","prefectureEn":"KOCHI KEN","cityEn":"TOSASHIMIZU SHI","townEn":"NAKANOHAMA"},"7870320":{"prefectureJa":"高知県","cityJa":"土佐清水市","townJa":"清水","prefectureEn":"KOCHI KEN","cityEn":"TOSASHIMIZU SHI","townEn":"SHIMIZU"},"7870321":{"prefectureJa":"高知県","cityJa":"土佐清水市","townJa":"浜町","prefectureEn":"KOCHI KEN","cityEn":"TOSASHIMIZU SHI","townEn":"HAMAMACHI"},"7870322":{"prefectureJa":"高知県","cityJa":"土佐清水市","townJa":"小江町","prefectureEn":"KOCHI KEN","cityEn":"TOSASHIMIZU SHI","townEn":"KOECHO"},"7870323":{"prefectureJa":"高知県","cityJa":"土佐清水市","townJa":"寿町","prefectureEn":"KOCHI KEN","cityEn":"TOSASHIMIZU SHI","townEn":"KOTOBUKICHO"},"7870324":{"prefectureJa":"高知県","cityJa":"土佐清水市","townJa":"中央町","prefectureEn":"KOCHI KEN","cityEn":"TOSASHIMIZU SHI","townEn":"CHUOCHO"},"7870325":{"prefectureJa":"高知県","cityJa":"土佐清水市","townJa":"栄町","prefectureEn":"KOCHI KEN","cityEn":"TOSASHIMIZU SHI","townEn":"SAKAEMACHI"},"7870326":{"prefectureJa":"高知県","cityJa":"土佐清水市","townJa":"本町","prefectureEn":"KOCHI KEN","cityEn":"TOSASHIMIZU SHI","townEn":"HOMMACHI"},"7870327":{"prefectureJa":"高知県","cityJa":"土佐清水市","townJa":"市場町","prefectureEn":"KOCHI KEN","cityEn":"TOSASHIMIZU SHI","townEn":"ICHIBACHO"},"7870328":{"prefectureJa":"高知県","cityJa":"土佐清水市","townJa":"戎町","prefectureEn":"KOCHI KEN","cityEn":"TOSASHIMIZU SHI","townEn":"EBISUCHO"},"7870330":{"prefectureJa":"高知県","cityJa":"土佐清水市","townJa":"清水ヶ丘","prefectureEn":"KOCHI KEN","cityEn":"TOSASHIMIZU SHI","townEn":"SHIMIZUGAOKA"},"7870331":{"prefectureJa":"高知県","cityJa":"土佐清水市","townJa":"越前町","prefectureEn":"KOCHI KEN","cityEn":"TOSASHIMIZU SHI","townEn":"ECHIZENCHO"},"7870332":{"prefectureJa":"高知県","cityJa":"土佐清水市","townJa":"汐見町","prefectureEn":"KOCHI KEN","cityEn":"TOSASHIMIZU SHI","townEn":"SHIOMICHO"},"7870333":{"prefectureJa":"高知県","cityJa":"土佐清水市","townJa":"西町","prefectureEn":"KOCHI KEN","cityEn":"TOSASHIMIZU SHI","townEn":"NISHIMACHI"},"7870334":{"prefectureJa":"高知県","cityJa":"土佐清水市","townJa":"加久見入沢町","prefectureEn":"KOCHI KEN","cityEn":"TOSASHIMIZU SHI","townEn":"KAGUMIIRISAWACHO"},"7870335":{"prefectureJa":"高知県","cityJa":"土佐清水市","townJa":"加久見新町","prefectureEn":"KOCHI KEN","cityEn":"TOSASHIMIZU SHI","townEn":"KAGUMISHIMMACHI"},"7870336":{"prefectureJa":"高知県","cityJa":"土佐清水市","townJa":"加久見（その他）","prefectureEn":"KOCHI KEN","cityEn":"TOSASHIMIZU SHI","townEn":"KAGUMI(SONOTA)"},"7870337":{"prefectureJa":"高知県","cityJa":"土佐清水市","townJa":"養老","prefectureEn":"KOCHI KEN","cityEn":"TOSASHIMIZU SHI","townEn":"YORO"},"7870338":{"prefectureJa":"高知県","cityJa":"土佐清水市","townJa":"加久見（松崎）","prefectureEn":"KOCHI KEN","cityEn":"TOSASHIMIZU SHI","townEn":"KAGUMI(MATSUZAKI)"},"7870339":{"prefectureJa":"高知県","cityJa":"土佐清水市","townJa":"横道","prefectureEn":"KOCHI KEN","cityEn":"TOSASHIMIZU SHI","townEn":"YOKOMICHI"},"7870445":{"prefectureJa":"高知県","cityJa":"土佐清水市","townJa":"下益野","prefectureEn":"KOCHI KEN","cityEn":"TOSASHIMIZU SHI","townEn":"SHIMOMASHINO"},"7870446":{"prefectureJa":"高知県","cityJa":"土佐清水市","townJa":"斧積","prefectureEn":"KOCHI KEN","cityEn":"TOSASHIMIZU SHI","townEn":"ONOZUMI"},"7870447":{"prefectureJa":"高知県","cityJa":"土佐清水市","townJa":"上野","prefectureEn":"KOCHI KEN","cityEn":"TOSASHIMIZU SHI","townEn":"UENO"},"7870450":{"prefectureJa":"高知県","cityJa":"土佐清水市","townJa":"三崎","prefectureEn":"KOCHI KEN","cityEn":"TOSASHIMIZU SHI","townEn":"MISAKI"},"7870451":{"prefectureJa":"高知県","cityJa":"土佐清水市","townJa":"三崎浦","prefectureEn":"KOCHI KEN","cityEn":"TOSASHIMIZU SHI","townEn":"MISAKIURA"},"7870452":{"prefectureJa":"高知県","cityJa":"土佐清水市","townJa":"竜串","prefectureEn":"KOCHI KEN","cityEn":"TOSASHIMIZU SHI","townEn":"TATSUKUSHI"},"7870453":{"prefectureJa":"高知県","cityJa":"土佐清水市","townJa":"爪白","prefectureEn":"KOCHI KEN","cityEn":"TOSASHIMIZU SHI","townEn":"TSUMAJIRO"},"7870556":{"prefectureJa":"高知県","cityJa":"土佐清水市","townJa":"有永","prefectureEn":"KOCHI KEN","cityEn":"TOSASHIMIZU SHI","townEn":"ARINAGA"},"7870557":{"prefectureJa":"高知県","cityJa":"土佐清水市","townJa":"宗呂乙","prefectureEn":"KOCHI KEN","cityEn":"TOSASHIMIZU SHI","townEn":"SORO OTSU"},"7870558":{"prefectureJa":"高知県","cityJa":"土佐清水市","townJa":"宗呂丙","prefectureEn":"KOCHI KEN","cityEn":"TOSASHIMIZU SHI","townEn":"SORO HEI"},"7870559":{"prefectureJa":"高知県","cityJa":"土佐清水市","townJa":"下川口","prefectureEn":"KOCHI KEN","cityEn":"TOSASHIMIZU SHI","townEn":"SHIMOKAWAGUCHI"},"7870560":{"prefectureJa":"高知県","cityJa":"土佐清水市","townJa":"片粕","prefectureEn":"KOCHI KEN","cityEn":"TOSASHIMIZU SHI","townEn":"KATAKASU"},"7870561":{"prefectureJa":"高知県","cityJa":"土佐清水市","townJa":"貝ノ川","prefectureEn":"KOCHI KEN","cityEn":"TOSASHIMIZU SHI","townEn":"KAINOKAWA"},"7870562":{"prefectureJa":"高知県","cityJa":"土佐清水市","townJa":"大津","prefectureEn":"KOCHI KEN","cityEn":"TOSASHIMIZU SHI","townEn":"OTSU"},"7870563":{"prefectureJa":"高知県","cityJa":"土佐清水市","townJa":"宗呂甲","prefectureEn":"KOCHI KEN","cityEn":"TOSASHIMIZU SHI","townEn":"SORO KO"},"7870665":{"prefectureJa":"高知県","cityJa":"四万十市","townJa":"森沢","prefectureEn":"KOCHI KEN","cityEn":"SHIMANTO SHI","townEn":"MORISAWA"},"7870666":{"prefectureJa":"高知県","cityJa":"四万十市","townJa":"楠島","prefectureEn":"KOCHI KEN","cityEn":"SHIMANTO SHI","townEn":"KUSUSHIMA"},"7870667":{"prefectureJa":"高知県","cityJa":"四万十市","townJa":"国見","prefectureEn":"KOCHI KEN","cityEn":"SHIMANTO SHI","townEn":"KUNIMI"},"7870668":{"prefectureJa":"高知県","cityJa":"四万十市","townJa":"荒川","prefectureEn":"KOCHI KEN","cityEn":"SHIMANTO SHI","townEn":"ARAKAWA"},"7870669":{"prefectureJa":"高知県","cityJa":"四万十市","townJa":"江ノ村","prefectureEn":"KOCHI KEN","cityEn":"SHIMANTO SHI","townEn":"ENOMURA"},"7870771":{"prefectureJa":"高知県","cityJa":"四万十市","townJa":"有岡","prefectureEn":"KOCHI KEN","cityEn":"SHIMANTO SHI","townEn":"ARIOKA"},"7870772":{"prefectureJa":"高知県","cityJa":"四万十市","townJa":"横瀬","prefectureEn":"KOCHI KEN","cityEn":"SHIMANTO SHI","townEn":"YOKOZE"},"7870773":{"prefectureJa":"高知県","cityJa":"四万十市","townJa":"磯ノ川","prefectureEn":"KOCHI KEN","cityEn":"SHIMANTO SHI","townEn":"ISONOKAWA"},"7870774":{"prefectureJa":"高知県","cityJa":"四万十市","townJa":"生ノ川","prefectureEn":"KOCHI KEN","cityEn":"SHIMANTO SHI","townEn":"OINOKAWA"},"7870775":{"prefectureJa":"高知県","cityJa":"四万十市","townJa":"九樹","prefectureEn":"KOCHI KEN","cityEn":"SHIMANTO SHI","townEn":"KUJU"},"7870776":{"prefectureJa":"高知県","cityJa":"四万十市","townJa":"上ノ土居","prefectureEn":"KOCHI KEN","cityEn":"SHIMANTO SHI","townEn":"KAMINODOI"},"7870800":{"prefectureJa":"高知県","cityJa":"幡多郡三原村","townJa":"以下に掲載がない場合","prefectureEn":"KOCHI KEN","cityEn":"HATA GUN MIHARA MURA","townEn":"IKANIKEISAIGANAIBAAI"},"7870801":{"prefectureJa":"高知県","cityJa":"幡多郡三原村","townJa":"柚ノ木","prefectureEn":"KOCHI KEN","cityEn":"HATA GUN MIHARA MURA","townEn":"YUNOKI"},"7870802":{"prefectureJa":"高知県","cityJa":"幡多郡三原村","townJa":"宮ノ川","prefectureEn":"KOCHI KEN","cityEn":"HATA GUN MIHARA MURA","townEn":"MIYANOKAWA"},"7870803":{"prefectureJa":"高知県","cityJa":"幡多郡三原村","townJa":"来栖野","prefectureEn":"KOCHI KEN","cityEn":"HATA GUN MIHARA MURA","townEn":"KURUSUNO"},"7870804":{"prefectureJa":"高知県","cityJa":"幡多郡三原村","townJa":"上下長谷","prefectureEn":"KOCHI KEN","cityEn":"HATA GUN MIHARA MURA","townEn":"KAMISHIMONAGATANI"},"7870805":{"prefectureJa":"高知県","cityJa":"幡多郡三原村","townJa":"上長谷","prefectureEn":"KOCHI KEN","cityEn":"HATA GUN MIHARA MURA","townEn":"KAMINAGATANI"},"7870806":{"prefectureJa":"高知県","cityJa":"幡多郡三原村","townJa":"狼内","prefectureEn":"KOCHI KEN","cityEn":"HATA GUN MIHARA MURA","townEn":"OKAMIUCHI"},"7870807":{"prefectureJa":"高知県","cityJa":"幡多郡三原村","townJa":"成山","prefectureEn":"KOCHI KEN","cityEn":"HATA GUN MIHARA MURA","townEn":"NARUYAMA"},"7870811":{"prefectureJa":"高知県","cityJa":"幡多郡三原村","townJa":"芳井","prefectureEn":"KOCHI KEN","cityEn":"HATA GUN MIHARA MURA","townEn":"YOSHII"},"7870812":{"prefectureJa":"高知県","cityJa":"幡多郡三原村","townJa":"下長谷","prefectureEn":"KOCHI KEN","cityEn":"HATA GUN MIHARA MURA","townEn":"SHIMONAGATANI"},"7870813":{"prefectureJa":"高知県","cityJa":"幡多郡三原村","townJa":"皆尾","prefectureEn":"KOCHI KEN","cityEn":"HATA GUN MIHARA MURA","townEn":"MINAO"},"7870814":{"prefectureJa":"高知県","cityJa":"幡多郡三原村","townJa":"広野","prefectureEn":"KOCHI KEN","cityEn":"HATA GUN MIHARA MURA","townEn":"HIRONO"},"7870815":{"prefectureJa":"高知県","cityJa":"幡多郡三原村","townJa":"亀ノ川","prefectureEn":"KOCHI KEN","cityEn":"HATA GUN MIHARA MURA","townEn":"KAMENOKAWA"},"7870816":{"prefectureJa":"高知県","cityJa":"幡多郡三原村","townJa":"下切","prefectureEn":"KOCHI KEN","cityEn":"HATA GUN MIHARA MURA","townEn":"SHITAGIRI"},"7871101":{"prefectureJa":"高知県","cityJa":"四万十市","townJa":"奥鴨川","prefectureEn":"KOCHI KEN","cityEn":"SHIMANTO SHI","townEn":"OKUKAMOGAWA"},"7871102":{"prefectureJa":"高知県","cityJa":"四万十市","townJa":"口鴨川","prefectureEn":"KOCHI KEN","cityEn":"SHIMANTO SHI","townEn":"KUCHIKAMOGAWA"},"7871103":{"prefectureJa":"高知県","cityJa":"四万十市","townJa":"板ノ川","prefectureEn":"KOCHI KEN","cityEn":"SHIMANTO SHI","townEn":"ITANOKAWA"},"7871104":{"prefectureJa":"高知県","cityJa":"四万十市","townJa":"若藤","prefectureEn":"KOCHI KEN","cityEn":"SHIMANTO SHI","townEn":"WAKAFUJI"},"7871105":{"prefectureJa":"高知県","cityJa":"四万十市","townJa":"利岡","prefectureEn":"KOCHI KEN","cityEn":"SHIMANTO SHI","townEn":"TOSHIOKA"},"7871106":{"prefectureJa":"高知県","cityJa":"四万十市","townJa":"佐田","prefectureEn":"KOCHI KEN","cityEn":"SHIMANTO SHI","townEn":"SADA"},"7871107":{"prefectureJa":"高知県","cityJa":"四万十市","townJa":"岩田","prefectureEn":"KOCHI KEN","cityEn":"SHIMANTO SHI","townEn":"NAKAMURA(DAIYOJI)"},"7871108":{"prefectureJa":"高知県","cityJa":"四万十市","townJa":"敷地","prefectureEn":"KOCHI KEN","cityEn":"SHIMANTO SHI","townEn":"SHIKIJI"},"7871109":{"prefectureJa":"高知県","cityJa":"四万十市","townJa":"田野川","prefectureEn":"KOCHI KEN","cityEn":"SHIMANTO SHI","townEn":"TANOKAWA"},"7871220":{"prefectureJa":"高知県","cityJa":"四万十市","townJa":"川登","prefectureEn":"KOCHI KEN","cityEn":"SHIMANTO SHI","townEn":"KAWANOBORI"},"7871221":{"prefectureJa":"高知県","cityJa":"四万十市","townJa":"三里","prefectureEn":"KOCHI KEN","cityEn":"SHIMANTO SHI","townEn":"MISATO"},"7871222":{"prefectureJa":"高知県","cityJa":"四万十市","townJa":"手洗川","prefectureEn":"KOCHI KEN","cityEn":"SHIMANTO SHI","townEn":"TARAIGAWA"},"7871223":{"prefectureJa":"高知県","cityJa":"四万十市","townJa":"勝間（勝間川）","prefectureEn":"KOCHI KEN","cityEn":"SHIMANTO SHI","townEn":"KATSUMA(KATSUMAGAWA)"},"7871224":{"prefectureJa":"高知県","cityJa":"四万十市","townJa":"勝間（その他）","prefectureEn":"KOCHI KEN","cityEn":"SHIMANTO SHI","townEn":"KATSUMA(SONOTA)"},"7871225":{"prefectureJa":"高知県","cityJa":"四万十市","townJa":"久保川","prefectureEn":"KOCHI KEN","cityEn":"SHIMANTO SHI","townEn":"KUBOKAWA"},"7871226":{"prefectureJa":"高知県","cityJa":"四万十市","townJa":"鵜ノ江","prefectureEn":"KOCHI KEN","cityEn":"SHIMANTO SHI","townEn":"UNOE"},"7871227":{"prefectureJa":"高知県","cityJa":"四万十市","townJa":"楠","prefectureEn":"KOCHI KEN","cityEn":"SHIMANTO SHI","townEn":"KUSU"},"7871228":{"prefectureJa":"高知県","cityJa":"四万十市","townJa":"高瀬","prefectureEn":"KOCHI KEN","cityEn":"SHIMANTO SHI","townEn":"TAKASE"},"7871229":{"prefectureJa":"高知県","cityJa":"四万十市","townJa":"田出ノ川","prefectureEn":"KOCHI KEN","cityEn":"SHIMANTO SHI","townEn":"TADENOKAWA"},"7871321":{"prefectureJa":"高知県","cityJa":"四万十市","townJa":"西土佐岩間","prefectureEn":"KOCHI KEN","cityEn":"SHIMANTO SHI","townEn":"NISHITOSA IWAMA"},"7871322":{"prefectureJa":"高知県","cityJa":"四万十市","townJa":"西土佐茅生","prefectureEn":"KOCHI KEN","cityEn":"SHIMANTO SHI","townEn":"NISHITOSA KAYO"},"7871323":{"prefectureJa":"高知県","cityJa":"四万十市","townJa":"西土佐中半","prefectureEn":"KOCHI KEN","cityEn":"SHIMANTO SHI","townEn":"NISHITOSA NAKABA"},"7871324":{"prefectureJa":"高知県","cityJa":"四万十市","townJa":"西土佐口屋内","prefectureEn":"KOCHI KEN","cityEn":"SHIMANTO SHI","townEn":"NISHITOSA KUCHIYANAI"},"7871325":{"prefectureJa":"高知県","cityJa":"四万十市","townJa":"西土佐玖木","prefectureEn":"KOCHI KEN","cityEn":"SHIMANTO SHI","townEn":"NISHITOSA KUKI"},"7871326":{"prefectureJa":"高知県","cityJa":"四万十市","townJa":"西土佐奥屋内","prefectureEn":"KOCHI KEN","cityEn":"SHIMANTO SHI","townEn":"NISHITOSA OKUYANAI"},"7871441":{"prefectureJa":"高知県","cityJa":"四万十市","townJa":"伊才原","prefectureEn":"KOCHI KEN","cityEn":"SHIMANTO SHI","townEn":"ISAIBARA"},"7871442":{"prefectureJa":"高知県","cityJa":"四万十市","townJa":"蕨岡甲","prefectureEn":"KOCHI KEN","cityEn":"SHIMANTO SHI","townEn":"WARABIOKA KO"},"7871443":{"prefectureJa":"高知県","cityJa":"四万十市","townJa":"蕨岡乙","prefectureEn":"KOCHI KEN","cityEn":"SHIMANTO SHI","townEn":"WARABIOKA OTSU"},"7871444":{"prefectureJa":"高知県","cityJa":"四万十市","townJa":"藤","prefectureEn":"KOCHI KEN","cityEn":"SHIMANTO SHI","townEn":"FUJI"},"7871550":{"prefectureJa":"高知県","cityJa":"四万十市","townJa":"大用","prefectureEn":"KOCHI KEN","cityEn":"SHIMANTO SHI","townEn":"OYU"},"7871551":{"prefectureJa":"高知県","cityJa":"四万十市","townJa":"住次郎","prefectureEn":"KOCHI KEN","cityEn":"SHIMANTO SHI","townEn":"JUJIRO"},"7871552":{"prefectureJa":"高知県","cityJa":"四万十市","townJa":"片魚","prefectureEn":"KOCHI KEN","cityEn":"SHIMANTO SHI","townEn":"KATAUO"},"7871553":{"prefectureJa":"高知県","cityJa":"四万十市","townJa":"大屋敷","prefectureEn":"KOCHI KEN","cityEn":"SHIMANTO SHI","townEn":"OYASHIKI"},"7871554":{"prefectureJa":"高知県","cityJa":"四万十市","townJa":"常六","prefectureEn":"KOCHI KEN","cityEn":"SHIMANTO SHI","townEn":"JOROKU"},"7871555":{"prefectureJa":"高知県","cityJa":"四万十市","townJa":"三ツ又","prefectureEn":"KOCHI KEN","cityEn":"SHIMANTO SHI","townEn":"MITSUMATA"},"7871556":{"prefectureJa":"高知県","cityJa":"四万十市","townJa":"小西ノ川","prefectureEn":"KOCHI KEN","cityEn":"SHIMANTO SHI","townEn":"KONISHINOKAWA"},"7871557":{"prefectureJa":"高知県","cityJa":"四万十市","townJa":"大西ノ川","prefectureEn":"KOCHI KEN","cityEn":"SHIMANTO SHI","townEn":"ONISHINOKAWA"},"7871558":{"prefectureJa":"高知県","cityJa":"四万十市","townJa":"古尾","prefectureEn":"KOCHI KEN","cityEn":"SHIMANTO SHI","townEn":"KOBI"},"7871559":{"prefectureJa":"高知県","cityJa":"四万十市","townJa":"竹屋敷","prefectureEn":"KOCHI KEN","cityEn":"SHIMANTO SHI","townEn":"TAKEYASHIKI"},"7871601":{"prefectureJa":"高知県","cityJa":"四万十市","townJa":"西土佐江川崎","prefectureEn":"KOCHI KEN","cityEn":"SHIMANTO SHI","townEn":"NISHITOSA EKAWASAKI"},"7871602":{"prefectureJa":"高知県","cityJa":"四万十市","townJa":"西土佐西ケ方","prefectureEn":"KOCHI KEN","cityEn":"SHIMANTO SHI","townEn":"NISHITOSA NISHIGAHO"},"7871603":{"prefectureJa":"高知県","cityJa":"四万十市","townJa":"西土佐用井","prefectureEn":"KOCHI KEN","cityEn":"SHIMANTO SHI","townEn":"NISHITOSA MOCHII"},"7871604":{"prefectureJa":"高知県","cityJa":"四万十市","townJa":"西土佐藤ノ川","prefectureEn":"KOCHI KEN","cityEn":"SHIMANTO SHI","townEn":"NISHITOSA FUJINOKAWA"},"7871605":{"prefectureJa":"高知県","cityJa":"四万十市","townJa":"西土佐長生","prefectureEn":"KOCHI KEN","cityEn":"SHIMANTO SHI","townEn":"NISHITOSA NAGAOI"},"7871606":{"prefectureJa":"高知県","cityJa":"四万十市","townJa":"西土佐半家","prefectureEn":"KOCHI KEN","cityEn":"SHIMANTO SHI","townEn":"NISHITOSA HAGE"},"7871607":{"prefectureJa":"高知県","cityJa":"四万十市","townJa":"西土佐江川","prefectureEn":"KOCHI KEN","cityEn":"SHIMANTO SHI","townEn":"NISHITOSA EKAWA"},"7871611":{"prefectureJa":"高知県","cityJa":"四万十市","townJa":"西土佐橘","prefectureEn":"KOCHI KEN","cityEn":"SHIMANTO SHI","townEn":"NISHITOSA TACHIBANA"},"7871612":{"prefectureJa":"高知県","cityJa":"四万十市","townJa":"西土佐津野川","prefectureEn":"KOCHI KEN","cityEn":"SHIMANTO SHI","townEn":"NISHITOSA TSUNOKAWA"},"7871613":{"prefectureJa":"高知県","cityJa":"四万十市","townJa":"西土佐津賀","prefectureEn":"KOCHI KEN","cityEn":"SHIMANTO SHI","townEn":"NISHITOSA TSUGA"},"7871614":{"prefectureJa":"高知県","cityJa":"四万十市","townJa":"西土佐薮ケ市","prefectureEn":"KOCHI KEN","cityEn":"SHIMANTO SHI","townEn":"NISHITOSA YABUGAICHI"},"7871615":{"prefectureJa":"高知県","cityJa":"四万十市","townJa":"西土佐大宮","prefectureEn":"KOCHI KEN","cityEn":"SHIMANTO SHI","townEn":"NISHITOSA OMIYA"},"7871616":{"prefectureJa":"高知県","cityJa":"四万十市","townJa":"西土佐須崎","prefectureEn":"KOCHI KEN","cityEn":"SHIMANTO SHI","townEn":"NISHITOSA SUSAKI"},"7871617":{"prefectureJa":"高知県","cityJa":"四万十市","townJa":"西土佐下家地","prefectureEn":"KOCHI KEN","cityEn":"SHIMANTO SHI","townEn":"NISHITOSA SHIMOIEJI"},"7871618":{"prefectureJa":"高知県","cityJa":"四万十市","townJa":"西土佐中家地","prefectureEn":"KOCHI KEN","cityEn":"SHIMANTO SHI","townEn":"NISHITOSA NAKAIEJI"}}