{"7810010":{"prefectureJa":"高知県","cityJa":"高知市","townJa":"薊野","prefectureEn":"KOCHI KEN","cityEn":"KOCHI SHI","townEn":"AZONO"},"7810011":{"prefectureJa":"高知県","cityJa":"高知市","townJa":"薊野北町","prefectureEn":"KOCHI KEN","cityEn":"KOCHI SHI","townEn":"AZONO KITAMACHI"},"7810012":{"prefectureJa":"高知県","cityJa":"高知市","townJa":"薊野東町","prefectureEn":"KOCHI KEN","cityEn":"KOCHI SHI","townEn":"AZONO HIGASHIMACHI"},"7810013":{"prefectureJa":"高知県","cityJa":"高知市","townJa":"薊野中町","prefectureEn":"KOCHI KEN","cityEn":"KOCHI SHI","townEn":"AZONO NAKAMACHI"},"7810014":{"prefectureJa":"高知県","cityJa":"高知市","townJa":"薊野南町","prefectureEn":"KOCHI KEN","cityEn":"KOCHI SHI","townEn":"AZONO MINAMIMACHI"},"7810015":{"prefectureJa":"高知県","cityJa":"高知市","townJa":"薊野西町","prefectureEn":"KOCHI KEN","cityEn":"KOCHI SHI","townEn":"AZONO NISHIMACHI"},"7810073":{"prefectureJa":"高知県","cityJa":"高知市","townJa":"北金田","prefectureEn":"KOCHI KEN","cityEn":"KOCHI SHI","townEn":"KITAKANADA"},"7810074":{"prefectureJa":"高知県","cityJa":"高知市","townJa":"南金田","prefectureEn":"KOCHI KEN","cityEn":"KOCHI SHI","townEn":"MINAMIKANADA"},"7810081":{"prefectureJa":"高知県","cityJa":"高知市","townJa":"北川添","prefectureEn":"KOCHI KEN","cityEn":"KOCHI SHI","townEn":"KITAKAWAZOE"},"7810082":{"prefectureJa":"高知県","cityJa":"高知市","townJa":"南川添","prefectureEn":"KOCHI KEN","cityEn":"KOCHI SHI","townEn":"MINAMIKAWAZOE"},"7810083":{"prefectureJa":"高知県","cityJa":"高知市","townJa":"北御座","prefectureEn":"KOCHI KEN","cityEn":"KOCHI SHI","townEn":"KITAGOZA"},"7810084":{"prefectureJa":"高知県","cityJa":"高知市","townJa":"南御座","prefectureEn":"KOCHI KEN","cityEn":"KOCHI SHI","townEn":"MINAMIGOZA"},"7810085":{"prefectureJa":"高知県","cityJa":"高知市","townJa":"札場","prefectureEn":"KOCHI KEN","cityEn":"KOCHI SHI","townEn":"FUDABA"},"7810086":{"prefectureJa":"高知県","cityJa":"高知市","townJa":"海老ノ丸","prefectureEn":"KOCHI KEN","cityEn":"KOCHI SHI","townEn":"EBINOMARU"},"7810087":{"prefectureJa":"高知県","cityJa":"高知市","townJa":"南久保","prefectureEn":"KOCHI KEN","cityEn":"KOCHI SHI","townEn":"MINAMIKUBO"},"7810088":{"prefectureJa":"高知県","cityJa":"高知市","townJa":"北久保","prefectureEn":"KOCHI KEN","cityEn":"KOCHI SHI","townEn":"KITAKUBO"},"7810111":{"prefectureJa":"高知県","cityJa":"高知市","townJa":"池","prefectureEn":"KOCHI KEN","cityEn":"KOCHI SHI","townEn":"IKE"},"7810112":{"prefectureJa":"高知県","cityJa":"高知市","townJa":"仁井田","prefectureEn":"KOCHI KEN","cityEn":"KOCHI SHI","townEn":"NIIDA"},"7810113":{"prefectureJa":"高知県","cityJa":"高知市","townJa":"種崎","prefectureEn":"KOCHI KEN","cityEn":"KOCHI SHI","townEn":"TANEZAKI"},"7810114":{"prefectureJa":"高知県","cityJa":"高知市","townJa":"十津","prefectureEn":"KOCHI KEN","cityEn":"KOCHI SHI","townEn":"TOZU"},"7810240":{"prefectureJa":"高知県","cityJa":"高知市","townJa":"横浜","prefectureEn":"KOCHI KEN","cityEn":"KOCHI SHI","townEn":"YOKOHAMA"},"7810241":{"prefectureJa":"高知県","cityJa":"高知市","townJa":"横浜新町","prefectureEn":"KOCHI KEN","cityEn":"KOCHI SHI","townEn":"YOKOHAMASHIMMACHI"},"7810242":{"prefectureJa":"高知県","cityJa":"高知市","townJa":"横浜西町","prefectureEn":"KOCHI KEN","cityEn":"KOCHI SHI","townEn":"YOKOHAMANISHIMACHI"},"7810243":{"prefectureJa":"高知県","cityJa":"高知市","townJa":"横浜東町","prefectureEn":"KOCHI KEN","cityEn":"KOCHI SHI","townEn":"YOKOHAMAHIGASHIMACHI"},"7810244":{"prefectureJa":"高知県","cityJa":"高知市","townJa":"横浜南町","prefectureEn":"KOCHI KEN","cityEn":"KOCHI SHI","townEn":"YOKOHAMAMINAMIMACHI"},"7810245":{"prefectureJa":"高知県","cityJa":"高知市","townJa":"長浜蒔絵台","prefectureEn":"KOCHI KEN","cityEn":"KOCHI SHI","townEn":"NAGAHAMAMAKIEDAI"},"7810250":{"prefectureJa":"高知県","cityJa":"高知市","townJa":"瀬戸","prefectureEn":"KOCHI KEN","cityEn":"KOCHI SHI","townEn":"SETO"},"7810251":{"prefectureJa":"高知県","cityJa":"高知市","townJa":"瀬戸西町","prefectureEn":"KOCHI KEN","cityEn":"KOCHI SHI","townEn":"SETONISHIMACHI"},"7810252":{"prefectureJa":"高知県","cityJa":"高知市","townJa":"瀬戸東町","prefectureEn":"KOCHI KEN","cityEn":"KOCHI SHI","townEn":"SETOHIGASHIMACHI"},"7810253":{"prefectureJa":"高知県","cityJa":"高知市","townJa":"瀬戸南町","prefectureEn":"KOCHI KEN","cityEn":"KOCHI SHI","townEn":"SETOMINAMIMACHI"},"7810261":{"prefectureJa":"高知県","cityJa":"高知市","townJa":"御畳瀬","prefectureEn":"KOCHI KEN","cityEn":"KOCHI SHI","townEn":"MIMASE"},"7810262":{"prefectureJa":"高知県","cityJa":"高知市","townJa":"浦戸","prefectureEn":"KOCHI KEN","cityEn":"KOCHI SHI","townEn":"URADO"},"7810270":{"prefectureJa":"高知県","cityJa":"高知市","townJa":"長浜","prefectureEn":"KOCHI KEN","cityEn":"KOCHI SHI","townEn":"NAGAHAMA"},"7810271":{"prefectureJa":"高知県","cityJa":"高知市","townJa":"長浜宮田","prefectureEn":"KOCHI KEN","cityEn":"KOCHI SHI","townEn":"NAGAHAMAMIYATA"},"7810301":{"prefectureJa":"高知県","cityJa":"高知市","townJa":"春野町弘岡上","prefectureEn":"KOCHI KEN","cityEn":"KOCHI SHI","townEn":"HARUNOCHO HIROKAKAMI"},"7810302":{"prefectureJa":"高知県","cityJa":"高知市","townJa":"春野町弘岡中","prefectureEn":"KOCHI KEN","cityEn":"KOCHI SHI","townEn":"HARUNOCHO HIROKANAKA"},"7810303":{"prefectureJa":"高知県","cityJa":"高知市","townJa":"春野町弘岡下","prefectureEn":"KOCHI KEN","cityEn":"KOCHI SHI","townEn":"HARUNOCHO HIROKASHIMO"},"7810304":{"prefectureJa":"高知県","cityJa":"高知市","townJa":"春野町西分","prefectureEn":"KOCHI KEN","cityEn":"KOCHI SHI","townEn":"HARUNOCHO NISHIBUN"},"7810311":{"prefectureJa":"高知県","cityJa":"高知市","townJa":"春野町芳原","prefectureEn":"KOCHI KEN","cityEn":"KOCHI SHI","townEn":"HARUNOCHO YOSHIHARA"},"7810312":{"prefectureJa":"高知県","cityJa":"高知市","townJa":"春野町平和","prefectureEn":"KOCHI KEN","cityEn":"KOCHI SHI","townEn":"HARUNOCHO HEIWA"},"7810313":{"prefectureJa":"高知県","cityJa":"高知市","townJa":"春野町内ノ谷","prefectureEn":"KOCHI KEN","cityEn":"KOCHI SHI","townEn":"HARUNOCHO UCHINOTANI"},"7810314":{"prefectureJa":"高知県","cityJa":"高知市","townJa":"春野町南ケ丘","prefectureEn":"KOCHI KEN","cityEn":"KOCHI SHI","townEn":"HARUNOCHO MINAMIGAOKA"},"7810315":{"prefectureJa":"高知県","cityJa":"高知市","townJa":"春野町東諸木","prefectureEn":"KOCHI KEN","cityEn":"KOCHI SHI","townEn":"HARUNOCHO HIGASHIMOROGI"},"7810316":{"prefectureJa":"高知県","cityJa":"高知市","townJa":"春野町西諸木","prefectureEn":"KOCHI KEN","cityEn":"KOCHI SHI","townEn":"HARUNOCHO NISHIMOROGI"},"7810321":{"prefectureJa":"高知県","cityJa":"高知市","townJa":"春野町秋山","prefectureEn":"KOCHI KEN","cityEn":"KOCHI SHI","townEn":"HARUNOCHO AKIYAMA"},"7810322":{"prefectureJa":"高知県","cityJa":"高知市","townJa":"春野町甲殿","prefectureEn":"KOCHI KEN","cityEn":"KOCHI SHI","townEn":"HARUNOCHO KODONO"},"7810323":{"prefectureJa":"高知県","cityJa":"高知市","townJa":"春野町仁ノ","prefectureEn":"KOCHI KEN","cityEn":"KOCHI SHI","townEn":"HARUNOCHO NINO"},"7810324":{"prefectureJa":"高知県","cityJa":"高知市","townJa":"春野町西畑","prefectureEn":"KOCHI KEN","cityEn":"KOCHI SHI","townEn":"HARUNOCHO SAIBATA"},"7810325":{"prefectureJa":"高知県","cityJa":"高知市","townJa":"春野町森山","prefectureEn":"KOCHI KEN","cityEn":"KOCHI SHI","townEn":"HARUNOCHO MORIYAMA"},"7810801":{"prefectureJa":"高知県","cityJa":"高知市","townJa":"小倉町","prefectureEn":"KOCHI KEN","cityEn":"KOCHI SHI","townEn":"OKURACHO"},"7810802":{"prefectureJa":"高知県","cityJa":"高知市","townJa":"丸池町","prefectureEn":"KOCHI KEN","cityEn":"KOCHI SHI","townEn":"MARUIKECHO"},"7810803":{"prefectureJa":"高知県","cityJa":"高知市","townJa":"弥生町","prefectureEn":"KOCHI KEN","cityEn":"KOCHI SHI","townEn":"YAYOICHO"},"7810804":{"prefectureJa":"高知県","cityJa":"高知市","townJa":"日の出町","prefectureEn":"KOCHI KEN","cityEn":"KOCHI SHI","townEn":"HINODECHO"},"7810805":{"prefectureJa":"高知県","cityJa":"高知市","townJa":"東雲町","prefectureEn":"KOCHI KEN","cityEn":"KOCHI SHI","townEn":"SHINONOMECHO"},"7810806":{"prefectureJa":"高知県","cityJa":"高知市","townJa":"知寄町","prefectureEn":"KOCHI KEN","cityEn":"KOCHI SHI","townEn":"CHIYORICHO"},"7810811":{"prefectureJa":"高知県","cityJa":"高知市","townJa":"弘化台","prefectureEn":"KOCHI KEN","cityEn":"KOCHI SHI","townEn":"KOKADAI"},"7810812":{"prefectureJa":"高知県","cityJa":"高知市","townJa":"若松町","prefectureEn":"KOCHI KEN","cityEn":"KOCHI SHI","townEn":"WAKAMATSUCHO"},"7810813":{"prefectureJa":"高知県","cityJa":"高知市","townJa":"青柳町","prefectureEn":"KOCHI KEN","cityEn":"KOCHI SHI","townEn":"AOYAGICHO"},"7810814":{"prefectureJa":"高知県","cityJa":"高知市","townJa":"稲荷町","prefectureEn":"KOCHI KEN","cityEn":"KOCHI SHI","townEn":"INARICHO"},"7810815":{"prefectureJa":"高知県","cityJa":"高知市","townJa":"二葉町","prefectureEn":"KOCHI KEN","cityEn":"KOCHI SHI","townEn":"FUTABACHO"},"7810831":{"prefectureJa":"高知県","cityJa":"高知市","townJa":"中の島","prefectureEn":"KOCHI KEN","cityEn":"KOCHI SHI","townEn":"NAKANOSHIMA"},"7810832":{"prefectureJa":"高知県","cityJa":"高知市","townJa":"九反田","prefectureEn":"KOCHI KEN","cityEn":"KOCHI SHI","townEn":"KUTANDA"},"7811100":{"prefectureJa":"高知県","cityJa":"土佐市","townJa":"以下に掲載がない場合","prefectureEn":"KOCHI KEN","cityEn":"TOSA SHI","townEn":"IKANIKEISAIGANAIBAAI"},"7811101":{"prefectureJa":"高知県","cityJa":"土佐市","townJa":"高岡町甲","prefectureEn":"KOCHI KEN","cityEn":"TOSA SHI","townEn":"TAKAOKACHO KO"},"7811102":{"prefectureJa":"高知県","cityJa":"土佐市","townJa":"高岡町乙","prefectureEn":"KOCHI KEN","cityEn":"TOSA SHI","townEn":"TAKAOKACHO OTSU"},"7811103":{"prefectureJa":"高知県","cityJa":"土佐市","townJa":"高岡町丙","prefectureEn":"KOCHI KEN","cityEn":"TOSA SHI","townEn":"TAKAOKACHO HEI"},"7811104":{"prefectureJa":"高知県","cityJa":"土佐市","townJa":"高岡町丁","prefectureEn":"KOCHI KEN","cityEn":"TOSA SHI","townEn":"TAKAOKACHO TEI"},"7811105":{"prefectureJa":"高知県","cityJa":"土佐市","townJa":"蓮池","prefectureEn":"KOCHI KEN","cityEn":"TOSA SHI","townEn":"HASUIKE"},"7811111":{"prefectureJa":"高知県","cityJa":"土佐市","townJa":"北地","prefectureEn":"KOCHI KEN","cityEn":"TOSA SHI","townEn":"KITAJI"},"7811112":{"prefectureJa":"高知県","cityJa":"土佐市","townJa":"福田","prefectureEn":"KOCHI KEN","cityEn":"TOSA SHI","townEn":"FUKUDA"},"7811113":{"prefectureJa":"高知県","cityJa":"土佐市","townJa":"甲原","prefectureEn":"KOCHI KEN","cityEn":"TOSA SHI","townEn":"KAMBARA"},"7811114":{"prefectureJa":"高知県","cityJa":"土佐市","townJa":"谷地","prefectureEn":"KOCHI KEN","cityEn":"TOSA SHI","townEn":"YATSUJI"},"7811121":{"prefectureJa":"高知県","cityJa":"土佐市","townJa":"東鴨地","prefectureEn":"KOCHI KEN","cityEn":"TOSA SHI","townEn":"HIGASHIKAMOJI"},"7811122":{"prefectureJa":"高知県","cityJa":"土佐市","townJa":"本村","prefectureEn":"KOCHI KEN","cityEn":"TOSA SHI","townEn":"HOMMURA"},"7811123":{"prefectureJa":"高知県","cityJa":"土佐市","townJa":"西鴨地","prefectureEn":"KOCHI KEN","cityEn":"TOSA SHI","townEn":"NISHIKAMOJI"},"7811124":{"prefectureJa":"高知県","cityJa":"土佐市","townJa":"宮ノ内","prefectureEn":"KOCHI KEN","cityEn":"TOSA SHI","townEn":"MIYANOCHI"},"7811125":{"prefectureJa":"高知県","cityJa":"土佐市","townJa":"積善寺","prefectureEn":"KOCHI KEN","cityEn":"TOSA SHI","townEn":"SHAKUZENJI"},"7811131":{"prefectureJa":"高知県","cityJa":"土佐市","townJa":"永野","prefectureEn":"KOCHI KEN","cityEn":"TOSA SHI","townEn":"NAGANO"},"7811132":{"prefectureJa":"高知県","cityJa":"土佐市","townJa":"市野々","prefectureEn":"KOCHI KEN","cityEn":"TOSA SHI","townEn":"ICHINONO"},"7811133":{"prefectureJa":"高知県","cityJa":"土佐市","townJa":"鷹ノ巣","prefectureEn":"KOCHI KEN","cityEn":"TOSA SHI","townEn":"TAKANOSU"},"7811134":{"prefectureJa":"高知県","cityJa":"土佐市","townJa":"家俊","prefectureEn":"KOCHI KEN","cityEn":"TOSA SHI","townEn":"IETOSHI"},"7811135":{"prefectureJa":"高知県","cityJa":"土佐市","townJa":"太郎丸","prefectureEn":"KOCHI KEN","cityEn":"TOSA SHI","townEn":"TAROMARU"},"7811136":{"prefectureJa":"高知県","cityJa":"土佐市","townJa":"浅井","prefectureEn":"KOCHI KEN","cityEn":"TOSA SHI","townEn":"AZAI"},"7811141":{"prefectureJa":"高知県","cityJa":"土佐市","townJa":"岩戸","prefectureEn":"KOCHI KEN","cityEn":"TOSA SHI","townEn":"IWATO"},"7811142":{"prefectureJa":"高知県","cityJa":"土佐市","townJa":"出間","prefectureEn":"KOCHI KEN","cityEn":"TOSA SHI","townEn":"IZUMA"},"7811143":{"prefectureJa":"高知県","cityJa":"土佐市","townJa":"波介","prefectureEn":"KOCHI KEN","cityEn":"TOSA SHI","townEn":"HAGE"},"7811151":{"prefectureJa":"高知県","cityJa":"土佐市","townJa":"中島","prefectureEn":"KOCHI KEN","cityEn":"TOSA SHI","townEn":"NAKAJIMA"},"7811152":{"prefectureJa":"高知県","cityJa":"土佐市","townJa":"用石","prefectureEn":"KOCHI KEN","cityEn":"TOSA SHI","townEn":"MOCHIISHI"},"7811153":{"prefectureJa":"高知県","cityJa":"土佐市","townJa":"塚地","prefectureEn":"KOCHI KEN","cityEn":"TOSA SHI","townEn":"TSUKAJI"},"7811154":{"prefectureJa":"高知県","cityJa":"土佐市","townJa":"新居","prefectureEn":"KOCHI KEN","cityEn":"TOSA SHI","townEn":"NII"},"7811161":{"prefectureJa":"高知県","cityJa":"土佐市","townJa":"宇佐町宇佐","prefectureEn":"KOCHI KEN","cityEn":"TOSA SHI","townEn":"USACHOUSA"},"7811162":{"prefectureJa":"高知県","cityJa":"土佐市","townJa":"宇佐町渭浜","prefectureEn":"KOCHI KEN","cityEn":"TOSA SHI","townEn":"USACHOIHAMA"},"7811163":{"prefectureJa":"高知県","cityJa":"土佐市","townJa":"宇佐町福島","prefectureEn":"KOCHI KEN","cityEn":"TOSA SHI","townEn":"USACHOFUKUSHIMA"},"7811164":{"prefectureJa":"高知県","cityJa":"土佐市","townJa":"宇佐町井尻","prefectureEn":"KOCHI KEN","cityEn":"TOSA SHI","townEn":"USACHOINOSHIRI"},"7811165":{"prefectureJa":"高知県","cityJa":"土佐市","townJa":"宇佐町竜","prefectureEn":"KOCHI KEN","cityEn":"TOSA SHI","townEn":"USACHORYU"},"7811300":{"prefectureJa":"高知県","cityJa":"高岡郡越知町","townJa":"以下に掲載がない場合","prefectureEn":"KOCHI KEN","cityEn":"TAKAOKA GUN OCHI CHO","townEn":"IKANIKEISAIGANAIBAAI"},"7811301":{"prefectureJa":"高知県","cityJa":"高岡郡越知町","townJa":"越知甲","prefectureEn":"KOCHI KEN","cityEn":"TAKAOKA GUN OCHI CHO","townEn":"OCHI KO"},"7811302":{"prefectureJa":"高知県","cityJa":"高岡郡越知町","townJa":"越知乙","prefectureEn":"KOCHI KEN","cityEn":"TAKAOKA GUN OCHI CHO","townEn":"OCHI OTSU"},"7811303":{"prefectureJa":"高知県","cityJa":"高岡郡越知町","townJa":"越知丙","prefectureEn":"KOCHI KEN","cityEn":"TAKAOKA GUN OCHI CHO","townEn":"OCHI HEI"},"7811304":{"prefectureJa":"高知県","cityJa":"高岡郡越知町","townJa":"越知丁","prefectureEn":"KOCHI KEN","cityEn":"TAKAOKA GUN OCHI CHO","townEn":"OCHI TEI"},"7811305":{"prefectureJa":"高知県","cityJa":"高岡郡越知町","townJa":"野老山","prefectureEn":"KOCHI KEN","cityEn":"TAKAOKA GUN OCHI CHO","townEn":"TOKOROYAMA"},"7811306":{"prefectureJa":"高知県","cityJa":"高岡郡越知町","townJa":"山室","prefectureEn":"KOCHI KEN","cityEn":"TAKAOKA GUN OCHI CHO","townEn":"YAMAMURO"},"7811307":{"prefectureJa":"高知県","cityJa":"高岡郡越知町","townJa":"柴尾","prefectureEn":"KOCHI KEN","cityEn":"TAKAOKA GUN OCHI CHO","townEn":"SHIBO"},"7811308":{"prefectureJa":"高知県","cityJa":"高岡郡越知町","townJa":"宮地","prefectureEn":"KOCHI KEN","cityEn":"TAKAOKA GUN OCHI CHO","townEn":"MIYAJI"},"7811311":{"prefectureJa":"高知県","cityJa":"高岡郡越知町","townJa":"今成","prefectureEn":"KOCHI KEN","cityEn":"TAKAOKA GUN OCHI CHO","townEn":"IMANARI"},"7811312":{"prefectureJa":"高知県","cityJa":"高岡郡越知町","townJa":"横畠南","prefectureEn":"KOCHI KEN","cityEn":"TAKAOKA GUN OCHI CHO","townEn":"YOKOBATAKEMINAMI"},"7811313":{"prefectureJa":"高知県","cityJa":"高岡郡越知町","townJa":"横畠東","prefectureEn":"KOCHI KEN","cityEn":"TAKAOKA GUN OCHI CHO","townEn":"YOKOBATAKEHIGASHI"},"7811314":{"prefectureJa":"高知県","cityJa":"高岡郡越知町","townJa":"横畠中","prefectureEn":"KOCHI KEN","cityEn":"TAKAOKA GUN OCHI CHO","townEn":"YOKOBATAKENAKA"},"7811315":{"prefectureJa":"高知県","cityJa":"高岡郡越知町","townJa":"横畠北","prefectureEn":"KOCHI KEN","cityEn":"TAKAOKA GUN OCHI CHO","townEn":"YOKOBATAKEKITA"},"7811321":{"prefectureJa":"高知県","cityJa":"高岡郡越知町","townJa":"鎌井田本村","prefectureEn":"KOCHI KEN","cityEn":"TAKAOKA GUN OCHI CHO","townEn":"KAMAIDAHONSON"},"7811322":{"prefectureJa":"高知県","cityJa":"高岡郡越知町","townJa":"鎌井田桑薮","prefectureEn":"KOCHI KEN","cityEn":"TAKAOKA GUN OCHI CHO","townEn":"KAMAIDAKUYABU"},"7811323":{"prefectureJa":"高知県","cityJa":"高岡郡越知町","townJa":"鎌井田日ノ浦","prefectureEn":"KOCHI KEN","cityEn":"TAKAOKA GUN OCHI CHO","townEn":"KAMAIDAHINORA"},"7811324":{"prefectureJa":"高知県","cityJa":"高岡郡越知町","townJa":"鎌井田清助","prefectureEn":"KOCHI KEN","cityEn":"TAKAOKA GUN OCHI CHO","townEn":"KAMAIDASEISUKE"},"7811325":{"prefectureJa":"高知県","cityJa":"高岡郡越知町","townJa":"浅尾","prefectureEn":"KOCHI KEN","cityEn":"TAKAOKA GUN OCHI CHO","townEn":"ASO"},"7811326":{"prefectureJa":"高知県","cityJa":"高岡郡越知町","townJa":"片岡","prefectureEn":"KOCHI KEN","cityEn":"TAKAOKA GUN OCHI CHO","townEn":"KATAOKA"},"7811327":{"prefectureJa":"高知県","cityJa":"高岡郡越知町","townJa":"黒瀬","prefectureEn":"KOCHI KEN","cityEn":"TAKAOKA GUN OCHI CHO","townEn":"KUROSE"},"7811328":{"prefectureJa":"高知県","cityJa":"高岡郡越知町","townJa":"南片岡","prefectureEn":"KOCHI KEN","cityEn":"TAKAOKA GUN OCHI CHO","townEn":"MINAMIKATAOKA"},"7811331":{"prefectureJa":"高知県","cityJa":"高岡郡越知町","townJa":"五味","prefectureEn":"KOCHI KEN","cityEn":"TAKAOKA GUN OCHI CHO","townEn":"GOMI"},"7811332":{"prefectureJa":"高知県","cityJa":"高岡郡越知町","townJa":"中大平","prefectureEn":"KOCHI KEN","cityEn":"TAKAOKA GUN OCHI CHO","townEn":"NAKAOHIRA"},"7811333":{"prefectureJa":"高知県","cityJa":"高岡郡越知町","townJa":"大平","prefectureEn":"KOCHI KEN","cityEn":"TAKAOKA GUN OCHI CHO","townEn":"OHIRA"},"7811334":{"prefectureJa":"高知県","cityJa":"高岡郡越知町","townJa":"桐見川","prefectureEn":"KOCHI KEN","cityEn":"TAKAOKA GUN OCHI CHO","townEn":"KIRIMIGAWA"},"7811335":{"prefectureJa":"高知県","cityJa":"高岡郡越知町","townJa":"長者","prefectureEn":"KOCHI KEN","cityEn":"TAKAOKA GUN OCHI CHO","townEn":"CHOJA"},"7811336":{"prefectureJa":"高知県","cityJa":"高岡郡越知町","townJa":"南ノ川","prefectureEn":"KOCHI KEN","cityEn":"TAKAOKA GUN OCHI CHO","townEn":"MINAMINOKAWA"},"7811337":{"prefectureJa":"高知県","cityJa":"高岡郡越知町","townJa":"佐之国","prefectureEn":"KOCHI KEN","cityEn":"TAKAOKA GUN OCHI CHO","townEn":"SANOKUNI"},"7811338":{"prefectureJa":"高知県","cityJa":"高岡郡越知町","townJa":"峰","prefectureEn":"KOCHI KEN","cityEn":"TAKAOKA GUN OCHI CHO","townEn":"MINE"},"7811500":{"prefectureJa":"高知県","cityJa":"吾川郡仁淀川町","townJa":"以下に掲載がない場合","prefectureEn":"KOCHI KEN","cityEn":"AGAWA GUN NIYODOGAWA CHO","townEn":"IKANIKEISAIGANAIBAAI"},"7811501":{"prefectureJa":"高知県","cityJa":"吾川郡仁淀川町","townJa":"大崎","prefectureEn":"KOCHI KEN","cityEn":"AGAWA GUN NIYODOGAWA CHO","townEn":"OSAKI"},"7811502":{"prefectureJa":"高知県","cityJa":"吾川郡仁淀川町","townJa":"川口","prefectureEn":"KOCHI KEN","cityEn":"AGAWA GUN NIYODOGAWA CHO","townEn":"KAWAGUCHI"},"7811503":{"prefectureJa":"高知県","cityJa":"吾川郡仁淀川町","townJa":"橘谷","prefectureEn":"KOCHI KEN","cityEn":"AGAWA GUN NIYODOGAWA CHO","townEn":"TACHIBANADANI"},"7811504":{"prefectureJa":"高知県","cityJa":"吾川郡仁淀川町","townJa":"藤ノ野","prefectureEn":"KOCHI KEN","cityEn":"AGAWA GUN NIYODOGAWA CHO","townEn":"FUJINONO"},"7811505":{"prefectureJa":"高知県","cityJa":"吾川郡仁淀川町","townJa":"桜","prefectureEn":"KOCHI KEN","cityEn":"AGAWA GUN NIYODOGAWA CHO","townEn":"SAKURA"},"7811506":{"prefectureJa":"高知県","cityJa":"吾川郡仁淀川町","townJa":"鹿森","prefectureEn":"KOCHI KEN","cityEn":"AGAWA GUN NIYODOGAWA CHO","townEn":"SHISHIMORI"},"7811511":{"prefectureJa":"高知県","cityJa":"吾川郡仁淀川町","townJa":"寺村","prefectureEn":"KOCHI KEN","cityEn":"AGAWA GUN NIYODOGAWA CHO","townEn":"TERAMURA"},"7811512":{"prefectureJa":"高知県","cityJa":"吾川郡仁淀川町","townJa":"岩戸","prefectureEn":"KOCHI KEN","cityEn":"AGAWA GUN NIYODOGAWA CHO","townEn":"IWADO"},"7811513":{"prefectureJa":"高知県","cityJa":"吾川郡仁淀川町","townJa":"峯岩戸","prefectureEn":"KOCHI KEN","cityEn":"AGAWA GUN NIYODOGAWA CHO","townEn":"MINEIWADO"},"7811514":{"prefectureJa":"高知県","cityJa":"吾川郡仁淀川町","townJa":"大板","prefectureEn":"KOCHI KEN","cityEn":"AGAWA GUN NIYODOGAWA CHO","townEn":"OITA"},"7811515":{"prefectureJa":"高知県","cityJa":"吾川郡仁淀川町","townJa":"蕨谷","prefectureEn":"KOCHI KEN","cityEn":"AGAWA GUN NIYODOGAWA CHO","townEn":"WARABIDANI"},"7811516":{"prefectureJa":"高知県","cityJa":"吾川郡仁淀川町","townJa":"中村","prefectureEn":"KOCHI KEN","cityEn":"AGAWA GUN NIYODOGAWA CHO","townEn":"NAKAMURA"},"7811517":{"prefectureJa":"高知県","cityJa":"吾川郡仁淀川町","townJa":"葛原","prefectureEn":"KOCHI KEN","cityEn":"AGAWA GUN NIYODOGAWA CHO","townEn":"KUZUWARA"},"7811518":{"prefectureJa":"高知県","cityJa":"吾川郡仁淀川町","townJa":"加枝","prefectureEn":"KOCHI KEN","cityEn":"AGAWA GUN NIYODOGAWA CHO","townEn":"KAE"},"7811520":{"prefectureJa":"高知県","cityJa":"吾川郡仁淀川町","townJa":"大蕨","prefectureEn":"KOCHI KEN","cityEn":"AGAWA GUN NIYODOGAWA CHO","townEn":"OWARABI"},"7811521":{"prefectureJa":"高知県","cityJa":"吾川郡仁淀川町","townJa":"本村","prefectureEn":"KOCHI KEN","cityEn":"AGAWA GUN NIYODOGAWA CHO","townEn":"HOMMURA"},"7811522":{"prefectureJa":"高知県","cityJa":"吾川郡仁淀川町","townJa":"田村","prefectureEn":"KOCHI KEN","cityEn":"AGAWA GUN NIYODOGAWA CHO","townEn":"TAMURA"},"7811523":{"prefectureJa":"高知県","cityJa":"吾川郡仁淀川町","townJa":"宗津","prefectureEn":"KOCHI KEN","cityEn":"AGAWA GUN NIYODOGAWA CHO","townEn":"SOZU"},"7811524":{"prefectureJa":"高知県","cityJa":"吾川郡仁淀川町","townJa":"長屋","prefectureEn":"KOCHI KEN","cityEn":"AGAWA GUN NIYODOGAWA CHO","townEn":"NAGAYA"},"7811531":{"prefectureJa":"高知県","cityJa":"吾川郡仁淀川町","townJa":"久喜","prefectureEn":"KOCHI KEN","cityEn":"AGAWA GUN NIYODOGAWA CHO","townEn":"KUKI"},"7811532":{"prefectureJa":"高知県","cityJa":"吾川郡仁淀川町","townJa":"相能","prefectureEn":"KOCHI KEN","cityEn":"AGAWA GUN NIYODOGAWA CHO","townEn":"AINO"},"7811533":{"prefectureJa":"高知県","cityJa":"吾川郡仁淀川町","townJa":"引地","prefectureEn":"KOCHI KEN","cityEn":"AGAWA GUN NIYODOGAWA CHO","townEn":"HIKICHI"},"7811534":{"prefectureJa":"高知県","cityJa":"吾川郡仁淀川町","townJa":"遅越","prefectureEn":"KOCHI KEN","cityEn":"AGAWA GUN NIYODOGAWA CHO","townEn":"OSOGOE"},"7811535":{"prefectureJa":"高知県","cityJa":"吾川郡仁淀川町","townJa":"二子野","prefectureEn":"KOCHI KEN","cityEn":"AGAWA GUN NIYODOGAWA CHO","townEn":"FUTAGONO"},"7811601":{"prefectureJa":"高知県","cityJa":"吾川郡仁淀川町","townJa":"大平","prefectureEn":"KOCHI KEN","cityEn":"AGAWA GUN NIYODOGAWA CHO","townEn":"OHIRA"},"7811602":{"prefectureJa":"高知県","cityJa":"吾川郡仁淀川町","townJa":"楮原","prefectureEn":"KOCHI KEN","cityEn":"AGAWA GUN NIYODOGAWA CHO","townEn":"KAJIHARA"},"7811603":{"prefectureJa":"高知県","cityJa":"吾川郡仁淀川町","townJa":"日浦","prefectureEn":"KOCHI KEN","cityEn":"AGAWA GUN NIYODOGAWA CHO","townEn":"HIURA"},"7811604":{"prefectureJa":"高知県","cityJa":"吾川郡仁淀川町","townJa":"見ノ越","prefectureEn":"KOCHI KEN","cityEn":"AGAWA GUN NIYODOGAWA CHO","townEn":"MINOKOSHI"},"7811605":{"prefectureJa":"高知県","cityJa":"吾川郡仁淀川町","townJa":"川内谷","prefectureEn":"KOCHI KEN","cityEn":"AGAWA GUN NIYODOGAWA CHO","townEn":"KAWAUCHIDANI"},"7811606":{"prefectureJa":"高知県","cityJa":"吾川郡仁淀川町","townJa":"土居（甲・乙）","prefectureEn":"KOCHI KEN","cityEn":"AGAWA GUN NIYODOGAWA CHO","townEn":"DOI(KO.OTSU)"},"7811607":{"prefectureJa":"高知県","cityJa":"吾川郡仁淀川町","townJa":"北浦","prefectureEn":"KOCHI KEN","cityEn":"AGAWA GUN NIYODOGAWA CHO","townEn":"KITAURA"},"7811608":{"prefectureJa":"高知県","cityJa":"吾川郡仁淀川町","townJa":"坂本","prefectureEn":"KOCHI KEN","cityEn":"AGAWA GUN NIYODOGAWA CHO","townEn":"SAKAMOTO"},"7811609":{"prefectureJa":"高知県","cityJa":"吾川郡仁淀川町","townJa":"寄合","prefectureEn":"KOCHI KEN","cityEn":"AGAWA GUN NIYODOGAWA CHO","townEn":"YORIAI"},"7811610":{"prefectureJa":"高知県","cityJa":"吾川郡仁淀川町","townJa":"竹ノ谷","prefectureEn":"KOCHI KEN","cityEn":"AGAWA GUN NIYODOGAWA CHO","townEn":"TAKENOTANI"},"7811611":{"prefectureJa":"高知県","cityJa":"吾川郡仁淀川町","townJa":"岩丸","prefectureEn":"KOCHI KEN","cityEn":"AGAWA GUN NIYODOGAWA CHO","townEn":"IWAMARU"},"7811612":{"prefectureJa":"高知県","cityJa":"吾川郡仁淀川町","townJa":"池川大渡","prefectureEn":"KOCHI KEN","cityEn":"AGAWA GUN NIYODOGAWA CHO","townEn":"IKEGAWAODO"},"7811613":{"prefectureJa":"高知県","cityJa":"吾川郡仁淀川町","townJa":"明戸岩","prefectureEn":"KOCHI KEN","cityEn":"AGAWA GUN NIYODOGAWA CHO","townEn":"MYOTOIWA"},"7811614":{"prefectureJa":"高知県","cityJa":"吾川郡仁淀川町","townJa":"大西","prefectureEn":"KOCHI KEN","cityEn":"AGAWA GUN NIYODOGAWA CHO","townEn":"ONISHI"},"7811615":{"prefectureJa":"高知県","cityJa":"吾川郡仁淀川町","townJa":"岩柄","prefectureEn":"KOCHI KEN","cityEn":"AGAWA GUN NIYODOGAWA CHO","townEn":"IWAGARA"},"7811616":{"prefectureJa":"高知県","cityJa":"吾川郡仁淀川町","townJa":"百川内","prefectureEn":"KOCHI KEN","cityEn":"AGAWA GUN NIYODOGAWA CHO","townEn":"MOMOGAWAUCHI"},"7811617":{"prefectureJa":"高知県","cityJa":"吾川郡仁淀川町","townJa":"大野","prefectureEn":"KOCHI KEN","cityEn":"AGAWA GUN NIYODOGAWA CHO","townEn":"ONO"},"7811618":{"prefectureJa":"高知県","cityJa":"吾川郡仁淀川町","townJa":"椿山","prefectureEn":"KOCHI KEN","cityEn":"AGAWA GUN NIYODOGAWA CHO","townEn":"TSUBAYAMA"},"7811619":{"prefectureJa":"高知県","cityJa":"吾川郡仁淀川町","townJa":"用居甲（出丸、舟形、用居）","prefectureEn":"KOCHI KEN","cityEn":"AGAWA GUN NIYODOGAWA CHO","townEn":"MOCHIIKO(IZUMARU.FUNAGATA.MOCHII)"},"7811620":{"prefectureJa":"高知県","cityJa":"吾川郡仁淀川町","townJa":"用居乙（瓜生野、折尾、桧谷）","prefectureEn":"KOCHI KEN","cityEn":"AGAWA GUN NIYODOGAWA CHO","townEn":"MOCHIIOTSU(URIUNO.ORIO.HINOKIDANI)"},"7811621":{"prefectureJa":"高知県","cityJa":"吾川郡仁淀川町","townJa":"入江谷","prefectureEn":"KOCHI KEN","cityEn":"AGAWA GUN NIYODOGAWA CHO","townEn":"IRIEDANI"},"7811622":{"prefectureJa":"高知県","cityJa":"吾川郡仁淀川町","townJa":"成川","prefectureEn":"KOCHI KEN","cityEn":"AGAWA GUN NIYODOGAWA CHO","townEn":"NARUGAWA"},"7811623":{"prefectureJa":"高知県","cityJa":"吾川郡仁淀川町","townJa":"余能","prefectureEn":"KOCHI KEN","cityEn":"AGAWA GUN NIYODOGAWA CHO","townEn":"YONO"},"7811624":{"prefectureJa":"高知県","cityJa":"吾川郡仁淀川町","townJa":"土居（その他）","prefectureEn":"KOCHI KEN","cityEn":"AGAWA GUN NIYODOGAWA CHO","townEn":"DOI(SONOTA)"},"7811625":{"prefectureJa":"高知県","cityJa":"吾川郡仁淀川町","townJa":"吉ケ成","prefectureEn":"KOCHI KEN","cityEn":"AGAWA GUN NIYODOGAWA CHO","townEn":"YOSHIGANARU"},"7811626":{"prefectureJa":"高知県","cityJa":"吾川郡仁淀川町","townJa":"坪井川","prefectureEn":"KOCHI KEN","cityEn":"AGAWA GUN NIYODOGAWA CHO","townEn":"TSUBOIGAWA"},"7811627":{"prefectureJa":"高知県","cityJa":"吾川郡仁淀川町","townJa":"宮ケ平","prefectureEn":"KOCHI KEN","cityEn":"AGAWA GUN NIYODOGAWA CHO","townEn":"MIYAGAHIRA"},"7811628":{"prefectureJa":"高知県","cityJa":"吾川郡仁淀川町","townJa":"大屋","prefectureEn":"KOCHI KEN","cityEn":"AGAWA GUN NIYODOGAWA CHO","townEn":"OYA"},"7811741":{"prefectureJa":"高知県","cityJa":"吾川郡仁淀川町","townJa":"名野川","prefectureEn":"KOCHI KEN","cityEn":"AGAWA GUN NIYODOGAWA CHO","townEn":"NANOKAWA"},"7811742":{"prefectureJa":"高知県","cityJa":"吾川郡仁淀川町","townJa":"竹屋敷","prefectureEn":"KOCHI KEN","cityEn":"AGAWA GUN NIYODOGAWA CHO","townEn":"TAKEYASHIKI"},"7811743":{"prefectureJa":"高知県","cityJa":"吾川郡仁淀川町","townJa":"崎ノ山","prefectureEn":"KOCHI KEN","cityEn":"AGAWA GUN NIYODOGAWA CHO","townEn":"SAKINOYAMA"},"7811744":{"prefectureJa":"高知県","cityJa":"吾川郡仁淀川町","townJa":"名野川大平","prefectureEn":"KOCHI KEN","cityEn":"AGAWA GUN NIYODOGAWA CHO","townEn":"NANOKAWAOHIRA"},"7811745":{"prefectureJa":"高知県","cityJa":"吾川郡仁淀川町","townJa":"下北川","prefectureEn":"KOCHI KEN","cityEn":"AGAWA GUN NIYODOGAWA CHO","townEn":"SHIMOKITAGAWA"},"7811746":{"prefectureJa":"高知県","cityJa":"吾川郡仁淀川町","townJa":"北川","prefectureEn":"KOCHI KEN","cityEn":"AGAWA GUN NIYODOGAWA CHO","townEn":"KITAGAWA"},"7811751":{"prefectureJa":"高知県","cityJa":"吾川郡仁淀川町","townJa":"大渡","prefectureEn":"KOCHI KEN","cityEn":"AGAWA GUN NIYODOGAWA CHO","townEn":"ODO"},"7811752":{"prefectureJa":"高知県","cityJa":"吾川郡仁淀川町","townJa":"峠ノ越","prefectureEn":"KOCHI KEN","cityEn":"AGAWA GUN NIYODOGAWA CHO","townEn":"TONOKOE"},"7811753":{"prefectureJa":"高知県","cityJa":"吾川郡仁淀川町","townJa":"潰溜","prefectureEn":"KOCHI KEN","cityEn":"AGAWA GUN NIYODOGAWA CHO","townEn":"TSUEDAMARI"},"7811754":{"prefectureJa":"高知県","cityJa":"吾川郡仁淀川町","townJa":"北","prefectureEn":"KOCHI KEN","cityEn":"AGAWA GUN NIYODOGAWA CHO","townEn":"KITA"},"7811755":{"prefectureJa":"高知県","cityJa":"吾川郡仁淀川町","townJa":"森山","prefectureEn":"KOCHI KEN","cityEn":"AGAWA GUN NIYODOGAWA CHO","townEn":"MORIYAMA"},"7811756":{"prefectureJa":"高知県","cityJa":"吾川郡仁淀川町","townJa":"大尾","prefectureEn":"KOCHI KEN","cityEn":"AGAWA GUN NIYODOGAWA CHO","townEn":"OO"},"7811757":{"prefectureJa":"高知県","cityJa":"吾川郡仁淀川町","townJa":"鷲ノ巣","prefectureEn":"KOCHI KEN","cityEn":"AGAWA GUN NIYODOGAWA CHO","townEn":"WASHINOSU"},"7811758":{"prefectureJa":"高知県","cityJa":"吾川郡仁淀川町","townJa":"橘","prefectureEn":"KOCHI KEN","cityEn":"AGAWA GUN NIYODOGAWA CHO","townEn":"TACHIBANA"},"7811761":{"prefectureJa":"高知県","cityJa":"吾川郡仁淀川町","townJa":"二ノ滝","prefectureEn":"KOCHI KEN","cityEn":"AGAWA GUN NIYODOGAWA CHO","townEn":"NINOTAKI"},"7811762":{"prefectureJa":"高知県","cityJa":"吾川郡仁淀川町","townJa":"下名野川","prefectureEn":"KOCHI KEN","cityEn":"AGAWA GUN NIYODOGAWA CHO","townEn":"SHIMONANOKAWA"},"7811763":{"prefectureJa":"高知県","cityJa":"吾川郡仁淀川町","townJa":"中","prefectureEn":"KOCHI KEN","cityEn":"AGAWA GUN NIYODOGAWA CHO","townEn":"NAKA"},"7811764":{"prefectureJa":"高知県","cityJa":"吾川郡仁淀川町","townJa":"長坂","prefectureEn":"KOCHI KEN","cityEn":"AGAWA GUN NIYODOGAWA CHO","townEn":"NAGASAKA"},"7811765":{"prefectureJa":"高知県","cityJa":"吾川郡仁淀川町","townJa":"津江","prefectureEn":"KOCHI KEN","cityEn":"AGAWA GUN NIYODOGAWA CHO","townEn":"TSUE"},"7811766":{"prefectureJa":"高知県","cityJa":"吾川郡仁淀川町","townJa":"上名野川","prefectureEn":"KOCHI KEN","cityEn":"AGAWA GUN NIYODOGAWA CHO","townEn":"KAMINANOKAWA"},"7811801":{"prefectureJa":"高知県","cityJa":"吾川郡仁淀川町","townJa":"森","prefectureEn":"KOCHI KEN","cityEn":"AGAWA GUN NIYODOGAWA CHO","townEn":"MORI"},"7811802":{"prefectureJa":"高知県","cityJa":"吾川郡仁淀川町","townJa":"高瀬","prefectureEn":"KOCHI KEN","cityEn":"AGAWA GUN NIYODOGAWA CHO","townEn":"TAKASE"},"7811803":{"prefectureJa":"高知県","cityJa":"吾川郡仁淀川町","townJa":"別枝","prefectureEn":"KOCHI KEN","cityEn":"AGAWA GUN NIYODOGAWA CHO","townEn":"BESSHI"},"7811804":{"prefectureJa":"高知県","cityJa":"吾川郡仁淀川町","townJa":"川渡","prefectureEn":"KOCHI KEN","cityEn":"AGAWA GUN NIYODOGAWA CHO","townEn":"KAWADO"},"7811911":{"prefectureJa":"高知県","cityJa":"吾川郡仁淀川町","townJa":"長者乙","prefectureEn":"KOCHI KEN","cityEn":"AGAWA GUN NIYODOGAWA CHO","townEn":"CHOJA OTSU"},"7811912":{"prefectureJa":"高知県","cityJa":"吾川郡仁淀川町","townJa":"長者丁","prefectureEn":"KOCHI KEN","cityEn":"AGAWA GUN NIYODOGAWA CHO","townEn":"CHOJA TEI"},"7811913":{"prefectureJa":"高知県","cityJa":"吾川郡仁淀川町","townJa":"長者丙","prefectureEn":"KOCHI KEN","cityEn":"AGAWA GUN NIYODOGAWA CHO","townEn":"CHOJA HEI"},"7811914":{"prefectureJa":"高知県","cityJa":"吾川郡仁淀川町","townJa":"泉","prefectureEn":"KOCHI KEN","cityEn":"AGAWA GUN NIYODOGAWA CHO","townEn":"IZUMI"},"7811915":{"prefectureJa":"高知県","cityJa":"吾川郡仁淀川町","townJa":"大植","prefectureEn":"KOCHI KEN","cityEn":"AGAWA GUN NIYODOGAWA CHO","townEn":"OUE"},"7812100":{"prefectureJa":"高知県","cityJa":"吾川郡いの町","townJa":"以下に掲載がない場合","prefectureEn":"KOCHI KEN","cityEn":"TAKAOKA GUN HIDAKA MURA","townEn":"IKANIKEISAIGANAIBAAI"},"7812101":{"prefectureJa":"高知県","cityJa":"吾川郡いの町","townJa":"大国町","prefectureEn":"KOCHI KEN","cityEn":"AGAWA GUN INO CHO","townEn":"DAIKOKUCHO"},"7812102":{"prefectureJa":"高知県","cityJa":"吾川郡いの町","townJa":"公園町","prefectureEn":"KOCHI KEN","cityEn":"AGAWA GUN INO CHO","townEn":"KOENCHO"},"7812103":{"prefectureJa":"高知県","cityJa":"吾川郡いの町","townJa":"幸町","prefectureEn":"KOCHI KEN","cityEn":"AGAWA GUN INO CHO","townEn":"SAIWAICHO"},"7812104":{"prefectureJa":"高知県","cityJa":"吾川郡いの町","townJa":"藤町","prefectureEn":"KOCHI KEN","cityEn":"AGAWA GUN INO CHO","townEn":"FUJIMACHI"},"7812105":{"prefectureJa":"高知県","cityJa":"吾川郡いの町","townJa":"新町","prefectureEn":"KOCHI KEN","cityEn":"AGAWA GUN INO CHO","townEn":"SHIMMACHI"},"7812106":{"prefectureJa":"高知県","cityJa":"吾川郡いの町","townJa":"駅南町","prefectureEn":"KOCHI KEN","cityEn":"AGAWA GUN INO CHO","townEn":"EKIMINAMIMACHI"},"7812107":{"prefectureJa":"高知県","cityJa":"吾川郡いの町","townJa":"駅前町","prefectureEn":"KOCHI KEN","cityEn":"AGAWA GUN INO CHO","townEn":"EKIMAECHO"},"7812108":{"prefectureJa":"高知県","cityJa":"吾川郡いの町","townJa":"駅東町","prefectureEn":"KOCHI KEN","cityEn":"AGAWA GUN INO CHO","townEn":"EKIHIGASHIMACHI"},"7812110":{"prefectureJa":"高知県","cityJa":"吾川郡いの町","townJa":"いの町の次に番地がくる場合","prefectureEn":"KOCHI KEN","cityEn":"AGAWA GUN INO CHO","townEn":"INOCHONOTSUGINIBANCHIGAKURUBAAI"},"7812111":{"prefectureJa":"高知県","cityJa":"吾川郡いの町","townJa":"羽根町","prefectureEn":"KOCHI KEN","cityEn":"AGAWA GUN INO CHO","townEn":"HANEMACHI"},"7812112":{"prefectureJa":"高知県","cityJa":"吾川郡いの町","townJa":"西町","prefectureEn":"KOCHI KEN","cityEn":"AGAWA GUN INO CHO","townEn":"NISHIMACHI"},"7812113":{"prefectureJa":"高知県","cityJa":"吾川郡いの町","townJa":"元町","prefectureEn":"KOCHI KEN","cityEn":"AGAWA GUN INO CHO","townEn":"MOTOMACHI"},"7812114":{"prefectureJa":"高知県","cityJa":"吾川郡いの町","townJa":"加茂町","prefectureEn":"KOCHI KEN","cityEn":"AGAWA GUN INO CHO","townEn":"KAMOMACHI"},"7812115":{"prefectureJa":"高知県","cityJa":"吾川郡いの町","townJa":"旭町","prefectureEn":"KOCHI KEN","cityEn":"AGAWA GUN INO CHO","townEn":"ASAHIMACHI"},"7812116":{"prefectureJa":"高知県","cityJa":"吾川郡いの町","townJa":"柳町","prefectureEn":"KOCHI KEN","cityEn":"AGAWA GUN INO CHO","townEn":"YANAGIMACHI"},"7812117":{"prefectureJa":"高知県","cityJa":"吾川郡いの町","townJa":"内野東町","prefectureEn":"KOCHI KEN","cityEn":"AGAWA GUN INO CHO","townEn":"UTSUNOHIGASHIMACHI"},"7812118":{"prefectureJa":"高知県","cityJa":"吾川郡いの町","townJa":"内野南町","prefectureEn":"KOCHI KEN","cityEn":"AGAWA GUN INO CHO","townEn":"UTSUNOMINAMIMACHI"},"7812119":{"prefectureJa":"高知県","cityJa":"吾川郡いの町","townJa":"内野北町","prefectureEn":"KOCHI KEN","cityEn":"AGAWA GUN INO CHO","townEn":"UTSUNOKITAMACHI"},"7812120":{"prefectureJa":"高知県","cityJa":"吾川郡いの町","townJa":"枝川","prefectureEn":"KOCHI KEN","cityEn":"AGAWA GUN INO CHO","townEn":"EDAGAWA"},"7812121":{"prefectureJa":"高知県","cityJa":"吾川郡いの町","townJa":"池の内","prefectureEn":"KOCHI KEN","cityEn":"AGAWA GUN INO CHO","townEn":"IKENOCHI"},"7812122":{"prefectureJa":"高知県","cityJa":"吾川郡いの町","townJa":"天王北","prefectureEn":"KOCHI KEN","cityEn":"AGAWA GUN INO CHO","townEn":"TENNOKITA"},"7812123":{"prefectureJa":"高知県","cityJa":"吾川郡いの町","townJa":"天王南","prefectureEn":"KOCHI KEN","cityEn":"AGAWA GUN INO CHO","townEn":"TENNOMINAMI"},"7812124":{"prefectureJa":"高知県","cityJa":"吾川郡いの町","townJa":"八田","prefectureEn":"KOCHI KEN","cityEn":"AGAWA GUN INO CHO","townEn":"HATA"},"7812126":{"prefectureJa":"高知県","cityJa":"吾川郡いの町","townJa":"大内","prefectureEn":"KOCHI KEN","cityEn":"AGAWA GUN INO CHO","townEn":"OCHI"},"7812127":{"prefectureJa":"高知県","cityJa":"吾川郡いの町","townJa":"鎌田","prefectureEn":"KOCHI KEN","cityEn":"AGAWA GUN INO CHO","townEn":"KAMADA"},"7812128":{"prefectureJa":"高知県","cityJa":"吾川郡いの町","townJa":"波川","prefectureEn":"KOCHI KEN","cityEn":"AGAWA GUN INO CHO","townEn":"HAKAWA"},"7812131":{"prefectureJa":"高知県","cityJa":"吾川郡いの町","townJa":"槇","prefectureEn":"KOCHI KEN","cityEn":"AGAWA GUN INO CHO","townEn":"MAKI"},"7812132":{"prefectureJa":"高知県","cityJa":"吾川郡いの町","townJa":"成山","prefectureEn":"KOCHI KEN","cityEn":"AGAWA GUN INO CHO","townEn":"NARUYAMA"},"7812133":{"prefectureJa":"高知県","cityJa":"吾川郡いの町","townJa":"加田","prefectureEn":"KOCHI KEN","cityEn":"AGAWA GUN INO CHO","townEn":"KADA"},"7812134":{"prefectureJa":"高知県","cityJa":"吾川郡いの町","townJa":"神谷","prefectureEn":"KOCHI KEN","cityEn":"AGAWA GUN INO CHO","townEn":"KONOTANI"},"7812135":{"prefectureJa":"高知県","cityJa":"吾川郡いの町","townJa":"小野","prefectureEn":"KOCHI KEN","cityEn":"AGAWA GUN INO CHO","townEn":"KONO"},"7812136":{"prefectureJa":"高知県","cityJa":"吾川郡いの町","townJa":"鹿敷","prefectureEn":"KOCHI KEN","cityEn":"AGAWA GUN INO CHO","townEn":"KASHIKI"},"7812141":{"prefectureJa":"高知県","cityJa":"吾川郡いの町","townJa":"勝賀瀬","prefectureEn":"KOCHI KEN","cityEn":"AGAWA GUN INO CHO","townEn":"SHOGASE"},"7812142":{"prefectureJa":"高知県","cityJa":"吾川郡いの町","townJa":"中追","prefectureEn":"KOCHI KEN","cityEn":"AGAWA GUN INO CHO","townEn":"NAKAOI"},"7812143":{"prefectureJa":"高知県","cityJa":"吾川郡いの町","townJa":"楠瀬","prefectureEn":"KOCHI KEN","cityEn":"AGAWA GUN INO CHO","townEn":"KUSUNOSE"},"7812144":{"prefectureJa":"高知県","cityJa":"吾川郡いの町","townJa":"柳瀬本村","prefectureEn":"KOCHI KEN","cityEn":"AGAWA GUN INO CHO","townEn":"YANANOSEHOMMURA"},"7812145":{"prefectureJa":"高知県","cityJa":"吾川郡いの町","townJa":"柳瀬石見","prefectureEn":"KOCHI KEN","cityEn":"AGAWA GUN INO CHO","townEn":"YANANOSEISHIMI"},"7812146":{"prefectureJa":"高知県","cityJa":"吾川郡いの町","townJa":"柳瀬上分","prefectureEn":"KOCHI KEN","cityEn":"AGAWA GUN INO CHO","townEn":"YANANOSEKAMIBUN"},"7812151":{"prefectureJa":"高知県","cityJa":"高岡郡日高村","townJa":"下分","prefectureEn":"KOCHI KEN","cityEn":"TAKAOKA GUN HIDAKA MURA","townEn":"SHIMOBUN"},"7812152":{"prefectureJa":"高知県","cityJa":"高岡郡日高村","townJa":"沖名","prefectureEn":"KOCHI KEN","cityEn":"TAKAOKA GUN HIDAKA MURA","townEn":"OKINA"},"7812153":{"prefectureJa":"高知県","cityJa":"高岡郡日高村","townJa":"本郷","prefectureEn":"KOCHI KEN","cityEn":"TAKAOKA GUN HIDAKA MURA","townEn":"HONGO"},"7812154":{"prefectureJa":"高知県","cityJa":"高岡郡日高村","townJa":"岩目地","prefectureEn":"KOCHI KEN","cityEn":"TAKAOKA GUN HIDAKA MURA","townEn":"IWAMEJI"},"7812155":{"prefectureJa":"高知県","cityJa":"高岡郡日高村","townJa":"九頭","prefectureEn":"KOCHI KEN","cityEn":"TAKAOKA GUN HIDAKA MURA","townEn":"KUZU"},"7812161":{"prefectureJa":"高知県","cityJa":"高岡郡日高村","townJa":"柱谷","prefectureEn":"KOCHI KEN","cityEn":"TAKAOKA GUN HIDAKA MURA","townEn":"HASHIRATANI"},"7812162":{"prefectureJa":"高知県","cityJa":"高岡郡日高村","townJa":"名越屋","prefectureEn":"KOCHI KEN","cityEn":"TAKAOKA GUN HIDAKA MURA","townEn":"NAGOYA"},"7812163":{"prefectureJa":"高知県","cityJa":"高岡郡日高村","townJa":"大花","prefectureEn":"KOCHI KEN","cityEn":"TAKAOKA GUN HIDAKA MURA","townEn":"OHANA"},"7812164":{"prefectureJa":"高知県","cityJa":"高岡郡日高村","townJa":"本村","prefectureEn":"KOCHI KEN","cityEn":"TAKAOKA GUN HIDAKA MURA","townEn":"HOMMURA"},"7812165":{"prefectureJa":"高知県","cityJa":"高岡郡日高村","townJa":"宮ノ谷","prefectureEn":"KOCHI KEN","cityEn":"TAKAOKA GUN HIDAKA MURA","townEn":"MIYANOTANI"},"7812166":{"prefectureJa":"高知県","cityJa":"高岡郡日高村","townJa":"長畑","prefectureEn":"KOCHI KEN","cityEn":"TAKAOKA GUN HIDAKA MURA","townEn":"NAGABATA"},"7812167":{"prefectureJa":"高知県","cityJa":"高岡郡日高村","townJa":"鴨地","prefectureEn":"KOCHI KEN","cityEn":"TAKAOKA GUN HIDAKA MURA","townEn":"KAMOJI"},"7812321":{"prefectureJa":"高知県","cityJa":"吾川郡いの町","townJa":"小川東津賀才","prefectureEn":"KOCHI KEN","cityEn":"AGAWA GUN INO CHO","townEn":"KOGAWAHIGASHITSUGASAI"},"7812322":{"prefectureJa":"高知県","cityJa":"吾川郡いの町","townJa":"小川西津賀才","prefectureEn":"KOCHI KEN","cityEn":"AGAWA GUN INO CHO","townEn":"KOGAWANISHITSUGASAI"},"7812323":{"prefectureJa":"高知県","cityJa":"吾川郡いの町","townJa":"小川樅ノ木山","prefectureEn":"KOCHI KEN","cityEn":"AGAWA GUN INO CHO","townEn":"KOGAWAMOMINOKIYAMA"},"7812324":{"prefectureJa":"高知県","cityJa":"吾川郡いの町","townJa":"小川新別","prefectureEn":"KOCHI KEN","cityEn":"AGAWA GUN INO CHO","townEn":"KOGAWASHIMBETSU"},"7812325":{"prefectureJa":"高知県","cityJa":"吾川郡いの町","townJa":"小川柳野","prefectureEn":"KOCHI KEN","cityEn":"AGAWA GUN INO CHO","townEn":"KOGAWAYANAGINO"},"7812331":{"prefectureJa":"高知県","cityJa":"吾川郡いの町","townJa":"下八川甲","prefectureEn":"KOCHI KEN","cityEn":"AGAWA GUN INO CHO","townEn":"SHIMOYAKAWAKO"},"7812332":{"prefectureJa":"高知県","cityJa":"吾川郡いの町","townJa":"下八川乙","prefectureEn":"KOCHI KEN","cityEn":"AGAWA GUN INO CHO","townEn":"SHIMOYAKAWAOTSU"},"7812333":{"prefectureJa":"高知県","cityJa":"吾川郡いの町","townJa":"下八川丙","prefectureEn":"KOCHI KEN","cityEn":"AGAWA GUN INO CHO","townEn":"SHIMOYAKAWAHEI"},"7812334":{"prefectureJa":"高知県","cityJa":"吾川郡いの町","townJa":"下八川丁","prefectureEn":"KOCHI KEN","cityEn":"AGAWA GUN INO CHO","townEn":"SHIMOYAKAWATEI"},"7812335":{"prefectureJa":"高知県","cityJa":"吾川郡いの町","townJa":"下八川十田","prefectureEn":"KOCHI KEN","cityEn":"AGAWA GUN INO CHO","townEn":"SHIMOYAKAWATODA"},"7812401":{"prefectureJa":"高知県","cityJa":"吾川郡いの町","townJa":"上八川甲（枝川、大久保、木ノ瀬、土居、西川、本郷、柚ノ木野）","prefectureEn":"KOCHI KEN","cityEn":"AGAWA GUN INO CHO","townEn":"KAMIYAKAWAKO(EDAGAWA.OKUBO.KINOSE.D"},"7812402":{"prefectureJa":"高知県","cityJa":"吾川郡いの町","townJa":"上八川丙（柿薮、小申田、津賀谷、寺野、古江、連行）","prefectureEn":"KOCHI KEN","cityEn":"AGAWA GUN INO CHO","townEn":"KAMIYAKAWAHEI(KAKIYABU.KOSARUDA.TSU"},"7812511":{"prefectureJa":"高知県","cityJa":"吾川郡いの町","townJa":"清水上分（伊守川、川窪、敷槇、土居、程野）","prefectureEn":"KOCHI KEN","cityEn":"AGAWA GUN INO CHO","townEn":"KIYOMIZUKAMIBUN(IMORIKAWA.KAWAKUBO."},"7812512":{"prefectureJa":"高知県","cityJa":"吾川郡いの町","townJa":"清水下分（馬路、大野、川口、日比原、槇川、松ノ木）","prefectureEn":"KOCHI KEN","cityEn":"AGAWA GUN INO CHO","townEn":"KIYOMIZUSHIMOBUN(BARO.ONO.KAWAGUCHI"},"7812601":{"prefectureJa":"高知県","cityJa":"吾川郡いの町","townJa":"長沢","prefectureEn":"KOCHI KEN","cityEn":"AGAWA GUN INO CHO","townEn":"NAGASAWA"},"7812602":{"prefectureJa":"高知県","cityJa":"吾川郡いの町","townJa":"戸中","prefectureEn":"KOCHI KEN","cityEn":"AGAWA GUN INO CHO","townEn":"TOCHU"},"7812603":{"prefectureJa":"高知県","cityJa":"吾川郡いの町","townJa":"大森","prefectureEn":"KOCHI KEN","cityEn":"AGAWA GUN INO CHO","townEn":"OMORI"},"7812604":{"prefectureJa":"高知県","cityJa":"吾川郡いの町","townJa":"越裏門","prefectureEn":"KOCHI KEN","cityEn":"AGAWA GUN INO CHO","townEn":"ERIMON"},"7812605":{"prefectureJa":"高知県","cityJa":"吾川郡いの町","townJa":"寺川","prefectureEn":"KOCHI KEN","cityEn":"AGAWA GUN INO CHO","townEn":"TERAGAWA"},"7812611":{"prefectureJa":"高知県","cityJa":"吾川郡いの町","townJa":"脇ノ山","prefectureEn":"KOCHI KEN","cityEn":"AGAWA GUN INO CHO","townEn":"WAKINOYAMA"},"7812612":{"prefectureJa":"高知県","cityJa":"吾川郡いの町","townJa":"高薮","prefectureEn":"KOCHI KEN","cityEn":"AGAWA GUN INO CHO","townEn":"TAKAYABU"},"7812613":{"prefectureJa":"高知県","cityJa":"吾川郡いの町","townJa":"足谷","prefectureEn":"KOCHI KEN","cityEn":"AGAWA GUN INO CHO","townEn":"ASHIDANI"},"7812614":{"prefectureJa":"高知県","cityJa":"吾川郡いの町","townJa":"葛原","prefectureEn":"KOCHI KEN","cityEn":"AGAWA GUN INO CHO","townEn":"KAZURAHARA"},"7812615":{"prefectureJa":"高知県","cityJa":"吾川郡いの町","townJa":"桑瀬","prefectureEn":"KOCHI KEN","cityEn":"AGAWA GUN INO CHO","townEn":"KUWAZE"},"7812616":{"prefectureJa":"高知県","cityJa":"吾川郡いの町","townJa":"中野川","prefectureEn":"KOCHI KEN","cityEn":"AGAWA GUN INO CHO","townEn":"NAKANOKAWA"},"7813101":{"prefectureJa":"高知県","cityJa":"高知市","townJa":"鏡大河内","prefectureEn":"KOCHI KEN","cityEn":"KOCHI SHI","townEn":"KAGAMI OGACHI"},"7813102":{"prefectureJa":"高知県","cityJa":"高知市","townJa":"鏡小浜","prefectureEn":"KOCHI KEN","cityEn":"KOCHI SHI","townEn":"KAGAMI KOHAMA"},"7813103":{"prefectureJa":"高知県","cityJa":"高知市","townJa":"鏡大利","prefectureEn":"KOCHI KEN","cityEn":"KOCHI SHI","townEn":"KAGAMI ORI"},"7813104":{"prefectureJa":"高知県","cityJa":"高知市","townJa":"鏡今井","prefectureEn":"KOCHI KEN","cityEn":"KOCHI SHI","townEn":"KAGAMI IMAI"},"7813105":{"prefectureJa":"高知県","cityJa":"高知市","townJa":"鏡草峰","prefectureEn":"KOCHI KEN","cityEn":"KOCHI SHI","townEn":"KAGAMI KUSAMINE"},"7813106":{"prefectureJa":"高知県","cityJa":"高知市","townJa":"鏡白岩","prefectureEn":"KOCHI KEN","cityEn":"KOCHI SHI","townEn":"KAGAMI SHIROIWA"},"7813107":{"prefectureJa":"高知県","cityJa":"高知市","townJa":"鏡狩山","prefectureEn":"KOCHI KEN","cityEn":"KOCHI SHI","townEn":"KAGAMI KARIYAMA"},"7813108":{"prefectureJa":"高知県","cityJa":"高知市","townJa":"鏡吉原","prefectureEn":"KOCHI KEN","cityEn":"KOCHI SHI","townEn":"KAGAMI YOSHIHARA"},"7813111":{"prefectureJa":"高知県","cityJa":"高知市","townJa":"鏡的渕","prefectureEn":"KOCHI KEN","cityEn":"KOCHI SHI","townEn":"KAGAMI MATOBUCHI"},"7813112":{"prefectureJa":"高知県","cityJa":"高知市","townJa":"鏡去坂","prefectureEn":"KOCHI KEN","cityEn":"KOCHI SHI","townEn":"KAGAMI SARUSAKA"},"7813113":{"prefectureJa":"高知県","cityJa":"高知市","townJa":"鏡竹奈路","prefectureEn":"KOCHI KEN","cityEn":"KOCHI SHI","townEn":"KAGAMI TAKENARO"},"7813114":{"prefectureJa":"高知県","cityJa":"高知市","townJa":"鏡敷ノ山","prefectureEn":"KOCHI KEN","cityEn":"KOCHI SHI","townEn":"KAGAMI SHIKINOYAMA"},"7813115":{"prefectureJa":"高知県","cityJa":"高知市","townJa":"鏡柿ノ又","prefectureEn":"KOCHI KEN","cityEn":"KOCHI SHI","townEn":"KAGAMI KAKINOMATA"},"7813121":{"prefectureJa":"高知県","cityJa":"高知市","townJa":"鏡横矢","prefectureEn":"KOCHI KEN","cityEn":"KOCHI SHI","townEn":"KAGAMI YOKOYA"},"7813122":{"prefectureJa":"高知県","cityJa":"高知市","townJa":"鏡増原","prefectureEn":"KOCHI KEN","cityEn":"KOCHI SHI","townEn":"KAGAMI MASUHARA"},"7813123":{"prefectureJa":"高知県","cityJa":"高知市","townJa":"鏡葛山","prefectureEn":"KOCHI KEN","cityEn":"KOCHI SHI","townEn":"KAGAMI KAZURAYAMA"},"7813124":{"prefectureJa":"高知県","cityJa":"高知市","townJa":"鏡梅ノ木","prefectureEn":"KOCHI KEN","cityEn":"KOCHI SHI","townEn":"KAGAMI UMENOKI"},"7813125":{"prefectureJa":"高知県","cityJa":"高知市","townJa":"鏡小山","prefectureEn":"KOCHI KEN","cityEn":"KOCHI SHI","townEn":"KAGAMI KOYAMA"},"7813201":{"prefectureJa":"高知県","cityJa":"高知市","townJa":"土佐山","prefectureEn":"KOCHI KEN","cityEn":"KOCHI SHI","townEn":"TOSAYAMA"},"7813202":{"prefectureJa":"高知県","cityJa":"高知市","townJa":"土佐山都網","prefectureEn":"KOCHI KEN","cityEn":"KOCHI SHI","townEn":"TOSAYAMA TSUAMI"},"7813203":{"prefectureJa":"高知県","cityJa":"高知市","townJa":"土佐山弘瀬","prefectureEn":"KOCHI KEN","cityEn":"KOCHI SHI","townEn":"TOSAYAMA HIROSE"},"7813211":{"prefectureJa":"高知県","cityJa":"高知市","townJa":"土佐山高川","prefectureEn":"KOCHI KEN","cityEn":"KOCHI SHI","townEn":"TOSAYAMA TAKAKAWA"},"7813212":{"prefectureJa":"高知県","cityJa":"高知市","townJa":"土佐山梶谷","prefectureEn":"KOCHI KEN","cityEn":"KOCHI SHI","townEn":"TOSAYAMA KAJITANI"},"7813213":{"prefectureJa":"高知県","cityJa":"高知市","townJa":"土佐山西川","prefectureEn":"KOCHI KEN","cityEn":"KOCHI SHI","townEn":"TOSAYAMA NISHIGAWA"},"7813214":{"prefectureJa":"高知県","cityJa":"高知市","townJa":"土佐山菖蒲","prefectureEn":"KOCHI KEN","cityEn":"KOCHI SHI","townEn":"TOSAYAMA SHOBU"},"7813221":{"prefectureJa":"高知県","cityJa":"高知市","townJa":"土佐山桑尾","prefectureEn":"KOCHI KEN","cityEn":"KOCHI SHI","townEn":"TOSAYAMA KUWAO"},"7813222":{"prefectureJa":"高知県","cityJa":"高知市","townJa":"土佐山東川","prefectureEn":"KOCHI KEN","cityEn":"KOCHI SHI","townEn":"TOSAYAMA HIGASHIKAWA"},"7813223":{"prefectureJa":"高知県","cityJa":"高知市","townJa":"土佐山中切","prefectureEn":"KOCHI KEN","cityEn":"KOCHI SHI","townEn":"TOSAYAMA NAKAGIRI"},"7813331":{"prefectureJa":"高知県","cityJa":"土佐郡土佐町","townJa":"地蔵寺","prefectureEn":"KOCHI KEN","cityEn":"TOSA GUN TOSA CHO","townEn":"JIZOJI"},"7813332":{"prefectureJa":"高知県","cityJa":"土佐郡土佐町","townJa":"栗木","prefectureEn":"KOCHI KEN","cityEn":"TOSA GUN TOSA CHO","townEn":"KURIKI"},"7813333":{"prefectureJa":"高知県","cityJa":"土佐郡土佐町","townJa":"東石原","prefectureEn":"KOCHI KEN","cityEn":"TOSA GUN TOSA CHO","townEn":"HIGASHIISHIHARA"},"7813334":{"prefectureJa":"高知県","cityJa":"土佐郡土佐町","townJa":"西石原","prefectureEn":"KOCHI KEN","cityEn":"TOSA GUN TOSA CHO","townEn":"NISHIISHIHARA"},"7813335":{"prefectureJa":"高知県","cityJa":"土佐郡土佐町","townJa":"有間","prefectureEn":"KOCHI KEN","cityEn":"TOSA GUN TOSA CHO","townEn":"ARIMA"},"7813336":{"prefectureJa":"高知県","cityJa":"土佐郡土佐町","townJa":"芥川","prefectureEn":"KOCHI KEN","cityEn":"TOSA GUN TOSA CHO","townEn":"AKUTAGAWA"},"7813337":{"prefectureJa":"高知県","cityJa":"土佐郡土佐町","townJa":"瀬戸","prefectureEn":"KOCHI KEN","cityEn":"TOSA GUN TOSA CHO","townEn":"SEDO"},"7813400":{"prefectureJa":"高知県","cityJa":"土佐郡土佐町","townJa":"以下に掲載がない場合","prefectureEn":"KOCHI KEN","cityEn":"TOSA GUN TOSA CHO","townEn":"IKANIKEISAIGANAIBAAI"},"7813401":{"prefectureJa":"高知県","cityJa":"土佐郡土佐町","townJa":"土居","prefectureEn":"KOCHI KEN","cityEn":"TOSA GUN TOSA CHO","townEn":"DOI"},"7813402":{"prefectureJa":"高知県","cityJa":"土佐郡土佐町","townJa":"境","prefectureEn":"KOCHI KEN","cityEn":"TOSA GUN TOSA CHO","townEn":"SAKAI"},"7813403":{"prefectureJa":"高知県","cityJa":"土佐郡土佐町","townJa":"宮古野","prefectureEn":"KOCHI KEN","cityEn":"TOSA GUN TOSA CHO","townEn":"MIYAKONO"},"7813404":{"prefectureJa":"高知県","cityJa":"土佐郡土佐町","townJa":"溜井","prefectureEn":"KOCHI KEN","cityEn":"TOSA GUN TOSA CHO","townEn":"NURUI"},"7813405":{"prefectureJa":"高知県","cityJa":"土佐郡土佐町","townJa":"南泉","prefectureEn":"KOCHI KEN","cityEn":"TOSA GUN TOSA CHO","townEn":"MINAIZUMI"},"7813406":{"prefectureJa":"高知県","cityJa":"土佐郡土佐町","townJa":"高須","prefectureEn":"KOCHI KEN","cityEn":"TOSA GUN TOSA CHO","townEn":"TAKASU"},"7813407":{"prefectureJa":"高知県","cityJa":"土佐郡土佐町","townJa":"樫山","prefectureEn":"KOCHI KEN","cityEn":"TOSA GUN TOSA CHO","townEn":"KASHIYAMA"},"7813408":{"prefectureJa":"高知県","cityJa":"土佐郡土佐町","townJa":"相川","prefectureEn":"KOCHI KEN","cityEn":"TOSA GUN TOSA CHO","townEn":"AIKAWA"},"7813409":{"prefectureJa":"高知県","cityJa":"土佐郡土佐町","townJa":"和田","prefectureEn":"KOCHI KEN","cityEn":"TOSA GUN TOSA CHO","townEn":"WADA"},"7813521":{"prefectureJa":"高知県","cityJa":"土佐郡土佐町","townJa":"田井","prefectureEn":"KOCHI KEN","cityEn":"TOSA GUN TOSA CHO","townEn":"TAI"},"7813522":{"prefectureJa":"高知県","cityJa":"土佐郡土佐町","townJa":"大渕","prefectureEn":"KOCHI KEN","cityEn":"TOSA GUN TOSA CHO","townEn":"OBUCHI"},"7813523":{"prefectureJa":"高知県","cityJa":"土佐郡土佐町","townJa":"古味","prefectureEn":"KOCHI KEN","cityEn":"TOSA GUN TOSA CHO","townEn":"KOMI"},"7813524":{"prefectureJa":"高知県","cityJa":"土佐郡土佐町","townJa":"井尻","prefectureEn":"KOCHI KEN","cityEn":"TOSA GUN TOSA CHO","townEn":"IJIRI"},"7813525":{"prefectureJa":"高知県","cityJa":"土佐郡土佐町","townJa":"下川","prefectureEn":"KOCHI KEN","cityEn":"TOSA GUN TOSA CHO","townEn":"SHIMOKAWA"},"7813526":{"prefectureJa":"高知県","cityJa":"土佐郡土佐町","townJa":"上津川","prefectureEn":"KOCHI KEN","cityEn":"TOSA GUN TOSA CHO","townEn":"KOZUKAWA"},"7813600":{"prefectureJa":"高知県","cityJa":"長岡郡本山町","townJa":"以下に掲載がない場合","prefectureEn":"KOCHI KEN","cityEn":"NAGAOKA GUN MOTOYAMA CHO","townEn":"IKANIKEISAIGANAIBAAI"},"7813601":{"prefectureJa":"高知県","cityJa":"長岡郡本山町","townJa":"本山","prefectureEn":"KOCHI KEN","cityEn":"NAGAOKA GUN MOTOYAMA CHO","townEn":"MOTOYAMA"},"7813602":{"prefectureJa":"高知県","cityJa":"長岡郡本山町","townJa":"大石","prefectureEn":"KOCHI KEN","cityEn":"NAGAOKA GUN MOTOYAMA CHO","townEn":"OISHI"},"7813603":{"prefectureJa":"高知県","cityJa":"長岡郡本山町","townJa":"吉延","prefectureEn":"KOCHI KEN","cityEn":"NAGAOKA GUN MOTOYAMA CHO","townEn":"YOSHINOBU"},"7813604":{"prefectureJa":"高知県","cityJa":"長岡郡本山町","townJa":"井窪","prefectureEn":"KOCHI KEN","cityEn":"NAGAOKA GUN MOTOYAMA CHO","townEn":"INOKUBO"},"7813605":{"prefectureJa":"高知県","cityJa":"長岡郡本山町","townJa":"下津野","prefectureEn":"KOCHI KEN","cityEn":"NAGAOKA GUN MOTOYAMA CHO","townEn":"SHIMOTSUNO"},"7813606":{"prefectureJa":"高知県","cityJa":"長岡郡本山町","townJa":"高角","prefectureEn":"KOCHI KEN","cityEn":"NAGAOKA GUN MOTOYAMA CHO","townEn":"TAKATSUNO"},"7813607":{"prefectureJa":"高知県","cityJa":"長岡郡本山町","townJa":"古田","prefectureEn":"KOCHI KEN","cityEn":"NAGAOKA GUN MOTOYAMA CHO","townEn":"FURUTA"},"7813608":{"prefectureJa":"高知県","cityJa":"長岡郡本山町","townJa":"木能津","prefectureEn":"KOCHI KEN","cityEn":"NAGAOKA GUN MOTOYAMA CHO","townEn":"KINOZU"},"7813609":{"prefectureJa":"高知県","cityJa":"長岡郡本山町","townJa":"助藤","prefectureEn":"KOCHI KEN","cityEn":"NAGAOKA GUN MOTOYAMA CHO","townEn":"SUKETO"},"7813610":{"prefectureJa":"高知県","cityJa":"長岡郡本山町","townJa":"下関","prefectureEn":"KOCHI KEN","cityEn":"NAGAOKA GUN MOTOYAMA CHO","townEn":"SHIMOZEKI"},"7813611":{"prefectureJa":"高知県","cityJa":"長岡郡本山町","townJa":"上関甲","prefectureEn":"KOCHI KEN","cityEn":"NAGAOKA GUN MOTOYAMA CHO","townEn":"KAMIZEKI KO"},"7813612":{"prefectureJa":"高知県","cityJa":"長岡郡本山町","townJa":"上関乙","prefectureEn":"KOCHI KEN","cityEn":"NAGAOKA GUN MOTOYAMA CHO","townEn":"KAMIZEKI OTSU"},"7813613":{"prefectureJa":"高知県","cityJa":"長岡郡本山町","townJa":"北山甲","prefectureEn":"KOCHI KEN","cityEn":"NAGAOKA GUN MOTOYAMA CHO","townEn":"KITAYAMA KO"},"7813614":{"prefectureJa":"高知県","cityJa":"長岡郡本山町","townJa":"北山乙","prefectureEn":"KOCHI KEN","cityEn":"NAGAOKA GUN MOTOYAMA CHO","townEn":"KITAYAMA OTSU"},"7813615":{"prefectureJa":"高知県","cityJa":"長岡郡本山町","townJa":"北山丙","prefectureEn":"KOCHI KEN","cityEn":"NAGAOKA GUN MOTOYAMA CHO","townEn":"KITAYAMA HEI"},"7813617":{"prefectureJa":"高知県","cityJa":"長岡郡本山町","townJa":"寺家","prefectureEn":"KOCHI KEN","cityEn":"NAGAOKA GUN MOTOYAMA CHO","townEn":"JIKE"},"7813618":{"prefectureJa":"高知県","cityJa":"長岡郡本山町","townJa":"吉野","prefectureEn":"KOCHI KEN","cityEn":"NAGAOKA GUN MOTOYAMA CHO","townEn":"YOSHINO"},"7813619":{"prefectureJa":"高知県","cityJa":"長岡郡本山町","townJa":"立野","prefectureEn":"KOCHI KEN","cityEn":"NAGAOKA GUN MOTOYAMA CHO","townEn":"TACHINO"},"7813620":{"prefectureJa":"高知県","cityJa":"長岡郡本山町","townJa":"坂本","prefectureEn":"KOCHI KEN","cityEn":"NAGAOKA GUN MOTOYAMA CHO","townEn":"SAKAMOTO"},"7813621":{"prefectureJa":"高知県","cityJa":"長岡郡本山町","townJa":"屋所","prefectureEn":"KOCHI KEN","cityEn":"NAGAOKA GUN MOTOYAMA CHO","townEn":"YATOKORO"},"7813622":{"prefectureJa":"高知県","cityJa":"長岡郡本山町","townJa":"沢ケ内","prefectureEn":"KOCHI KEN","cityEn":"NAGAOKA GUN MOTOYAMA CHO","townEn":"SOGAUCHI"},"7813623":{"prefectureJa":"高知県","cityJa":"長岡郡本山町","townJa":"瓜生野","prefectureEn":"KOCHI KEN","cityEn":"NAGAOKA GUN MOTOYAMA CHO","townEn":"URIUNO"},"7813624":{"prefectureJa":"高知県","cityJa":"長岡郡本山町","townJa":"七戸","prefectureEn":"KOCHI KEN","cityEn":"NAGAOKA GUN MOTOYAMA CHO","townEn":"NANATO"},"7813700":{"prefectureJa":"高知県","cityJa":"土佐郡大川村","townJa":"以下に掲載がない場合","prefectureEn":"KOCHI KEN","cityEn":"TOSA GUN OKAWA MURA","townEn":"IKANIKEISAIGANAIBAAI"},"7813701":{"prefectureJa":"高知県","cityJa":"土佐郡大川村","townJa":"船戸（その他）","prefectureEn":"KOCHI KEN","cityEn":"TOSA GUN OKAWA MURA","townEn":"FUNATO(SONOTA)"},"7813702":{"prefectureJa":"高知県","cityJa":"土佐郡大川村","townJa":"船戸（桃ケ谷）","prefectureEn":"KOCHI KEN","cityEn":"TOSA GUN OKAWA MURA","townEn":"FUNATO(MOMOGAYA)"},"7813703":{"prefectureJa":"高知県","cityJa":"土佐郡大川村","townJa":"小松","prefectureEn":"KOCHI KEN","cityEn":"TOSA GUN OKAWA MURA","townEn":"KOMATSU"},"7813704":{"prefectureJa":"高知県","cityJa":"土佐郡大川村","townJa":"朝谷","prefectureEn":"KOCHI KEN","cityEn":"TOSA GUN OKAWA MURA","townEn":"ASATANI"},"7813705":{"prefectureJa":"高知県","cityJa":"土佐郡大川村","townJa":"大北川","prefectureEn":"KOCHI KEN","cityEn":"TOSA GUN OKAWA MURA","townEn":"OKITAGAWA"},"7813711":{"prefectureJa":"高知県","cityJa":"土佐郡大川村","townJa":"高野","prefectureEn":"KOCHI KEN","cityEn":"TOSA GUN OKAWA MURA","townEn":"TAKANO"},"7813712":{"prefectureJa":"高知県","cityJa":"土佐郡大川村","townJa":"川崎","prefectureEn":"KOCHI KEN","cityEn":"TOSA GUN OKAWA MURA","townEn":"KAWASAKI"},"7813713":{"prefectureJa":"高知県","cityJa":"土佐郡大川村","townJa":"井野川","prefectureEn":"KOCHI KEN","cityEn":"TOSA GUN OKAWA MURA","townEn":"INOKAWA"},"7813714":{"prefectureJa":"高知県","cityJa":"土佐郡大川村","townJa":"大平","prefectureEn":"KOCHI KEN","cityEn":"TOSA GUN OKAWA MURA","townEn":"OHIRA"},"7813715":{"prefectureJa":"高知県","cityJa":"土佐郡大川村","townJa":"小麦畝","prefectureEn":"KOCHI KEN","cityEn":"TOSA GUN OKAWA MURA","townEn":"KOMUGIUNE"},"7813716":{"prefectureJa":"高知県","cityJa":"土佐郡大川村","townJa":"小北川","prefectureEn":"KOCHI KEN","cityEn":"TOSA GUN OKAWA MURA","townEn":"KOKITAGAWA"},"7813717":{"prefectureJa":"高知県","cityJa":"土佐郡大川村","townJa":"大薮","prefectureEn":"KOCHI KEN","cityEn":"TOSA GUN OKAWA MURA","townEn":"OYABU"},"7813721":{"prefectureJa":"高知県","cityJa":"土佐郡大川村","townJa":"中切","prefectureEn":"KOCHI KEN","cityEn":"TOSA GUN OKAWA MURA","townEn":"NAKAGIRI"},"7813722":{"prefectureJa":"高知県","cityJa":"土佐郡大川村","townJa":"下小南川","prefectureEn":"KOCHI KEN","cityEn":"TOSA GUN OKAWA MURA","townEn":"SHIMOMINAGAWA"},"7813723":{"prefectureJa":"高知県","cityJa":"土佐郡大川村","townJa":"上小南川","prefectureEn":"KOCHI KEN","cityEn":"TOSA GUN OKAWA MURA","townEn":"KAMIOMINAGAWA"},"7813724":{"prefectureJa":"高知県","cityJa":"土佐郡大川村","townJa":"南野山","prefectureEn":"KOCHI KEN","cityEn":"TOSA GUN OKAWA MURA","townEn":"MINAMINOYAMA"},"7813725":{"prefectureJa":"高知県","cityJa":"土佐郡大川村","townJa":"下切","prefectureEn":"KOCHI KEN","cityEn":"TOSA GUN OKAWA MURA","townEn":"SHITAGIRI"},"7813741":{"prefectureJa":"高知県","cityJa":"土佐郡土佐町","townJa":"柚ノ木","prefectureEn":"KOCHI KEN","cityEn":"TOSA GUN TOSA CHO","townEn":"YUNOKI"},"7813742":{"prefectureJa":"高知県","cityJa":"土佐郡土佐町","townJa":"南川","prefectureEn":"KOCHI KEN","cityEn":"TOSA GUN TOSA CHO","townEn":"MINAGAWA"},"7814201":{"prefectureJa":"高知県","cityJa":"香美市","townJa":"香北町永瀬","prefectureEn":"KOCHI KEN","cityEn":"KAMI SHI","townEn":"KAHOKUCHO NAGASE"},"7814202":{"prefectureJa":"高知県","cityJa":"香美市","townJa":"香北町蕨野","prefectureEn":"KOCHI KEN","cityEn":"KAMI SHI","townEn":"KAHOKUCHO WARABINO"},"7814203":{"prefectureJa":"高知県","cityJa":"香美市","townJa":"香北町白石","prefectureEn":"KOCHI KEN","cityEn":"KAMI SHI","townEn":"KAHOKUCHO SHIRAISHI"},"7814204":{"prefectureJa":"高知県","cityJa":"香美市","townJa":"香北町根須","prefectureEn":"KOCHI KEN","cityEn":"KAMI SHI","townEn":"KAHOKUCHO NEZU"},"7814205":{"prefectureJa":"高知県","cityJa":"香美市","townJa":"香北町吉野","prefectureEn":"KOCHI KEN","cityEn":"KAMI SHI","townEn":"KAHOKUCHO YOSHINO"},"7814206":{"prefectureJa":"高知県","cityJa":"香美市","townJa":"香北町小川","prefectureEn":"KOCHI KEN","cityEn":"KAMI SHI","townEn":"KAHOKUCHO OGAWA"},"7814207":{"prefectureJa":"高知県","cityJa":"香美市","townJa":"香北町西川乙","prefectureEn":"KOCHI KEN","cityEn":"KAMI SHI","townEn":"KAHOKUCHO NISHIGAWA OTSU"},"7814208":{"prefectureJa":"高知県","cityJa":"香美市","townJa":"香北町西川甲","prefectureEn":"KOCHI KEN","cityEn":"KAMI SHI","townEn":"KAHOKUCHO NISHIGAWA KO"},"7814211":{"prefectureJa":"高知県","cityJa":"香美市","townJa":"香北町韮生野","prefectureEn":"KOCHI KEN","cityEn":"KAMI SHI","townEn":"KAHOKUCHO NIRONO"},"7814212":{"prefectureJa":"高知県","cityJa":"香美市","townJa":"香北町美良布","prefectureEn":"KOCHI KEN","cityEn":"KAMI SHI","townEn":"KAHOKUCHO BIRAFU"},"7814213":{"prefectureJa":"高知県","cityJa":"香美市","townJa":"香北町下野尻","prefectureEn":"KOCHI KEN","cityEn":"KAMI SHI","townEn":"KAHOKUCHO SHIMONOJIRI"},"7814214":{"prefectureJa":"高知県","cityJa":"香美市","townJa":"香北町太郎丸","prefectureEn":"KOCHI KEN","cityEn":"KAMI SHI","townEn":"KAHOKUCHO TAROMARU"},"7814215":{"prefectureJa":"高知県","cityJa":"香美市","townJa":"香北町岩改","prefectureEn":"KOCHI KEN","cityEn":"KAMI SHI","townEn":"KAHOKUCHO IWAKAI"},"7814216":{"prefectureJa":"高知県","cityJa":"香美市","townJa":"香北町萩野","prefectureEn":"KOCHI KEN","cityEn":"KAMI SHI","townEn":"KAHOKUCHO HAGINO"},"7814217":{"prefectureJa":"高知県","cityJa":"香美市","townJa":"香北町橋川野","prefectureEn":"KOCHI KEN","cityEn":"KAMI SHI","townEn":"KAHOKUCHO HASHIKAWANO"},"7814221":{"prefectureJa":"高知県","cityJa":"香美市","townJa":"香北町白川","prefectureEn":"KOCHI KEN","cityEn":"KAMI SHI","townEn":"KAHOKUCHO SHIRAKAWA"},"7814222":{"prefectureJa":"高知県","cityJa":"香美市","townJa":"香北町五百蔵","prefectureEn":"KOCHI KEN","cityEn":"KAMI SHI","townEn":"KAHOKUCHO IOROI"},"7814223":{"prefectureJa":"高知県","cityJa":"香美市","townJa":"香北町有川","prefectureEn":"KOCHI KEN","cityEn":"KAMI SHI","townEn":"KAHOKUCHO ARAKAWA"},"7814224":{"prefectureJa":"高知県","cityJa":"香美市","townJa":"香北町有瀬","prefectureEn":"KOCHI KEN","cityEn":"KAMI SHI","townEn":"KAHOKUCHO ARASE"},"7814225":{"prefectureJa":"高知県","cityJa":"香美市","townJa":"香北町西峯","prefectureEn":"KOCHI KEN","cityEn":"KAMI SHI","townEn":"KAHOKUCHO NISHINOMINE"},"7814226":{"prefectureJa":"高知県","cityJa":"香美市","townJa":"香北町河野","prefectureEn":"KOCHI KEN","cityEn":"KAMI SHI","townEn":"KAHOKUCHO KONO"},"7814227":{"prefectureJa":"高知県","cityJa":"香美市","townJa":"香北町川ノ内","prefectureEn":"KOCHI KEN","cityEn":"KAMI SHI","townEn":"KAHOKUCHO KAWANOCHI"},"7814231":{"prefectureJa":"高知県","cityJa":"香美市","townJa":"香北町日ノ御子","prefectureEn":"KOCHI KEN","cityEn":"KAMI SHI","townEn":"KAHOKUCHO HINOMIKO"},"7814232":{"prefectureJa":"高知県","cityJa":"香美市","townJa":"香北町谷相","prefectureEn":"KOCHI KEN","cityEn":"KAMI SHI","townEn":"KAHOKUCHO TANIAI"},"7814233":{"prefectureJa":"高知県","cityJa":"香美市","townJa":"香北町中谷","prefectureEn":"KOCHI KEN","cityEn":"KAMI SHI","townEn":"KAHOKUCHO NAKATANI"},"7814234":{"prefectureJa":"高知県","cityJa":"香美市","townJa":"香北町横谷","prefectureEn":"KOCHI KEN","cityEn":"KAMI SHI","townEn":"KAHOKUCHO YOKOTANI"},"7814235":{"prefectureJa":"高知県","cityJa":"香美市","townJa":"香北町朴ノ木","prefectureEn":"KOCHI KEN","cityEn":"KAMI SHI","townEn":"KAHOKUCHO HONOKI"},"7814236":{"prefectureJa":"高知県","cityJa":"香美市","townJa":"香北町永野","prefectureEn":"KOCHI KEN","cityEn":"KAMI SHI","townEn":"KAHOKUCHO NAGANO"},"7814241":{"prefectureJa":"高知県","cityJa":"香美市","townJa":"香北町大井平","prefectureEn":"KOCHI KEN","cityEn":"KAMI SHI","townEn":"KAHOKUCHO OIDAIRA"},"7814242":{"prefectureJa":"高知県","cityJa":"香美市","townJa":"香北町大束","prefectureEn":"KOCHI KEN","cityEn":"KAMI SHI","townEn":"KAHOKUCHO OTSUKA"},"7814243":{"prefectureJa":"高知県","cityJa":"香美市","townJa":"香北町梅久保","prefectureEn":"KOCHI KEN","cityEn":"KAMI SHI","townEn":"KAHOKUCHO UMENOKUBO"},"7814244":{"prefectureJa":"高知県","cityJa":"香美市","townJa":"香北町日浦込","prefectureEn":"KOCHI KEN","cityEn":"KAMI SHI","townEn":"KAHOKUCHO HIURAGOMI"},"7814245":{"prefectureJa":"高知県","cityJa":"香美市","townJa":"香北町清爪","prefectureEn":"KOCHI KEN","cityEn":"KAMI SHI","townEn":"KAHOKUCHO SEIZUME"},"7814246":{"prefectureJa":"高知県","cityJa":"香美市","townJa":"香北町日比原","prefectureEn":"KOCHI KEN","cityEn":"KAMI SHI","townEn":"KAHOKUCHO HIBIHARA"},"7814247":{"prefectureJa":"高知県","cityJa":"香美市","townJa":"香北町猪野々","prefectureEn":"KOCHI KEN","cityEn":"KAMI SHI","townEn":"KAHOKUCHO INONO"},"7814401":{"prefectureJa":"高知県","cityJa":"香美市","townJa":"物部町大栃","prefectureEn":"KOCHI KEN","cityEn":"KAMI SHI","townEn":"MONOBECHO ODOCHI"},"7814402":{"prefectureJa":"高知県","cityJa":"香美市","townJa":"物部町山崎（その他）","prefectureEn":"KOCHI KEN","cityEn":"KAMI SHI","townEn":"MONOBECHO YAMASAKI(SONOTA)"},"7814403":{"prefectureJa":"高知県","cityJa":"香美市","townJa":"物部町押谷","prefectureEn":"KOCHI KEN","cityEn":"KAMI SHI","townEn":"MONOBECHO OSUDANI"},"7814404":{"prefectureJa":"高知県","cityJa":"香美市","townJa":"物部町小浜","prefectureEn":"KOCHI KEN","cityEn":"KAMI SHI","townEn":"MONOBECHO KOHAMA"},"7814405":{"prefectureJa":"高知県","cityJa":"香美市","townJa":"物部町根木屋","prefectureEn":"KOCHI KEN","cityEn":"KAMI SHI","townEn":"MONOBECHO NEKIYA"},"7814406":{"prefectureJa":"高知県","cityJa":"香美市","townJa":"物部町仙頭","prefectureEn":"KOCHI KEN","cityEn":"KAMI SHI","townEn":"MONOBECHO SENDO"},"7814411":{"prefectureJa":"高知県","cityJa":"香美市","townJa":"物部町中谷川","prefectureEn":"KOCHI KEN","cityEn":"KAMI SHI","townEn":"MONOBECHO NAKATANIGAWA"},"7814412":{"prefectureJa":"高知県","cityJa":"香美市","townJa":"物部町拓","prefectureEn":"KOCHI KEN","cityEn":"KAMI SHI","townEn":"MONOBECHO TSUBUSE"},"7814413":{"prefectureJa":"高知県","cityJa":"香美市","townJa":"物部町庄谷相","prefectureEn":"KOCHI KEN","cityEn":"KAMI SHI","townEn":"MONOBECHO SHODANIAI"},"7814414":{"prefectureJa":"高知県","cityJa":"香美市","townJa":"物部町頓定","prefectureEn":"KOCHI KEN","cityEn":"KAMI SHI","townEn":"MONOBECHO TONJO"},"7814415":{"prefectureJa":"高知県","cityJa":"香美市","townJa":"物部町舞川","prefectureEn":"KOCHI KEN","cityEn":"KAMI SHI","townEn":"MONOBECHO MAIKAWA"},"7814521":{"prefectureJa":"高知県","cityJa":"香美市","townJa":"物部町安丸","prefectureEn":"KOCHI KEN","cityEn":"KAMI SHI","townEn":"MONOBECHO YASUMARU"},"7814522":{"prefectureJa":"高知県","cityJa":"香美市","townJa":"物部町黒代","prefectureEn":"KOCHI KEN","cityEn":"KAMI SHI","townEn":"MONOBECHO KURODAI"},"7814523":{"prefectureJa":"高知県","cityJa":"香美市","townJa":"物部町神池","prefectureEn":"KOCHI KEN","cityEn":"KAMI SHI","townEn":"MONOBECHO KAMIIKE"},"7814524":{"prefectureJa":"高知県","cityJa":"香美市","townJa":"物部町楮佐古","prefectureEn":"KOCHI KEN","cityEn":"KAMI SHI","townEn":"MONOBECHO KAJISAKO"},"7814525":{"prefectureJa":"高知県","cityJa":"香美市","townJa":"物部町柳瀬","prefectureEn":"KOCHI KEN","cityEn":"KAMI SHI","townEn":"MONOBECHO YANAISE"},"7814526":{"prefectureJa":"高知県","cityJa":"香美市","townJa":"物部町五王堂","prefectureEn":"KOCHI KEN","cityEn":"KAMI SHI","townEn":"MONOBECHO GODO"},"7814527":{"prefectureJa":"高知県","cityJa":"香美市","townJa":"物部町南池","prefectureEn":"KOCHI KEN","cityEn":"KAMI SHI","townEn":"MONOBECHO MINAMIIKE"},"7814528":{"prefectureJa":"高知県","cityJa":"香美市","townJa":"物部町大西","prefectureEn":"KOCHI KEN","cityEn":"KAMI SHI","townEn":"MONOBECHO ONISHI"},"7814529":{"prefectureJa":"高知県","cityJa":"香美市","townJa":"物部町中上","prefectureEn":"KOCHI KEN","cityEn":"KAMI SHI","townEn":"MONOBECHO NAKAUE"},"7814530":{"prefectureJa":"高知県","cityJa":"香美市","townJa":"物部町笹","prefectureEn":"KOCHI KEN","cityEn":"KAMI SHI","townEn":"MONOBECHO SASA"},"7814531":{"prefectureJa":"高知県","cityJa":"香美市","townJa":"物部町久保","prefectureEn":"KOCHI KEN","cityEn":"KAMI SHI","townEn":"MONOBECHO KUBO"},"7814641":{"prefectureJa":"高知県","cityJa":"香美市","townJa":"物部町岡ノ内","prefectureEn":"KOCHI KEN","cityEn":"KAMI SHI","townEn":"MONOBECHO OKANOCHI"},"7814642":{"prefectureJa":"高知県","cityJa":"香美市","townJa":"物部町別役","prefectureEn":"KOCHI KEN","cityEn":"KAMI SHI","townEn":"MONOBECHO BETCHAKU"},"7814643":{"prefectureJa":"高知県","cityJa":"香美市","townJa":"物部町市宇","prefectureEn":"KOCHI KEN","cityEn":"KAMI SHI","townEn":"MONOBECHO ICHIU"},"7814644":{"prefectureJa":"高知県","cityJa":"香美市","townJa":"物部町別府","prefectureEn":"KOCHI KEN","cityEn":"KAMI SHI","townEn":"MONOBECHO BEFU"},"7814645":{"prefectureJa":"高知県","cityJa":"香美市","townJa":"物部町山崎（桑ノ川）","prefectureEn":"KOCHI KEN","cityEn":"KAMI SHI","townEn":"MONOBECHO YAMASAKI(KUWANOKAWA)"},"7815101":{"prefectureJa":"高知県","cityJa":"高知市","townJa":"布師田","prefectureEn":"KOCHI KEN","cityEn":"KOCHI SHI","townEn":"NUNOSHIDA"},"7815102":{"prefectureJa":"高知県","cityJa":"高知市","townJa":"大津甲","prefectureEn":"KOCHI KEN","cityEn":"KOCHI SHI","townEn":"OTSU KO"},"7815103":{"prefectureJa":"高知県","cityJa":"高知市","townJa":"大津乙","prefectureEn":"KOCHI KEN","cityEn":"KOCHI SHI","townEn":"OTSU OTSU"},"7815104":{"prefectureJa":"高知県","cityJa":"高知市","townJa":"介良（その他）","prefectureEn":"KOCHI KEN","cityEn":"KOCHI SHI","townEn":"KERA(SONOTA)"},"7815105":{"prefectureJa":"高知県","cityJa":"高知市","townJa":"介良甲","prefectureEn":"KOCHI KEN","cityEn":"KOCHI SHI","townEn":"KERA KO"},"7815106":{"prefectureJa":"高知県","cityJa":"高知市","townJa":"介良乙","prefectureEn":"KOCHI KEN","cityEn":"KOCHI SHI","townEn":"KERA OTSU"},"7815107":{"prefectureJa":"高知県","cityJa":"高知市","townJa":"介良丙","prefectureEn":"KOCHI KEN","cityEn":"KOCHI SHI","townEn":"KERA HEI"},"7815108":{"prefectureJa":"高知県","cityJa":"高知市","townJa":"潮見台","prefectureEn":"KOCHI KEN","cityEn":"KOCHI SHI","townEn":"SHIOMIDAI"},"7815200":{"prefectureJa":"高知県","cityJa":"香南市","townJa":"以下に掲載がない場合","prefectureEn":"KOCHI KEN","cityEn":"KONAN SHI","townEn":"IKANIKEISAIGANAIBAAI"},"7815201":{"prefectureJa":"高知県","cityJa":"香南市","townJa":"野市町本村","prefectureEn":"KOCHI KEN","cityEn":"KONAN SHI","townEn":"NOICHICHO HOMMURA"},"7815202":{"prefectureJa":"高知県","cityJa":"香南市","townJa":"野市町兎田","prefectureEn":"KOCHI KEN","cityEn":"KONAN SHI","townEn":"NOICHICHO USAIDA"},"7815203":{"prefectureJa":"高知県","cityJa":"香南市","townJa":"野市町中山田","prefectureEn":"KOCHI KEN","cityEn":"KONAN SHI","townEn":"NOICHICHO NAKAYAMADA"},"7815204":{"prefectureJa":"高知県","cityJa":"香南市","townJa":"野市町新宮","prefectureEn":"KOCHI KEN","cityEn":"KONAN SHI","townEn":"NOICHICHO SHINGU"},"7815205":{"prefectureJa":"高知県","cityJa":"香南市","townJa":"野市町みどり野東","prefectureEn":"KOCHI KEN","cityEn":"KONAN SHI","townEn":"NOICHICHO MIDORINOHIGASHI"},"7815206":{"prefectureJa":"高知県","cityJa":"香南市","townJa":"野市町みどり野","prefectureEn":"KOCHI KEN","cityEn":"KONAN SHI","townEn":"NOICHICHO MIDORINO"},"7815211":{"prefectureJa":"高知県","cityJa":"香南市","townJa":"野市町中ノ村","prefectureEn":"KOCHI KEN","cityEn":"KONAN SHI","townEn":"NOICHICHO NAKANOMURA"},"7815212":{"prefectureJa":"高知県","cityJa":"香南市","townJa":"野市町土居","prefectureEn":"KOCHI KEN","cityEn":"KONAN SHI","townEn":"NOICHICHO DOI"},"7815213":{"prefectureJa":"高知県","cityJa":"香南市","townJa":"野市町東野","prefectureEn":"KOCHI KEN","cityEn":"KONAN SHI","townEn":"NOICHICHO HIGASHINO"},"7815221":{"prefectureJa":"高知県","cityJa":"香南市","townJa":"野市町父養寺","prefectureEn":"KOCHI KEN","cityEn":"KONAN SHI","townEn":"NOICHICHO BUYOJI"},"7815222":{"prefectureJa":"高知県","cityJa":"香南市","townJa":"野市町母代寺","prefectureEn":"KOCHI KEN","cityEn":"KONAN SHI","townEn":"NOICHICHO BODAIJI"},"7815223":{"prefectureJa":"高知県","cityJa":"香南市","townJa":"野市町西佐古","prefectureEn":"KOCHI KEN","cityEn":"KONAN SHI","townEn":"NOICHICHO NISHISAKO"},"7815224":{"prefectureJa":"高知県","cityJa":"香南市","townJa":"野市町東佐古","prefectureEn":"KOCHI KEN","cityEn":"KONAN SHI","townEn":"NOICHICHO HIGASHISAKO"},"7815231":{"prefectureJa":"高知県","cityJa":"香南市","townJa":"野市町深渕","prefectureEn":"KOCHI KEN","cityEn":"KONAN SHI","townEn":"NOICHICHO FUKABUCHI"},"7815232":{"prefectureJa":"高知県","cityJa":"香南市","townJa":"野市町西野","prefectureEn":"KOCHI KEN","cityEn":"KONAN SHI","townEn":"NOICHICHO NISHINO"},"7815233":{"prefectureJa":"高知県","cityJa":"香南市","townJa":"野市町大谷","prefectureEn":"KOCHI KEN","cityEn":"KONAN SHI","townEn":"NOICHICHO OTANI"},"7815234":{"prefectureJa":"高知県","cityJa":"香南市","townJa":"野市町上岡","prefectureEn":"KOCHI KEN","cityEn":"KONAN SHI","townEn":"NOICHICHO KAMIOKA"},"7815235":{"prefectureJa":"高知県","cityJa":"香南市","townJa":"野市町下井","prefectureEn":"KOCHI KEN","cityEn":"KONAN SHI","townEn":"NOICHICHO SHIMOI"},"7815241":{"prefectureJa":"高知県","cityJa":"香南市","townJa":"吉川町吉原","prefectureEn":"KOCHI KEN","cityEn":"KONAN SHI","townEn":"YOSHIKAWACHO YOSHIHARA"},"7815242":{"prefectureJa":"高知県","cityJa":"香南市","townJa":"吉川町古川","prefectureEn":"KOCHI KEN","cityEn":"KONAN SHI","townEn":"YOSHIKAWACHO FURUKAWA"},"7815310":{"prefectureJa":"高知県","cityJa":"香南市","townJa":"赤岡町","prefectureEn":"KOCHI KEN","cityEn":"KONAN SHI","townEn":"AKAOKACHO"},"7815331":{"prefectureJa":"高知県","cityJa":"香南市","townJa":"香我美町岸本","prefectureEn":"KOCHI KEN","cityEn":"KONAN SHI","townEn":"KAGAMICHO KISHIMOTO"},"7815332":{"prefectureJa":"高知県","cityJa":"香南市","townJa":"香我美町徳王子","prefectureEn":"KOCHI KEN","cityEn":"KONAN SHI","townEn":"KAGAMICHO TOKUOJI"},"7815451":{"prefectureJa":"高知県","cityJa":"香南市","townJa":"香我美町上分","prefectureEn":"KOCHI KEN","cityEn":"KONAN SHI","townEn":"KAGAMICHO KAMIBUN"},"7815452":{"prefectureJa":"高知県","cityJa":"香南市","townJa":"香我美町下分","prefectureEn":"KOCHI KEN","cityEn":"KONAN SHI","townEn":"KAGAMICHO SHIMOBUN"},"7815453":{"prefectureJa":"高知県","cityJa":"香南市","townJa":"香我美町山北","prefectureEn":"KOCHI KEN","cityEn":"KONAN SHI","townEn":"KAGAMICHO YAMAKITA"},"7815454":{"prefectureJa":"高知県","cityJa":"香南市","townJa":"香我美町口西川","prefectureEn":"KOCHI KEN","cityEn":"KONAN SHI","townEn":"KAGAMICHO KUCHINISHIGAWA"},"7815455":{"prefectureJa":"高知県","cityJa":"香南市","townJa":"香我美町中西川","prefectureEn":"KOCHI KEN","cityEn":"KONAN SHI","townEn":"KAGAMICHO NAKANISHIGAWA"},"7815461":{"prefectureJa":"高知県","cityJa":"香南市","townJa":"香我美町福万","prefectureEn":"KOCHI KEN","cityEn":"KONAN SHI","townEn":"KAGAMICHO FUKUMAN"},"7815462":{"prefectureJa":"高知県","cityJa":"香南市","townJa":"香我美町山川","prefectureEn":"KOCHI KEN","cityEn":"KONAN SHI","townEn":"KAGAMICHO YAMAGAWA"},"7815463":{"prefectureJa":"高知県","cityJa":"香南市","townJa":"香我美町末延","prefectureEn":"KOCHI KEN","cityEn":"KONAN SHI","townEn":"KAGAMICHO SUENOBU"},"7815464":{"prefectureJa":"高知県","cityJa":"香南市","townJa":"香我美町末清","prefectureEn":"KOCHI KEN","cityEn":"KONAN SHI","townEn":"KAGAMICHO SUEKIYO"},"7815465":{"prefectureJa":"高知県","cityJa":"香南市","townJa":"香我美町正延","prefectureEn":"KOCHI KEN","cityEn":"KONAN SHI","townEn":"KAGAMICHO MASANOBU"},"7815466":{"prefectureJa":"高知県","cityJa":"香南市","townJa":"香我美町別役","prefectureEn":"KOCHI KEN","cityEn":"KONAN SHI","townEn":"KAGAMICHO BETCHAKU"},"7815467":{"prefectureJa":"高知県","cityJa":"香南市","townJa":"香我美町奥西川","prefectureEn":"KOCHI KEN","cityEn":"KONAN SHI","townEn":"KAGAMICHO OKUNISHIGAWA"},"7815468":{"prefectureJa":"高知県","cityJa":"香南市","townJa":"香我美町撫川","prefectureEn":"KOCHI KEN","cityEn":"KONAN SHI","townEn":"KAGAMICHO MUGAWA"},"7815469":{"prefectureJa":"高知県","cityJa":"香南市","townJa":"香我美町舞川","prefectureEn":"KOCHI KEN","cityEn":"KONAN SHI","townEn":"KAGAMICHO MAIKAWA"},"7815601":{"prefectureJa":"高知県","cityJa":"香南市","townJa":"夜須町坪井","prefectureEn":"KOCHI KEN","cityEn":"KONAN SHI","townEn":"YASUCHO TSUBOI"},"7815602":{"prefectureJa":"高知県","cityJa":"香南市","townJa":"夜須町千切","prefectureEn":"KOCHI KEN","cityEn":"KONAN SHI","townEn":"YASUCHO CHIGIRE"},"7815603":{"prefectureJa":"高知県","cityJa":"香南市","townJa":"夜須町西山","prefectureEn":"KOCHI KEN","cityEn":"KONAN SHI","townEn":"YASUCHO NISHIYAMA"},"7815604":{"prefectureJa":"高知県","cityJa":"香南市","townJa":"夜須町出口","prefectureEn":"KOCHI KEN","cityEn":"KONAN SHI","townEn":"YASUCHO IDEGUCHI"},"7815605":{"prefectureJa":"高知県","cityJa":"香南市","townJa":"夜須町十ノ木","prefectureEn":"KOCHI KEN","cityEn":"KONAN SHI","townEn":"YASUCHO TONOKI"},"7815606":{"prefectureJa":"高知県","cityJa":"香南市","townJa":"夜須町上夜須","prefectureEn":"KOCHI KEN","cityEn":"KONAN SHI","townEn":"YASUCHO KAMIYASU"},"7815611":{"prefectureJa":"高知県","cityJa":"香南市","townJa":"夜須町夜須川","prefectureEn":"KOCHI KEN","cityEn":"KONAN SHI","townEn":"YASUCHO YASUGAWA"},"7815612":{"prefectureJa":"高知県","cityJa":"香南市","townJa":"夜須町細川","prefectureEn":"KOCHI KEN","cityEn":"KONAN SHI","townEn":"YASUCHO HOSOKAWA"},"7815613":{"prefectureJa":"高知県","cityJa":"香南市","townJa":"夜須町国光","prefectureEn":"KOCHI KEN","cityEn":"KONAN SHI","townEn":"YASUCHO KUNIMITSU"},"7815614":{"prefectureJa":"高知県","cityJa":"香南市","townJa":"夜須町羽尾","prefectureEn":"KOCHI KEN","cityEn":"KONAN SHI","townEn":"YASUCHO HAO"},"7815615":{"prefectureJa":"高知県","cityJa":"香南市","townJa":"夜須町沢谷","prefectureEn":"KOCHI KEN","cityEn":"KONAN SHI","townEn":"YASUCHO SAWATANI"},"7815616":{"prefectureJa":"高知県","cityJa":"香南市","townJa":"夜須町仲木屋","prefectureEn":"KOCHI KEN","cityEn":"KONAN SHI","townEn":"YASUCHO NAKAGIYA"},"7815621":{"prefectureJa":"高知県","cityJa":"香南市","townJa":"夜須町手結","prefectureEn":"KOCHI KEN","cityEn":"KONAN SHI","townEn":"YASUCHO TEI"},"7815622":{"prefectureJa":"高知県","cityJa":"香南市","townJa":"夜須町手結山","prefectureEn":"KOCHI KEN","cityEn":"KONAN SHI","townEn":"YASUCHO TEIYAMA"},"7815700":{"prefectureJa":"高知県","cityJa":"安芸郡芸西村","townJa":"以下に掲載がない場合","prefectureEn":"KOCHI KEN","cityEn":"AKI GUN GEISEI MURA","townEn":"IKANIKEISAIGANAIBAAI"},"7815701":{"prefectureJa":"高知県","cityJa":"安芸郡芸西村","townJa":"和食甲","prefectureEn":"KOCHI KEN","cityEn":"AKI GUN GEISEI MURA","townEn":"WAJIKI KO"},"7815702":{"prefectureJa":"高知県","cityJa":"安芸郡芸西村","townJa":"和食乙","prefectureEn":"KOCHI KEN","cityEn":"AKI GUN GEISEI MURA","townEn":"WAJIKI OTSU"},"7815703":{"prefectureJa":"高知県","cityJa":"安芸郡芸西村","townJa":"西分甲","prefectureEn":"KOCHI KEN","cityEn":"AKI GUN GEISEI MURA","townEn":"NISHIBUN KO"},"7815704":{"prefectureJa":"高知県","cityJa":"安芸郡芸西村","townJa":"西分乙","prefectureEn":"KOCHI KEN","cityEn":"AKI GUN GEISEI MURA","townEn":"NISHIBUNOTSU"},"7815705":{"prefectureJa":"高知県","cityJa":"安芸郡芸西村","townJa":"馬ノ上","prefectureEn":"KOCHI KEN","cityEn":"AKI GUN GEISEI MURA","townEn":"UMANOE"},"7815706":{"prefectureJa":"高知県","cityJa":"安芸郡芸西村","townJa":"道家","prefectureEn":"KOCHI KEN","cityEn":"AKI GUN GEISEI MURA","townEn":"DOKE"},"7815707":{"prefectureJa":"高知県","cityJa":"安芸郡芸西村","townJa":"国光","prefectureEn":"KOCHI KEN","cityEn":"AKI GUN GEISEI MURA","townEn":"KUNIMITSU"},"7815708":{"prefectureJa":"高知県","cityJa":"安芸郡芸西村","townJa":"久重","prefectureEn":"KOCHI KEN","cityEn":"AKI GUN GEISEI MURA","townEn":"KUE"},"7816200":{"prefectureJa":"高知県","cityJa":"安芸郡馬路村","townJa":"以下に掲載がない場合","prefectureEn":"KOCHI KEN","cityEn":"AKI GUN UMAJI MURA","townEn":"IKANIKEISAIGANAIBAAI"},"7816201":{"prefectureJa":"高知県","cityJa":"安芸郡馬路村","townJa":"馬路","prefectureEn":"KOCHI KEN","cityEn":"AKI GUN UMAJI MURA","townEn":"UMAJI"},"7816202":{"prefectureJa":"高知県","cityJa":"安芸郡馬路村","townJa":"魚梁瀬","prefectureEn":"KOCHI KEN","cityEn":"AKI GUN UMAJI MURA","townEn":"YANASE"},"7816400":{"prefectureJa":"高知県","cityJa":"安芸郡奈半利町","townJa":"以下に掲載がない場合","prefectureEn":"KOCHI KEN","cityEn":"AKI GUN KITAGAWA MURA","townEn":"IKANIKEISAIGANAIBAAI"},"7816401":{"prefectureJa":"高知県","cityJa":"安芸郡奈半利町","townJa":"甲","prefectureEn":"KOCHI KEN","cityEn":"AKI GUN NAHARI CHO","townEn":"KO"},"7816402":{"prefectureJa":"高知県","cityJa":"安芸郡奈半利町","townJa":"乙","prefectureEn":"KOCHI KEN","cityEn":"AKI GUN NAHARI CHO","townEn":"OTSU"},"7816403":{"prefectureJa":"高知県","cityJa":"安芸郡奈半利町","townJa":"丙","prefectureEn":"KOCHI KEN","cityEn":"AKI GUN NAHARI CHO","townEn":"HEI"},"7816410":{"prefectureJa":"高知県","cityJa":"安芸郡田野町","townJa":"田野町一円","prefectureEn":"KOCHI KEN","cityEn":"AKI GUN TANO CHO","townEn":"TANOCHOICHIEN"},"7816421":{"prefectureJa":"高知県","cityJa":"安芸郡安田町","townJa":"安田","prefectureEn":"KOCHI KEN","cityEn":"AKI GUN YASUDA CHO","townEn":"YASUDA"},"7816422":{"prefectureJa":"高知県","cityJa":"安芸郡安田町","townJa":"唐浜","prefectureEn":"KOCHI KEN","cityEn":"AKI GUN YASUDA CHO","townEn":"TONOHAMA"},"7816423":{"prefectureJa":"高知県","cityJa":"安芸郡安田町","townJa":"西島","prefectureEn":"KOCHI KEN","cityEn":"AKI GUN YASUDA CHO","townEn":"NISHIJIMA"},"7816424":{"prefectureJa":"高知県","cityJa":"安芸郡安田町","townJa":"隆見","prefectureEn":"KOCHI KEN","cityEn":"AKI GUN YASUDA CHO","townEn":"TAKAMI"},"7816425":{"prefectureJa":"高知県","cityJa":"安芸郡安田町","townJa":"東島","prefectureEn":"KOCHI KEN","cityEn":"AKI GUN YASUDA CHO","townEn":"HIGASHIJIMA"},"7816426":{"prefectureJa":"高知県","cityJa":"安芸郡安田町","townJa":"間下","prefectureEn":"KOCHI KEN","cityEn":"AKI GUN YASUDA CHO","townEn":"MAGE"},"7816427":{"prefectureJa":"高知県","cityJa":"安芸郡安田町","townJa":"内京坊","prefectureEn":"KOCHI KEN","cityEn":"AKI GUN YASUDA CHO","townEn":"NAIKYOBO"},"7816430":{"prefectureJa":"高知県","cityJa":"安芸郡安田町","townJa":"正弘","prefectureEn":"KOCHI KEN","cityEn":"AKI GUN YASUDA CHO","townEn":"MASAHIRO"},"7816431":{"prefectureJa":"高知県","cityJa":"安芸郡安田町","townJa":"別所","prefectureEn":"KOCHI KEN","cityEn":"AKI GUN YASUDA CHO","townEn":"BESSHIYO"},"7816432":{"prefectureJa":"高知県","cityJa":"安芸郡安田町","townJa":"西ノ川","prefectureEn":"KOCHI KEN","cityEn":"AKI GUN YASUDA CHO","townEn":"NISHINOKAWA"},"7816433":{"prefectureJa":"高知県","cityJa":"安芸郡安田町","townJa":"中ノ川","prefectureEn":"KOCHI KEN","cityEn":"AKI GUN YASUDA CHO","townEn":"NAKANOKAWA"},"7816434":{"prefectureJa":"高知県","cityJa":"安芸郡安田町","townJa":"与床","prefectureEn":"KOCHI KEN","cityEn":"AKI GUN YASUDA CHO","townEn":"YODOKO"},"7816435":{"prefectureJa":"高知県","cityJa":"安芸郡安田町","townJa":"船倉","prefectureEn":"KOCHI KEN","cityEn":"AKI GUN YASUDA CHO","townEn":"FUNAKURA"},"7816436":{"prefectureJa":"高知県","cityJa":"安芸郡安田町","townJa":"瀬切","prefectureEn":"KOCHI KEN","cityEn":"AKI GUN YASUDA CHO","townEn":"SEGIRI"},"7816437":{"prefectureJa":"高知県","cityJa":"安芸郡安田町","townJa":"中里","prefectureEn":"KOCHI KEN","cityEn":"AKI GUN YASUDA CHO","townEn":"NAKAZATO"},"7816438":{"prefectureJa":"高知県","cityJa":"安芸郡安田町","townJa":"小川","prefectureEn":"KOCHI KEN","cityEn":"AKI GUN YASUDA CHO","townEn":"OGAWA"},"7816439":{"prefectureJa":"高知県","cityJa":"安芸郡安田町","townJa":"日々入","prefectureEn":"KOCHI KEN","cityEn":"AKI GUN YASUDA CHO","townEn":"HIBIIRI"},"7816441":{"prefectureJa":"高知県","cityJa":"安芸郡北川村","townJa":"野友甲","prefectureEn":"KOCHI KEN","cityEn":"AKI GUN KITAGAWA MURA","townEn":"NOTOMO KO"},"7816442":{"prefectureJa":"高知県","cityJa":"安芸郡北川村","townJa":"野友乙","prefectureEn":"KOCHI KEN","cityEn":"AKI GUN KITAGAWA MURA","townEn":"NOTOMO OTSU"},"7816443":{"prefectureJa":"高知県","cityJa":"安芸郡北川村","townJa":"加茂","prefectureEn":"KOCHI KEN","cityEn":"AKI GUN KITAGAWA MURA","townEn":"KAMO"},"7816444":{"prefectureJa":"高知県","cityJa":"安芸郡北川村","townJa":"野川","prefectureEn":"KOCHI KEN","cityEn":"AKI GUN KITAGAWA MURA","townEn":"NOGAWA"},"7816445":{"prefectureJa":"高知県","cityJa":"安芸郡北川村","townJa":"長山","prefectureEn":"KOCHI KEN","cityEn":"AKI GUN KITAGAWA MURA","townEn":"NAGAYAMA"},"7816446":{"prefectureJa":"高知県","cityJa":"安芸郡北川村","townJa":"西谷","prefectureEn":"KOCHI KEN","cityEn":"AKI GUN KITAGAWA MURA","townEn":"NISHIDANI"},"7816447":{"prefectureJa":"高知県","cityJa":"安芸郡北川村","townJa":"木積","prefectureEn":"KOCHI KEN","cityEn":"AKI GUN KITAGAWA MURA","townEn":"KOTSUMO"},"7816448":{"prefectureJa":"高知県","cityJa":"安芸郡北川村","townJa":"宗ノ上","prefectureEn":"KOCHI KEN","cityEn":"AKI GUN KITAGAWA MURA","townEn":"SONOE"},"7816449":{"prefectureJa":"高知県","cityJa":"安芸郡北川村","townJa":"柏木","prefectureEn":"KOCHI KEN","cityEn":"AKI GUN KITAGAWA MURA","townEn":"KASHIWAGI"},"7816450":{"prefectureJa":"高知県","cityJa":"安芸郡北川村","townJa":"和田","prefectureEn":"KOCHI KEN","cityEn":"AKI GUN KITAGAWA MURA","townEn":"WADA"},"7816451":{"prefectureJa":"高知県","cityJa":"安芸郡北川村","townJa":"小島","prefectureEn":"KOCHI KEN","cityEn":"AKI GUN KITAGAWA MURA","townEn":"KOSHIMA"},"7816452":{"prefectureJa":"高知県","cityJa":"安芸郡北川村","townJa":"平鍋","prefectureEn":"KOCHI KEN","cityEn":"AKI GUN KITAGAWA MURA","townEn":"HIRANABE"},"7816453":{"prefectureJa":"高知県","cityJa":"安芸郡北川村","townJa":"二タ又","prefectureEn":"KOCHI KEN","cityEn":"AKI GUN KITAGAWA MURA","townEn":"FUTAMATA"},"7816454":{"prefectureJa":"高知県","cityJa":"安芸郡北川村","townJa":"島","prefectureEn":"KOCHI KEN","cityEn":"AKI GUN KITAGAWA MURA","townEn":"SHIMA"},"7816455":{"prefectureJa":"高知県","cityJa":"安芸郡北川村","townJa":"久江ノ上","prefectureEn":"KOCHI KEN","cityEn":"AKI GUN KITAGAWA MURA","townEn":"KUENOE"},"7816456":{"prefectureJa":"高知県","cityJa":"安芸郡北川村","townJa":"久木","prefectureEn":"KOCHI KEN","cityEn":"AKI GUN KITAGAWA MURA","townEn":"KUKI"},"7816457":{"prefectureJa":"高知県","cityJa":"安芸郡北川村","townJa":"弘瀬","prefectureEn":"KOCHI KEN","cityEn":"AKI GUN KITAGAWA MURA","townEn":"HIROSE"},"7816458":{"prefectureJa":"高知県","cityJa":"安芸郡北川村","townJa":"安倉","prefectureEn":"KOCHI KEN","cityEn":"AKI GUN KITAGAWA MURA","townEn":"AGURA"},"7816459":{"prefectureJa":"高知県","cityJa":"安芸郡北川村","townJa":"菅ノ上","prefectureEn":"KOCHI KEN","cityEn":"AKI GUN KITAGAWA MURA","townEn":"SUGENOE"},"7816460":{"prefectureJa":"高知県","cityJa":"安芸郡北川村","townJa":"竹屋敷","prefectureEn":"KOCHI KEN","cityEn":"AKI GUN KITAGAWA MURA","townEn":"TAKEYASHIKI"},"7816741":{"prefectureJa":"高知県","cityJa":"室戸市","townJa":"羽根町甲","prefectureEn":"KOCHI KEN","cityEn":"MUROTO SHI","townEn":"HANECHO KO"},"7816742":{"prefectureJa":"高知県","cityJa":"室戸市","townJa":"羽根町乙","prefectureEn":"KOCHI KEN","cityEn":"MUROTO SHI","townEn":"HANECHO OTSU"},"7816831":{"prefectureJa":"高知県","cityJa":"室戸市","townJa":"吉良川町乙","prefectureEn":"KOCHI KEN","cityEn":"MUROTO SHI","townEn":"KIRAGAWACHO OTSU"},"7816832":{"prefectureJa":"高知県","cityJa":"室戸市","townJa":"吉良川町甲","prefectureEn":"KOCHI KEN","cityEn":"MUROTO SHI","townEn":"KIRAGAWACHO KO"},"7816833":{"prefectureJa":"高知県","cityJa":"室戸市","townJa":"吉良川町丙","prefectureEn":"KOCHI KEN","cityEn":"MUROTO SHI","townEn":"KIRAGAWACHO HEI"},"7817100":{"prefectureJa":"高知県","cityJa":"室戸市","townJa":"以下に掲載がない場合","prefectureEn":"KOCHI KEN","cityEn":"MUROTO SHI","townEn":"IKANIKEISAIGANAIBAAI"},"7817101":{"prefectureJa":"高知県","cityJa":"室戸市","townJa":"室戸岬町","prefectureEn":"KOCHI KEN","cityEn":"MUROTO SHI","townEn":"MUROTOMISAKICHO"},"7817102":{"prefectureJa":"高知県","cityJa":"室戸市","townJa":"室津","prefectureEn":"KOCHI KEN","cityEn":"MUROTO SHI","townEn":"MUROTSU"},"7817103":{"prefectureJa":"高知県","cityJa":"室戸市","townJa":"浮津","prefectureEn":"KOCHI KEN","cityEn":"MUROTO SHI","townEn":"UKITSU"},"7817104":{"prefectureJa":"高知県","cityJa":"室戸市","townJa":"浮津一番町","prefectureEn":"KOCHI KEN","cityEn":"MUROTO SHI","townEn":"UKITSU1-BANCHO"},"7817105":{"prefectureJa":"高知県","cityJa":"室戸市","townJa":"浮津二番町","prefectureEn":"KOCHI KEN","cityEn":"MUROTO SHI","townEn":"UKITSU2-BANCHO"},"7817106":{"prefectureJa":"高知県","cityJa":"室戸市","townJa":"浮津三番町","prefectureEn":"KOCHI KEN","cityEn":"MUROTO SHI","townEn":"UKITSU3-BANCHO"},"7817107":{"prefectureJa":"高知県","cityJa":"室戸市","townJa":"元甲","prefectureEn":"KOCHI KEN","cityEn":"MUROTO SHI","townEn":"MOTOKO"},"7817108":{"prefectureJa":"高知県","cityJa":"室戸市","townJa":"元乙","prefectureEn":"KOCHI KEN","cityEn":"MUROTO SHI","townEn":"MOTO OTSU"},"7817109":{"prefectureJa":"高知県","cityJa":"室戸市","townJa":"領家","prefectureEn":"KOCHI KEN","cityEn":"MUROTO SHI","townEn":"RYOKE"},"7817220":{"prefectureJa":"高知県","cityJa":"室戸市","townJa":"佐喜浜町","prefectureEn":"KOCHI KEN","cityEn":"MUROTO SHI","townEn":"SAKIHAMACHO"},"7817300":{"prefectureJa":"高知県","cityJa":"安芸郡東洋町","townJa":"以下に掲載がない場合","prefectureEn":"KOCHI KEN","cityEn":"AKI GUN TOYO CHO","townEn":"IKANIKEISAIGANAIBAAI"},"7817301":{"prefectureJa":"高知県","cityJa":"安芸郡東洋町","townJa":"野根丙","prefectureEn":"KOCHI KEN","cityEn":"AKI GUN TOYO CHO","townEn":"NONE HEI"},"7817302":{"prefectureJa":"高知県","cityJa":"安芸郡東洋町","townJa":"野根甲","prefectureEn":"KOCHI KEN","cityEn":"AKI GUN TOYO CHO","townEn":"NONE KO"},"7817303":{"prefectureJa":"高知県","cityJa":"安芸郡東洋町","townJa":"野根丁","prefectureEn":"KOCHI KEN","cityEn":"AKI GUN TOYO CHO","townEn":"NONE TEI"},"7817304":{"prefectureJa":"高知県","cityJa":"安芸郡東洋町","townJa":"野根乙","prefectureEn":"KOCHI KEN","cityEn":"AKI GUN TOYO CHO","townEn":"NONE OTSU"},"7817411":{"prefectureJa":"高知県","cityJa":"安芸郡東洋町","townJa":"甲浦","prefectureEn":"KOCHI KEN","cityEn":"AKI GUN TOYO CHO","townEn":"KANNORA"},"7817412":{"prefectureJa":"高知県","cityJa":"安芸郡東洋町","townJa":"河内","prefectureEn":"KOCHI KEN","cityEn":"AKI GUN TOYO CHO","townEn":"KAWAUCHI"},"7817413":{"prefectureJa":"高知県","cityJa":"安芸郡東洋町","townJa":"白浜","prefectureEn":"KOCHI KEN","cityEn":"AKI GUN TOYO CHO","townEn":"SHIRAHAMA"},"7817414":{"prefectureJa":"高知県","cityJa":"安芸郡東洋町","townJa":"生見","prefectureEn":"KOCHI KEN","cityEn":"AKI GUN TOYO CHO","townEn":"IKUMI"},"7818001":{"prefectureJa":"高知県","cityJa":"高知市","townJa":"土居町","prefectureEn":"KOCHI KEN","cityEn":"KOCHI SHI","townEn":"DOIMACHI"},"7818002":{"prefectureJa":"高知県","cityJa":"高知市","townJa":"役知町","prefectureEn":"KOCHI KEN","cityEn":"KOCHI SHI","townEn":"YAKUCHICHO"},"7818003":{"prefectureJa":"高知県","cityJa":"高知市","townJa":"北新田町","prefectureEn":"KOCHI KEN","cityEn":"KOCHI SHI","townEn":"KITASHINTACHO"},"7818004":{"prefectureJa":"高知県","cityJa":"高知市","townJa":"新田町","prefectureEn":"KOCHI KEN","cityEn":"KOCHI SHI","townEn":"SHINTACHO"},"7818005":{"prefectureJa":"高知県","cityJa":"高知市","townJa":"南新田町","prefectureEn":"KOCHI KEN","cityEn":"KOCHI SHI","townEn":"MINAMISHINTACHO"},"7818006":{"prefectureJa":"高知県","cityJa":"高知市","townJa":"萩町","prefectureEn":"KOCHI KEN","cityEn":"KOCHI SHI","townEn":"HAGIMACHI"},"7818007":{"prefectureJa":"高知県","cityJa":"高知市","townJa":"仲田町","prefectureEn":"KOCHI KEN","cityEn":"KOCHI SHI","townEn":"NAKATACHO"},"7818008":{"prefectureJa":"高知県","cityJa":"高知市","townJa":"潮新町","prefectureEn":"KOCHI KEN","cityEn":"KOCHI SHI","townEn":"USHIOSHIMMACHI"},"7818010":{"prefectureJa":"高知県","cityJa":"高知市","townJa":"桟橋通","prefectureEn":"KOCHI KEN","cityEn":"KOCHI SHI","townEn":"SAMBASHIDORI"},"7818016":{"prefectureJa":"高知県","cityJa":"高知市","townJa":"南ノ丸町","prefectureEn":"KOCHI KEN","cityEn":"KOCHI SHI","townEn":"MINAMINOMARUCHO"},"7818101":{"prefectureJa":"高知県","cityJa":"高知市","townJa":"高須砂地","prefectureEn":"KOCHI KEN","cityEn":"KOCHI SHI","townEn":"TAKASUSUNAJI"},"7818102":{"prefectureJa":"高知県","cityJa":"高知市","townJa":"高須本町","prefectureEn":"KOCHI KEN","cityEn":"KOCHI SHI","townEn":"TAKASUHOMMACHI"},"7818103":{"prefectureJa":"高知県","cityJa":"高知市","townJa":"高須新木","prefectureEn":"KOCHI KEN","cityEn":"KOCHI SHI","townEn":"TAKASUSHINGI"},"7818104":{"prefectureJa":"高知県","cityJa":"高知市","townJa":"高須（丁目）","prefectureEn":"KOCHI KEN","cityEn":"KOCHI SHI","townEn":"TAKASU(CHOME)"},"7818105":{"prefectureJa":"高知県","cityJa":"高知市","townJa":"高須東町","prefectureEn":"KOCHI KEN","cityEn":"KOCHI SHI","townEn":"TAKASUHIGASHIMACHI"},"7818111":{"prefectureJa":"高知県","cityJa":"高知市","townJa":"高須大島","prefectureEn":"KOCHI KEN","cityEn":"KOCHI SHI","townEn":"TAKASUOSHIMA"},"7818112":{"prefectureJa":"高知県","cityJa":"高知市","townJa":"高須大谷","prefectureEn":"KOCHI KEN","cityEn":"KOCHI SHI","townEn":"TAKASUOTANI"},"7818113":{"prefectureJa":"高知県","cityJa":"高知市","townJa":"高須絶海","prefectureEn":"KOCHI KEN","cityEn":"KOCHI SHI","townEn":"TAKASUTARUMI"},"7818114":{"prefectureJa":"高知県","cityJa":"高知市","townJa":"高須西町","prefectureEn":"KOCHI KEN","cityEn":"KOCHI SHI","townEn":"TAKASUNISHIMACHI"},"7818121":{"prefectureJa":"高知県","cityJa":"高知市","townJa":"葛島","prefectureEn":"KOCHI KEN","cityEn":"KOCHI SHI","townEn":"KAZURASHIMA"},"7818122":{"prefectureJa":"高知県","cityJa":"高知市","townJa":"高須新町","prefectureEn":"KOCHI KEN","cityEn":"KOCHI SHI","townEn":"TAKASUSHIMMACHI"},"7818123":{"prefectureJa":"高知県","cityJa":"高知市","townJa":"高須","prefectureEn":"KOCHI KEN","cityEn":"KOCHI SHI","townEn":"TAKASU"},"7818124":{"prefectureJa":"高知県","cityJa":"高知市","townJa":"屋頭","prefectureEn":"KOCHI KEN","cityEn":"KOCHI SHI","townEn":"YAGASHIRA"},"7818125":{"prefectureJa":"高知県","cityJa":"高知市","townJa":"五台山","prefectureEn":"KOCHI KEN","cityEn":"KOCHI SHI","townEn":"GODAISAN"},"7818126":{"prefectureJa":"高知県","cityJa":"高知市","townJa":"吸江","prefectureEn":"KOCHI KEN","cityEn":"KOCHI SHI","townEn":"GYUKO"},"7818130":{"prefectureJa":"高知県","cityJa":"高知市","townJa":"一宮","prefectureEn":"KOCHI KEN","cityEn":"KOCHI SHI","townEn":"IKKU"},"7818131":{"prefectureJa":"高知県","cityJa":"高知市","townJa":"一宮しなね","prefectureEn":"KOCHI KEN","cityEn":"KOCHI SHI","townEn":"IKKUSHINANE"},"7818132":{"prefectureJa":"高知県","cityJa":"高知市","townJa":"一宮東町","prefectureEn":"KOCHI KEN","cityEn":"KOCHI SHI","townEn":"IKKUHIGASHIMACHI"},"7818133":{"prefectureJa":"高知県","cityJa":"高知市","townJa":"一宮徳谷","prefectureEn":"KOCHI KEN","cityEn":"KOCHI SHI","townEn":"IKKUTOKUDANI"},"7818134":{"prefectureJa":"高知県","cityJa":"高知市","townJa":"一宮中町","prefectureEn":"KOCHI KEN","cityEn":"KOCHI SHI","townEn":"IKKUNAKAMACHI"},"7818135":{"prefectureJa":"高知県","cityJa":"高知市","townJa":"一宮南町","prefectureEn":"KOCHI KEN","cityEn":"KOCHI SHI","townEn":"IKKUMINAMIMACHI"},"7818136":{"prefectureJa":"高知県","cityJa":"高知市","townJa":"一宮西町","prefectureEn":"KOCHI KEN","cityEn":"KOCHI SHI","townEn":"IKKUNISHIMACHI"}}