{"7830000":{"prefectureJa":"高知県","cityJa":"南国市","townJa":"以下に掲載がない場合","prefectureEn":"KOCHI KEN","cityEn":"NANKOKU SHI","townEn":"IKANIKEISAIGANAIBAAI"},"7830001":{"prefectureJa":"高知県","cityJa":"南国市","townJa":"日吉町","prefectureEn":"KOCHI KEN","cityEn":"NANKOKU SHI","townEn":"HIYOSHICHO"},"7830002":{"prefectureJa":"高知県","cityJa":"南国市","townJa":"駅前町","prefectureEn":"KOCHI KEN","cityEn":"NANKOKU SHI","townEn":"EKIMAECHO"},"7830003":{"prefectureJa":"高知県","cityJa":"南国市","townJa":"西野田町","prefectureEn":"KOCHI KEN","cityEn":"NANKOKU SHI","townEn":"NISHINODACHO"},"7830004":{"prefectureJa":"高知県","cityJa":"南国市","townJa":"大そね甲","prefectureEn":"KOCHI KEN","cityEn":"NANKOKU SHI","townEn":"OSONE KO"},"7830005":{"prefectureJa":"高知県","cityJa":"南国市","townJa":"大そね乙","prefectureEn":"KOCHI KEN","cityEn":"NANKOKU SHI","townEn":"OSONE OTSU"},"7830006":{"prefectureJa":"高知県","cityJa":"南国市","townJa":"篠原","prefectureEn":"KOCHI KEN","cityEn":"NANKOKU SHI","townEn":"SHINOHARA"},"7830007":{"prefectureJa":"高知県","cityJa":"南国市","townJa":"明見","prefectureEn":"KOCHI KEN","cityEn":"NANKOKU SHI","townEn":"MYOKEN"},"7830008":{"prefectureJa":"高知県","cityJa":"南国市","townJa":"伊達野","prefectureEn":"KOCHI KEN","cityEn":"NANKOKU SHI","townEn":"ITACHINO"},"7830011":{"prefectureJa":"高知県","cityJa":"南国市","townJa":"後免町","prefectureEn":"KOCHI KEN","cityEn":"NANKOKU SHI","townEn":"GOMEMMACHI"},"7830012":{"prefectureJa":"高知県","cityJa":"南国市","townJa":"東山町","prefectureEn":"KOCHI KEN","cityEn":"NANKOKU SHI","townEn":"HIGASHIYAMAMACHI"},"7830013":{"prefectureJa":"高知県","cityJa":"南国市","townJa":"幸町","prefectureEn":"KOCHI KEN","cityEn":"NANKOKU SHI","townEn":"SAIWAICHO"},"7830014":{"prefectureJa":"高知県","cityJa":"南国市","townJa":"元町","prefectureEn":"KOCHI KEN","cityEn":"NANKOKU SHI","townEn":"MOTOMACHI"},"7830021":{"prefectureJa":"高知県","cityJa":"南国市","townJa":"野中","prefectureEn":"KOCHI KEN","cityEn":"NANKOKU SHI","townEn":"NONAKA"},"7830022":{"prefectureJa":"高知県","cityJa":"南国市","townJa":"小籠","prefectureEn":"KOCHI KEN","cityEn":"NANKOKU SHI","townEn":"KOGOME"},"7830023":{"prefectureJa":"高知県","cityJa":"南国市","townJa":"廿枝","prefectureEn":"KOCHI KEN","cityEn":"NANKOKU SHI","townEn":"HATAEDA"},"7830024":{"prefectureJa":"高知県","cityJa":"南国市","townJa":"東崎","prefectureEn":"KOCHI KEN","cityEn":"NANKOKU SHI","townEn":"HIGASHIZAKI"},"7830025":{"prefectureJa":"高知県","cityJa":"南国市","townJa":"下末松","prefectureEn":"KOCHI KEN","cityEn":"NANKOKU SHI","townEn":"SHIMOSUEMATSU"},"7830026":{"prefectureJa":"高知県","cityJa":"南国市","townJa":"上末松","prefectureEn":"KOCHI KEN","cityEn":"NANKOKU SHI","townEn":"KAMISUEMATSU"},"7830027":{"prefectureJa":"高知県","cityJa":"南国市","townJa":"三畠","prefectureEn":"KOCHI KEN","cityEn":"NANKOKU SHI","townEn":"SAMBAKU"},"7830028":{"prefectureJa":"高知県","cityJa":"南国市","townJa":"陣山","prefectureEn":"KOCHI KEN","cityEn":"NANKOKU SHI","townEn":"JINYAMA"},"7830029":{"prefectureJa":"高知県","cityJa":"南国市","townJa":"西山","prefectureEn":"KOCHI KEN","cityEn":"NANKOKU SHI","townEn":"NISHIYAMA"},"7830031":{"prefectureJa":"高知県","cityJa":"南国市","townJa":"下野田","prefectureEn":"KOCHI KEN","cityEn":"NANKOKU SHI","townEn":"SHIMONODA"},"7830032":{"prefectureJa":"高知県","cityJa":"南国市","townJa":"上野田","prefectureEn":"KOCHI KEN","cityEn":"NANKOKU SHI","townEn":"KAMINODA"},"7830033":{"prefectureJa":"高知県","cityJa":"南国市","townJa":"包末","prefectureEn":"KOCHI KEN","cityEn":"NANKOKU SHI","townEn":"KANOSUE"},"7830034":{"prefectureJa":"高知県","cityJa":"南国市","townJa":"堀ノ内","prefectureEn":"KOCHI KEN","cityEn":"NANKOKU SHI","townEn":"HORINOCHI"},"7830035":{"prefectureJa":"高知県","cityJa":"南国市","townJa":"金地","prefectureEn":"KOCHI KEN","cityEn":"NANKOKU SHI","townEn":"KANAJI"},"7830036":{"prefectureJa":"高知県","cityJa":"南国市","townJa":"福船","prefectureEn":"KOCHI KEN","cityEn":"NANKOKU SHI","townEn":"FUKUBUNE"},"7830037":{"prefectureJa":"高知県","cityJa":"南国市","townJa":"蔵福寺島","prefectureEn":"KOCHI KEN","cityEn":"NANKOKU SHI","townEn":"ZOFUKUJIJIMA"},"7830040":{"prefectureJa":"高知県","cityJa":"南国市","townJa":"岡豊町滝本","prefectureEn":"KOCHI KEN","cityEn":"NANKOKU SHI","townEn":"OKOCHO TAKIMOTO"},"7830041":{"prefectureJa":"高知県","cityJa":"南国市","townJa":"岡豊町定林寺","prefectureEn":"KOCHI KEN","cityEn":"NANKOKU SHI","townEn":"OKOCHO JORINJI"},"7830042":{"prefectureJa":"高知県","cityJa":"南国市","townJa":"岡豊町蒲原","prefectureEn":"KOCHI KEN","cityEn":"NANKOKU SHI","townEn":"OKOCHO KAMOHARA"},"7830043":{"prefectureJa":"高知県","cityJa":"南国市","townJa":"岡豊町小蓮","prefectureEn":"KOCHI KEN","cityEn":"NANKOKU SHI","townEn":"OKOCHO KOHASU"},"7830044":{"prefectureJa":"高知県","cityJa":"南国市","townJa":"岡豊町八幡","prefectureEn":"KOCHI KEN","cityEn":"NANKOKU SHI","townEn":"OKOCHO YAHATA"},"7830045":{"prefectureJa":"高知県","cityJa":"南国市","townJa":"岡豊町吉田","prefectureEn":"KOCHI KEN","cityEn":"NANKOKU SHI","townEn":"OKOCHO YOSHIDA"},"7830046":{"prefectureJa":"高知県","cityJa":"南国市","townJa":"岡豊町江村","prefectureEn":"KOCHI KEN","cityEn":"NANKOKU SHI","townEn":"OKOCHO EMURA"},"7830047":{"prefectureJa":"高知県","cityJa":"南国市","townJa":"岡豊町常通寺島","prefectureEn":"KOCHI KEN","cityEn":"NANKOKU SHI","townEn":"OKOCHO JOTSUJISHIMA"},"7830048":{"prefectureJa":"高知県","cityJa":"南国市","townJa":"岡豊町小篭","prefectureEn":"KOCHI KEN","cityEn":"NANKOKU SHI","townEn":"OKOCHO KOGOME"},"7830049":{"prefectureJa":"高知県","cityJa":"南国市","townJa":"岡豊町中島","prefectureEn":"KOCHI KEN","cityEn":"NANKOKU SHI","townEn":"OKOCHO NAKAJIMA"},"7830051":{"prefectureJa":"高知県","cityJa":"南国市","townJa":"岡豊町笠ノ川","prefectureEn":"KOCHI KEN","cityEn":"NANKOKU SHI","townEn":"OKOCHO KASANOKAWA"},"7830052":{"prefectureJa":"高知県","cityJa":"南国市","townJa":"左右山","prefectureEn":"KOCHI KEN","cityEn":"NANKOKU SHI","townEn":"SOYAMA"},"7830053":{"prefectureJa":"高知県","cityJa":"南国市","townJa":"国分","prefectureEn":"KOCHI KEN","cityEn":"NANKOKU SHI","townEn":"KOKUBU"},"7830054":{"prefectureJa":"高知県","cityJa":"南国市","townJa":"比江","prefectureEn":"KOCHI KEN","cityEn":"NANKOKU SHI","townEn":"HIE"},"7830055":{"prefectureJa":"高知県","cityJa":"南国市","townJa":"双葉台","prefectureEn":"KOCHI KEN","cityEn":"NANKOKU SHI","townEn":"FUTABADAI"},"7830056":{"prefectureJa":"高知県","cityJa":"南国市","townJa":"領石","prefectureEn":"KOCHI KEN","cityEn":"NANKOKU SHI","townEn":"RYOSEKI"},"7830057":{"prefectureJa":"高知県","cityJa":"南国市","townJa":"八京","prefectureEn":"KOCHI KEN","cityEn":"NANKOKU SHI","townEn":"YAKYO"},"7830058":{"prefectureJa":"高知県","cityJa":"南国市","townJa":"白木谷","prefectureEn":"KOCHI KEN","cityEn":"NANKOKU SHI","townEn":"SHIRAKIDANI"},"7830060":{"prefectureJa":"高知県","cityJa":"南国市","townJa":"蛍が丘","prefectureEn":"KOCHI KEN","cityEn":"NANKOKU SHI","townEn":"HOTARUGAOKA"},"7830061":{"prefectureJa":"高知県","cityJa":"南国市","townJa":"植野","prefectureEn":"KOCHI KEN","cityEn":"NANKOKU SHI","townEn":"UENO"},"7830062":{"prefectureJa":"高知県","cityJa":"南国市","townJa":"久礼田","prefectureEn":"KOCHI KEN","cityEn":"NANKOKU SHI","townEn":"KUREDA"},"7830063":{"prefectureJa":"高知県","cityJa":"南国市","townJa":"植田","prefectureEn":"KOCHI KEN","cityEn":"NANKOKU SHI","townEn":"UETA"},"7830064":{"prefectureJa":"高知県","cityJa":"南国市","townJa":"宍崎","prefectureEn":"KOCHI KEN","cityEn":"NANKOKU SHI","townEn":"SHISHIZAKI"},"7830065":{"prefectureJa":"高知県","cityJa":"南国市","townJa":"外山","prefectureEn":"KOCHI KEN","cityEn":"NANKOKU SHI","townEn":"TOYAMA"},"7830066":{"prefectureJa":"高知県","cityJa":"南国市","townJa":"成合","prefectureEn":"KOCHI KEN","cityEn":"NANKOKU SHI","townEn":"NAREAI"},"7830067":{"prefectureJa":"高知県","cityJa":"南国市","townJa":"天行寺","prefectureEn":"KOCHI KEN","cityEn":"NANKOKU SHI","townEn":"TENGYOJI"},"7830068":{"prefectureJa":"高知県","cityJa":"南国市","townJa":"才谷","prefectureEn":"KOCHI KEN","cityEn":"NANKOKU SHI","townEn":"SAIDANI"},"7830071":{"prefectureJa":"高知県","cityJa":"南国市","townJa":"亀岩","prefectureEn":"KOCHI KEN","cityEn":"NANKOKU SHI","townEn":"KAMEIWA"},"7830072":{"prefectureJa":"高知県","cityJa":"南国市","townJa":"奈路","prefectureEn":"KOCHI KEN","cityEn":"NANKOKU SHI","townEn":"NARO"},"7830073":{"prefectureJa":"高知県","cityJa":"南国市","townJa":"中谷","prefectureEn":"KOCHI KEN","cityEn":"NANKOKU SHI","townEn":"NAKADANI"},"7830074":{"prefectureJa":"高知県","cityJa":"南国市","townJa":"上倉","prefectureEn":"KOCHI KEN","cityEn":"NANKOKU SHI","townEn":"AGEKURA"},"7830075":{"prefectureJa":"高知県","cityJa":"南国市","townJa":"桑ノ川","prefectureEn":"KOCHI KEN","cityEn":"NANKOKU SHI","townEn":"KUWANOKAWA"},"7830076":{"prefectureJa":"高知県","cityJa":"南国市","townJa":"黒滝","prefectureEn":"KOCHI KEN","cityEn":"NANKOKU SHI","townEn":"KUROTAKI"},"7830077":{"prefectureJa":"高知県","cityJa":"南国市","townJa":"大改野","prefectureEn":"KOCHI KEN","cityEn":"NANKOKU SHI","townEn":"OGAINO"},"7830078":{"prefectureJa":"高知県","cityJa":"南国市","townJa":"中ノ川","prefectureEn":"KOCHI KEN","cityEn":"NANKOKU SHI","townEn":"NAKANOKAWA"},"7830081":{"prefectureJa":"高知県","cityJa":"南国市","townJa":"片山","prefectureEn":"KOCHI KEN","cityEn":"NANKOKU SHI","townEn":"KATAYAMA"},"7830082":{"prefectureJa":"高知県","cityJa":"南国市","townJa":"里改田","prefectureEn":"KOCHI KEN","cityEn":"NANKOKU SHI","townEn":"SATOKAIDA"},"7830083":{"prefectureJa":"高知県","cityJa":"南国市","townJa":"浜改田","prefectureEn":"KOCHI KEN","cityEn":"NANKOKU SHI","townEn":"HAMAKAIDA"},"7830084":{"prefectureJa":"高知県","cityJa":"南国市","townJa":"稲生","prefectureEn":"KOCHI KEN","cityEn":"NANKOKU SHI","townEn":"INABU"},"7830085":{"prefectureJa":"高知県","cityJa":"南国市","townJa":"十市","prefectureEn":"KOCHI KEN","cityEn":"NANKOKU SHI","townEn":"TOCHI"},"7830086":{"prefectureJa":"高知県","cityJa":"南国市","townJa":"緑ケ丘","prefectureEn":"KOCHI KEN","cityEn":"NANKOKU SHI","townEn":"MIDORIGAOKA"},"7830087":{"prefectureJa":"高知県","cityJa":"南国市","townJa":"三和琴平","prefectureEn":"KOCHI KEN","cityEn":"NANKOKU SHI","townEn":"MIWAKOTOHIRA"},"7830091":{"prefectureJa":"高知県","cityJa":"南国市","townJa":"立田","prefectureEn":"KOCHI KEN","cityEn":"NANKOKU SHI","townEn":"TATEDA"},"7830092":{"prefectureJa":"高知県","cityJa":"南国市","townJa":"田村","prefectureEn":"KOCHI KEN","cityEn":"NANKOKU SHI","townEn":"TAMURA"},"7830093":{"prefectureJa":"高知県","cityJa":"南国市","townJa":"物部","prefectureEn":"KOCHI KEN","cityEn":"NANKOKU SHI","townEn":"MONOBE"},"7830094":{"prefectureJa":"高知県","cityJa":"南国市","townJa":"前浜","prefectureEn":"KOCHI KEN","cityEn":"NANKOKU SHI","townEn":"MAEHAMA"},"7830095":{"prefectureJa":"高知県","cityJa":"南国市","townJa":"下島","prefectureEn":"KOCHI KEN","cityEn":"NANKOKU SHI","townEn":"SHIMOJIMA"},"7830096":{"prefectureJa":"高知県","cityJa":"南国市","townJa":"久枝","prefectureEn":"KOCHI KEN","cityEn":"NANKOKU SHI","townEn":"HISAEDA"},"7830097":{"prefectureJa":"高知県","cityJa":"南国市","townJa":"日章あけぼの","prefectureEn":"KOCHI KEN","cityEn":"NANKOKU SHI","townEn":"NISSHOAKEBONO"}}