{"3210000":{"prefectureJa":"栃木県","cityJa":"宇都宮市","townJa":"以下に掲載がない場合","prefectureEn":"TOCHIGI KEN","cityEn":"UTSUNOMIYA SHI","townEn":"IKANIKEISAIGANAIBAAI"},"3210101":{"prefectureJa":"栃木県","cityJa":"宇都宮市","townJa":"江曽島本町","prefectureEn":"TOCHIGI KEN","cityEn":"UTSUNOMIYA SHI","townEn":"ESOJIMAHONCHO"},"3210102":{"prefectureJa":"栃木県","cityJa":"宇都宮市","townJa":"江曽島町","prefectureEn":"TOCHIGI KEN","cityEn":"UTSUNOMIYA SHI","townEn":"ESOJIMAMACHI"},"3210103":{"prefectureJa":"栃木県","cityJa":"宇都宮市","townJa":"台新田町","prefectureEn":"TOCHIGI KEN","cityEn":"UTSUNOMIYA SHI","townEn":"DAISHINDEMMACHI"},"3210104":{"prefectureJa":"栃木県","cityJa":"宇都宮市","townJa":"台新田","prefectureEn":"TOCHIGI KEN","cityEn":"UTSUNOMIYA SHI","townEn":"DAISHINDEN"},"3210105":{"prefectureJa":"栃木県","cityJa":"宇都宮市","townJa":"横田新町","prefectureEn":"TOCHIGI KEN","cityEn":"UTSUNOMIYA SHI","townEn":"YOKOTASHIMMACHI"},"3210106":{"prefectureJa":"栃木県","cityJa":"宇都宮市","townJa":"上横田町","prefectureEn":"TOCHIGI KEN","cityEn":"UTSUNOMIYA SHI","townEn":"KAMIYOKOTAMACHI"},"3210107":{"prefectureJa":"栃木県","cityJa":"宇都宮市","townJa":"江曽島","prefectureEn":"TOCHIGI KEN","cityEn":"UTSUNOMIYA SHI","townEn":"ESOJIMA"},"3210108":{"prefectureJa":"栃木県","cityJa":"宇都宮市","townJa":"春日町","prefectureEn":"TOCHIGI KEN","cityEn":"UTSUNOMIYA SHI","townEn":"KASUGACHO"},"3210111":{"prefectureJa":"栃木県","cityJa":"宇都宮市","townJa":"川田町","prefectureEn":"TOCHIGI KEN","cityEn":"UTSUNOMIYA SHI","townEn":"KAWADAMACHI"},"3210112":{"prefectureJa":"栃木県","cityJa":"宇都宮市","townJa":"屋板町","prefectureEn":"TOCHIGI KEN","cityEn":"UTSUNOMIYA SHI","townEn":"YAITAMACHI"},"3210113":{"prefectureJa":"栃木県","cityJa":"宇都宮市","townJa":"砂田町","prefectureEn":"TOCHIGI KEN","cityEn":"UTSUNOMIYA SHI","townEn":"SUNATAMACHI"},"3210114":{"prefectureJa":"栃木県","cityJa":"宇都宮市","townJa":"中島町","prefectureEn":"TOCHIGI KEN","cityEn":"UTSUNOMIYA SHI","townEn":"NAKAJIMACHO"},"3210115":{"prefectureJa":"栃木県","cityJa":"宇都宮市","townJa":"上御田町","prefectureEn":"TOCHIGI KEN","cityEn":"UTSUNOMIYA SHI","townEn":"KAMIMITACHO"},"3210116":{"prefectureJa":"栃木県","cityJa":"宇都宮市","townJa":"東横田町","prefectureEn":"TOCHIGI KEN","cityEn":"UTSUNOMIYA SHI","townEn":"HIGASHIYOKOTAMACHI"},"3210117":{"prefectureJa":"栃木県","cityJa":"宇都宮市","townJa":"城南","prefectureEn":"TOCHIGI KEN","cityEn":"UTSUNOMIYA SHI","townEn":"JONAN"},"3210118":{"prefectureJa":"栃木県","cityJa":"宇都宮市","townJa":"インターパーク","prefectureEn":"TOCHIGI KEN","cityEn":"UTSUNOMIYA SHI","townEn":"INTAPAKU"},"3210121":{"prefectureJa":"栃木県","cityJa":"宇都宮市","townJa":"雀宮町","prefectureEn":"TOCHIGI KEN","cityEn":"UTSUNOMIYA SHI","townEn":"SUZUMENOMIYACHO"},"3210122":{"prefectureJa":"栃木県","cityJa":"宇都宮市","townJa":"下反町町","prefectureEn":"TOCHIGI KEN","cityEn":"UTSUNOMIYA SHI","townEn":"SHIMOSORIMACHICHO"},"3210123":{"prefectureJa":"栃木県","cityJa":"宇都宮市","townJa":"東谷町","prefectureEn":"TOCHIGI KEN","cityEn":"UTSUNOMIYA SHI","townEn":"TOYACHO"},"3210124":{"prefectureJa":"栃木県","cityJa":"宇都宮市","townJa":"下横田町","prefectureEn":"TOCHIGI KEN","cityEn":"UTSUNOMIYA SHI","townEn":"SHIMOYOKOTACHO"},"3210125":{"prefectureJa":"栃木県","cityJa":"宇都宮市","townJa":"御田長島町","prefectureEn":"TOCHIGI KEN","cityEn":"UTSUNOMIYA SHI","townEn":"MITANAGASHIMACHO"},"3210126":{"prefectureJa":"栃木県","cityJa":"宇都宮市","townJa":"茂原町","prefectureEn":"TOCHIGI KEN","cityEn":"UTSUNOMIYA SHI","townEn":"MOBARACHO"},"3210127":{"prefectureJa":"栃木県","cityJa":"宇都宮市","townJa":"羽牛田町","prefectureEn":"TOCHIGI KEN","cityEn":"UTSUNOMIYA SHI","townEn":"HAGYUDACHO"},"3210131":{"prefectureJa":"栃木県","cityJa":"宇都宮市","townJa":"宮の内","prefectureEn":"TOCHIGI KEN","cityEn":"UTSUNOMIYA SHI","townEn":"MIYANOCHI"},"3210132":{"prefectureJa":"栃木県","cityJa":"宇都宮市","townJa":"雀の宮","prefectureEn":"TOCHIGI KEN","cityEn":"UTSUNOMIYA SHI","townEn":"SUZUMENOMIYA"},"3210133":{"prefectureJa":"栃木県","cityJa":"宇都宮市","townJa":"新富町","prefectureEn":"TOCHIGI KEN","cityEn":"UTSUNOMIYA SHI","townEn":"SHINTOMICHO"},"3210134":{"prefectureJa":"栃木県","cityJa":"宇都宮市","townJa":"高砂町","prefectureEn":"TOCHIGI KEN","cityEn":"UTSUNOMIYA SHI","townEn":"TAKASAGOCHO"},"3210135":{"prefectureJa":"栃木県","cityJa":"宇都宮市","townJa":"五代","prefectureEn":"TOCHIGI KEN","cityEn":"UTSUNOMIYA SHI","townEn":"GODAI"},"3210136":{"prefectureJa":"栃木県","cityJa":"宇都宮市","townJa":"みどり野町","prefectureEn":"TOCHIGI KEN","cityEn":"UTSUNOMIYA SHI","townEn":"MIDORINOMACHI"},"3210137":{"prefectureJa":"栃木県","cityJa":"宇都宮市","townJa":"針ケ谷","prefectureEn":"TOCHIGI KEN","cityEn":"UTSUNOMIYA SHI","townEn":"HARIGAYA"},"3210138":{"prefectureJa":"栃木県","cityJa":"宇都宮市","townJa":"兵庫塚","prefectureEn":"TOCHIGI KEN","cityEn":"UTSUNOMIYA SHI","townEn":"HYOGOTSUKA"},"3210139":{"prefectureJa":"栃木県","cityJa":"宇都宮市","townJa":"若松原","prefectureEn":"TOCHIGI KEN","cityEn":"UTSUNOMIYA SHI","townEn":"WAKAMATSUHARA"},"3210141":{"prefectureJa":"栃木県","cityJa":"宇都宮市","townJa":"さつき","prefectureEn":"TOCHIGI KEN","cityEn":"UTSUNOMIYA SHI","townEn":"SATSUKI"},"3210142":{"prefectureJa":"栃木県","cityJa":"宇都宮市","townJa":"南町","prefectureEn":"TOCHIGI KEN","cityEn":"UTSUNOMIYA SHI","townEn":"MINAMIMACHI"},"3210143":{"prefectureJa":"栃木県","cityJa":"宇都宮市","townJa":"南高砂町","prefectureEn":"TOCHIGI KEN","cityEn":"UTSUNOMIYA SHI","townEn":"MINAMITAKASAGOCHO"},"3210144":{"prefectureJa":"栃木県","cityJa":"宇都宮市","townJa":"末広","prefectureEn":"TOCHIGI KEN","cityEn":"UTSUNOMIYA SHI","townEn":"SUEHIRO"},"3210145":{"prefectureJa":"栃木県","cityJa":"宇都宮市","townJa":"茂原","prefectureEn":"TOCHIGI KEN","cityEn":"UTSUNOMIYA SHI","townEn":"MOBARA"},"3210146":{"prefectureJa":"栃木県","cityJa":"宇都宮市","townJa":"富士見町","prefectureEn":"TOCHIGI KEN","cityEn":"UTSUNOMIYA SHI","townEn":"FUJIMICHO"},"3210147":{"prefectureJa":"栃木県","cityJa":"宇都宮市","townJa":"針ケ谷町","prefectureEn":"TOCHIGI KEN","cityEn":"UTSUNOMIYA SHI","townEn":"HARIGAYACHO"},"3210151":{"prefectureJa":"栃木県","cityJa":"宇都宮市","townJa":"西川田町","prefectureEn":"TOCHIGI KEN","cityEn":"UTSUNOMIYA SHI","townEn":"NISHIKAWATAMACHI"},"3210152":{"prefectureJa":"栃木県","cityJa":"宇都宮市","townJa":"西川田","prefectureEn":"TOCHIGI KEN","cityEn":"UTSUNOMIYA SHI","townEn":"NISHIKAWATA"},"3210153":{"prefectureJa":"栃木県","cityJa":"宇都宮市","townJa":"北若松原","prefectureEn":"TOCHIGI KEN","cityEn":"UTSUNOMIYA SHI","townEn":"KITAWAKAMATSUHARA"},"3210154":{"prefectureJa":"栃木県","cityJa":"宇都宮市","townJa":"西川田東町","prefectureEn":"TOCHIGI KEN","cityEn":"UTSUNOMIYA SHI","townEn":"NISHIKAWATAHIGASHIMACHI"},"3210155":{"prefectureJa":"栃木県","cityJa":"宇都宮市","townJa":"西川田南","prefectureEn":"TOCHIGI KEN","cityEn":"UTSUNOMIYA SHI","townEn":"NISHIKAWATAMINAMI"},"3210156":{"prefectureJa":"栃木県","cityJa":"宇都宮市","townJa":"兵庫塚町","prefectureEn":"TOCHIGI KEN","cityEn":"UTSUNOMIYA SHI","townEn":"HYOGOTSUKAMACHI"},"3210157":{"prefectureJa":"栃木県","cityJa":"宇都宮市","townJa":"幕田町","prefectureEn":"TOCHIGI KEN","cityEn":"UTSUNOMIYA SHI","townEn":"MAKUTAMACHI"},"3210158":{"prefectureJa":"栃木県","cityJa":"宇都宮市","townJa":"西川田本町","prefectureEn":"TOCHIGI KEN","cityEn":"UTSUNOMIYA SHI","townEn":"NISHIKAWATAHONCHO"},"3210161":{"prefectureJa":"栃木県","cityJa":"宇都宮市","townJa":"大塚町","prefectureEn":"TOCHIGI KEN","cityEn":"UTSUNOMIYA SHI","townEn":"OTSUKACHO"},"3210162":{"prefectureJa":"栃木県","cityJa":"宇都宮市","townJa":"大和（１、２丁目）","prefectureEn":"TOCHIGI KEN","cityEn":"UTSUNOMIYA SHI","townEn":"YAMATO(1.2-CHOME)"},"3210163":{"prefectureJa":"栃木県","cityJa":"宇都宮市","townJa":"宮本町","prefectureEn":"TOCHIGI KEN","cityEn":"UTSUNOMIYA SHI","townEn":"MIYAMOTOCHO"},"3210164":{"prefectureJa":"栃木県","cityJa":"宇都宮市","townJa":"双葉","prefectureEn":"TOCHIGI KEN","cityEn":"UTSUNOMIYA SHI","townEn":"FUTABA"},"3210165":{"prefectureJa":"栃木県","cityJa":"宇都宮市","townJa":"緑","prefectureEn":"TOCHIGI KEN","cityEn":"UTSUNOMIYA SHI","townEn":"MIDORI"},"3210166":{"prefectureJa":"栃木県","cityJa":"宇都宮市","townJa":"今宮","prefectureEn":"TOCHIGI KEN","cityEn":"UTSUNOMIYA SHI","townEn":"IMAMIYA"},"3210167":{"prefectureJa":"栃木県","cityJa":"宇都宮市","townJa":"東浦町","prefectureEn":"TOCHIGI KEN","cityEn":"UTSUNOMIYA SHI","townEn":"HIGASHIURAMACHI"},"3210168":{"prefectureJa":"栃木県","cityJa":"宇都宮市","townJa":"東原町","prefectureEn":"TOCHIGI KEN","cityEn":"UTSUNOMIYA SHI","townEn":"HIGASHIHARAMACHI"},"3210169":{"prefectureJa":"栃木県","cityJa":"宇都宮市","townJa":"八千代","prefectureEn":"TOCHIGI KEN","cityEn":"UTSUNOMIYA SHI","townEn":"YACHIYO"},"3210200":{"prefectureJa":"栃木県","cityJa":"下都賀郡壬生町","townJa":"以下に掲載がない場合","prefectureEn":"TOCHIGI KEN","cityEn":"SHIMOTSUGA GUN MIBU MACHI","townEn":"IKANIKEISAIGANAIBAAI"},"3210201":{"prefectureJa":"栃木県","cityJa":"下都賀郡壬生町","townJa":"安塚","prefectureEn":"TOCHIGI KEN","cityEn":"SHIMOTSUGA GUN MIBU MACHI","townEn":"YASUZUKA"},"3210202":{"prefectureJa":"栃木県","cityJa":"下都賀郡壬生町","townJa":"おもちゃのまち","prefectureEn":"TOCHIGI KEN","cityEn":"SHIMOTSUGA GUN MIBU MACHI","townEn":"OMOCHANOMACHI"},"3210203":{"prefectureJa":"栃木県","cityJa":"下都賀郡壬生町","townJa":"幸町","prefectureEn":"TOCHIGI KEN","cityEn":"SHIMOTSUGA GUN MIBU MACHI","townEn":"SAIWAICHO"},"3210204":{"prefectureJa":"栃木県","cityJa":"下都賀郡壬生町","townJa":"緑町","prefectureEn":"TOCHIGI KEN","cityEn":"SHIMOTSUGA GUN MIBU MACHI","townEn":"MIDORICHO"},"3210205":{"prefectureJa":"栃木県","cityJa":"下都賀郡壬生町","townJa":"若草町","prefectureEn":"TOCHIGI KEN","cityEn":"SHIMOTSUGA GUN MIBU MACHI","townEn":"WAKAKUSACHO"},"3210206":{"prefectureJa":"栃木県","cityJa":"下都賀郡壬生町","townJa":"あけぼの町","prefectureEn":"TOCHIGI KEN","cityEn":"SHIMOTSUGA GUN MIBU MACHI","townEn":"AKEBONOCHO"},"3210207":{"prefectureJa":"栃木県","cityJa":"下都賀郡壬生町","townJa":"北小林","prefectureEn":"TOCHIGI KEN","cityEn":"SHIMOTSUGA GUN MIBU MACHI","townEn":"KITAKOBAYASHI"},"3210211":{"prefectureJa":"栃木県","cityJa":"下都賀郡壬生町","townJa":"国谷","prefectureEn":"TOCHIGI KEN","cityEn":"SHIMOTSUGA GUN MIBU MACHI","townEn":"KUNIYA"},"3210212":{"prefectureJa":"栃木県","cityJa":"下都賀郡壬生町","townJa":"寿町","prefectureEn":"TOCHIGI KEN","cityEn":"SHIMOTSUGA GUN MIBU MACHI","townEn":"KOTOBUKICHO"},"3210213":{"prefectureJa":"栃木県","cityJa":"下都賀郡壬生町","townJa":"いずみ町","prefectureEn":"TOCHIGI KEN","cityEn":"SHIMOTSUGA GUN MIBU MACHI","townEn":"IZUMICHO"},"3210214":{"prefectureJa":"栃木県","cityJa":"下都賀郡壬生町","townJa":"壬生甲","prefectureEn":"TOCHIGI KEN","cityEn":"SHIMOTSUGA GUN MIBU MACHI","townEn":"MIBU KO"},"3210215":{"prefectureJa":"栃木県","cityJa":"下都賀郡壬生町","townJa":"壬生乙","prefectureEn":"TOCHIGI KEN","cityEn":"SHIMOTSUGA GUN MIBU MACHI","townEn":"MIBU OTSU"},"3210216":{"prefectureJa":"栃木県","cityJa":"下都賀郡壬生町","townJa":"壬生丁","prefectureEn":"TOCHIGI KEN","cityEn":"SHIMOTSUGA GUN MIBU MACHI","townEn":"MIBU TEI"},"3210217":{"prefectureJa":"栃木県","cityJa":"下都賀郡壬生町","townJa":"至宝","prefectureEn":"TOCHIGI KEN","cityEn":"SHIMOTSUGA GUN MIBU MACHI","townEn":"SHIHO"},"3210218":{"prefectureJa":"栃木県","cityJa":"下都賀郡壬生町","townJa":"落合","prefectureEn":"TOCHIGI KEN","cityEn":"SHIMOTSUGA GUN MIBU MACHI","townEn":"OCHIAI"},"3210219":{"prefectureJa":"栃木県","cityJa":"下都賀郡壬生町","townJa":"福和田","prefectureEn":"TOCHIGI KEN","cityEn":"SHIMOTSUGA GUN MIBU MACHI","townEn":"FUKUWADA"},"3210221":{"prefectureJa":"栃木県","cityJa":"下都賀郡壬生町","townJa":"藤井","prefectureEn":"TOCHIGI KEN","cityEn":"SHIMOTSUGA GUN MIBU MACHI","townEn":"FUJII"},"3210222":{"prefectureJa":"栃木県","cityJa":"下都賀郡壬生町","townJa":"駅東町","prefectureEn":"TOCHIGI KEN","cityEn":"SHIMOTSUGA GUN MIBU MACHI","townEn":"EKIHIGASHICHO"},"3210223":{"prefectureJa":"栃木県","cityJa":"下都賀郡壬生町","townJa":"元町","prefectureEn":"TOCHIGI KEN","cityEn":"SHIMOTSUGA GUN MIBU MACHI","townEn":"MOTOMACHI"},"3210224":{"prefectureJa":"栃木県","cityJa":"下都賀郡壬生町","townJa":"表町","prefectureEn":"TOCHIGI KEN","cityEn":"SHIMOTSUGA GUN MIBU MACHI","townEn":"OMOTEMACHI"},"3210225":{"prefectureJa":"栃木県","cityJa":"下都賀郡壬生町","townJa":"本丸","prefectureEn":"TOCHIGI KEN","cityEn":"SHIMOTSUGA GUN MIBU MACHI","townEn":"HOMMARU"},"3210226":{"prefectureJa":"栃木県","cityJa":"下都賀郡壬生町","townJa":"中央町","prefectureEn":"TOCHIGI KEN","cityEn":"SHIMOTSUGA GUN MIBU MACHI","townEn":"CHUOCHO"},"3210227":{"prefectureJa":"栃木県","cityJa":"下都賀郡壬生町","townJa":"通町","prefectureEn":"TOCHIGI KEN","cityEn":"SHIMOTSUGA GUN MIBU MACHI","townEn":"TORIMACHI"},"3210228":{"prefectureJa":"栃木県","cityJa":"下都賀郡壬生町","townJa":"大師町","prefectureEn":"TOCHIGI KEN","cityEn":"SHIMOTSUGA GUN MIBU MACHI","townEn":"DAISHICHO"},"3210231":{"prefectureJa":"栃木県","cityJa":"下都賀郡壬生町","townJa":"上田","prefectureEn":"TOCHIGI KEN","cityEn":"SHIMOTSUGA GUN MIBU MACHI","townEn":"KAMIDA"},"3210232":{"prefectureJa":"栃木県","cityJa":"下都賀郡壬生町","townJa":"中泉","prefectureEn":"TOCHIGI KEN","cityEn":"SHIMOTSUGA GUN MIBU MACHI","townEn":"NAKAIZUMI"},"3210233":{"prefectureJa":"栃木県","cityJa":"下都賀郡壬生町","townJa":"助谷","prefectureEn":"TOCHIGI KEN","cityEn":"SHIMOTSUGA GUN MIBU MACHI","townEn":"SUKEGAI"},"3210234":{"prefectureJa":"栃木県","cityJa":"下都賀郡壬生町","townJa":"羽生田","prefectureEn":"TOCHIGI KEN","cityEn":"SHIMOTSUGA GUN MIBU MACHI","townEn":"HANYUDA"},"3210235":{"prefectureJa":"栃木県","cityJa":"下都賀郡壬生町","townJa":"七ツ石","prefectureEn":"TOCHIGI KEN","cityEn":"SHIMOTSUGA GUN MIBU MACHI","townEn":"NANATSUISHI"},"3210236":{"prefectureJa":"栃木県","cityJa":"下都賀郡壬生町","townJa":"上稲葉","prefectureEn":"TOCHIGI KEN","cityEn":"SHIMOTSUGA GUN MIBU MACHI","townEn":"KAMIINABA"},"3210237":{"prefectureJa":"栃木県","cityJa":"下都賀郡壬生町","townJa":"下稲葉","prefectureEn":"TOCHIGI KEN","cityEn":"SHIMOTSUGA GUN MIBU MACHI","townEn":"SHIMOINABA"},"3210238":{"prefectureJa":"栃木県","cityJa":"下都賀郡壬生町","townJa":"みぶ羽生田産業団地","prefectureEn":"TOCHIGI KEN","cityEn":"SHIMOTSUGA GUN MIBU MACHI","townEn":"MIBUHANYUDASANGYODANCHI"},"3210341":{"prefectureJa":"栃木県","cityJa":"宇都宮市","townJa":"古賀志町","prefectureEn":"TOCHIGI KEN","cityEn":"UTSUNOMIYA SHI","townEn":"KOGASHIMACHI"},"3210342":{"prefectureJa":"栃木県","cityJa":"宇都宮市","townJa":"福岡町","prefectureEn":"TOCHIGI KEN","cityEn":"UTSUNOMIYA SHI","townEn":"FUKUOKAMACHI"},"3210343":{"prefectureJa":"栃木県","cityJa":"宇都宮市","townJa":"田下町","prefectureEn":"TOCHIGI KEN","cityEn":"UTSUNOMIYA SHI","townEn":"TAGEMACHI"},"3210344":{"prefectureJa":"栃木県","cityJa":"宇都宮市","townJa":"田野町","prefectureEn":"TOCHIGI KEN","cityEn":"UTSUNOMIYA SHI","townEn":"TANOMACHI"},"3210345":{"prefectureJa":"栃木県","cityJa":"宇都宮市","townJa":"大谷町","prefectureEn":"TOCHIGI KEN","cityEn":"UTSUNOMIYA SHI","townEn":"OYAMACHI"},"3210346":{"prefectureJa":"栃木県","cityJa":"宇都宮市","townJa":"下荒針町","prefectureEn":"TOCHIGI KEN","cityEn":"UTSUNOMIYA SHI","townEn":"SHIMOARAHARIMACHI"},"3210347":{"prefectureJa":"栃木県","cityJa":"宇都宮市","townJa":"飯田町","prefectureEn":"TOCHIGI KEN","cityEn":"UTSUNOMIYA SHI","townEn":"IIDAMACHI"},"3210401":{"prefectureJa":"栃木県","cityJa":"宇都宮市","townJa":"上小倉町","prefectureEn":"TOCHIGI KEN","cityEn":"UTSUNOMIYA SHI","townEn":"KAMIKOGURACHO"},"3210402":{"prefectureJa":"栃木県","cityJa":"宇都宮市","townJa":"今里町","prefectureEn":"TOCHIGI KEN","cityEn":"UTSUNOMIYA SHI","townEn":"IMAZATOCHO"},"3210403":{"prefectureJa":"栃木県","cityJa":"宇都宮市","townJa":"下小倉町","prefectureEn":"TOCHIGI KEN","cityEn":"UTSUNOMIYA SHI","townEn":"SHIMOKOGURACHO"},"3210404":{"prefectureJa":"栃木県","cityJa":"宇都宮市","townJa":"芦沼町","prefectureEn":"TOCHIGI KEN","cityEn":"UTSUNOMIYA SHI","townEn":"ASHINUMACHO"},"3210405":{"prefectureJa":"栃木県","cityJa":"宇都宮市","townJa":"上田町","prefectureEn":"TOCHIGI KEN","cityEn":"UTSUNOMIYA SHI","townEn":"UWADACHO"},"3210406":{"prefectureJa":"栃木県","cityJa":"宇都宮市","townJa":"金田町","prefectureEn":"TOCHIGI KEN","cityEn":"UTSUNOMIYA SHI","townEn":"KANEDACHO"},"3210407":{"prefectureJa":"栃木県","cityJa":"宇都宮市","townJa":"松田新田町","prefectureEn":"TOCHIGI KEN","cityEn":"UTSUNOMIYA SHI","townEn":"MATSUDASHINDENCHO"},"3210411":{"prefectureJa":"栃木県","cityJa":"宇都宮市","townJa":"宮山田町","prefectureEn":"TOCHIGI KEN","cityEn":"UTSUNOMIYA SHI","townEn":"MIYAYAMADACHO"},"3210412":{"prefectureJa":"栃木県","cityJa":"宇都宮市","townJa":"関白町","prefectureEn":"TOCHIGI KEN","cityEn":"UTSUNOMIYA SHI","townEn":"KAMPAKUCHO"},"3210413":{"prefectureJa":"栃木県","cityJa":"宇都宮市","townJa":"松風台","prefectureEn":"TOCHIGI KEN","cityEn":"UTSUNOMIYA SHI","townEn":"SHOFUDAI"},"3210414":{"prefectureJa":"栃木県","cityJa":"宇都宮市","townJa":"中里町","prefectureEn":"TOCHIGI KEN","cityEn":"UTSUNOMIYA SHI","townEn":"NAKAZATOCHO"},"3210415":{"prefectureJa":"栃木県","cityJa":"宇都宮市","townJa":"免ノ内町","prefectureEn":"TOCHIGI KEN","cityEn":"UTSUNOMIYA SHI","townEn":"MENNOCHICHO"},"3210416":{"prefectureJa":"栃木県","cityJa":"宇都宮市","townJa":"高松町","prefectureEn":"TOCHIGI KEN","cityEn":"UTSUNOMIYA SHI","townEn":"TAKAMATSUCHO"},"3210417":{"prefectureJa":"栃木県","cityJa":"宇都宮市","townJa":"冬室町","prefectureEn":"TOCHIGI KEN","cityEn":"UTSUNOMIYA SHI","townEn":"FUYUMUROCHO"},"3210501":{"prefectureJa":"栃木県","cityJa":"那須烏山市","townJa":"志鳥","prefectureEn":"TOCHIGI KEN","cityEn":"NASUKARASUYAMA SHI","townEn":"SHITORI"},"3210502":{"prefectureJa":"栃木県","cityJa":"那須烏山市","townJa":"熊田","prefectureEn":"TOCHIGI KEN","cityEn":"NASUKARASUYAMA SHI","townEn":"KUMADA"},"3210503":{"prefectureJa":"栃木県","cityJa":"那須烏山市","townJa":"月次","prefectureEn":"TOCHIGI KEN","cityEn":"NASUKARASUYAMA SHI","townEn":"TSUKINAMI"},"3210504":{"prefectureJa":"栃木県","cityJa":"那須烏山市","townJa":"下川井","prefectureEn":"TOCHIGI KEN","cityEn":"NASUKARASUYAMA SHI","townEn":"SHIMOKAWAI"},"3210505":{"prefectureJa":"栃木県","cityJa":"那須烏山市","townJa":"上川井","prefectureEn":"TOCHIGI KEN","cityEn":"NASUKARASUYAMA SHI","townEn":"KAMIKAWAI"},"3210511":{"prefectureJa":"栃木県","cityJa":"那須烏山市","townJa":"小河原","prefectureEn":"TOCHIGI KEN","cityEn":"NASUKARASUYAMA SHI","townEn":"KOGAWARA"},"3210512":{"prefectureJa":"栃木県","cityJa":"那須烏山市","townJa":"高瀬","prefectureEn":"TOCHIGI KEN","cityEn":"NASUKARASUYAMA SHI","townEn":"TAKASE"},"3210513":{"prefectureJa":"栃木県","cityJa":"那須烏山市","townJa":"小塙","prefectureEn":"TOCHIGI KEN","cityEn":"NASUKARASUYAMA SHI","townEn":"KOBANA"},"3210514":{"prefectureJa":"栃木県","cityJa":"那須烏山市","townJa":"森田","prefectureEn":"TOCHIGI KEN","cityEn":"NASUKARASUYAMA SHI","townEn":"MORITA"},"3210515":{"prefectureJa":"栃木県","cityJa":"那須烏山市","townJa":"曲田","prefectureEn":"TOCHIGI KEN","cityEn":"NASUKARASUYAMA SHI","townEn":"MAGATSUTA"},"3210516":{"prefectureJa":"栃木県","cityJa":"那須烏山市","townJa":"大里","prefectureEn":"TOCHIGI KEN","cityEn":"NASUKARASUYAMA SHI","townEn":"OSATO"},"3210517":{"prefectureJa":"栃木県","cityJa":"那須烏山市","townJa":"東原","prefectureEn":"TOCHIGI KEN","cityEn":"NASUKARASUYAMA SHI","townEn":"TOBARA"},"3210521":{"prefectureJa":"栃木県","cityJa":"那須烏山市","townJa":"岩子","prefectureEn":"TOCHIGI KEN","cityEn":"NASUKARASUYAMA SHI","townEn":"IWAKO"},"3210522":{"prefectureJa":"栃木県","cityJa":"那須烏山市","townJa":"大金","prefectureEn":"TOCHIGI KEN","cityEn":"NASUKARASUYAMA SHI","townEn":"OGANE"},"3210523":{"prefectureJa":"栃木県","cityJa":"那須烏山市","townJa":"曲畑","prefectureEn":"TOCHIGI KEN","cityEn":"NASUKARASUYAMA SHI","townEn":"SORIHATA"},"3210524":{"prefectureJa":"栃木県","cityJa":"那須烏山市","townJa":"八ケ代","prefectureEn":"TOCHIGI KEN","cityEn":"NASUKARASUYAMA SHI","townEn":"YAKASHIRO"},"3210525":{"prefectureJa":"栃木県","cityJa":"那須烏山市","townJa":"福岡","prefectureEn":"TOCHIGI KEN","cityEn":"NASUKARASUYAMA SHI","townEn":"FUKUOKA"},"3210526":{"prefectureJa":"栃木県","cityJa":"那須烏山市","townJa":"田野倉","prefectureEn":"TOCHIGI KEN","cityEn":"NASUKARASUYAMA SHI","townEn":"TANOKURA"},"3210527":{"prefectureJa":"栃木県","cityJa":"那須烏山市","townJa":"宇井","prefectureEn":"TOCHIGI KEN","cityEn":"NASUKARASUYAMA SHI","townEn":"UI"},"3210528":{"prefectureJa":"栃木県","cityJa":"那須烏山市","townJa":"小倉","prefectureEn":"TOCHIGI KEN","cityEn":"NASUKARASUYAMA SHI","townEn":"OGURA"},"3210531":{"prefectureJa":"栃木県","cityJa":"那須烏山市","townJa":"三箇","prefectureEn":"TOCHIGI KEN","cityEn":"NASUKARASUYAMA SHI","townEn":"SANGA"},"3210532":{"prefectureJa":"栃木県","cityJa":"那須烏山市","townJa":"藤田","prefectureEn":"TOCHIGI KEN","cityEn":"NASUKARASUYAMA SHI","townEn":"FUJITA"},"3210533":{"prefectureJa":"栃木県","cityJa":"那須烏山市","townJa":"南大和久","prefectureEn":"TOCHIGI KEN","cityEn":"NASUKARASUYAMA SHI","townEn":"MINAMIOWAGU"},"3210534":{"prefectureJa":"栃木県","cityJa":"那須烏山市","townJa":"鴻野山","prefectureEn":"TOCHIGI KEN","cityEn":"NASUKARASUYAMA SHI","townEn":"KONOYAMA"},"3210535":{"prefectureJa":"栃木県","cityJa":"那須烏山市","townJa":"小白井","prefectureEn":"TOCHIGI KEN","cityEn":"NASUKARASUYAMA SHI","townEn":"KOJIROI"},"3210600":{"prefectureJa":"栃木県","cityJa":"那須烏山市","townJa":"以下に掲載がない場合","prefectureEn":"TOCHIGI KEN","cityEn":"NASUKARASUYAMA SHI","townEn":"IKANIKEISAIGANAIBAAI"},"3210601":{"prefectureJa":"栃木県","cityJa":"那須烏山市","townJa":"白久","prefectureEn":"TOCHIGI KEN","cityEn":"NASUKARASUYAMA SHI","townEn":"SHIRAKU"},"3210602":{"prefectureJa":"栃木県","cityJa":"那須烏山市","townJa":"大桶","prefectureEn":"TOCHIGI KEN","cityEn":"NASUKARASUYAMA SHI","townEn":"OKE"},"3210603":{"prefectureJa":"栃木県","cityJa":"那須烏山市","townJa":"谷浅見","prefectureEn":"TOCHIGI KEN","cityEn":"NASUKARASUYAMA SHI","townEn":"YAAZAMI"},"3210604":{"prefectureJa":"栃木県","cityJa":"那須烏山市","townJa":"中山","prefectureEn":"TOCHIGI KEN","cityEn":"NASUKARASUYAMA SHI","townEn":"NAKAYAMA"},"3210605":{"prefectureJa":"栃木県","cityJa":"那須烏山市","townJa":"滝田","prefectureEn":"TOCHIGI KEN","cityEn":"NASUKARASUYAMA SHI","townEn":"TAKITA"},"3210611":{"prefectureJa":"栃木県","cityJa":"那須烏山市","townJa":"興野","prefectureEn":"TOCHIGI KEN","cityEn":"NASUKARASUYAMA SHI","townEn":"KYONO"},"3210612":{"prefectureJa":"栃木県","cityJa":"那須烏山市","townJa":"大沢","prefectureEn":"TOCHIGI KEN","cityEn":"NASUKARASUYAMA SHI","townEn":"OSAWA"},"3210613":{"prefectureJa":"栃木県","cityJa":"那須烏山市","townJa":"大木須","prefectureEn":"TOCHIGI KEN","cityEn":"NASUKARASUYAMA SHI","townEn":"OGISU"},"3210614":{"prefectureJa":"栃木県","cityJa":"那須烏山市","townJa":"小木須","prefectureEn":"TOCHIGI KEN","cityEn":"NASUKARASUYAMA SHI","townEn":"KOGISU"},"3210615":{"prefectureJa":"栃木県","cityJa":"那須烏山市","townJa":"小原沢","prefectureEn":"TOCHIGI KEN","cityEn":"NASUKARASUYAMA SHI","townEn":"KOHARAZAWA"},"3210616":{"prefectureJa":"栃木県","cityJa":"那須烏山市","townJa":"下境","prefectureEn":"TOCHIGI KEN","cityEn":"NASUKARASUYAMA SHI","townEn":"SHIMOZAKAI"},"3210617":{"prefectureJa":"栃木県","cityJa":"那須烏山市","townJa":"上境","prefectureEn":"TOCHIGI KEN","cityEn":"NASUKARASUYAMA SHI","townEn":"KAMIZAKAI"},"3210618":{"prefectureJa":"栃木県","cityJa":"那須烏山市","townJa":"横枕","prefectureEn":"TOCHIGI KEN","cityEn":"NASUKARASUYAMA SHI","townEn":"YOKOMAKURA"},"3210621":{"prefectureJa":"栃木県","cityJa":"那須烏山市","townJa":"中央","prefectureEn":"TOCHIGI KEN","cityEn":"NASUKARASUYAMA SHI","townEn":"CHUO"},"3210622":{"prefectureJa":"栃木県","cityJa":"那須烏山市","townJa":"城東","prefectureEn":"TOCHIGI KEN","cityEn":"NASUKARASUYAMA SHI","townEn":"JOTO"},"3210623":{"prefectureJa":"栃木県","cityJa":"那須烏山市","townJa":"表","prefectureEn":"TOCHIGI KEN","cityEn":"NASUKARASUYAMA SHI","townEn":"OMOTE"},"3210624":{"prefectureJa":"栃木県","cityJa":"那須烏山市","townJa":"旭","prefectureEn":"TOCHIGI KEN","cityEn":"NASUKARASUYAMA SHI","townEn":"ASAHI"},"3210625":{"prefectureJa":"栃木県","cityJa":"那須烏山市","townJa":"宮原","prefectureEn":"TOCHIGI KEN","cityEn":"NASUKARASUYAMA SHI","townEn":"MIYABARA"},"3210626":{"prefectureJa":"栃木県","cityJa":"那須烏山市","townJa":"初音","prefectureEn":"TOCHIGI KEN","cityEn":"NASUKARASUYAMA SHI","townEn":"HATSUNE"},"3210627":{"prefectureJa":"栃木県","cityJa":"那須烏山市","townJa":"南","prefectureEn":"TOCHIGI KEN","cityEn":"NASUKARASUYAMA SHI","townEn":"MINAMI"},"3210628":{"prefectureJa":"栃木県","cityJa":"那須烏山市","townJa":"金井","prefectureEn":"TOCHIGI KEN","cityEn":"NASUKARASUYAMA SHI","townEn":"KANAI"},"3210629":{"prefectureJa":"栃木県","cityJa":"那須烏山市","townJa":"愛宕台","prefectureEn":"TOCHIGI KEN","cityEn":"NASUKARASUYAMA SHI","townEn":"ATAGODAI"},"3210631":{"prefectureJa":"栃木県","cityJa":"那須烏山市","townJa":"城山","prefectureEn":"TOCHIGI KEN","cityEn":"NASUKARASUYAMA SHI","townEn":"SHIROYAMA"},"3210632":{"prefectureJa":"栃木県","cityJa":"那須烏山市","townJa":"神長","prefectureEn":"TOCHIGI KEN","cityEn":"NASUKARASUYAMA SHI","townEn":"KANAGA"},"3210633":{"prefectureJa":"栃木県","cityJa":"那須烏山市","townJa":"滝","prefectureEn":"TOCHIGI KEN","cityEn":"NASUKARASUYAMA SHI","townEn":"TAKI"},"3210634":{"prefectureJa":"栃木県","cityJa":"那須烏山市","townJa":"野上","prefectureEn":"TOCHIGI KEN","cityEn":"NASUKARASUYAMA SHI","townEn":"NOGAMI"},"3210635":{"prefectureJa":"栃木県","cityJa":"那須烏山市","townJa":"向田","prefectureEn":"TOCHIGI KEN","cityEn":"NASUKARASUYAMA SHI","townEn":"MUKADA"},"3210636":{"prefectureJa":"栃木県","cityJa":"那須烏山市","townJa":"落合","prefectureEn":"TOCHIGI KEN","cityEn":"NASUKARASUYAMA SHI","townEn":"OCHIAI"},"3210901":{"prefectureJa":"栃木県","cityJa":"宇都宮市","townJa":"平出町","prefectureEn":"TOCHIGI KEN","cityEn":"UTSUNOMIYA SHI","townEn":"HIRAIDEMACHI"},"3210902":{"prefectureJa":"栃木県","cityJa":"宇都宮市","townJa":"柳田町","prefectureEn":"TOCHIGI KEN","cityEn":"UTSUNOMIYA SHI","townEn":"YANAGITAMACHI"},"3210903":{"prefectureJa":"栃木県","cityJa":"宇都宮市","townJa":"下平出町","prefectureEn":"TOCHIGI KEN","cityEn":"UTSUNOMIYA SHI","townEn":"SHIMOHIRAIDEMACHI"},"3210904":{"prefectureJa":"栃木県","cityJa":"宇都宮市","townJa":"陽東","prefectureEn":"TOCHIGI KEN","cityEn":"UTSUNOMIYA SHI","townEn":"YOTO"},"3210905":{"prefectureJa":"栃木県","cityJa":"宇都宮市","townJa":"平出工業団地","prefectureEn":"TOCHIGI KEN","cityEn":"UTSUNOMIYA SHI","townEn":"HIRAIDEKOGYODANCHI"},"3210906":{"prefectureJa":"栃木県","cityJa":"宇都宮市","townJa":"中久保","prefectureEn":"TOCHIGI KEN","cityEn":"UTSUNOMIYA SHI","townEn":"NAKAKUBO"},"3210911":{"prefectureJa":"栃木県","cityJa":"宇都宮市","townJa":"問屋町","prefectureEn":"TOCHIGI KEN","cityEn":"UTSUNOMIYA SHI","townEn":"TONYAMACHI"},"3210912":{"prefectureJa":"栃木県","cityJa":"宇都宮市","townJa":"石井町","prefectureEn":"TOCHIGI KEN","cityEn":"UTSUNOMIYA SHI","townEn":"ISHIIMACHI"},"3210913":{"prefectureJa":"栃木県","cityJa":"宇都宮市","townJa":"上桑島町","prefectureEn":"TOCHIGI KEN","cityEn":"UTSUNOMIYA SHI","townEn":"KAMIKUWAJIMAMACHI"},"3210914":{"prefectureJa":"栃木県","cityJa":"宇都宮市","townJa":"下桑島町","prefectureEn":"TOCHIGI KEN","cityEn":"UTSUNOMIYA SHI","townEn":"SHIMOKUWAJIMAMACHI"},"3210915":{"prefectureJa":"栃木県","cityJa":"宇都宮市","townJa":"東刑部町","prefectureEn":"TOCHIGI KEN","cityEn":"UTSUNOMIYA SHI","townEn":"HIGASHIOSAKABEMACHI"},"3210916":{"prefectureJa":"栃木県","cityJa":"宇都宮市","townJa":"東木代町","prefectureEn":"TOCHIGI KEN","cityEn":"UTSUNOMIYA SHI","townEn":"HIGASHIKINOSHIROMACHI"},"3210917":{"prefectureJa":"栃木県","cityJa":"宇都宮市","townJa":"西刑部町","prefectureEn":"TOCHIGI KEN","cityEn":"UTSUNOMIYA SHI","townEn":"NISHIOSAKABEMACHI"},"3210918":{"prefectureJa":"栃木県","cityJa":"宇都宮市","townJa":"平塚町","prefectureEn":"TOCHIGI KEN","cityEn":"UTSUNOMIYA SHI","townEn":"HIRATSUKAMACHI"},"3210921":{"prefectureJa":"栃木県","cityJa":"宇都宮市","townJa":"瑞穂","prefectureEn":"TOCHIGI KEN","cityEn":"UTSUNOMIYA SHI","townEn":"MIZUHO"},"3210922":{"prefectureJa":"栃木県","cityJa":"宇都宮市","townJa":"さるやま町","prefectureEn":"TOCHIGI KEN","cityEn":"UTSUNOMIYA SHI","townEn":"SARUYAMAMACHI"},"3210923":{"prefectureJa":"栃木県","cityJa":"宇都宮市","townJa":"下栗町","prefectureEn":"TOCHIGI KEN","cityEn":"UTSUNOMIYA SHI","townEn":"SHIMOGURIMACHI"},"3210924":{"prefectureJa":"栃木県","cityJa":"宇都宮市","townJa":"下栗","prefectureEn":"TOCHIGI KEN","cityEn":"UTSUNOMIYA SHI","townEn":"SHIMOGURI"},"3210925":{"prefectureJa":"栃木県","cityJa":"宇都宮市","townJa":"東簗瀬","prefectureEn":"TOCHIGI KEN","cityEn":"UTSUNOMIYA SHI","townEn":"HIGASHIYANAZE"},"3210931":{"prefectureJa":"栃木県","cityJa":"宇都宮市","townJa":"平松町","prefectureEn":"TOCHIGI KEN","cityEn":"UTSUNOMIYA SHI","townEn":"HIRAMATSUCHO"},"3210932":{"prefectureJa":"栃木県","cityJa":"宇都宮市","townJa":"平松本町","prefectureEn":"TOCHIGI KEN","cityEn":"UTSUNOMIYA SHI","townEn":"HIRAMATSUHONCHO"},"3210933":{"prefectureJa":"栃木県","cityJa":"宇都宮市","townJa":"簗瀬町","prefectureEn":"TOCHIGI KEN","cityEn":"UTSUNOMIYA SHI","townEn":"YANAZEMACHI"},"3210934":{"prefectureJa":"栃木県","cityJa":"宇都宮市","townJa":"簗瀬","prefectureEn":"TOCHIGI KEN","cityEn":"UTSUNOMIYA SHI","townEn":"YANAZE"},"3210935":{"prefectureJa":"栃木県","cityJa":"宇都宮市","townJa":"城東","prefectureEn":"TOCHIGI KEN","cityEn":"UTSUNOMIYA SHI","townEn":"JOTO"},"3210936":{"prefectureJa":"栃木県","cityJa":"宇都宮市","townJa":"平松","prefectureEn":"TOCHIGI KEN","cityEn":"UTSUNOMIYA SHI","townEn":"HIRAMATSU"},"3210941":{"prefectureJa":"栃木県","cityJa":"宇都宮市","townJa":"東今泉","prefectureEn":"TOCHIGI KEN","cityEn":"UTSUNOMIYA SHI","townEn":"HIGASHIIMAIZUMI"},"3210942":{"prefectureJa":"栃木県","cityJa":"宇都宮市","townJa":"峰","prefectureEn":"TOCHIGI KEN","cityEn":"UTSUNOMIYA SHI","townEn":"MINE"},"3210943":{"prefectureJa":"栃木県","cityJa":"宇都宮市","townJa":"峰町","prefectureEn":"TOCHIGI KEN","cityEn":"UTSUNOMIYA SHI","townEn":"MINEMACHI"},"3210944":{"prefectureJa":"栃木県","cityJa":"宇都宮市","townJa":"東峰町","prefectureEn":"TOCHIGI KEN","cityEn":"UTSUNOMIYA SHI","townEn":"HIGASHIMINEMACHI"},"3210945":{"prefectureJa":"栃木県","cityJa":"宇都宮市","townJa":"宿郷","prefectureEn":"TOCHIGI KEN","cityEn":"UTSUNOMIYA SHI","townEn":"SHUKUGO"},"3210946":{"prefectureJa":"栃木県","cityJa":"宇都宮市","townJa":"東峰","prefectureEn":"TOCHIGI KEN","cityEn":"UTSUNOMIYA SHI","townEn":"HIGASHIMINE"},"3210951":{"prefectureJa":"栃木県","cityJa":"宇都宮市","townJa":"越戸","prefectureEn":"TOCHIGI KEN","cityEn":"UTSUNOMIYA SHI","townEn":"KOEDOMACHI"},"3210952":{"prefectureJa":"栃木県","cityJa":"宇都宮市","townJa":"泉が丘","prefectureEn":"TOCHIGI KEN","cityEn":"UTSUNOMIYA SHI","townEn":"IZUMIGAOKA"},"3210953":{"prefectureJa":"栃木県","cityJa":"宇都宮市","townJa":"東宿郷","prefectureEn":"TOCHIGI KEN","cityEn":"UTSUNOMIYA SHI","townEn":"HIGASHISHUKUGO"},"3210954":{"prefectureJa":"栃木県","cityJa":"宇都宮市","townJa":"元今泉","prefectureEn":"TOCHIGI KEN","cityEn":"UTSUNOMIYA SHI","townEn":"MOTOIMAIZUMI"},"3210961":{"prefectureJa":"栃木県","cityJa":"宇都宮市","townJa":"今泉新町","prefectureEn":"TOCHIGI KEN","cityEn":"UTSUNOMIYA SHI","townEn":"IMAIZUMISHIMMACHI"},"3210962":{"prefectureJa":"栃木県","cityJa":"宇都宮市","townJa":"今泉町","prefectureEn":"TOCHIGI KEN","cityEn":"UTSUNOMIYA SHI","townEn":"IMAIZUMICHO"},"3210963":{"prefectureJa":"栃木県","cityJa":"宇都宮市","townJa":"南大通り","prefectureEn":"TOCHIGI KEN","cityEn":"UTSUNOMIYA SHI","townEn":"MINAMIODORI"},"3210964":{"prefectureJa":"栃木県","cityJa":"宇都宮市","townJa":"駅前通り","prefectureEn":"TOCHIGI KEN","cityEn":"UTSUNOMIYA SHI","townEn":"EKIMAEDORI"},"3210965":{"prefectureJa":"栃木県","cityJa":"宇都宮市","townJa":"川向町","prefectureEn":"TOCHIGI KEN","cityEn":"UTSUNOMIYA SHI","townEn":"KAWAMUKOCHO"},"3210966":{"prefectureJa":"栃木県","cityJa":"宇都宮市","townJa":"今泉","prefectureEn":"TOCHIGI KEN","cityEn":"UTSUNOMIYA SHI","townEn":"IMAIZUMI"},"3210967":{"prefectureJa":"栃木県","cityJa":"宇都宮市","townJa":"錦","prefectureEn":"TOCHIGI KEN","cityEn":"UTSUNOMIYA SHI","townEn":"NISHIKI"},"3210968":{"prefectureJa":"栃木県","cityJa":"宇都宮市","townJa":"中今泉","prefectureEn":"TOCHIGI KEN","cityEn":"UTSUNOMIYA SHI","townEn":"NAKAIMAIZUMI"},"3210969":{"prefectureJa":"栃木県","cityJa":"宇都宮市","townJa":"宮みらい","prefectureEn":"TOCHIGI KEN","cityEn":"UTSUNOMIYA SHI","townEn":"MIYAMIRAI"},"3210971":{"prefectureJa":"栃木県","cityJa":"宇都宮市","townJa":"海道町","prefectureEn":"TOCHIGI KEN","cityEn":"UTSUNOMIYA SHI","townEn":"KAIDOMACHI"},"3210972":{"prefectureJa":"栃木県","cityJa":"宇都宮市","townJa":"下川俣町","prefectureEn":"TOCHIGI KEN","cityEn":"UTSUNOMIYA SHI","townEn":"SHIMOKAWAMATAMACHI"},"3210973":{"prefectureJa":"栃木県","cityJa":"宇都宮市","townJa":"岩曽町","prefectureEn":"TOCHIGI KEN","cityEn":"UTSUNOMIYA SHI","townEn":"IWAZOMACHI"},"3210974":{"prefectureJa":"栃木県","cityJa":"宇都宮市","townJa":"竹林町","prefectureEn":"TOCHIGI KEN","cityEn":"UTSUNOMIYA SHI","townEn":"TAKEBAYASHIMACHI"},"3210975":{"prefectureJa":"栃木県","cityJa":"宇都宮市","townJa":"関堀町","prefectureEn":"TOCHIGI KEN","cityEn":"UTSUNOMIYA SHI","townEn":"SEKIBORICHO"},"3210976":{"prefectureJa":"栃木県","cityJa":"宇都宮市","townJa":"岩本町","prefectureEn":"TOCHIGI KEN","cityEn":"UTSUNOMIYA SHI","townEn":"IWAMOTOCHO"},"3210977":{"prefectureJa":"栃木県","cityJa":"宇都宮市","townJa":"川俣町","prefectureEn":"TOCHIGI KEN","cityEn":"UTSUNOMIYA SHI","townEn":"KAWAMATACHO"},"3210981":{"prefectureJa":"栃木県","cityJa":"宇都宮市","townJa":"上野町","prefectureEn":"TOCHIGI KEN","cityEn":"UTSUNOMIYA SHI","townEn":"UENOMACHI"},"3210982":{"prefectureJa":"栃木県","cityJa":"宇都宮市","townJa":"御幸ケ原町","prefectureEn":"TOCHIGI KEN","cityEn":"UTSUNOMIYA SHI","townEn":"MIYUKIGAHARAMACHI"},"3210983":{"prefectureJa":"栃木県","cityJa":"宇都宮市","townJa":"御幸本町","prefectureEn":"TOCHIGI KEN","cityEn":"UTSUNOMIYA SHI","townEn":"MIYUKIHONCHO"},"3210984":{"prefectureJa":"栃木県","cityJa":"宇都宮市","townJa":"御幸町","prefectureEn":"TOCHIGI KEN","cityEn":"UTSUNOMIYA SHI","townEn":"MIYUKICHO"},"3210985":{"prefectureJa":"栃木県","cityJa":"宇都宮市","townJa":"東町","prefectureEn":"TOCHIGI KEN","cityEn":"UTSUNOMIYA SHI","townEn":"HIGASHIMACHI"},"3211101":{"prefectureJa":"栃木県","cityJa":"日光市","townJa":"明神","prefectureEn":"TOCHIGI KEN","cityEn":"NIKKO SHI","townEn":"MYOJIN"},"3211102":{"prefectureJa":"栃木県","cityJa":"日光市","townJa":"板橋","prefectureEn":"TOCHIGI KEN","cityEn":"NIKKO SHI","townEn":"ITABASHI"},"3211103":{"prefectureJa":"栃木県","cityJa":"日光市","townJa":"手岡","prefectureEn":"TOCHIGI KEN","cityEn":"NIKKO SHI","townEn":"CHOKA"},"3211104":{"prefectureJa":"栃木県","cityJa":"日光市","townJa":"岩崎","prefectureEn":"TOCHIGI KEN","cityEn":"NIKKO SHI","townEn":"IWAZAKI"},"3211105":{"prefectureJa":"栃木県","cityJa":"日光市","townJa":"文挾町","prefectureEn":"TOCHIGI KEN","cityEn":"NIKKO SHI","townEn":"FUBASAMIMACHI"},"3211106":{"prefectureJa":"栃木県","cityJa":"日光市","townJa":"小倉","prefectureEn":"TOCHIGI KEN","cityEn":"NIKKO SHI","townEn":"KOGURA"},"3211107":{"prefectureJa":"栃木県","cityJa":"日光市","townJa":"小代","prefectureEn":"TOCHIGI KEN","cityEn":"NIKKO SHI","townEn":"KOSHIRO"},"3211108":{"prefectureJa":"栃木県","cityJa":"日光市","townJa":"長畑","prefectureEn":"TOCHIGI KEN","cityEn":"NIKKO SHI","townEn":"NAGAHATA"},"3211111":{"prefectureJa":"栃木県","cityJa":"鹿沼市","townJa":"板荷","prefectureEn":"TOCHIGI KEN","cityEn":"KANUMA SHI","townEn":"ITAGA"},"3211200":{"prefectureJa":"栃木県","cityJa":"日光市","townJa":"以下に掲載がない場合","prefectureEn":"TOCHIGI KEN","cityEn":"NIKKO SHI","townEn":"IKANIKEISAIGANAIBAAI"},"3211261":{"prefectureJa":"栃木県","cityJa":"日光市","townJa":"今市","prefectureEn":"TOCHIGI KEN","cityEn":"NIKKO SHI","townEn":"IMAICHI"},"3211262":{"prefectureJa":"栃木県","cityJa":"日光市","townJa":"平ケ崎","prefectureEn":"TOCHIGI KEN","cityEn":"NIKKO SHI","townEn":"HIRAGASAKI"},"3211263":{"prefectureJa":"栃木県","cityJa":"日光市","townJa":"瀬川","prefectureEn":"TOCHIGI KEN","cityEn":"NIKKO SHI","townEn":"SEGAWA"},"3211264":{"prefectureJa":"栃木県","cityJa":"日光市","townJa":"瀬尾","prefectureEn":"TOCHIGI KEN","cityEn":"NIKKO SHI","townEn":"SENO"},"3211265":{"prefectureJa":"栃木県","cityJa":"日光市","townJa":"小百（その他）","prefectureEn":"TOCHIGI KEN","cityEn":"NIKKO SHI","townEn":"KOBYAKU(SONOTA)"},"3211266":{"prefectureJa":"栃木県","cityJa":"日光市","townJa":"中央町","prefectureEn":"TOCHIGI KEN","cityEn":"NIKKO SHI","townEn":"CHUOCHO"},"3211271":{"prefectureJa":"栃木県","cityJa":"日光市","townJa":"並木町","prefectureEn":"TOCHIGI KEN","cityEn":"NIKKO SHI","townEn":"NAMIKICHO"},"3211272":{"prefectureJa":"栃木県","cityJa":"日光市","townJa":"今市本町","prefectureEn":"TOCHIGI KEN","cityEn":"NIKKO SHI","townEn":"IMAICHIHONCHO"},"3211273":{"prefectureJa":"栃木県","cityJa":"日光市","townJa":"吉沢","prefectureEn":"TOCHIGI KEN","cityEn":"NIKKO SHI","townEn":"KICHISAWA"},"3211274":{"prefectureJa":"栃木県","cityJa":"日光市","townJa":"土沢","prefectureEn":"TOCHIGI KEN","cityEn":"NIKKO SHI","townEn":"DOSAWA"},"3211275":{"prefectureJa":"栃木県","cityJa":"日光市","townJa":"室瀬","prefectureEn":"TOCHIGI KEN","cityEn":"NIKKO SHI","townEn":"MUROZE"},"3211276":{"prefectureJa":"栃木県","cityJa":"日光市","townJa":"下の内","prefectureEn":"TOCHIGI KEN","cityEn":"NIKKO SHI","townEn":"SHIMONOCHI"},"3211277":{"prefectureJa":"栃木県","cityJa":"日光市","townJa":"千本木","prefectureEn":"TOCHIGI KEN","cityEn":"NIKKO SHI","townEn":"SEMBONGI"},"3211351":{"prefectureJa":"栃木県","cityJa":"日光市","townJa":"東小来川","prefectureEn":"TOCHIGI KEN","cityEn":"NIKKO SHI","townEn":"HIGASHIOKOROGAWA"},"3211352":{"prefectureJa":"栃木県","cityJa":"日光市","townJa":"宮小来川","prefectureEn":"TOCHIGI KEN","cityEn":"NIKKO SHI","townEn":"MIYAOKOROGAWA"},"3211353":{"prefectureJa":"栃木県","cityJa":"日光市","townJa":"南小来川","prefectureEn":"TOCHIGI KEN","cityEn":"NIKKO SHI","townEn":"MINAMIOKOROGAWA"},"3211354":{"prefectureJa":"栃木県","cityJa":"日光市","townJa":"中小来川","prefectureEn":"TOCHIGI KEN","cityEn":"NIKKO SHI","townEn":"NAKAOKOROGAWA"},"3211355":{"prefectureJa":"栃木県","cityJa":"日光市","townJa":"西小来川","prefectureEn":"TOCHIGI KEN","cityEn":"NIKKO SHI","townEn":"NISHIOKOROGAWA"},"3211356":{"prefectureJa":"栃木県","cityJa":"日光市","townJa":"滝ケ原","prefectureEn":"TOCHIGI KEN","cityEn":"NIKKO SHI","townEn":"TAKIGAHARA"},"3211401":{"prefectureJa":"栃木県","cityJa":"日光市","townJa":"上鉢石町","prefectureEn":"TOCHIGI KEN","cityEn":"NIKKO SHI","townEn":"KAMIHATSUISHIMACHI"},"3211402":{"prefectureJa":"栃木県","cityJa":"日光市","townJa":"中鉢石町","prefectureEn":"TOCHIGI KEN","cityEn":"NIKKO SHI","townEn":"NAKAHATSUISHIMACHI"},"3211403":{"prefectureJa":"栃木県","cityJa":"日光市","townJa":"下鉢石町","prefectureEn":"TOCHIGI KEN","cityEn":"NIKKO SHI","townEn":"SHIMOHATSUISHIMACHI"},"3211404":{"prefectureJa":"栃木県","cityJa":"日光市","townJa":"御幸町","prefectureEn":"TOCHIGI KEN","cityEn":"NIKKO SHI","townEn":"GOKOMACHI"},"3211405":{"prefectureJa":"栃木県","cityJa":"日光市","townJa":"石屋町","prefectureEn":"TOCHIGI KEN","cityEn":"NIKKO SHI","townEn":"ISHIYAMACHI"},"3211406":{"prefectureJa":"栃木県","cityJa":"日光市","townJa":"松原町","prefectureEn":"TOCHIGI KEN","cityEn":"NIKKO SHI","townEn":"MATSUBARACHO"},"3211407":{"prefectureJa":"栃木県","cityJa":"日光市","townJa":"若杉町","prefectureEn":"TOCHIGI KEN","cityEn":"NIKKO SHI","townEn":"WAKASUGICHO"},"3211411":{"prefectureJa":"栃木県","cityJa":"日光市","townJa":"稲荷町","prefectureEn":"TOCHIGI KEN","cityEn":"NIKKO SHI","townEn":"INARIMACHI"},"3211412":{"prefectureJa":"栃木県","cityJa":"日光市","townJa":"東和町","prefectureEn":"TOCHIGI KEN","cityEn":"NIKKO SHI","townEn":"TOWACHO"},"3211413":{"prefectureJa":"栃木県","cityJa":"日光市","townJa":"相生町","prefectureEn":"TOCHIGI KEN","cityEn":"NIKKO SHI","townEn":"AIOICHO"},"3211414":{"prefectureJa":"栃木県","cityJa":"日光市","townJa":"萩垣面","prefectureEn":"TOCHIGI KEN","cityEn":"NIKKO SHI","townEn":"HANGAKIMEN"},"3211415":{"prefectureJa":"栃木県","cityJa":"日光市","townJa":"日光","prefectureEn":"TOCHIGI KEN","cityEn":"NIKKO SHI","townEn":"NIKKO"},"3211421":{"prefectureJa":"栃木県","cityJa":"日光市","townJa":"所野","prefectureEn":"TOCHIGI KEN","cityEn":"NIKKO SHI","townEn":"TOKORONO"},"3211422":{"prefectureJa":"栃木県","cityJa":"日光市","townJa":"宝殿","prefectureEn":"TOCHIGI KEN","cityEn":"NIKKO SHI","townEn":"HODEN"},"3211423":{"prefectureJa":"栃木県","cityJa":"日光市","townJa":"七里","prefectureEn":"TOCHIGI KEN","cityEn":"NIKKO SHI","townEn":"SHICHIRI"},"3211424":{"prefectureJa":"栃木県","cityJa":"日光市","townJa":"野口","prefectureEn":"TOCHIGI KEN","cityEn":"NIKKO SHI","townEn":"NOGUCHI"},"3211425":{"prefectureJa":"栃木県","cityJa":"日光市","townJa":"和泉","prefectureEn":"TOCHIGI KEN","cityEn":"NIKKO SHI","townEn":"IZUMI"},"3211426":{"prefectureJa":"栃木県","cityJa":"日光市","townJa":"山久保","prefectureEn":"TOCHIGI KEN","cityEn":"NIKKO SHI","townEn":"YAMAKUBO"},"3211431":{"prefectureJa":"栃木県","cityJa":"日光市","townJa":"山内","prefectureEn":"TOCHIGI KEN","cityEn":"NIKKO SHI","townEn":"SANNAI"},"3211432":{"prefectureJa":"栃木県","cityJa":"日光市","townJa":"安川町","prefectureEn":"TOCHIGI KEN","cityEn":"NIKKO SHI","townEn":"YASUKAWACHO"},"3211433":{"prefectureJa":"栃木県","cityJa":"日光市","townJa":"匠町","prefectureEn":"TOCHIGI KEN","cityEn":"NIKKO SHI","townEn":"TAKUMICHO"},"3211434":{"prefectureJa":"栃木県","cityJa":"日光市","townJa":"本町","prefectureEn":"TOCHIGI KEN","cityEn":"NIKKO SHI","townEn":"HONCHO"},"3211435":{"prefectureJa":"栃木県","cityJa":"日光市","townJa":"花石町","prefectureEn":"TOCHIGI KEN","cityEn":"NIKKO SHI","townEn":"HANAISHICHO"},"3211436":{"prefectureJa":"栃木県","cityJa":"日光市","townJa":"久次良町","prefectureEn":"TOCHIGI KEN","cityEn":"NIKKO SHI","townEn":"KUJIRAMACHI"},"3211441":{"prefectureJa":"栃木県","cityJa":"日光市","townJa":"清滝安良沢町","prefectureEn":"TOCHIGI KEN","cityEn":"NIKKO SHI","townEn":"KIYOTAKI ARASAWAMACHI"},"3211442":{"prefectureJa":"栃木県","cityJa":"日光市","townJa":"清滝丹勢町","prefectureEn":"TOCHIGI KEN","cityEn":"NIKKO SHI","townEn":"KIYOTAKI TANZEMACHI"},"3211443":{"prefectureJa":"栃木県","cityJa":"日光市","townJa":"清滝桜ケ丘町","prefectureEn":"TOCHIGI KEN","cityEn":"NIKKO SHI","townEn":"KIYOTAKI SAKURAGAOKAMACHI"},"3211444":{"prefectureJa":"栃木県","cityJa":"日光市","townJa":"清滝","prefectureEn":"TOCHIGI KEN","cityEn":"NIKKO SHI","townEn":"KIYOTAKI"},"3211445":{"prefectureJa":"栃木県","cityJa":"日光市","townJa":"細尾町","prefectureEn":"TOCHIGI KEN","cityEn":"NIKKO SHI","townEn":"HOSOMACHI"},"3211446":{"prefectureJa":"栃木県","cityJa":"日光市","townJa":"清滝中安戸町","prefectureEn":"TOCHIGI KEN","cityEn":"NIKKO SHI","townEn":"KIYOTAKI NAKAYASUDOMACHI"},"3211447":{"prefectureJa":"栃木県","cityJa":"日光市","townJa":"清滝和の代町","prefectureEn":"TOCHIGI KEN","cityEn":"NIKKO SHI","townEn":"KIYOTAKI WANOSHIROMACHI"},"3211448":{"prefectureJa":"栃木県","cityJa":"日光市","townJa":"清滝新細尾町","prefectureEn":"TOCHIGI KEN","cityEn":"NIKKO SHI","townEn":"KIYOTAKI SHINHOSOMACHI"},"3211449":{"prefectureJa":"栃木県","cityJa":"日光市","townJa":"丹勢","prefectureEn":"TOCHIGI KEN","cityEn":"NIKKO SHI","townEn":"TANZE"},"3211501":{"prefectureJa":"栃木県","cityJa":"日光市","townJa":"足尾町愛宕下","prefectureEn":"TOCHIGI KEN","cityEn":"NIKKO SHI","townEn":"ASHIOMACHI ATAGOSHITA"},"3211502":{"prefectureJa":"栃木県","cityJa":"日光市","townJa":"足尾町赤倉","prefectureEn":"TOCHIGI KEN","cityEn":"NIKKO SHI","townEn":"ASHIOMACHI AKAKURA"},"3211503":{"prefectureJa":"栃木県","cityJa":"日光市","townJa":"足尾町深沢","prefectureEn":"TOCHIGI KEN","cityEn":"NIKKO SHI","townEn":"ASHIOMACHI FUKASAWA"},"3211504":{"prefectureJa":"栃木県","cityJa":"日光市","townJa":"足尾町上間藤","prefectureEn":"TOCHIGI KEN","cityEn":"NIKKO SHI","townEn":"ASHIOMACHI KAMIMATO"},"3211505":{"prefectureJa":"栃木県","cityJa":"日光市","townJa":"足尾町上の平","prefectureEn":"TOCHIGI KEN","cityEn":"NIKKO SHI","townEn":"ASHIOMACHI UENOTAIRA"},"3211506":{"prefectureJa":"栃木県","cityJa":"日光市","townJa":"足尾町下間藤","prefectureEn":"TOCHIGI KEN","cityEn":"NIKKO SHI","townEn":"ASHIOMACHI SHIMOMATO"},"3211507":{"prefectureJa":"栃木県","cityJa":"日光市","townJa":"足尾町南橋","prefectureEn":"TOCHIGI KEN","cityEn":"NIKKO SHI","townEn":"ASHIOMACHI NANKYO"},"3211508":{"prefectureJa":"栃木県","cityJa":"日光市","townJa":"足尾町本山","prefectureEn":"TOCHIGI KEN","cityEn":"NIKKO SHI","townEn":"ASHIOMACHI HONZAN"},"3211511":{"prefectureJa":"栃木県","cityJa":"日光市","townJa":"足尾町","prefectureEn":"TOCHIGI KEN","cityEn":"NIKKO SHI","townEn":"ASHIOMACHI"},"3211512":{"prefectureJa":"栃木県","cityJa":"日光市","townJa":"足尾町掛水","prefectureEn":"TOCHIGI KEN","cityEn":"NIKKO SHI","townEn":"ASHIOMACHI KAKEMIZU"},"3211513":{"prefectureJa":"栃木県","cityJa":"日光市","townJa":"足尾町向原","prefectureEn":"TOCHIGI KEN","cityEn":"NIKKO SHI","townEn":"ASHIOMACHI MUKAIHARA"},"3211514":{"prefectureJa":"栃木県","cityJa":"日光市","townJa":"足尾町通洞","prefectureEn":"TOCHIGI KEN","cityEn":"NIKKO SHI","townEn":"ASHIOMACHI TSUDO"},"3211515":{"prefectureJa":"栃木県","cityJa":"日光市","townJa":"足尾町砂畑","prefectureEn":"TOCHIGI KEN","cityEn":"NIKKO SHI","townEn":"ASHIOMACHI SUNAHATA"},"3211521":{"prefectureJa":"栃木県","cityJa":"日光市","townJa":"足尾町遠下","prefectureEn":"TOCHIGI KEN","cityEn":"NIKKO SHI","townEn":"ASHIOMACHI TOJIMO"},"3211522":{"prefectureJa":"栃木県","cityJa":"日光市","townJa":"足尾町中才","prefectureEn":"TOCHIGI KEN","cityEn":"NIKKO SHI","townEn":"ASHIOMACHI NAKASAI"},"3211523":{"prefectureJa":"栃木県","cityJa":"日光市","townJa":"足尾町松原","prefectureEn":"TOCHIGI KEN","cityEn":"NIKKO SHI","townEn":"ASHIOMACHI MATSUBARA"},"3211524":{"prefectureJa":"栃木県","cityJa":"日光市","townJa":"足尾町赤沢","prefectureEn":"TOCHIGI KEN","cityEn":"NIKKO SHI","townEn":"ASHIOMACHI AKASAWA"},"3211661":{"prefectureJa":"栃木県","cityJa":"日光市","townJa":"中宮祠","prefectureEn":"TOCHIGI KEN","cityEn":"NIKKO SHI","townEn":"CHUGUSHI"},"3211662":{"prefectureJa":"栃木県","cityJa":"日光市","townJa":"湯元","prefectureEn":"TOCHIGI KEN","cityEn":"NIKKO SHI","townEn":"YUMOTO"},"3212101":{"prefectureJa":"栃木県","cityJa":"宇都宮市","townJa":"飯山町","prefectureEn":"TOCHIGI KEN","cityEn":"UTSUNOMIYA SHI","townEn":"IIYAMAMACHI"},"3212102":{"prefectureJa":"栃木県","cityJa":"宇都宮市","townJa":"篠井町","prefectureEn":"TOCHIGI KEN","cityEn":"UTSUNOMIYA SHI","townEn":"SHINOIMACHI"},"3212103":{"prefectureJa":"栃木県","cityJa":"宇都宮市","townJa":"石那田町","prefectureEn":"TOCHIGI KEN","cityEn":"UTSUNOMIYA SHI","townEn":"ISHINADAMACHI"},"3212104":{"prefectureJa":"栃木県","cityJa":"宇都宮市","townJa":"上小池町","prefectureEn":"TOCHIGI KEN","cityEn":"UTSUNOMIYA SHI","townEn":"KAMIKOIKEMACHI"},"3212105":{"prefectureJa":"栃木県","cityJa":"宇都宮市","townJa":"下小池町","prefectureEn":"TOCHIGI KEN","cityEn":"UTSUNOMIYA SHI","townEn":"SHIMOKOIKEMACHI"},"3212111":{"prefectureJa":"栃木県","cityJa":"宇都宮市","townJa":"大網町","prefectureEn":"TOCHIGI KEN","cityEn":"UTSUNOMIYA SHI","townEn":"OAMIMACHI"},"3212112":{"prefectureJa":"栃木県","cityJa":"宇都宮市","townJa":"上横倉町","prefectureEn":"TOCHIGI KEN","cityEn":"UTSUNOMIYA SHI","townEn":"KAMIYOKOKURAMACHI"},"3212113":{"prefectureJa":"栃木県","cityJa":"宇都宮市","townJa":"下横倉町","prefectureEn":"TOCHIGI KEN","cityEn":"UTSUNOMIYA SHI","townEn":"SHIMOYOKOKURAMACHI"},"3212114":{"prefectureJa":"栃木県","cityJa":"宇都宮市","townJa":"下金井町","prefectureEn":"TOCHIGI KEN","cityEn":"UTSUNOMIYA SHI","townEn":"SHIMOKANAIMACHI"},"3212115":{"prefectureJa":"栃木県","cityJa":"宇都宮市","townJa":"上金井町","prefectureEn":"TOCHIGI KEN","cityEn":"UTSUNOMIYA SHI","townEn":"KAMIKANAIMACHI"},"3212116":{"prefectureJa":"栃木県","cityJa":"宇都宮市","townJa":"徳次郎町","prefectureEn":"TOCHIGI KEN","cityEn":"UTSUNOMIYA SHI","townEn":"TOKUJIRAMACHI"},"3212117":{"prefectureJa":"栃木県","cityJa":"宇都宮市","townJa":"岩原町","prefectureEn":"TOCHIGI KEN","cityEn":"UTSUNOMIYA SHI","townEn":"IWAHARAMACHI"},"3212118":{"prefectureJa":"栃木県","cityJa":"宇都宮市","townJa":"新里町","prefectureEn":"TOCHIGI KEN","cityEn":"UTSUNOMIYA SHI","townEn":"NISSATOMACHI"},"3212331":{"prefectureJa":"栃木県","cityJa":"日光市","townJa":"針貝","prefectureEn":"TOCHIGI KEN","cityEn":"NIKKO SHI","townEn":"HARIGAI"},"3212332":{"prefectureJa":"栃木県","cityJa":"日光市","townJa":"大室","prefectureEn":"TOCHIGI KEN","cityEn":"NIKKO SHI","townEn":"OMURO"},"3212333":{"prefectureJa":"栃木県","cityJa":"日光市","townJa":"薄井沢","prefectureEn":"TOCHIGI KEN","cityEn":"NIKKO SHI","townEn":"USUIZAWA"},"3212334":{"prefectureJa":"栃木県","cityJa":"日光市","townJa":"水無","prefectureEn":"TOCHIGI KEN","cityEn":"NIKKO SHI","townEn":"MIZUNASHI"},"3212335":{"prefectureJa":"栃木県","cityJa":"日光市","townJa":"森友","prefectureEn":"TOCHIGI KEN","cityEn":"NIKKO SHI","townEn":"MORITOMO"},"3212336":{"prefectureJa":"栃木県","cityJa":"日光市","townJa":"荊沢","prefectureEn":"TOCHIGI KEN","cityEn":"NIKKO SHI","townEn":"OTOROZAWA"},"3212341":{"prefectureJa":"栃木県","cityJa":"日光市","townJa":"大沢町","prefectureEn":"TOCHIGI KEN","cityEn":"NIKKO SHI","townEn":"OSAWAMACHI"},"3212342":{"prefectureJa":"栃木県","cityJa":"日光市","townJa":"根室","prefectureEn":"TOCHIGI KEN","cityEn":"NIKKO SHI","townEn":"NEMURO"},"3212343":{"prefectureJa":"栃木県","cityJa":"日光市","townJa":"山口","prefectureEn":"TOCHIGI KEN","cityEn":"NIKKO SHI","townEn":"YAMAGUCHI"},"3212344":{"prefectureJa":"栃木県","cityJa":"日光市","townJa":"猪倉","prefectureEn":"TOCHIGI KEN","cityEn":"NIKKO SHI","townEn":"INOKURA"},"3212345":{"prefectureJa":"栃木県","cityJa":"日光市","townJa":"木和田島","prefectureEn":"TOCHIGI KEN","cityEn":"NIKKO SHI","townEn":"KIWADASHIMA"},"3212351":{"prefectureJa":"栃木県","cityJa":"日光市","townJa":"塩野室町","prefectureEn":"TOCHIGI KEN","cityEn":"NIKKO SHI","townEn":"SHIONOMUROMACHI"},"3212352":{"prefectureJa":"栃木県","cityJa":"日光市","townJa":"小林","prefectureEn":"TOCHIGI KEN","cityEn":"NIKKO SHI","townEn":"KOBAYASHI"},"3212353":{"prefectureJa":"栃木県","cityJa":"日光市","townJa":"沓掛","prefectureEn":"TOCHIGI KEN","cityEn":"NIKKO SHI","townEn":"KUTSUKAKE"},"3212354":{"prefectureJa":"栃木県","cityJa":"日光市","townJa":"嘉多蔵","prefectureEn":"TOCHIGI KEN","cityEn":"NIKKO SHI","townEn":"KATAKURA"},"3212355":{"prefectureJa":"栃木県","cityJa":"日光市","townJa":"沢又","prefectureEn":"TOCHIGI KEN","cityEn":"NIKKO SHI","townEn":"SAWAMATA"},"3212356":{"prefectureJa":"栃木県","cityJa":"日光市","townJa":"矢野口","prefectureEn":"TOCHIGI KEN","cityEn":"NIKKO SHI","townEn":"YANOKUCHI"},"3212401":{"prefectureJa":"栃木県","cityJa":"日光市","townJa":"川室","prefectureEn":"TOCHIGI KEN","cityEn":"NIKKO SHI","townEn":"KAWAMURO"},"3212402":{"prefectureJa":"栃木県","cityJa":"日光市","townJa":"大渡","prefectureEn":"TOCHIGI KEN","cityEn":"NIKKO SHI","townEn":"OWATARI"},"3212403":{"prefectureJa":"栃木県","cityJa":"日光市","townJa":"町谷","prefectureEn":"TOCHIGI KEN","cityEn":"NIKKO SHI","townEn":"MACHIYA"},"3212404":{"prefectureJa":"栃木県","cityJa":"日光市","townJa":"轟","prefectureEn":"TOCHIGI KEN","cityEn":"NIKKO SHI","townEn":"TODOROKU"},"3212405":{"prefectureJa":"栃木県","cityJa":"日光市","townJa":"芹沼","prefectureEn":"TOCHIGI KEN","cityEn":"NIKKO SHI","townEn":"SERINUMA"},"3212411":{"prefectureJa":"栃木県","cityJa":"日光市","townJa":"大桑町","prefectureEn":"TOCHIGI KEN","cityEn":"NIKKO SHI","townEn":"OKUWAMACHI"},"3212412":{"prefectureJa":"栃木県","cityJa":"日光市","townJa":"倉ケ崎","prefectureEn":"TOCHIGI KEN","cityEn":"NIKKO SHI","townEn":"KURAGASAKI"},"3212413":{"prefectureJa":"栃木県","cityJa":"日光市","townJa":"倉ケ崎新田","prefectureEn":"TOCHIGI KEN","cityEn":"NIKKO SHI","townEn":"KURAGASAKISHINDEN"},"3212414":{"prefectureJa":"栃木県","cityJa":"日光市","townJa":"豊田","prefectureEn":"TOCHIGI KEN","cityEn":"NIKKO SHI","townEn":"TOYODA"},"3212421":{"prefectureJa":"栃木県","cityJa":"日光市","townJa":"栗原","prefectureEn":"TOCHIGI KEN","cityEn":"NIKKO SHI","townEn":"KURIBARA"},"3212422":{"prefectureJa":"栃木県","cityJa":"日光市","townJa":"高柴","prefectureEn":"TOCHIGI KEN","cityEn":"NIKKO SHI","townEn":"TAKASHIBA"},"3212423":{"prefectureJa":"栃木県","cityJa":"日光市","townJa":"原宿","prefectureEn":"TOCHIGI KEN","cityEn":"NIKKO SHI","townEn":"HARAJUKU"},"3212424":{"prefectureJa":"栃木県","cityJa":"日光市","townJa":"小百（鳥屋下）","prefectureEn":"TOCHIGI KEN","cityEn":"NIKKO SHI","townEn":"KOBYAKU (TOYASHITA)"},"3212425":{"prefectureJa":"栃木県","cityJa":"日光市","townJa":"小百（楢原）","prefectureEn":"TOCHIGI KEN","cityEn":"NIKKO SHI","townEn":"KOBYAKU (NARAHARA)"},"3212426":{"prefectureJa":"栃木県","cityJa":"日光市","townJa":"小百（筒置）","prefectureEn":"TOCHIGI KEN","cityEn":"NIKKO SHI","townEn":"KOBYAKU (TSUTSUOKI)"},"3212427":{"prefectureJa":"栃木県","cityJa":"日光市","townJa":"佐下部","prefectureEn":"TOCHIGI KEN","cityEn":"NIKKO SHI","townEn":"SAGEBU"},"3212501":{"prefectureJa":"栃木県","cityJa":"塩谷郡塩谷町","townJa":"上寺島（１６５３、１６６１、１６７８、１６９４番地）","prefectureEn":"TOCHIGI KEN","cityEn":"SHIOYA GUN SHIOYA MACHI","townEn":"KAMITERASHIMA(1653.1661.1678.1694-B"},"3212521":{"prefectureJa":"栃木県","cityJa":"日光市","townJa":"藤原（その他）","prefectureEn":"TOCHIGI KEN","cityEn":"NIKKO SHI","townEn":"FUJIHARA(SONOTA)"},"3212522":{"prefectureJa":"栃木県","cityJa":"日光市","townJa":"鬼怒川温泉大原","prefectureEn":"TOCHIGI KEN","cityEn":"NIKKO SHI","townEn":"KINUGAWAONSENOHARA"},"3212523":{"prefectureJa":"栃木県","cityJa":"日光市","townJa":"高徳","prefectureEn":"TOCHIGI KEN","cityEn":"NIKKO SHI","townEn":"TAKATOKU"},"3212524":{"prefectureJa":"栃木県","cityJa":"日光市","townJa":"柄倉","prefectureEn":"TOCHIGI KEN","cityEn":"NIKKO SHI","townEn":"KARAKURA"},"3212525":{"prefectureJa":"栃木県","cityJa":"日光市","townJa":"小佐越","prefectureEn":"TOCHIGI KEN","cityEn":"NIKKO SHI","townEn":"KOSAGOE"},"3212526":{"prefectureJa":"栃木県","cityJa":"日光市","townJa":"鬼怒川温泉滝","prefectureEn":"TOCHIGI KEN","cityEn":"NIKKO SHI","townEn":"KINUGAWAONSENTAKI"},"3212601":{"prefectureJa":"栃木県","cityJa":"日光市","townJa":"湯西川","prefectureEn":"TOCHIGI KEN","cityEn":"NIKKO SHI","townEn":"YUNISHIKAWA"},"3212602":{"prefectureJa":"栃木県","cityJa":"日光市","townJa":"一ツ石","prefectureEn":"TOCHIGI KEN","cityEn":"NIKKO SHI","townEn":"HITOTSUISHI"},"3212603":{"prefectureJa":"栃木県","cityJa":"日光市","townJa":"西川","prefectureEn":"TOCHIGI KEN","cityEn":"NIKKO SHI","townEn":"NISHIKAWA"},"3212604":{"prefectureJa":"栃木県","cityJa":"日光市","townJa":"赤下","prefectureEn":"TOCHIGI KEN","cityEn":"NIKKO SHI","townEn":"AKASHITA"},"3212611":{"prefectureJa":"栃木県","cityJa":"日光市","townJa":"川治温泉川治","prefectureEn":"TOCHIGI KEN","cityEn":"NIKKO SHI","townEn":"KAWAJIONSENKAWAJI"},"3212612":{"prefectureJa":"栃木県","cityJa":"日光市","townJa":"川治温泉高原","prefectureEn":"TOCHIGI KEN","cityEn":"NIKKO SHI","townEn":"KAWAJIONSENTAKAHARA"},"3212613":{"prefectureJa":"栃木県","cityJa":"日光市","townJa":"藤原（１０４７～１２６８及び下平）","prefectureEn":"TOCHIGI KEN","cityEn":"NIKKO SHI","townEn":"FUJIHARA(1047-1268-OYOBISHIMOTAIRA)"},"3212614":{"prefectureJa":"栃木県","cityJa":"日光市","townJa":"川治温泉滝","prefectureEn":"TOCHIGI KEN","cityEn":"NIKKO SHI","townEn":"KAWAJIONSENTAKI"},"3212615":{"prefectureJa":"栃木県","cityJa":"日光市","townJa":"五十里（東山）","prefectureEn":"TOCHIGI KEN","cityEn":"NIKKO SHI","townEn":"IKARI (HIGASHIYAMA)"},"3212616":{"prefectureJa":"栃木県","cityJa":"日光市","townJa":"高原","prefectureEn":"TOCHIGI KEN","cityEn":"NIKKO SHI","townEn":"TAKAHARA"},"3212711":{"prefectureJa":"栃木県","cityJa":"日光市","townJa":"日向","prefectureEn":"TOCHIGI KEN","cityEn":"NIKKO SHI","townEn":"HINATA"},"3212712":{"prefectureJa":"栃木県","cityJa":"日光市","townJa":"日蔭","prefectureEn":"TOCHIGI KEN","cityEn":"NIKKO SHI","townEn":"HIKAGE"},"3212713":{"prefectureJa":"栃木県","cityJa":"日光市","townJa":"黒部","prefectureEn":"TOCHIGI KEN","cityEn":"NIKKO SHI","townEn":"KUROBE"},"3212714":{"prefectureJa":"栃木県","cityJa":"日光市","townJa":"土呂部","prefectureEn":"TOCHIGI KEN","cityEn":"NIKKO SHI","townEn":"DOROBU"},"3212715":{"prefectureJa":"栃木県","cityJa":"日光市","townJa":"上栗山","prefectureEn":"TOCHIGI KEN","cityEn":"NIKKO SHI","townEn":"KAMIKURIYAMA"},"3212716":{"prefectureJa":"栃木県","cityJa":"日光市","townJa":"野門","prefectureEn":"TOCHIGI KEN","cityEn":"NIKKO SHI","townEn":"NOKADO"},"3212717":{"prefectureJa":"栃木県","cityJa":"日光市","townJa":"川俣","prefectureEn":"TOCHIGI KEN","cityEn":"NIKKO SHI","townEn":"KAWAMATA"},"3212718":{"prefectureJa":"栃木県","cityJa":"日光市","townJa":"若間","prefectureEn":"TOCHIGI KEN","cityEn":"NIKKO SHI","townEn":"WAKAMA"},"3212801":{"prefectureJa":"栃木県","cityJa":"日光市","townJa":"横川","prefectureEn":"TOCHIGI KEN","cityEn":"NIKKO SHI","townEn":"YOKOKAWA"},"3212802":{"prefectureJa":"栃木県","cityJa":"日光市","townJa":"上三依","prefectureEn":"TOCHIGI KEN","cityEn":"NIKKO SHI","townEn":"KAMIMIYORI"},"3212803":{"prefectureJa":"栃木県","cityJa":"日光市","townJa":"中三依","prefectureEn":"TOCHIGI KEN","cityEn":"NIKKO SHI","townEn":"NAKAMIYORI"},"3212804":{"prefectureJa":"栃木県","cityJa":"日光市","townJa":"芹沢","prefectureEn":"TOCHIGI KEN","cityEn":"NIKKO SHI","townEn":"SERISAWA"},"3212805":{"prefectureJa":"栃木県","cityJa":"日光市","townJa":"独鈷沢","prefectureEn":"TOCHIGI KEN","cityEn":"NIKKO SHI","townEn":"TOKKOZAWA"},"3212806":{"prefectureJa":"栃木県","cityJa":"日光市","townJa":"五十里（その他）","prefectureEn":"TOCHIGI KEN","cityEn":"NIKKO SHI","townEn":"IKARI(SONOTA)"},"3213221":{"prefectureJa":"栃木県","cityJa":"宇都宮市","townJa":"板戸町","prefectureEn":"TOCHIGI KEN","cityEn":"UTSUNOMIYA SHI","townEn":"ITADOMACHI"},"3213222":{"prefectureJa":"栃木県","cityJa":"宇都宮市","townJa":"野高谷町","prefectureEn":"TOCHIGI KEN","cityEn":"UTSUNOMIYA SHI","townEn":"NOGOYAMACHI"},"3213223":{"prefectureJa":"栃木県","cityJa":"宇都宮市","townJa":"清原台","prefectureEn":"TOCHIGI KEN","cityEn":"UTSUNOMIYA SHI","townEn":"KIYOHARADAI"},"3213224":{"prefectureJa":"栃木県","cityJa":"宇都宮市","townJa":"刈沼町","prefectureEn":"TOCHIGI KEN","cityEn":"UTSUNOMIYA SHI","townEn":"KARINUMAMACHI"},"3213225":{"prefectureJa":"栃木県","cityJa":"宇都宮市","townJa":"満美穴町","prefectureEn":"TOCHIGI KEN","cityEn":"UTSUNOMIYA SHI","townEn":"MAMIANAMACHI"},"3213226":{"prefectureJa":"栃木県","cityJa":"宇都宮市","townJa":"ゆいの杜","prefectureEn":"TOCHIGI KEN","cityEn":"UTSUNOMIYA SHI","townEn":"YUINOMORI"},"3213231":{"prefectureJa":"栃木県","cityJa":"宇都宮市","townJa":"清原工業団地","prefectureEn":"TOCHIGI KEN","cityEn":"UTSUNOMIYA SHI","townEn":"KIYOHARAKOGYODANCHI"},"3213232":{"prefectureJa":"栃木県","cityJa":"宇都宮市","townJa":"氷室町","prefectureEn":"TOCHIGI KEN","cityEn":"UTSUNOMIYA SHI","townEn":"HIMUROMACHI"},"3213233":{"prefectureJa":"栃木県","cityJa":"宇都宮市","townJa":"上籠谷町","prefectureEn":"TOCHIGI KEN","cityEn":"UTSUNOMIYA SHI","townEn":"KAMIKOMORIYAMACHI"},"3213234":{"prefectureJa":"栃木県","cityJa":"宇都宮市","townJa":"桑島町","prefectureEn":"TOCHIGI KEN","cityEn":"UTSUNOMIYA SHI","townEn":"KUWAJIMAMACHI"},"3213235":{"prefectureJa":"栃木県","cityJa":"宇都宮市","townJa":"鐺山町","prefectureEn":"TOCHIGI KEN","cityEn":"UTSUNOMIYA SHI","townEn":"KOTEYAMAMACHI"},"3213236":{"prefectureJa":"栃木県","cityJa":"宇都宮市","townJa":"竹下町","prefectureEn":"TOCHIGI KEN","cityEn":"UTSUNOMIYA SHI","townEn":"TAKESHITAMACHI"},"3213237":{"prefectureJa":"栃木県","cityJa":"宇都宮市","townJa":"道場宿町","prefectureEn":"TOCHIGI KEN","cityEn":"UTSUNOMIYA SHI","townEn":"DOJOJUKUMACHI"},"3213300":{"prefectureJa":"栃木県","cityJa":"芳賀郡芳賀町","townJa":"以下に掲載がない場合","prefectureEn":"TOCHIGI KEN","cityEn":"HAGA GUN HAGA MACHI","townEn":"IKANIKEISAIGANAIBAAI"},"3213301":{"prefectureJa":"栃木県","cityJa":"芳賀郡芳賀町","townJa":"給部","prefectureEn":"TOCHIGI KEN","cityEn":"HAGA GUN HAGA MACHI","townEn":"KYUBU"},"3213302":{"prefectureJa":"栃木県","cityJa":"芳賀郡芳賀町","townJa":"上稲毛田","prefectureEn":"TOCHIGI KEN","cityEn":"HAGA GUN HAGA MACHI","townEn":"KAMIINAGETA"},"3213303":{"prefectureJa":"栃木県","cityJa":"芳賀郡芳賀町","townJa":"稲毛田","prefectureEn":"TOCHIGI KEN","cityEn":"HAGA GUN HAGA MACHI","townEn":"INAGETA"},"3213304":{"prefectureJa":"栃木県","cityJa":"芳賀郡芳賀町","townJa":"祖母井","prefectureEn":"TOCHIGI KEN","cityEn":"HAGA GUN HAGA MACHI","townEn":"UBAGAI"},"3213305":{"prefectureJa":"栃木県","cityJa":"芳賀郡芳賀町","townJa":"芳志戸","prefectureEn":"TOCHIGI KEN","cityEn":"HAGA GUN HAGA MACHI","townEn":"HOSHITO"},"3213306":{"prefectureJa":"栃木県","cityJa":"芳賀郡芳賀町","townJa":"八ツ木","prefectureEn":"TOCHIGI KEN","cityEn":"HAGA GUN HAGA MACHI","townEn":"YATSUGI"},"3213307":{"prefectureJa":"栃木県","cityJa":"芳賀郡芳賀町","townJa":"祖母井南","prefectureEn":"TOCHIGI KEN","cityEn":"HAGA GUN HAGA MACHI","townEn":"UBAGAIMINAMI"},"3213311":{"prefectureJa":"栃木県","cityJa":"芳賀郡芳賀町","townJa":"上延生","prefectureEn":"TOCHIGI KEN","cityEn":"HAGA GUN HAGA MACHI","townEn":"KAMINOBU"},"3213312":{"prefectureJa":"栃木県","cityJa":"芳賀郡芳賀町","townJa":"下延生","prefectureEn":"TOCHIGI KEN","cityEn":"HAGA GUN HAGA MACHI","townEn":"SHIMONOBU"},"3213313":{"prefectureJa":"栃木県","cityJa":"芳賀郡芳賀町","townJa":"東高橋","prefectureEn":"TOCHIGI KEN","cityEn":"HAGA GUN HAGA MACHI","townEn":"HIGASHITAKAHASHI"},"3213314":{"prefectureJa":"栃木県","cityJa":"芳賀郡芳賀町","townJa":"打越新田","prefectureEn":"TOCHIGI KEN","cityEn":"HAGA GUN HAGA MACHI","townEn":"UCHIGOSHINDEN"},"3213315":{"prefectureJa":"栃木県","cityJa":"芳賀郡芳賀町","townJa":"西高橋","prefectureEn":"TOCHIGI KEN","cityEn":"HAGA GUN HAGA MACHI","townEn":"NISHITAKAHASHI"},"3213316":{"prefectureJa":"栃木県","cityJa":"芳賀郡芳賀町","townJa":"与能","prefectureEn":"TOCHIGI KEN","cityEn":"HAGA GUN HAGA MACHI","townEn":"YONO"},"3213321":{"prefectureJa":"栃木県","cityJa":"芳賀郡芳賀町","townJa":"下高根沢","prefectureEn":"TOCHIGI KEN","cityEn":"HAGA GUN HAGA MACHI","townEn":"SHIMOTAKANEZAWA"},"3213322":{"prefectureJa":"栃木県","cityJa":"芳賀郡芳賀町","townJa":"東水沼","prefectureEn":"TOCHIGI KEN","cityEn":"HAGA GUN HAGA MACHI","townEn":"HIGASHIMIZUNUMA"},"3213323":{"prefectureJa":"栃木県","cityJa":"芳賀郡芳賀町","townJa":"北長島","prefectureEn":"TOCHIGI KEN","cityEn":"HAGA GUN HAGA MACHI","townEn":"KITANAGASHIMA"},"3213324":{"prefectureJa":"栃木県","cityJa":"芳賀郡芳賀町","townJa":"西水沼","prefectureEn":"TOCHIGI KEN","cityEn":"HAGA GUN HAGA MACHI","townEn":"NISHIMIZUNUMA"},"3213325":{"prefectureJa":"栃木県","cityJa":"芳賀郡芳賀町","townJa":"芳賀台","prefectureEn":"TOCHIGI KEN","cityEn":"HAGA GUN HAGA MACHI","townEn":"HAGADAI"},"3213400":{"prefectureJa":"栃木県","cityJa":"芳賀郡市貝町","townJa":"以下に掲載がない場合","prefectureEn":"TOCHIGI KEN","cityEn":"HAGA GUN ICHIKAI MACHI","townEn":"IKANIKEISAIGANAIBAAI"},"3213401":{"prefectureJa":"栃木県","cityJa":"芳賀郡市貝町","townJa":"竹内","prefectureEn":"TOCHIGI KEN","cityEn":"HAGA GUN ICHIKAI MACHI","townEn":"TAKEUCHI"},"3213402":{"prefectureJa":"栃木県","cityJa":"芳賀郡市貝町","townJa":"見上","prefectureEn":"TOCHIGI KEN","cityEn":"HAGA GUN ICHIKAI MACHI","townEn":"MIAGE"},"3213403":{"prefectureJa":"栃木県","cityJa":"芳賀郡市貝町","townJa":"羽仏","prefectureEn":"TOCHIGI KEN","cityEn":"HAGA GUN ICHIKAI MACHI","townEn":"HABUTSU"},"3213404":{"prefectureJa":"栃木県","cityJa":"芳賀郡市貝町","townJa":"続谷","prefectureEn":"TOCHIGI KEN","cityEn":"HAGA GUN ICHIKAI MACHI","townEn":"TSUZUKIYA"},"3213405":{"prefectureJa":"栃木県","cityJa":"芳賀郡市貝町","townJa":"大谷津","prefectureEn":"TOCHIGI KEN","cityEn":"HAGA GUN ICHIKAI MACHI","townEn":"OYATSU"},"3213406":{"prefectureJa":"栃木県","cityJa":"芳賀郡市貝町","townJa":"塩田","prefectureEn":"TOCHIGI KEN","cityEn":"HAGA GUN ICHIKAI MACHI","townEn":"SHIODA"},"3213411":{"prefectureJa":"栃木県","cityJa":"芳賀郡市貝町","townJa":"刈生田","prefectureEn":"TOCHIGI KEN","cityEn":"HAGA GUN ICHIKAI MACHI","townEn":"KARIUTA"},"3213412":{"prefectureJa":"栃木県","cityJa":"芳賀郡市貝町","townJa":"田野辺","prefectureEn":"TOCHIGI KEN","cityEn":"HAGA GUN ICHIKAI MACHI","townEn":"TANOBE"},"3213413":{"prefectureJa":"栃木県","cityJa":"芳賀郡市貝町","townJa":"文谷","prefectureEn":"TOCHIGI KEN","cityEn":"HAGA GUN ICHIKAI MACHI","townEn":"FUMIYA"},"3213414":{"prefectureJa":"栃木県","cityJa":"芳賀郡市貝町","townJa":"椎谷","prefectureEn":"TOCHIGI KEN","cityEn":"HAGA GUN ICHIKAI MACHI","townEn":"SHUGAI"},"3213415":{"prefectureJa":"栃木県","cityJa":"芳賀郡市貝町","townJa":"杉山","prefectureEn":"TOCHIGI KEN","cityEn":"HAGA GUN ICHIKAI MACHI","townEn":"SUGIYAMA"},"3213421":{"prefectureJa":"栃木県","cityJa":"芳賀郡市貝町","townJa":"笹原田","prefectureEn":"TOCHIGI KEN","cityEn":"HAGA GUN ICHIKAI MACHI","townEn":"SASAHARADA"},"3213422":{"prefectureJa":"栃木県","cityJa":"芳賀郡市貝町","townJa":"石下","prefectureEn":"TOCHIGI KEN","cityEn":"HAGA GUN ICHIKAI MACHI","townEn":"ISHIOROSHI"},"3213423":{"prefectureJa":"栃木県","cityJa":"芳賀郡市貝町","townJa":"市塙","prefectureEn":"TOCHIGI KEN","cityEn":"HAGA GUN ICHIKAI MACHI","townEn":"ICHIHANA"},"3213424":{"prefectureJa":"栃木県","cityJa":"芳賀郡市貝町","townJa":"上根","prefectureEn":"TOCHIGI KEN","cityEn":"HAGA GUN ICHIKAI MACHI","townEn":"KAMINE"},"3213425":{"prefectureJa":"栃木県","cityJa":"芳賀郡市貝町","townJa":"多田羅","prefectureEn":"TOCHIGI KEN","cityEn":"HAGA GUN ICHIKAI MACHI","townEn":"TATARA"},"3213426":{"prefectureJa":"栃木県","cityJa":"芳賀郡市貝町","townJa":"赤羽","prefectureEn":"TOCHIGI KEN","cityEn":"HAGA GUN ICHIKAI MACHI","townEn":"AKABANE"},"3213500":{"prefectureJa":"栃木県","cityJa":"芳賀郡茂木町","townJa":"以下に掲載がない場合","prefectureEn":"TOCHIGI KEN","cityEn":"HAGA GUN MOTEGI MACHI","townEn":"IKANIKEISAIGANAIBAAI"},"3213531":{"prefectureJa":"栃木県","cityJa":"芳賀郡茂木町","townJa":"茂木","prefectureEn":"TOCHIGI KEN","cityEn":"HAGA GUN MOTEGI MACHI","townEn":"MOTEGI"},"3213532":{"prefectureJa":"栃木県","cityJa":"芳賀郡茂木町","townJa":"三坂","prefectureEn":"TOCHIGI KEN","cityEn":"HAGA GUN MOTEGI MACHI","townEn":"MISAKA"},"3213533":{"prefectureJa":"栃木県","cityJa":"芳賀郡茂木町","townJa":"桧山（その他）","prefectureEn":"TOCHIGI KEN","cityEn":"HAGA GUN MOTEGI MACHI","townEn":"HIYAMA(SONOTA)"},"3213534":{"prefectureJa":"栃木県","cityJa":"芳賀郡茂木町","townJa":"青梅","prefectureEn":"TOCHIGI KEN","cityEn":"HAGA GUN MOTEGI MACHI","townEn":"OME"},"3213535":{"prefectureJa":"栃木県","cityJa":"芳賀郡茂木町","townJa":"鮎田","prefectureEn":"TOCHIGI KEN","cityEn":"HAGA GUN MOTEGI MACHI","townEn":"AIDA"},"3213536":{"prefectureJa":"栃木県","cityJa":"芳賀郡茂木町","townJa":"神井","prefectureEn":"TOCHIGI KEN","cityEn":"HAGA GUN MOTEGI MACHI","townEn":"KANOI"},"3213541":{"prefectureJa":"栃木県","cityJa":"芳賀郡茂木町","townJa":"烏生田","prefectureEn":"TOCHIGI KEN","cityEn":"HAGA GUN MOTEGI MACHI","townEn":"UGODA"},"3213542":{"prefectureJa":"栃木県","cityJa":"芳賀郡茂木町","townJa":"九石","prefectureEn":"TOCHIGI KEN","cityEn":"HAGA GUN MOTEGI MACHI","townEn":"SAZARASHI"},"3213543":{"prefectureJa":"栃木県","cityJa":"芳賀郡茂木町","townJa":"上後郷","prefectureEn":"TOCHIGI KEN","cityEn":"HAGA GUN MOTEGI MACHI","townEn":"KAMIURAGO"},"3213544":{"prefectureJa":"栃木県","cityJa":"芳賀郡茂木町","townJa":"坂井","prefectureEn":"TOCHIGI KEN","cityEn":"HAGA GUN MOTEGI MACHI","townEn":"SAKANOI"},"3213545":{"prefectureJa":"栃木県","cityJa":"芳賀郡茂木町","townJa":"下菅又","prefectureEn":"TOCHIGI KEN","cityEn":"HAGA GUN MOTEGI MACHI","townEn":"SHIMOSUGAMATA"},"3213546":{"prefectureJa":"栃木県","cityJa":"芳賀郡茂木町","townJa":"上菅又","prefectureEn":"TOCHIGI KEN","cityEn":"HAGA GUN MOTEGI MACHI","townEn":"KAMISUGAMATA"},"3213547":{"prefectureJa":"栃木県","cityJa":"芳賀郡茂木町","townJa":"千本","prefectureEn":"TOCHIGI KEN","cityEn":"HAGA GUN MOTEGI MACHI","townEn":"SEMBO"},"3213551":{"prefectureJa":"栃木県","cityJa":"芳賀郡茂木町","townJa":"生井","prefectureEn":"TOCHIGI KEN","cityEn":"HAGA GUN MOTEGI MACHI","townEn":"NAMAI"},"3213552":{"prefectureJa":"栃木県","cityJa":"芳賀郡茂木町","townJa":"竹原","prefectureEn":"TOCHIGI KEN","cityEn":"HAGA GUN MOTEGI MACHI","townEn":"TAKEWARA"},"3213553":{"prefectureJa":"栃木県","cityJa":"芳賀郡茂木町","townJa":"大畑","prefectureEn":"TOCHIGI KEN","cityEn":"HAGA GUN MOTEGI MACHI","townEn":"OBATAKE"},"3213554":{"prefectureJa":"栃木県","cityJa":"芳賀郡茂木町","townJa":"大瀬","prefectureEn":"TOCHIGI KEN","cityEn":"HAGA GUN MOTEGI MACHI","townEn":"OSE"},"3213555":{"prefectureJa":"栃木県","cityJa":"芳賀郡茂木町","townJa":"所草","prefectureEn":"TOCHIGI KEN","cityEn":"HAGA GUN MOTEGI MACHI","townEn":"TOKOROKUSA"},"3213556":{"prefectureJa":"栃木県","cityJa":"芳賀郡茂木町","townJa":"町田","prefectureEn":"TOCHIGI KEN","cityEn":"HAGA GUN MOTEGI MACHI","townEn":"MACHIDA"},"3213557":{"prefectureJa":"栃木県","cityJa":"芳賀郡茂木町","townJa":"黒田","prefectureEn":"TOCHIGI KEN","cityEn":"HAGA GUN MOTEGI MACHI","townEn":"KURODA"},"3213561":{"prefectureJa":"栃木県","cityJa":"芳賀郡茂木町","townJa":"後郷","prefectureEn":"TOCHIGI KEN","cityEn":"HAGA GUN MOTEGI MACHI","townEn":"URAGO"},"3213562":{"prefectureJa":"栃木県","cityJa":"芳賀郡茂木町","townJa":"馬門","prefectureEn":"TOCHIGI KEN","cityEn":"HAGA GUN MOTEGI MACHI","townEn":"MAKADO"},"3213563":{"prefectureJa":"栃木県","cityJa":"芳賀郡茂木町","townJa":"林","prefectureEn":"TOCHIGI KEN","cityEn":"HAGA GUN MOTEGI MACHI","townEn":"HAYASHI"},"3213564":{"prefectureJa":"栃木県","cityJa":"芳賀郡茂木町","townJa":"増井","prefectureEn":"TOCHIGI KEN","cityEn":"HAGA GUN MOTEGI MACHI","townEn":"MASHII"},"3213565":{"prefectureJa":"栃木県","cityJa":"芳賀郡茂木町","townJa":"塩田","prefectureEn":"TOCHIGI KEN","cityEn":"HAGA GUN MOTEGI MACHI","townEn":"SHIODA"},"3213566":{"prefectureJa":"栃木県","cityJa":"芳賀郡茂木町","townJa":"小井戸","prefectureEn":"TOCHIGI KEN","cityEn":"HAGA GUN MOTEGI MACHI","townEn":"KOIDO"},"3213621":{"prefectureJa":"栃木県","cityJa":"芳賀郡茂木町","townJa":"天子","prefectureEn":"TOCHIGI KEN","cityEn":"HAGA GUN MOTEGI MACHI","townEn":"AMAKO"},"3213622":{"prefectureJa":"栃木県","cityJa":"芳賀郡茂木町","townJa":"北高岡","prefectureEn":"TOCHIGI KEN","cityEn":"HAGA GUN MOTEGI MACHI","townEn":"KITATAKAOKA"},"3213623":{"prefectureJa":"栃木県","cityJa":"芳賀郡茂木町","townJa":"木幡","prefectureEn":"TOCHIGI KEN","cityEn":"HAGA GUN MOTEGI MACHI","townEn":"KIBATA"},"3213624":{"prefectureJa":"栃木県","cityJa":"芳賀郡茂木町","townJa":"小山","prefectureEn":"TOCHIGI KEN","cityEn":"HAGA GUN MOTEGI MACHI","townEn":"OYAMA"},"3213625":{"prefectureJa":"栃木県","cityJa":"芳賀郡茂木町","townJa":"福手","prefectureEn":"TOCHIGI KEN","cityEn":"HAGA GUN MOTEGI MACHI","townEn":"FUGUTE"},"3213626":{"prefectureJa":"栃木県","cityJa":"芳賀郡茂木町","townJa":"飯","prefectureEn":"TOCHIGI KEN","cityEn":"HAGA GUN MOTEGI MACHI","townEn":"II"},"3213627":{"prefectureJa":"栃木県","cityJa":"芳賀郡茂木町","townJa":"小貫","prefectureEn":"TOCHIGI KEN","cityEn":"HAGA GUN MOTEGI MACHI","townEn":"ONUKI"},"3213628":{"prefectureJa":"栃木県","cityJa":"芳賀郡茂木町","townJa":"深沢","prefectureEn":"TOCHIGI KEN","cityEn":"HAGA GUN MOTEGI MACHI","townEn":"FUKASAWA"},"3213701":{"prefectureJa":"栃木県","cityJa":"芳賀郡茂木町","townJa":"山内","prefectureEn":"TOCHIGI KEN","cityEn":"HAGA GUN MOTEGI MACHI","townEn":"YAMAUCHI"},"3213702":{"prefectureJa":"栃木県","cityJa":"芳賀郡茂木町","townJa":"飯野","prefectureEn":"TOCHIGI KEN","cityEn":"HAGA GUN MOTEGI MACHI","townEn":"IINO"},"3213703":{"prefectureJa":"栃木県","cityJa":"芳賀郡茂木町","townJa":"河井","prefectureEn":"TOCHIGI KEN","cityEn":"HAGA GUN MOTEGI MACHI","townEn":"KAWAI"},"3213704":{"prefectureJa":"栃木県","cityJa":"芳賀郡茂木町","townJa":"牧野","prefectureEn":"TOCHIGI KEN","cityEn":"HAGA GUN MOTEGI MACHI","townEn":"MAGINO"},"3213705":{"prefectureJa":"栃木県","cityJa":"芳賀郡茂木町","townJa":"入郷","prefectureEn":"TOCHIGI KEN","cityEn":"HAGA GUN MOTEGI MACHI","townEn":"IRIGO"},"3213706":{"prefectureJa":"栃木県","cityJa":"芳賀郡茂木町","townJa":"河又","prefectureEn":"TOCHIGI KEN","cityEn":"HAGA GUN MOTEGI MACHI","townEn":"KAWAMATA"},"3213707":{"prefectureJa":"栃木県","cityJa":"芳賀郡茂木町","townJa":"小深","prefectureEn":"TOCHIGI KEN","cityEn":"HAGA GUN MOTEGI MACHI","townEn":"OBUKA"},"3214101":{"prefectureJa":"栃木県","cityJa":"芳賀郡益子町","townJa":"小宅","prefectureEn":"TOCHIGI KEN","cityEn":"HAGA GUN MASHIKO MACHI","townEn":"OYAKE"},"3214102":{"prefectureJa":"栃木県","cityJa":"芳賀郡益子町","townJa":"芦沼","prefectureEn":"TOCHIGI KEN","cityEn":"HAGA GUN MASHIKO MACHI","townEn":"ASHINUMA"},"3214103":{"prefectureJa":"栃木県","cityJa":"芳賀郡益子町","townJa":"大平","prefectureEn":"TOCHIGI KEN","cityEn":"HAGA GUN MASHIKO MACHI","townEn":"OHIRA"},"3214104":{"prefectureJa":"栃木県","cityJa":"芳賀郡益子町","townJa":"大沢","prefectureEn":"TOCHIGI KEN","cityEn":"HAGA GUN MASHIKO MACHI","townEn":"OSAWA"},"3214105":{"prefectureJa":"栃木県","cityJa":"芳賀郡益子町","townJa":"北中","prefectureEn":"TOCHIGI KEN","cityEn":"HAGA GUN MASHIKO MACHI","townEn":"KITANAKA"},"3214106":{"prefectureJa":"栃木県","cityJa":"芳賀郡益子町","townJa":"七井","prefectureEn":"TOCHIGI KEN","cityEn":"HAGA GUN MASHIKO MACHI","townEn":"NANAI"},"3214107":{"prefectureJa":"栃木県","cityJa":"芳賀郡益子町","townJa":"七井中央","prefectureEn":"TOCHIGI KEN","cityEn":"HAGA GUN MASHIKO MACHI","townEn":"NANAICHUO"},"3214200":{"prefectureJa":"栃木県","cityJa":"芳賀郡益子町","townJa":"以下に掲載がない場合","prefectureEn":"TOCHIGI KEN","cityEn":"HAGA GUN MASHIKO MACHI","townEn":"IKANIKEISAIGANAIBAAI"},"3214211":{"prefectureJa":"栃木県","cityJa":"芳賀郡益子町","townJa":"下大羽","prefectureEn":"TOCHIGI KEN","cityEn":"HAGA GUN MASHIKO MACHI","townEn":"SHIMOOBA"},"3214212":{"prefectureJa":"栃木県","cityJa":"芳賀郡益子町","townJa":"上大羽","prefectureEn":"TOCHIGI KEN","cityEn":"HAGA GUN MASHIKO MACHI","townEn":"KAMIOBA"},"3214213":{"prefectureJa":"栃木県","cityJa":"芳賀郡益子町","townJa":"山本","prefectureEn":"TOCHIGI KEN","cityEn":"HAGA GUN MASHIKO MACHI","townEn":"YAMAMOTO"},"3214214":{"prefectureJa":"栃木県","cityJa":"芳賀郡益子町","townJa":"前沢","prefectureEn":"TOCHIGI KEN","cityEn":"HAGA GUN MASHIKO MACHI","townEn":"MAEZAWA"},"3214215":{"prefectureJa":"栃木県","cityJa":"芳賀郡益子町","townJa":"生田目","prefectureEn":"TOCHIGI KEN","cityEn":"HAGA GUN MASHIKO MACHI","townEn":"NABATAME"},"3214216":{"prefectureJa":"栃木県","cityJa":"芳賀郡益子町","townJa":"塙","prefectureEn":"TOCHIGI KEN","cityEn":"HAGA GUN MASHIKO MACHI","townEn":"HANAWA"},"3214217":{"prefectureJa":"栃木県","cityJa":"芳賀郡益子町","townJa":"益子","prefectureEn":"TOCHIGI KEN","cityEn":"HAGA GUN MASHIKO MACHI","townEn":"MASHIKO"},"3214218":{"prefectureJa":"栃木県","cityJa":"芳賀郡益子町","townJa":"城内坂","prefectureEn":"TOCHIGI KEN","cityEn":"HAGA GUN MASHIKO MACHI","townEn":"JONAIZAKA"},"3214221":{"prefectureJa":"栃木県","cityJa":"芳賀郡益子町","townJa":"大郷戸","prefectureEn":"TOCHIGI KEN","cityEn":"HAGA GUN MASHIKO MACHI","townEn":"OGODO"},"3214222":{"prefectureJa":"栃木県","cityJa":"芳賀郡益子町","townJa":"小泉","prefectureEn":"TOCHIGI KEN","cityEn":"HAGA GUN MASHIKO MACHI","townEn":"KOIZUMI"},"3214223":{"prefectureJa":"栃木県","cityJa":"芳賀郡益子町","townJa":"梅ケ内","prefectureEn":"TOCHIGI KEN","cityEn":"HAGA GUN MASHIKO MACHI","townEn":"UMEGAUCHI"},"3214224":{"prefectureJa":"栃木県","cityJa":"芳賀郡益子町","townJa":"本沼","prefectureEn":"TOCHIGI KEN","cityEn":"HAGA GUN MASHIKO MACHI","townEn":"MOTONUMA"},"3214225":{"prefectureJa":"栃木県","cityJa":"芳賀郡益子町","townJa":"長堤","prefectureEn":"TOCHIGI KEN","cityEn":"HAGA GUN MASHIKO MACHI","townEn":"NAGATSUTSUMI"},"3214226":{"prefectureJa":"栃木県","cityJa":"芳賀郡益子町","townJa":"上山","prefectureEn":"TOCHIGI KEN","cityEn":"HAGA GUN MASHIKO MACHI","townEn":"KAMIYAMA"},"3214227":{"prefectureJa":"栃木県","cityJa":"芳賀郡益子町","townJa":"東田井","prefectureEn":"TOCHIGI KEN","cityEn":"HAGA GUN MASHIKO MACHI","townEn":"HIGASHIDAI"},"3214300":{"prefectureJa":"栃木県","cityJa":"真岡市","townJa":"以下に掲載がない場合","prefectureEn":"TOCHIGI KEN","cityEn":"MOKA SHI","townEn":"IKANIKEISAIGANAIBAAI"},"3214301":{"prefectureJa":"栃木県","cityJa":"真岡市","townJa":"西田井","prefectureEn":"TOCHIGI KEN","cityEn":"MOKA SHI","townEn":"NISHIDAI"},"3214302":{"prefectureJa":"栃木県","cityJa":"真岡市","townJa":"鶴田","prefectureEn":"TOCHIGI KEN","cityEn":"MOKA SHI","townEn":"TSURUTA"},"3214303":{"prefectureJa":"栃木県","cityJa":"真岡市","townJa":"八條","prefectureEn":"TOCHIGI KEN","cityEn":"MOKA SHI","townEn":"HACHIJO"},"3214304":{"prefectureJa":"栃木県","cityJa":"真岡市","townJa":"東郷","prefectureEn":"TOCHIGI KEN","cityEn":"MOKA SHI","townEn":"HIGASHIGO"},"3214305":{"prefectureJa":"栃木県","cityJa":"真岡市","townJa":"荒町","prefectureEn":"TOCHIGI KEN","cityEn":"MOKA SHI","townEn":"ARAMACHI"},"3214306":{"prefectureJa":"栃木県","cityJa":"真岡市","townJa":"台町","prefectureEn":"TOCHIGI KEN","cityEn":"MOKA SHI","townEn":"DAIMACHI"},"3214307":{"prefectureJa":"栃木県","cityJa":"真岡市","townJa":"西郷","prefectureEn":"TOCHIGI KEN","cityEn":"MOKA SHI","townEn":"NISHIGO"},"3214308":{"prefectureJa":"栃木県","cityJa":"真岡市","townJa":"中郷","prefectureEn":"TOCHIGI KEN","cityEn":"MOKA SHI","townEn":"NAKAGO"},"3214309":{"prefectureJa":"栃木県","cityJa":"真岡市","townJa":"東光寺","prefectureEn":"TOCHIGI KEN","cityEn":"MOKA SHI","townEn":"TOKOJI"},"3214311":{"prefectureJa":"栃木県","cityJa":"真岡市","townJa":"根本","prefectureEn":"TOCHIGI KEN","cityEn":"MOKA SHI","townEn":"NEMOTO"},"3214312":{"prefectureJa":"栃木県","cityJa":"真岡市","townJa":"青谷","prefectureEn":"TOCHIGI KEN","cityEn":"MOKA SHI","townEn":"AOYA"},"3214313":{"prefectureJa":"栃木県","cityJa":"真岡市","townJa":"須釜","prefectureEn":"TOCHIGI KEN","cityEn":"MOKA SHI","townEn":"SUGAMA"},"3214314":{"prefectureJa":"栃木県","cityJa":"真岡市","townJa":"南高岡","prefectureEn":"TOCHIGI KEN","cityEn":"MOKA SHI","townEn":"MINAMITAKAOKA"},"3214315":{"prefectureJa":"栃木県","cityJa":"真岡市","townJa":"道祖土","prefectureEn":"TOCHIGI KEN","cityEn":"MOKA SHI","townEn":"SAYADO"},"3214316":{"prefectureJa":"栃木県","cityJa":"真岡市","townJa":"君島","prefectureEn":"TOCHIGI KEN","cityEn":"MOKA SHI","townEn":"KIMIJIMA"},"3214317":{"prefectureJa":"栃木県","cityJa":"真岡市","townJa":"中萩","prefectureEn":"TOCHIGI KEN","cityEn":"MOKA SHI","townEn":"NAKAHAGI"},"3214321":{"prefectureJa":"栃木県","cityJa":"真岡市","townJa":"小林","prefectureEn":"TOCHIGI KEN","cityEn":"MOKA SHI","townEn":"KOBAYASHI"},"3214322":{"prefectureJa":"栃木県","cityJa":"真岡市","townJa":"東大島","prefectureEn":"TOCHIGI KEN","cityEn":"MOKA SHI","townEn":"HIGASHIOSHIMA"},"3214323":{"prefectureJa":"栃木県","cityJa":"真岡市","townJa":"東沼","prefectureEn":"TOCHIGI KEN","cityEn":"MOKA SHI","townEn":"HIGASHINUMA"},"3214324":{"prefectureJa":"栃木県","cityJa":"真岡市","townJa":"西沼","prefectureEn":"TOCHIGI KEN","cityEn":"MOKA SHI","townEn":"NISHINUMA"},"3214325":{"prefectureJa":"栃木県","cityJa":"真岡市","townJa":"田町","prefectureEn":"TOCHIGI KEN","cityEn":"MOKA SHI","townEn":"TAMACHI"},"3214326":{"prefectureJa":"栃木県","cityJa":"真岡市","townJa":"島","prefectureEn":"TOCHIGI KEN","cityEn":"MOKA SHI","townEn":"SHIMA"},"3214331":{"prefectureJa":"栃木県","cityJa":"真岡市","townJa":"白布ケ丘","prefectureEn":"TOCHIGI KEN","cityEn":"MOKA SHI","townEn":"HAKUFUGAOKA"},"3214332":{"prefectureJa":"栃木県","cityJa":"真岡市","townJa":"大谷新町","prefectureEn":"TOCHIGI KEN","cityEn":"MOKA SHI","townEn":"OYASHIMMACHI"},"3214333":{"prefectureJa":"栃木県","cityJa":"真岡市","townJa":"大谷本町","prefectureEn":"TOCHIGI KEN","cityEn":"MOKA SHI","townEn":"OYAHOMMACHI"},"3214334":{"prefectureJa":"栃木県","cityJa":"真岡市","townJa":"八木岡","prefectureEn":"TOCHIGI KEN","cityEn":"MOKA SHI","townEn":"YAGIOKA"},"3214335":{"prefectureJa":"栃木県","cityJa":"真岡市","townJa":"下高間木","prefectureEn":"TOCHIGI KEN","cityEn":"MOKA SHI","townEn":"SHIMOKOMAGI"},"3214336":{"prefectureJa":"栃木県","cityJa":"真岡市","townJa":"西高間木","prefectureEn":"TOCHIGI KEN","cityEn":"MOKA SHI","townEn":"NISHIKOMAGI"},"3214337":{"prefectureJa":"栃木県","cityJa":"真岡市","townJa":"上高間木","prefectureEn":"TOCHIGI KEN","cityEn":"MOKA SHI","townEn":"KAMIKOMAGI"},"3214338":{"prefectureJa":"栃木県","cityJa":"真岡市","townJa":"大谷台町","prefectureEn":"TOCHIGI KEN","cityEn":"MOKA SHI","townEn":"OYADAIMACHI"},"3214341":{"prefectureJa":"栃木県","cityJa":"真岡市","townJa":"高勢町","prefectureEn":"TOCHIGI KEN","cityEn":"MOKA SHI","townEn":"TAKASECHO"},"3214342":{"prefectureJa":"栃木県","cityJa":"真岡市","townJa":"伊勢崎","prefectureEn":"TOCHIGI KEN","cityEn":"MOKA SHI","townEn":"ISESAKI"},"3214343":{"prefectureJa":"栃木県","cityJa":"真岡市","townJa":"小橋","prefectureEn":"TOCHIGI KEN","cityEn":"MOKA SHI","townEn":"KOBASHI"},"3214344":{"prefectureJa":"栃木県","cityJa":"真岡市","townJa":"茅堤","prefectureEn":"TOCHIGI KEN","cityEn":"MOKA SHI","townEn":"KAYATSUTSUMI"},"3214345":{"prefectureJa":"栃木県","cityJa":"真岡市","townJa":"寺内","prefectureEn":"TOCHIGI KEN","cityEn":"MOKA SHI","townEn":"TERAUCHI"},"3214346":{"prefectureJa":"栃木県","cityJa":"真岡市","townJa":"松山町","prefectureEn":"TOCHIGI KEN","cityEn":"MOKA SHI","townEn":"MATSUYAMACHO"},"3214347":{"prefectureJa":"栃木県","cityJa":"真岡市","townJa":"加倉","prefectureEn":"TOCHIGI KEN","cityEn":"MOKA SHI","townEn":"KAKURA"},"3214351":{"prefectureJa":"栃木県","cityJa":"真岡市","townJa":"中","prefectureEn":"TOCHIGI KEN","cityEn":"MOKA SHI","townEn":"NAKA"},"3214352":{"prefectureJa":"栃木県","cityJa":"真岡市","townJa":"若旅（その他）","prefectureEn":"TOCHIGI KEN","cityEn":"MOKA SHI","townEn":"WAKATABI(SONOTA)"},"3214353":{"prefectureJa":"栃木県","cityJa":"真岡市","townJa":"粕田","prefectureEn":"TOCHIGI KEN","cityEn":"MOKA SHI","townEn":"KASUDA"},"3214354":{"prefectureJa":"栃木県","cityJa":"真岡市","townJa":"寺分","prefectureEn":"TOCHIGI KEN","cityEn":"MOKA SHI","townEn":"TERABUN"},"3214355":{"prefectureJa":"栃木県","cityJa":"真岡市","townJa":"上大沼","prefectureEn":"TOCHIGI KEN","cityEn":"MOKA SHI","townEn":"KAMIONUMA"},"3214356":{"prefectureJa":"栃木県","cityJa":"真岡市","townJa":"大沼","prefectureEn":"TOCHIGI KEN","cityEn":"MOKA SHI","townEn":"ONUMA"},"3214357":{"prefectureJa":"栃木県","cityJa":"真岡市","townJa":"下大沼","prefectureEn":"TOCHIGI KEN","cityEn":"MOKA SHI","townEn":"SHIMOONUMA"},"3214361":{"prefectureJa":"栃木県","cityJa":"真岡市","townJa":"並木町","prefectureEn":"TOCHIGI KEN","cityEn":"MOKA SHI","townEn":"NAMIKICHO"},"3214362":{"prefectureJa":"栃木県","cityJa":"真岡市","townJa":"熊倉町","prefectureEn":"TOCHIGI KEN","cityEn":"MOKA SHI","townEn":"KUMAKURACHO"},"3214363":{"prefectureJa":"栃木県","cityJa":"真岡市","townJa":"亀山","prefectureEn":"TOCHIGI KEN","cityEn":"MOKA SHI","townEn":"KAMEYAMA"},"3214364":{"prefectureJa":"栃木県","cityJa":"真岡市","townJa":"長田","prefectureEn":"TOCHIGI KEN","cityEn":"MOKA SHI","townEn":"NAGATA"},"3214365":{"prefectureJa":"栃木県","cityJa":"真岡市","townJa":"柳林","prefectureEn":"TOCHIGI KEN","cityEn":"MOKA SHI","townEn":"YANAGIBAYASHI"},"3214366":{"prefectureJa":"栃木県","cityJa":"真岡市","townJa":"勝瓜","prefectureEn":"TOCHIGI KEN","cityEn":"MOKA SHI","townEn":"KATSURI"},"3214367":{"prefectureJa":"栃木県","cityJa":"真岡市","townJa":"鬼怒ケ丘","prefectureEn":"TOCHIGI KEN","cityEn":"MOKA SHI","townEn":"KINUGAOKA"},"3214368":{"prefectureJa":"栃木県","cityJa":"真岡市","townJa":"寺久保","prefectureEn":"TOCHIGI KEN","cityEn":"MOKA SHI","townEn":"TERAKUBO"},"3214369":{"prefectureJa":"栃木県","cityJa":"真岡市","townJa":"熊倉","prefectureEn":"TOCHIGI KEN","cityEn":"MOKA SHI","townEn":"KUMAKURA"},"3214401":{"prefectureJa":"栃木県","cityJa":"真岡市","townJa":"赤羽","prefectureEn":"TOCHIGI KEN","cityEn":"MOKA SHI","townEn":"AKABANE"},"3214402":{"prefectureJa":"栃木県","cityJa":"真岡市","townJa":"清水","prefectureEn":"TOCHIGI KEN","cityEn":"MOKA SHI","townEn":"SHIMIZU"},"3214403":{"prefectureJa":"栃木県","cityJa":"真岡市","townJa":"原町","prefectureEn":"TOCHIGI KEN","cityEn":"MOKA SHI","townEn":"HARAMACHI"},"3214404":{"prefectureJa":"栃木県","cityJa":"真岡市","townJa":"田島","prefectureEn":"TOCHIGI KEN","cityEn":"MOKA SHI","townEn":"TAJIMA"},"3214405":{"prefectureJa":"栃木県","cityJa":"真岡市","townJa":"飯貝","prefectureEn":"TOCHIGI KEN","cityEn":"MOKA SHI","townEn":"IIGAI"},"3214406":{"prefectureJa":"栃木県","cityJa":"真岡市","townJa":"京泉","prefectureEn":"TOCHIGI KEN","cityEn":"MOKA SHI","townEn":"KYOSEN"},"3214411":{"prefectureJa":"栃木県","cityJa":"真岡市","townJa":"上大田和","prefectureEn":"TOCHIGI KEN","cityEn":"MOKA SHI","townEn":"KAMIODAWA"},"3214412":{"prefectureJa":"栃木県","cityJa":"真岡市","townJa":"堀内","prefectureEn":"TOCHIGI KEN","cityEn":"MOKA SHI","townEn":"HORIUCHI"},"3214413":{"prefectureJa":"栃木県","cityJa":"真岡市","townJa":"下大田和","prefectureEn":"TOCHIGI KEN","cityEn":"MOKA SHI","townEn":"SHIMOODAWA"},"3214414":{"prefectureJa":"栃木県","cityJa":"真岡市","townJa":"下鷺谷","prefectureEn":"TOCHIGI KEN","cityEn":"MOKA SHI","townEn":"SHIMOSAGINOYA"},"3214415":{"prefectureJa":"栃木県","cityJa":"真岡市","townJa":"下籠谷","prefectureEn":"TOCHIGI KEN","cityEn":"MOKA SHI","townEn":"SHIMOKOMORIYA"},"3214416":{"prefectureJa":"栃木県","cityJa":"真岡市","townJa":"上鷺谷","prefectureEn":"TOCHIGI KEN","cityEn":"MOKA SHI","townEn":"KAMISAGINOYA"},"3214501":{"prefectureJa":"栃木県","cityJa":"真岡市","townJa":"横田","prefectureEn":"TOCHIGI KEN","cityEn":"MOKA SHI","townEn":"YOKOTA"},"3214502":{"prefectureJa":"栃木県","cityJa":"真岡市","townJa":"物井","prefectureEn":"TOCHIGI KEN","cityEn":"MOKA SHI","townEn":"MONOI"},"3214503":{"prefectureJa":"栃木県","cityJa":"真岡市","townJa":"桑ノ川","prefectureEn":"TOCHIGI KEN","cityEn":"MOKA SHI","townEn":"KUWANOGAWA"},"3214504":{"prefectureJa":"栃木県","cityJa":"真岡市","townJa":"鹿","prefectureEn":"TOCHIGI KEN","cityEn":"MOKA SHI","townEn":"SHIKA"},"3214505":{"prefectureJa":"栃木県","cityJa":"真岡市","townJa":"沖","prefectureEn":"TOCHIGI KEN","cityEn":"MOKA SHI","townEn":"OKI"},"3214506":{"prefectureJa":"栃木県","cityJa":"真岡市","townJa":"大根田","prefectureEn":"TOCHIGI KEN","cityEn":"MOKA SHI","townEn":"ONEDA"},"3214507":{"prefectureJa":"栃木県","cityJa":"真岡市","townJa":"石島","prefectureEn":"TOCHIGI KEN","cityEn":"MOKA SHI","townEn":"ISHIJIMA"},"3214508":{"prefectureJa":"栃木県","cityJa":"真岡市","townJa":"大和田","prefectureEn":"TOCHIGI KEN","cityEn":"MOKA SHI","townEn":"OWADA"},"3214511":{"prefectureJa":"栃木県","cityJa":"真岡市","townJa":"高田","prefectureEn":"TOCHIGI KEN","cityEn":"MOKA SHI","townEn":"TAKADA"},"3214512":{"prefectureJa":"栃木県","cityJa":"真岡市","townJa":"阿部岡","prefectureEn":"TOCHIGI KEN","cityEn":"MOKA SHI","townEn":"ABEOKA"},"3214513":{"prefectureJa":"栃木県","cityJa":"真岡市","townJa":"三谷","prefectureEn":"TOCHIGI KEN","cityEn":"MOKA SHI","townEn":"MIYA"},"3214514":{"prefectureJa":"栃木県","cityJa":"真岡市","townJa":"水戸部","prefectureEn":"TOCHIGI KEN","cityEn":"MOKA SHI","townEn":"MITOBE"},"3214515":{"prefectureJa":"栃木県","cityJa":"真岡市","townJa":"反町","prefectureEn":"TOCHIGI KEN","cityEn":"MOKA SHI","townEn":"SORIMACHI"},"3214516":{"prefectureJa":"栃木県","cityJa":"真岡市","townJa":"根小屋","prefectureEn":"TOCHIGI KEN","cityEn":"MOKA SHI","townEn":"NEGOYA"},"3214517":{"prefectureJa":"栃木県","cityJa":"真岡市","townJa":"阿部品","prefectureEn":"TOCHIGI KEN","cityEn":"MOKA SHI","townEn":"ABESHINA"},"3214521":{"prefectureJa":"栃木県","cityJa":"真岡市","townJa":"久下田","prefectureEn":"TOCHIGI KEN","cityEn":"MOKA SHI","townEn":"KUGETA"},"3214522":{"prefectureJa":"栃木県","cityJa":"真岡市","townJa":"久下田西","prefectureEn":"TOCHIGI KEN","cityEn":"MOKA SHI","townEn":"KUGETANISHI"},"3214523":{"prefectureJa":"栃木県","cityJa":"真岡市","townJa":"さくら","prefectureEn":"TOCHIGI KEN","cityEn":"MOKA SHI","townEn":"SAKURA"},"3214531":{"prefectureJa":"栃木県","cityJa":"真岡市","townJa":"青田","prefectureEn":"TOCHIGI KEN","cityEn":"MOKA SHI","townEn":"AOTA"},"3214532":{"prefectureJa":"栃木県","cityJa":"真岡市","townJa":"長島","prefectureEn":"TOCHIGI KEN","cityEn":"MOKA SHI","townEn":"NAGASHIMA"},"3214533":{"prefectureJa":"栃木県","cityJa":"真岡市","townJa":"程島","prefectureEn":"TOCHIGI KEN","cityEn":"MOKA SHI","townEn":"HODOSHIMA"},"3214534":{"prefectureJa":"栃木県","cityJa":"真岡市","townJa":"境","prefectureEn":"TOCHIGI KEN","cityEn":"MOKA SHI","townEn":"SAKAI"},"3214535":{"prefectureJa":"栃木県","cityJa":"真岡市","townJa":"古山","prefectureEn":"TOCHIGI KEN","cityEn":"MOKA SHI","townEn":"KOYAMA"},"3214536":{"prefectureJa":"栃木県","cityJa":"真岡市","townJa":"上江連","prefectureEn":"TOCHIGI KEN","cityEn":"MOKA SHI","townEn":"KAMIEZURA"},"3214537":{"prefectureJa":"栃木県","cityJa":"真岡市","townJa":"西大島","prefectureEn":"TOCHIGI KEN","cityEn":"MOKA SHI","townEn":"NISHIOJIMA"},"3214538":{"prefectureJa":"栃木県","cityJa":"真岡市","townJa":"鷲巣","prefectureEn":"TOCHIGI KEN","cityEn":"MOKA SHI","townEn":"WASHINOSU"},"3214539":{"prefectureJa":"栃木県","cityJa":"真岡市","townJa":"長沼","prefectureEn":"TOCHIGI KEN","cityEn":"MOKA SHI","townEn":"NAGANUMA"},"3214541":{"prefectureJa":"栃木県","cityJa":"真岡市","townJa":"上谷貝","prefectureEn":"TOCHIGI KEN","cityEn":"MOKA SHI","townEn":"KAMIYAGAI"},"3214542":{"prefectureJa":"栃木県","cityJa":"真岡市","townJa":"上大曽","prefectureEn":"TOCHIGI KEN","cityEn":"MOKA SHI","townEn":"KAMIOZO"},"3214543":{"prefectureJa":"栃木県","cityJa":"真岡市","townJa":"下大曽","prefectureEn":"TOCHIGI KEN","cityEn":"MOKA SHI","townEn":"SHIMOOZO"},"3214544":{"prefectureJa":"栃木県","cityJa":"真岡市","townJa":"堀込","prefectureEn":"TOCHIGI KEN","cityEn":"MOKA SHI","townEn":"HORIGOME"},"3214545":{"prefectureJa":"栃木県","cityJa":"真岡市","townJa":"大道泉","prefectureEn":"TOCHIGI KEN","cityEn":"MOKA SHI","townEn":"DAIDOIZUMI"},"3214546":{"prefectureJa":"栃木県","cityJa":"真岡市","townJa":"砂ケ原","prefectureEn":"TOCHIGI KEN","cityEn":"MOKA SHI","townEn":"ISAGAHARA"},"3214547":{"prefectureJa":"栃木県","cityJa":"真岡市","townJa":"谷貝新田","prefectureEn":"TOCHIGI KEN","cityEn":"MOKA SHI","townEn":"YAGAISHINDEN"},"3214551":{"prefectureJa":"栃木県","cityJa":"真岡市","townJa":"若旅（五丁歩）","prefectureEn":"TOCHIGI KEN","cityEn":"MOKA SHI","townEn":"WAKATABI(5-CHOBU)"}}