{"1130001":{"prefectureJa":"東京都","cityJa":"文京区","townJa":"白山（１丁目）","prefectureEn":"TOKYO TO","cityEn":"BUNKYO KU","townEn":"HAKUSAN(1-CHOME)"},"1130021":{"prefectureJa":"東京都","cityJa":"文京区","townJa":"本駒込","prefectureEn":"TOKYO TO","cityEn":"BUNKYO KU","townEn":"HONKOMAGOME"},"1130022":{"prefectureJa":"東京都","cityJa":"文京区","townJa":"千駄木","prefectureEn":"TOKYO TO","cityEn":"BUNKYO KU","townEn":"SENDAGI"},"1130023":{"prefectureJa":"東京都","cityJa":"文京区","townJa":"向丘","prefectureEn":"TOKYO TO","cityEn":"BUNKYO KU","townEn":"MUKOGAOKA"},"1130024":{"prefectureJa":"東京都","cityJa":"文京区","townJa":"西片","prefectureEn":"TOKYO TO","cityEn":"BUNKYO KU","townEn":"NISHIKATA"},"1130031":{"prefectureJa":"東京都","cityJa":"文京区","townJa":"根津","prefectureEn":"TOKYO TO","cityEn":"BUNKYO KU","townEn":"NEZU"},"1130032":{"prefectureJa":"東京都","cityJa":"文京区","townJa":"弥生","prefectureEn":"TOKYO TO","cityEn":"BUNKYO KU","townEn":"YAYOI"},"1130033":{"prefectureJa":"東京都","cityJa":"文京区","townJa":"本郷","prefectureEn":"TOKYO TO","cityEn":"BUNKYO KU","townEn":"HONGO"},"1130034":{"prefectureJa":"東京都","cityJa":"文京区","townJa":"湯島","prefectureEn":"TOKYO TO","cityEn":"BUNKYO KU","townEn":"YUSHIMA"}}