{"5020001":{"prefectureJa":"岐阜県","cityJa":"岐阜市","townJa":"粟野","prefectureEn":"GIFU KEN","cityEn":"GIFU SHI","townEn":"AWANO"},"5020002":{"prefectureJa":"岐阜県","cityJa":"岐阜市","townJa":"粟野東","prefectureEn":"GIFU KEN","cityEn":"GIFU SHI","townEn":"AWANO HIGASHI"},"5020003":{"prefectureJa":"岐阜県","cityJa":"岐阜市","townJa":"三田洞東","prefectureEn":"GIFU KEN","cityEn":"GIFU SHI","townEn":"MITAHORAHIGASHI"},"5020004":{"prefectureJa":"岐阜県","cityJa":"岐阜市","townJa":"三田洞","prefectureEn":"GIFU KEN","cityEn":"GIFU SHI","townEn":"MITAHORA"},"5020005":{"prefectureJa":"岐阜県","cityJa":"岐阜市","townJa":"岩崎","prefectureEn":"GIFU KEN","cityEn":"GIFU SHI","townEn":"IWASAKI"},"5020006":{"prefectureJa":"岐阜県","cityJa":"岐阜市","townJa":"粟野西","prefectureEn":"GIFU KEN","cityEn":"GIFU SHI","townEn":"AWANO NISHI"},"5020007":{"prefectureJa":"岐阜県","cityJa":"岐阜市","townJa":"粟野台","prefectureEn":"GIFU KEN","cityEn":"GIFU SHI","townEn":"AWANODAI"},"5020011":{"prefectureJa":"岐阜県","cityJa":"岐阜市","townJa":"長良古津","prefectureEn":"GIFU KEN","cityEn":"GIFU SHI","townEn":"NAGARA FURUTSU"},"5020012":{"prefectureJa":"岐阜県","cityJa":"岐阜市","townJa":"長良志段見","prefectureEn":"GIFU KEN","cityEn":"GIFU SHI","townEn":"NAGARA SHIDAMI"},"5020013":{"prefectureJa":"岐阜県","cityJa":"岐阜市","townJa":"中川原","prefectureEn":"GIFU KEN","cityEn":"GIFU SHI","townEn":"NAKAGAWARA"},"5020014":{"prefectureJa":"岐阜県","cityJa":"岐阜市","townJa":"雄総緑町","prefectureEn":"GIFU KEN","cityEn":"GIFU SHI","townEn":"OBUSA MIDORIMACHI"},"5020015":{"prefectureJa":"岐阜県","cityJa":"岐阜市","townJa":"雄総柳町","prefectureEn":"GIFU KEN","cityEn":"GIFU SHI","townEn":"OBUSA YANAGIMACHI"},"5020016":{"prefectureJa":"岐阜県","cityJa":"岐阜市","townJa":"雄総桜町","prefectureEn":"GIFU KEN","cityEn":"GIFU SHI","townEn":"OBUSA SAKURAMACHI"},"5020017":{"prefectureJa":"岐阜県","cityJa":"岐阜市","townJa":"長良雄総","prefectureEn":"GIFU KEN","cityEn":"GIFU SHI","townEn":"NAGARA OBUSA"},"5020021":{"prefectureJa":"岐阜県","cityJa":"岐阜市","townJa":"西後町","prefectureEn":"GIFU KEN","cityEn":"GIFU SHI","townEn":"SAIGOCHO"},"5020022":{"prefectureJa":"岐阜県","cityJa":"岐阜市","townJa":"長良東郷町","prefectureEn":"GIFU KEN","cityEn":"GIFU SHI","townEn":"NAGARA TOGOCHO"},"5020023":{"prefectureJa":"岐阜県","cityJa":"岐阜市","townJa":"城前町","prefectureEn":"GIFU KEN","cityEn":"GIFU SHI","townEn":"SHIROMAECHO"},"5020024":{"prefectureJa":"岐阜県","cityJa":"岐阜市","townJa":"堀田町","prefectureEn":"GIFU KEN","cityEn":"GIFU SHI","townEn":"HORITAMACHI"},"5020025":{"prefectureJa":"岐阜県","cityJa":"岐阜市","townJa":"山先町","prefectureEn":"GIFU KEN","cityEn":"GIFU SHI","townEn":"YAMASAKICHO"},"5020026":{"prefectureJa":"岐阜県","cityJa":"岐阜市","townJa":"長良桜井町","prefectureEn":"GIFU KEN","cityEn":"GIFU SHI","townEn":"NAGARA SAKURAICHO"},"5020027":{"prefectureJa":"岐阜県","cityJa":"岐阜市","townJa":"長良宮口町","prefectureEn":"GIFU KEN","cityEn":"GIFU SHI","townEn":"NAGARA MIYAGUCHICHO"},"5020028":{"prefectureJa":"岐阜県","cityJa":"岐阜市","townJa":"長良白妙町","prefectureEn":"GIFU KEN","cityEn":"GIFU SHI","townEn":"NAGARA SHIRATAECHO"},"5020029":{"prefectureJa":"岐阜県","cityJa":"岐阜市","townJa":"長良若葉町","prefectureEn":"GIFU KEN","cityEn":"GIFU SHI","townEn":"NAGARA WAKABACHO"},"5020031":{"prefectureJa":"岐阜県","cityJa":"岐阜市","townJa":"長良大路","prefectureEn":"GIFU KEN","cityEn":"GIFU SHI","townEn":"NAGARA OJI"},"5020032":{"prefectureJa":"岐阜県","cityJa":"岐阜市","townJa":"長良高嶺町","prefectureEn":"GIFU KEN","cityEn":"GIFU SHI","townEn":"NAGARA TAKAMINECHO"},"5020033":{"prefectureJa":"岐阜県","cityJa":"岐阜市","townJa":"長良有楽町","prefectureEn":"GIFU KEN","cityEn":"GIFU SHI","townEn":"NAGARA YURAKUCHO"},"5020034":{"prefectureJa":"岐阜県","cityJa":"岐阜市","townJa":"長良有明町","prefectureEn":"GIFU KEN","cityEn":"GIFU SHI","townEn":"NAGARA ARIAKECHO"},"5020035":{"prefectureJa":"岐阜県","cityJa":"岐阜市","townJa":"長良南陽町","prefectureEn":"GIFU KEN","cityEn":"GIFU SHI","townEn":"NAGARA NANYOCHO"},"5020036":{"prefectureJa":"岐阜県","cityJa":"岐阜市","townJa":"長良大前町","prefectureEn":"GIFU KEN","cityEn":"GIFU SHI","townEn":"NAGARA OMAECHO"},"5020037":{"prefectureJa":"岐阜県","cityJa":"岐阜市","townJa":"長良金碧町","prefectureEn":"GIFU KEN","cityEn":"GIFU SHI","townEn":"NAGARA KIMPEKICHO"},"5020038":{"prefectureJa":"岐阜県","cityJa":"岐阜市","townJa":"長良法久寺町","prefectureEn":"GIFU KEN","cityEn":"GIFU SHI","townEn":"NAGARA HOKYUJICHO"},"5020041":{"prefectureJa":"岐阜県","cityJa":"岐阜市","townJa":"長良海用町","prefectureEn":"GIFU KEN","cityEn":"GIFU SHI","townEn":"NAGARA KAIYOCHO"},"5020042":{"prefectureJa":"岐阜県","cityJa":"岐阜市","townJa":"長良城西町","prefectureEn":"GIFU KEN","cityEn":"GIFU SHI","townEn":"NAGARA SHIRONISHICHO"},"5020043":{"prefectureJa":"岐阜県","cityJa":"岐阜市","townJa":"長良東町","prefectureEn":"GIFU KEN","cityEn":"GIFU SHI","townEn":"NAGARA HIGASHIMACHI"},"5020044":{"prefectureJa":"岐阜県","cityJa":"岐阜市","townJa":"長良校文町","prefectureEn":"GIFU KEN","cityEn":"GIFU SHI","townEn":"NAGARA KOBUNCHO"},"5020045":{"prefectureJa":"岐阜県","cityJa":"岐阜市","townJa":"長良校前町","prefectureEn":"GIFU KEN","cityEn":"GIFU SHI","townEn":"NAGARA KOZENCHO"},"5020046":{"prefectureJa":"岐阜県","cityJa":"岐阜市","townJa":"長良杉乃町","prefectureEn":"GIFU KEN","cityEn":"GIFU SHI","townEn":"NAGARA SUGINOCHO"},"5020047":{"prefectureJa":"岐阜県","cityJa":"岐阜市","townJa":"長良葵町","prefectureEn":"GIFU KEN","cityEn":"GIFU SHI","townEn":"NAGARA AOICHO"},"5020051":{"prefectureJa":"岐阜県","cityJa":"岐阜市","townJa":"長良幸和町","prefectureEn":"GIFU KEN","cityEn":"GIFU SHI","townEn":"NAGARA KOWACHO"},"5020052":{"prefectureJa":"岐阜県","cityJa":"岐阜市","townJa":"長良小松町","prefectureEn":"GIFU KEN","cityEn":"GIFU SHI","townEn":"NAGARA KOMATSUCHO"},"5020053":{"prefectureJa":"岐阜県","cityJa":"岐阜市","townJa":"長良宮路町","prefectureEn":"GIFU KEN","cityEn":"GIFU SHI","townEn":"NAGARA MIYAJICHO"},"5020054":{"prefectureJa":"岐阜県","cityJa":"岐阜市","townJa":"長良井田","prefectureEn":"GIFU KEN","cityEn":"GIFU SHI","townEn":"NAGARA IDA"},"5020055":{"prefectureJa":"岐阜県","cityJa":"岐阜市","townJa":"長良福江町","prefectureEn":"GIFU KEN","cityEn":"GIFU SHI","townEn":"NAGARA FUKUECHO"},"5020056":{"prefectureJa":"岐阜県","cityJa":"岐阜市","townJa":"長良真生町","prefectureEn":"GIFU KEN","cityEn":"GIFU SHI","townEn":"NAGARA SHINSEICHO"},"5020061":{"prefectureJa":"岐阜県","cityJa":"岐阜市","townJa":"長良竜東町","prefectureEn":"GIFU KEN","cityEn":"GIFU SHI","townEn":"NAGARA RYUTOCHO"},"5020062":{"prefectureJa":"岐阜県","cityJa":"岐阜市","townJa":"長良春田","prefectureEn":"GIFU KEN","cityEn":"GIFU SHI","townEn":"NAGARA HARUTA"},"5020063":{"prefectureJa":"岐阜県","cityJa":"岐阜市","townJa":"長良一楽","prefectureEn":"GIFU KEN","cityEn":"GIFU SHI","townEn":"NAGARA ICHIRAKU"},"5020064":{"prefectureJa":"岐阜県","cityJa":"岐阜市","townJa":"長良田中前","prefectureEn":"GIFU KEN","cityEn":"GIFU SHI","townEn":"NAGARA TANAKAMAE"},"5020065":{"prefectureJa":"岐阜県","cityJa":"岐阜市","townJa":"長良森町","prefectureEn":"GIFU KEN","cityEn":"GIFU SHI","townEn":"NAGARA MORIMACHI"},"5020066":{"prefectureJa":"岐阜県","cityJa":"岐阜市","townJa":"長良仙田町","prefectureEn":"GIFU KEN","cityEn":"GIFU SHI","townEn":"NAGARA SENDAMACHI"},"5020067":{"prefectureJa":"岐阜県","cityJa":"岐阜市","townJa":"長良西野前","prefectureEn":"GIFU KEN","cityEn":"GIFU SHI","townEn":"NAGARA NISHINOMAE"},"5020071":{"prefectureJa":"岐阜県","cityJa":"岐阜市","townJa":"長良（番地）","prefectureEn":"GIFU KEN","cityEn":"GIFU SHI","townEn":"NAGARA(BANCHI)"},"5020072":{"prefectureJa":"岐阜県","cityJa":"岐阜市","townJa":"長良福泉","prefectureEn":"GIFU KEN","cityEn":"GIFU SHI","townEn":"NAGARA FUKUIZUMI"},"5020073":{"prefectureJa":"岐阜県","cityJa":"岐阜市","townJa":"長良田中","prefectureEn":"GIFU KEN","cityEn":"GIFU SHI","townEn":"NAGARA TANAKA"},"5020074":{"prefectureJa":"岐阜県","cityJa":"岐阜市","townJa":"長良西山前","prefectureEn":"GIFU KEN","cityEn":"GIFU SHI","townEn":"NAGARA NISHIYAMAMAE"},"5020075":{"prefectureJa":"岐阜県","cityJa":"岐阜市","townJa":"長良子正賀","prefectureEn":"GIFU KEN","cityEn":"GIFU SHI","townEn":"NAGARA KOSHOGA"},"5020076":{"prefectureJa":"岐阜県","cityJa":"岐阜市","townJa":"長良友瀬","prefectureEn":"GIFU KEN","cityEn":"GIFU SHI","townEn":"NAGARA TOMOSE"},"5020077":{"prefectureJa":"岐阜県","cityJa":"岐阜市","townJa":"長良奥郷","prefectureEn":"GIFU KEN","cityEn":"GIFU SHI","townEn":"NAGARA OKUGO"},"5020081":{"prefectureJa":"岐阜県","cityJa":"岐阜市","townJa":"長良（丁目）","prefectureEn":"GIFU KEN","cityEn":"GIFU SHI","townEn":"NAGARA(CHOME)"},"5020082":{"prefectureJa":"岐阜県","cityJa":"岐阜市","townJa":"長良東","prefectureEn":"GIFU KEN","cityEn":"GIFU SHI","townEn":"NAGARA HIGASHI"},"5020801":{"prefectureJa":"岐阜県","cityJa":"岐阜市","townJa":"椿洞","prefectureEn":"GIFU KEN","cityEn":"GIFU SHI","townEn":"TSUBAKIBORA"},"5020802":{"prefectureJa":"岐阜県","cityJa":"岐阜市","townJa":"打越","prefectureEn":"GIFU KEN","cityEn":"GIFU SHI","townEn":"UCHIKOSHI"},"5020803":{"prefectureJa":"岐阜県","cityJa":"岐阜市","townJa":"上土居","prefectureEn":"GIFU KEN","cityEn":"GIFU SHI","townEn":"KAMITSUCHII"},"5020811":{"prefectureJa":"岐阜県","cityJa":"岐阜市","townJa":"若福町","prefectureEn":"GIFU KEN","cityEn":"GIFU SHI","townEn":"WAKAFUKUCHO"},"5020812":{"prefectureJa":"岐阜県","cityJa":"岐阜市","townJa":"八代","prefectureEn":"GIFU KEN","cityEn":"GIFU SHI","townEn":"YASHIRO"},"5020813":{"prefectureJa":"岐阜県","cityJa":"岐阜市","townJa":"福光東","prefectureEn":"GIFU KEN","cityEn":"GIFU SHI","townEn":"FUKUMITSU HIGASHI"},"5020814":{"prefectureJa":"岐阜県","cityJa":"岐阜市","townJa":"福光西","prefectureEn":"GIFU KEN","cityEn":"GIFU SHI","townEn":"FUKUMITSU NISHI"},"5020815":{"prefectureJa":"岐阜県","cityJa":"岐阜市","townJa":"福光南町","prefectureEn":"GIFU KEN","cityEn":"GIFU SHI","townEn":"FUKUMITSUMINAMIMACHI"},"5020816":{"prefectureJa":"岐阜県","cityJa":"岐阜市","townJa":"道三町","prefectureEn":"GIFU KEN","cityEn":"GIFU SHI","townEn":"DOSANCHO"},"5020817":{"prefectureJa":"岐阜県","cityJa":"岐阜市","townJa":"長良福光","prefectureEn":"GIFU KEN","cityEn":"GIFU SHI","townEn":"NAGARA FUKUMITSU"},"5020821":{"prefectureJa":"岐阜県","cityJa":"岐阜市","townJa":"太平町","prefectureEn":"GIFU KEN","cityEn":"GIFU SHI","townEn":"TAIHEICHO"},"5020822":{"prefectureJa":"岐阜県","cityJa":"岐阜市","townJa":"福田町","prefectureEn":"GIFU KEN","cityEn":"GIFU SHI","townEn":"FUKUTAMACHI"},"5020823":{"prefectureJa":"岐阜県","cityJa":"岐阜市","townJa":"光栄町","prefectureEn":"GIFU KEN","cityEn":"GIFU SHI","townEn":"KOEICHO"},"5020824":{"prefectureJa":"岐阜県","cityJa":"岐阜市","townJa":"花ノ木町","prefectureEn":"GIFU KEN","cityEn":"GIFU SHI","townEn":"HANANOKICHO"},"5020825":{"prefectureJa":"岐阜県","cityJa":"岐阜市","townJa":"初日町","prefectureEn":"GIFU KEN","cityEn":"GIFU SHI","townEn":"HATSUHIMACHI"},"5020826":{"prefectureJa":"岐阜県","cityJa":"岐阜市","townJa":"楠町","prefectureEn":"GIFU KEN","cityEn":"GIFU SHI","townEn":"KUSUNOKICHO"},"5020827":{"prefectureJa":"岐阜県","cityJa":"岐阜市","townJa":"平和通","prefectureEn":"GIFU KEN","cityEn":"GIFU SHI","townEn":"HEIWADORI"},"5020828":{"prefectureJa":"岐阜県","cityJa":"岐阜市","townJa":"金華町","prefectureEn":"GIFU KEN","cityEn":"GIFU SHI","townEn":"KINKACHO"},"5020829":{"prefectureJa":"岐阜県","cityJa":"岐阜市","townJa":"万代町","prefectureEn":"GIFU KEN","cityEn":"GIFU SHI","townEn":"BANDAICHO"},"5020831":{"prefectureJa":"岐阜県","cityJa":"岐阜市","townJa":"菊水町","prefectureEn":"GIFU KEN","cityEn":"GIFU SHI","townEn":"KIKUSUICHO"},"5020832":{"prefectureJa":"岐阜県","cityJa":"岐阜市","townJa":"千代田町","prefectureEn":"GIFU KEN","cityEn":"GIFU SHI","townEn":"CHIYODAMACHI"},"5020833":{"prefectureJa":"岐阜県","cityJa":"岐阜市","townJa":"松風町","prefectureEn":"GIFU KEN","cityEn":"GIFU SHI","townEn":"MATSUKAZECHO"},"5020834":{"prefectureJa":"岐阜県","cityJa":"岐阜市","townJa":"養老町","prefectureEn":"GIFU KEN","cityEn":"GIFU SHI","townEn":"YOROCHO"},"5020835":{"prefectureJa":"岐阜県","cityJa":"岐阜市","townJa":"織田町","prefectureEn":"GIFU KEN","cityEn":"GIFU SHI","townEn":"ODAMACHI"},"5020836":{"prefectureJa":"岐阜県","cityJa":"岐阜市","townJa":"若竹町","prefectureEn":"GIFU KEN","cityEn":"GIFU SHI","townEn":"WAKATAKECHO"},"5020837":{"prefectureJa":"岐阜県","cityJa":"岐阜市","townJa":"鵜川町","prefectureEn":"GIFU KEN","cityEn":"GIFU SHI","townEn":"UKAWACHO"},"5020838":{"prefectureJa":"岐阜県","cityJa":"岐阜市","townJa":"長良丘","prefectureEn":"GIFU KEN","cityEn":"GIFU SHI","townEn":"NAGARA OKA"},"5020841":{"prefectureJa":"岐阜県","cityJa":"岐阜市","townJa":"学園町","prefectureEn":"GIFU KEN","cityEn":"GIFU SHI","townEn":"GAKUENCHO"},"5020842":{"prefectureJa":"岐阜県","cityJa":"岐阜市","townJa":"早田（その他）","prefectureEn":"GIFU KEN","cityEn":"GIFU SHI","townEn":"SODEN(SONOTA)"},"5020843":{"prefectureJa":"岐阜県","cityJa":"岐阜市","townJa":"早田東町","prefectureEn":"GIFU KEN","cityEn":"GIFU SHI","townEn":"SODENHIGASHIMACHI"},"5020844":{"prefectureJa":"岐阜県","cityJa":"岐阜市","townJa":"岩倉町","prefectureEn":"GIFU KEN","cityEn":"GIFU SHI","townEn":"IWAKURACHO"},"5020845":{"prefectureJa":"岐阜県","cityJa":"岐阜市","townJa":"早田町","prefectureEn":"GIFU KEN","cityEn":"GIFU SHI","townEn":"SODENCHO"},"5020846":{"prefectureJa":"岐阜県","cityJa":"岐阜市","townJa":"津島町","prefectureEn":"GIFU KEN","cityEn":"GIFU SHI","townEn":"TSUSHIMACHO"},"5020847":{"prefectureJa":"岐阜県","cityJa":"岐阜市","townJa":"早田栄町","prefectureEn":"GIFU KEN","cityEn":"GIFU SHI","townEn":"SODENSAKAEMACHI"},"5020848":{"prefectureJa":"岐阜県","cityJa":"岐阜市","townJa":"早田本町","prefectureEn":"GIFU KEN","cityEn":"GIFU SHI","townEn":"SODENHOMMACHI"},"5020849":{"prefectureJa":"岐阜県","cityJa":"岐阜市","townJa":"栄新町","prefectureEn":"GIFU KEN","cityEn":"GIFU SHI","townEn":"SAKAESHIMMACHI"},"5020850":{"prefectureJa":"岐阜県","cityJa":"岐阜市","townJa":"鷺山東","prefectureEn":"GIFU KEN","cityEn":"GIFU SHI","townEn":"SAGIYAMA HIGASHI"},"5020851":{"prefectureJa":"岐阜県","cityJa":"岐阜市","townJa":"鷺山","prefectureEn":"GIFU KEN","cityEn":"GIFU SHI","townEn":"SAGIYAMA"},"5020852":{"prefectureJa":"岐阜県","cityJa":"岐阜市","townJa":"南蝉","prefectureEn":"GIFU KEN","cityEn":"GIFU SHI","townEn":"MINAMISEMI"},"5020853":{"prefectureJa":"岐阜県","cityJa":"岐阜市","townJa":"鷺山清洲町","prefectureEn":"GIFU KEN","cityEn":"GIFU SHI","townEn":"SAGIYAMA KIYOSUCHO"},"5020854":{"prefectureJa":"岐阜県","cityJa":"岐阜市","townJa":"鷺山向井町","prefectureEn":"GIFU KEN","cityEn":"GIFU SHI","townEn":"SAGIYAMA MUKAICHO"},"5020855":{"prefectureJa":"岐阜県","cityJa":"岐阜市","townJa":"鷺山緑ケ丘","prefectureEn":"GIFU KEN","cityEn":"GIFU SHI","townEn":"SAGIYAMA MIDORIGAOKA"},"5020856":{"prefectureJa":"岐阜県","cityJa":"岐阜市","townJa":"鷺山緑ケ丘新町","prefectureEn":"GIFU KEN","cityEn":"GIFU SHI","townEn":"SAGIYAMA MIDORIGAOKASHIMMACHI"},"5020857":{"prefectureJa":"岐阜県","cityJa":"岐阜市","townJa":"正木","prefectureEn":"GIFU KEN","cityEn":"GIFU SHI","townEn":"MASAKI"},"5020858":{"prefectureJa":"岐阜県","cityJa":"岐阜市","townJa":"下土居","prefectureEn":"GIFU KEN","cityEn":"GIFU SHI","townEn":"SHIMOTSUCHII"},"5020859":{"prefectureJa":"岐阜県","cityJa":"岐阜市","townJa":"城田寺","prefectureEn":"GIFU KEN","cityEn":"GIFU SHI","townEn":"KIDAIJI"},"5020861":{"prefectureJa":"岐阜県","cityJa":"岐阜市","townJa":"上城田寺南","prefectureEn":"GIFU KEN","cityEn":"GIFU SHI","townEn":"KAMIKIDAIJI MINAMI"},"5020862":{"prefectureJa":"岐阜県","cityJa":"岐阜市","townJa":"上城田寺中","prefectureEn":"GIFU KEN","cityEn":"GIFU SHI","townEn":"KAMIKIDAIJI NAKA"},"5020863":{"prefectureJa":"岐阜県","cityJa":"岐阜市","townJa":"上城田寺西","prefectureEn":"GIFU KEN","cityEn":"GIFU SHI","townEn":"KAMIKIDAIJI NISHI"},"5020864":{"prefectureJa":"岐阜県","cityJa":"岐阜市","townJa":"上城田寺東","prefectureEn":"GIFU KEN","cityEn":"GIFU SHI","townEn":"KAMIKIDAIJI HIGASHI"},"5020865":{"prefectureJa":"岐阜県","cityJa":"岐阜市","townJa":"正木西町","prefectureEn":"GIFU KEN","cityEn":"GIFU SHI","townEn":"MASAKI NISHIMACHI"},"5020866":{"prefectureJa":"岐阜県","cityJa":"岐阜市","townJa":"正木南","prefectureEn":"GIFU KEN","cityEn":"GIFU SHI","townEn":"MASAKI MINAMI"},"5020867":{"prefectureJa":"岐阜県","cityJa":"岐阜市","townJa":"鷺山南","prefectureEn":"GIFU KEN","cityEn":"GIFU SHI","townEn":"SAGIYAMA MINAMI"},"5020871":{"prefectureJa":"岐阜県","cityJa":"岐阜市","townJa":"鷺山新町","prefectureEn":"GIFU KEN","cityEn":"GIFU SHI","townEn":"SAGIYAMA SHIMMACHI"},"5020872":{"prefectureJa":"岐阜県","cityJa":"岐阜市","townJa":"鷺山北町","prefectureEn":"GIFU KEN","cityEn":"GIFU SHI","townEn":"SAGIYAMA KITAMACHI"},"5020881":{"prefectureJa":"岐阜県","cityJa":"岐阜市","townJa":"正木北町","prefectureEn":"GIFU KEN","cityEn":"GIFU SHI","townEn":"MASAKI KITAMACHI"},"5020882":{"prefectureJa":"岐阜県","cityJa":"岐阜市","townJa":"正木中","prefectureEn":"GIFU KEN","cityEn":"GIFU SHI","townEn":"MASAKI NAKA"},"5020901":{"prefectureJa":"岐阜県","cityJa":"岐阜市","townJa":"光町","prefectureEn":"GIFU KEN","cityEn":"GIFU SHI","townEn":"HIKARIMACHI"},"5020902":{"prefectureJa":"岐阜県","cityJa":"岐阜市","townJa":"早田大通","prefectureEn":"GIFU KEN","cityEn":"GIFU SHI","townEn":"SODENODORI"},"5020903":{"prefectureJa":"岐阜県","cityJa":"岐阜市","townJa":"美島町","prefectureEn":"GIFU KEN","cityEn":"GIFU SHI","townEn":"MISHIMACHO"},"5020904":{"prefectureJa":"岐阜県","cityJa":"岐阜市","townJa":"島栄町","prefectureEn":"GIFU KEN","cityEn":"GIFU SHI","townEn":"SHIMASAKAEMACHI"},"5020905":{"prefectureJa":"岐阜県","cityJa":"岐阜市","townJa":"山吹町","prefectureEn":"GIFU KEN","cityEn":"GIFU SHI","townEn":"YAMABUKICHO"},"5020906":{"prefectureJa":"岐阜県","cityJa":"岐阜市","townJa":"池ノ上町","prefectureEn":"GIFU KEN","cityEn":"GIFU SHI","townEn":"IKENOECHO"},"5020907":{"prefectureJa":"岐阜県","cityJa":"岐阜市","townJa":"島新町","prefectureEn":"GIFU KEN","cityEn":"GIFU SHI","townEn":"SHIMASHIMMACHI"},"5020908":{"prefectureJa":"岐阜県","cityJa":"岐阜市","townJa":"近島","prefectureEn":"GIFU KEN","cityEn":"GIFU SHI","townEn":"GONNOSHIMA"},"5020909":{"prefectureJa":"岐阜県","cityJa":"岐阜市","townJa":"白菊町","prefectureEn":"GIFU KEN","cityEn":"GIFU SHI","townEn":"SHIRAGIKUCHO"},"5020911":{"prefectureJa":"岐阜県","cityJa":"岐阜市","townJa":"北島","prefectureEn":"GIFU KEN","cityEn":"GIFU SHI","townEn":"KITAJIMA"},"5020912":{"prefectureJa":"岐阜県","cityJa":"岐阜市","townJa":"西島町","prefectureEn":"GIFU KEN","cityEn":"GIFU SHI","townEn":"NISHIJIMACHO"},"5020913":{"prefectureJa":"岐阜県","cityJa":"岐阜市","townJa":"東島","prefectureEn":"GIFU KEN","cityEn":"GIFU SHI","townEn":"HIGASHIJIMA"},"5020914":{"prefectureJa":"岐阜県","cityJa":"岐阜市","townJa":"菅生","prefectureEn":"GIFU KEN","cityEn":"GIFU SHI","townEn":"SUGO"},"5020915":{"prefectureJa":"岐阜県","cityJa":"岐阜市","townJa":"江口","prefectureEn":"GIFU KEN","cityEn":"GIFU SHI","townEn":"EGUCHI"},"5020916":{"prefectureJa":"岐阜県","cityJa":"岐阜市","townJa":"西中島","prefectureEn":"GIFU KEN","cityEn":"GIFU SHI","townEn":"NISHINAKAJIMA"},"5020917":{"prefectureJa":"岐阜県","cityJa":"岐阜市","townJa":"島田","prefectureEn":"GIFU KEN","cityEn":"GIFU SHI","townEn":"SHIMADA"},"5020921":{"prefectureJa":"岐阜県","cityJa":"岐阜市","townJa":"守口町","prefectureEn":"GIFU KEN","cityEn":"GIFU SHI","townEn":"MORIGUCHICHO"},"5020922":{"prefectureJa":"岐阜県","cityJa":"岐阜市","townJa":"明神町","prefectureEn":"GIFU KEN","cityEn":"GIFU SHI","townEn":"MYOJINCHO"},"5020923":{"prefectureJa":"岐阜県","cityJa":"岐阜市","townJa":"宮浦町","prefectureEn":"GIFU KEN","cityEn":"GIFU SHI","townEn":"MIYAURACHO"},"5020924":{"prefectureJa":"岐阜県","cityJa":"岐阜市","townJa":"旦島宮町","prefectureEn":"GIFU KEN","cityEn":"GIFU SHI","townEn":"DANNOSHIMA MIYAMACHI"},"5020925":{"prefectureJa":"岐阜県","cityJa":"岐阜市","townJa":"旦島中町","prefectureEn":"GIFU KEN","cityEn":"GIFU SHI","townEn":"DANNOSHIMA NAKAMACHI"},"5020926":{"prefectureJa":"岐阜県","cityJa":"岐阜市","townJa":"旦島","prefectureEn":"GIFU KEN","cityEn":"GIFU SHI","townEn":"DANNOSHIMA"},"5020927":{"prefectureJa":"岐阜県","cityJa":"岐阜市","townJa":"旦島西町","prefectureEn":"GIFU KEN","cityEn":"GIFU SHI","townEn":"DANNOSHIMA NISHIMACHI"},"5020928":{"prefectureJa":"岐阜県","cityJa":"岐阜市","townJa":"旦島中","prefectureEn":"GIFU KEN","cityEn":"GIFU SHI","townEn":"DANNOSHIMANAKA"},"5020929":{"prefectureJa":"岐阜県","cityJa":"岐阜市","townJa":"則武東","prefectureEn":"GIFU KEN","cityEn":"GIFU SHI","townEn":"NORITAKEHIGASHI"},"5020931":{"prefectureJa":"岐阜県","cityJa":"岐阜市","townJa":"則武","prefectureEn":"GIFU KEN","cityEn":"GIFU SHI","townEn":"NORITAKE"},"5020932":{"prefectureJa":"岐阜県","cityJa":"岐阜市","townJa":"則武中","prefectureEn":"GIFU KEN","cityEn":"GIFU SHI","townEn":"NORITAKENAKA"},"5020933":{"prefectureJa":"岐阜県","cityJa":"岐阜市","townJa":"日光町","prefectureEn":"GIFU KEN","cityEn":"GIFU SHI","townEn":"NIKKOCHO"},"5020934":{"prefectureJa":"岐阜県","cityJa":"岐阜市","townJa":"大福町","prefectureEn":"GIFU KEN","cityEn":"GIFU SHI","townEn":"DAIFUKUCHO"},"5020935":{"prefectureJa":"岐阜県","cityJa":"岐阜市","townJa":"萱場東町","prefectureEn":"GIFU KEN","cityEn":"GIFU SHI","townEn":"KAYABA HIGASHIMACHI"},"5020936":{"prefectureJa":"岐阜県","cityJa":"岐阜市","townJa":"萱場南","prefectureEn":"GIFU KEN","cityEn":"GIFU SHI","townEn":"KAYABAMINAMI"},"5020937":{"prefectureJa":"岐阜県","cityJa":"岐阜市","townJa":"萱場町","prefectureEn":"GIFU KEN","cityEn":"GIFU SHI","townEn":"KAYABACHO"},"5020938":{"prefectureJa":"岐阜県","cityJa":"岐阜市","townJa":"萱場北町","prefectureEn":"GIFU KEN","cityEn":"GIFU SHI","townEn":"KAYABA KITAMACHI"},"5020939":{"prefectureJa":"岐阜県","cityJa":"岐阜市","townJa":"則武西","prefectureEn":"GIFU KEN","cityEn":"GIFU SHI","townEn":"NORITAKENISHI"}}