{"8110100":{"prefectureJa":"福岡県","cityJa":"糟屋郡新宮町","townJa":"以下に掲載がない場合","prefectureEn":"FUKUOKA KEN","cityEn":"KASUYA GUN SHINGU MACHI","townEn":"IKANIKEISAIGANAIBAAI"},"8110101":{"prefectureJa":"福岡県","cityJa":"糟屋郡新宮町","townJa":"原上","prefectureEn":"FUKUOKA KEN","cityEn":"KASUYA GUN SHINGU MACHI","townEn":"HARUGAMI"},"8110102":{"prefectureJa":"福岡県","cityJa":"糟屋郡新宮町","townJa":"立花口","prefectureEn":"FUKUOKA KEN","cityEn":"KASUYA GUN SHINGU MACHI","townEn":"TACHIBANAGUCHI"},"8110103":{"prefectureJa":"福岡県","cityJa":"糟屋郡新宮町","townJa":"花立花","prefectureEn":"FUKUOKA KEN","cityEn":"KASUYA GUN SHINGU MACHI","townEn":"HANATACHIBANA"},"8110104":{"prefectureJa":"福岡県","cityJa":"糟屋郡新宮町","townJa":"的野","prefectureEn":"FUKUOKA KEN","cityEn":"KASUYA GUN SHINGU MACHI","townEn":"MATONO"},"8110110":{"prefectureJa":"福岡県","cityJa":"糟屋郡新宮町","townJa":"夜臼","prefectureEn":"FUKUOKA KEN","cityEn":"KASUYA GUN SHINGU MACHI","townEn":"YUSU"},"8110111":{"prefectureJa":"福岡県","cityJa":"糟屋郡新宮町","townJa":"三代","prefectureEn":"FUKUOKA KEN","cityEn":"KASUYA GUN SHINGU MACHI","townEn":"MISHIRO"},"8110112":{"prefectureJa":"福岡県","cityJa":"糟屋郡新宮町","townJa":"下府","prefectureEn":"FUKUOKA KEN","cityEn":"KASUYA GUN SHINGU MACHI","townEn":"SHIMONOFU"},"8110113":{"prefectureJa":"福岡県","cityJa":"糟屋郡新宮町","townJa":"桜山手","prefectureEn":"FUKUOKA KEN","cityEn":"KASUYA GUN SHINGU MACHI","townEn":"SAKURAYAMATE"},"8110114":{"prefectureJa":"福岡県","cityJa":"糟屋郡新宮町","townJa":"湊坂","prefectureEn":"FUKUOKA KEN","cityEn":"KASUYA GUN SHINGU MACHI","townEn":"MINATOZAKA"},"8110115":{"prefectureJa":"福岡県","cityJa":"糟屋郡新宮町","townJa":"新宮","prefectureEn":"FUKUOKA KEN","cityEn":"KASUYA GUN SHINGU MACHI","townEn":"SHINGU"},"8110116":{"prefectureJa":"福岡県","cityJa":"糟屋郡新宮町","townJa":"湊","prefectureEn":"FUKUOKA KEN","cityEn":"KASUYA GUN SHINGU MACHI","townEn":"MINATO"},"8110117":{"prefectureJa":"福岡県","cityJa":"糟屋郡新宮町","townJa":"上府","prefectureEn":"FUKUOKA KEN","cityEn":"KASUYA GUN SHINGU MACHI","townEn":"KAMINOFU"},"8110118":{"prefectureJa":"福岡県","cityJa":"糟屋郡新宮町","townJa":"相島","prefectureEn":"FUKUOKA KEN","cityEn":"KASUYA GUN SHINGU MACHI","townEn":"AINOSHIMA"},"8110119":{"prefectureJa":"福岡県","cityJa":"糟屋郡新宮町","townJa":"緑ケ浜","prefectureEn":"FUKUOKA KEN","cityEn":"KASUYA GUN SHINGU MACHI","townEn":"MIDORIGAHAMA"},"8110120":{"prefectureJa":"福岡県","cityJa":"糟屋郡新宮町","townJa":"中央駅前","prefectureEn":"FUKUOKA KEN","cityEn":"KASUYA GUN SHINGU MACHI","townEn":"CHUOEKIMAE"},"8110121":{"prefectureJa":"福岡県","cityJa":"糟屋郡新宮町","townJa":"美咲","prefectureEn":"FUKUOKA KEN","cityEn":"KASUYA GUN SHINGU MACHI","townEn":"MISAKI"},"8110122":{"prefectureJa":"福岡県","cityJa":"糟屋郡新宮町","townJa":"杜の宮","prefectureEn":"FUKUOKA KEN","cityEn":"KASUYA GUN SHINGU MACHI","townEn":"MORINOMIYA"},"8110123":{"prefectureJa":"福岡県","cityJa":"糟屋郡新宮町","townJa":"上府北","prefectureEn":"FUKUOKA KEN","cityEn":"KASUYA GUN SHINGU MACHI","townEn":"KAMINOFUKITA"},"8110124":{"prefectureJa":"福岡県","cityJa":"糟屋郡新宮町","townJa":"新宮東","prefectureEn":"FUKUOKA KEN","cityEn":"KASUYA GUN SHINGU MACHI","townEn":"SHINGUHIGASHI"},"8110125":{"prefectureJa":"福岡県","cityJa":"糟屋郡新宮町","townJa":"三代西","prefectureEn":"FUKUOKA KEN","cityEn":"KASUYA GUN SHINGU MACHI","townEn":"MISHIRONISHI"},"8110201":{"prefectureJa":"福岡県","cityJa":"福岡市東区","townJa":"三苫","prefectureEn":"FUKUOKA KEN","cityEn":"FUKUOKA SHI HIGASHI KU","townEn":"MITOMA"},"8110202":{"prefectureJa":"福岡県","cityJa":"福岡市東区","townJa":"和白","prefectureEn":"FUKUOKA KEN","cityEn":"FUKUOKA SHI HIGASHI KU","townEn":"WAJIRO"},"8110203":{"prefectureJa":"福岡県","cityJa":"福岡市東区","townJa":"塩浜","prefectureEn":"FUKUOKA KEN","cityEn":"FUKUOKA SHI HIGASHI KU","townEn":"SHIOHAMA"},"8110204":{"prefectureJa":"福岡県","cityJa":"福岡市東区","townJa":"奈多","prefectureEn":"FUKUOKA KEN","cityEn":"FUKUOKA SHI HIGASHI KU","townEn":"NATA"},"8110205":{"prefectureJa":"福岡県","cityJa":"福岡市東区","townJa":"奈多団地","prefectureEn":"FUKUOKA KEN","cityEn":"FUKUOKA SHI HIGASHI KU","townEn":"NATADANCHI"},"8110206":{"prefectureJa":"福岡県","cityJa":"福岡市東区","townJa":"雁の巣","prefectureEn":"FUKUOKA KEN","cityEn":"FUKUOKA SHI HIGASHI KU","townEn":"GANNOSU"},"8110211":{"prefectureJa":"福岡県","cityJa":"福岡市東区","townJa":"美和台新町","prefectureEn":"FUKUOKA KEN","cityEn":"FUKUOKA SHI HIGASHI KU","townEn":"MIWADAISHIMMACHI"},"8110212":{"prefectureJa":"福岡県","cityJa":"福岡市東区","townJa":"美和台","prefectureEn":"FUKUOKA KEN","cityEn":"FUKUOKA SHI HIGASHI KU","townEn":"MIWADAI"},"8110213":{"prefectureJa":"福岡県","cityJa":"福岡市東区","townJa":"和白丘","prefectureEn":"FUKUOKA KEN","cityEn":"FUKUOKA SHI HIGASHI KU","townEn":"WAJIROGAOKA"},"8110214":{"prefectureJa":"福岡県","cityJa":"福岡市東区","townJa":"和白東","prefectureEn":"FUKUOKA KEN","cityEn":"FUKUOKA SHI HIGASHI KU","townEn":"WAJIROHIGASHI"},"8110215":{"prefectureJa":"福岡県","cityJa":"福岡市東区","townJa":"高美台","prefectureEn":"FUKUOKA KEN","cityEn":"FUKUOKA SHI HIGASHI KU","townEn":"TAKAMIDAI"},"8110216":{"prefectureJa":"福岡県","cityJa":"福岡市東区","townJa":"上和白","prefectureEn":"FUKUOKA KEN","cityEn":"FUKUOKA SHI HIGASHI KU","townEn":"KAMIWAJIRO"},"8110321":{"prefectureJa":"福岡県","cityJa":"福岡市東区","townJa":"西戸崎","prefectureEn":"FUKUOKA KEN","cityEn":"FUKUOKA SHI HIGASHI KU","townEn":"SAITOZAKI"},"8110322":{"prefectureJa":"福岡県","cityJa":"福岡市東区","townJa":"大岳","prefectureEn":"FUKUOKA KEN","cityEn":"FUKUOKA SHI HIGASHI KU","townEn":"OTAKE"},"8110323":{"prefectureJa":"福岡県","cityJa":"福岡市東区","townJa":"志賀島","prefectureEn":"FUKUOKA KEN","cityEn":"FUKUOKA SHI HIGASHI KU","townEn":"SHIKASHIMA"},"8110324":{"prefectureJa":"福岡県","cityJa":"福岡市東区","townJa":"弘","prefectureEn":"FUKUOKA KEN","cityEn":"FUKUOKA SHI HIGASHI KU","townEn":"HIRO"},"8110325":{"prefectureJa":"福岡県","cityJa":"福岡市東区","townJa":"勝馬","prefectureEn":"FUKUOKA KEN","cityEn":"FUKUOKA SHI HIGASHI KU","townEn":"KATSUMA"},"8111101":{"prefectureJa":"福岡県","cityJa":"福岡市早良区","townJa":"重留","prefectureEn":"FUKUOKA KEN","cityEn":"FUKUOKA SHI SAWARA KU","townEn":"SHIGEDOME"},"8111102":{"prefectureJa":"福岡県","cityJa":"福岡市早良区","townJa":"東入部","prefectureEn":"FUKUOKA KEN","cityEn":"FUKUOKA SHI SAWARA KU","townEn":"HIGASHIIRUBE"},"8111103":{"prefectureJa":"福岡県","cityJa":"福岡市早良区","townJa":"四箇","prefectureEn":"FUKUOKA KEN","cityEn":"FUKUOKA SHI SAWARA KU","townEn":"SHIKA"},"8111111":{"prefectureJa":"福岡県","cityJa":"福岡市早良区","townJa":"脇山","prefectureEn":"FUKUOKA KEN","cityEn":"FUKUOKA SHI SAWARA KU","townEn":"WAKIYAMA"},"8111112":{"prefectureJa":"福岡県","cityJa":"福岡市早良区","townJa":"小笠木","prefectureEn":"FUKUOKA KEN","cityEn":"FUKUOKA SHI SAWARA KU","townEn":"OKASAGI"},"8111113":{"prefectureJa":"福岡県","cityJa":"福岡市早良区","townJa":"板屋","prefectureEn":"FUKUOKA KEN","cityEn":"FUKUOKA SHI SAWARA KU","townEn":"ITAYA"},"8111114":{"prefectureJa":"福岡県","cityJa":"福岡市早良区","townJa":"椎原","prefectureEn":"FUKUOKA KEN","cityEn":"FUKUOKA SHI SAWARA KU","townEn":"SHIIBA"},"8111121":{"prefectureJa":"福岡県","cityJa":"福岡市早良区","townJa":"西入部","prefectureEn":"FUKUOKA KEN","cityEn":"FUKUOKA SHI SAWARA KU","townEn":"NISHIIRUBE"},"8111122":{"prefectureJa":"福岡県","cityJa":"福岡市早良区","townJa":"早良","prefectureEn":"FUKUOKA KEN","cityEn":"FUKUOKA SHI SAWARA KU","townEn":"SAWARA"},"8111123":{"prefectureJa":"福岡県","cityJa":"福岡市早良区","townJa":"内野","prefectureEn":"FUKUOKA KEN","cityEn":"FUKUOKA SHI SAWARA KU","townEn":"UCHINO"},"8111131":{"prefectureJa":"福岡県","cityJa":"福岡市早良区","townJa":"西","prefectureEn":"FUKUOKA KEN","cityEn":"FUKUOKA SHI SAWARA KU","townEn":"NISHI"},"8111132":{"prefectureJa":"福岡県","cityJa":"福岡市早良区","townJa":"石釜","prefectureEn":"FUKUOKA KEN","cityEn":"FUKUOKA SHI SAWARA KU","townEn":"ISHIGAMA"},"8111133":{"prefectureJa":"福岡県","cityJa":"福岡市早良区","townJa":"曲渕","prefectureEn":"FUKUOKA KEN","cityEn":"FUKUOKA SHI SAWARA KU","townEn":"MAGARIBUCHI"},"8111134":{"prefectureJa":"福岡県","cityJa":"福岡市早良区","townJa":"飯場","prefectureEn":"FUKUOKA KEN","cityEn":"FUKUOKA SHI SAWARA KU","townEn":"IIBA"},"8111200":{"prefectureJa":"福岡県","cityJa":"那珂川市","townJa":"以下に掲載がない場合","prefectureEn":"FUKUOKA KEN","cityEn":"NAKAGAWA SHI","townEn":"IKANIKEISAIGANAIBAAI"},"8111201":{"prefectureJa":"福岡県","cityJa":"那珂川市","townJa":"片縄","prefectureEn":"FUKUOKA KEN","cityEn":"NAKAGAWA SHI","townEn":"KATANAWA"},"8111202":{"prefectureJa":"福岡県","cityJa":"那珂川市","townJa":"片縄西","prefectureEn":"FUKUOKA KEN","cityEn":"NAKAGAWA SHI","townEn":"KATANAWANISHI"},"8111203":{"prefectureJa":"福岡県","cityJa":"那珂川市","townJa":"片縄北","prefectureEn":"FUKUOKA KEN","cityEn":"NAKAGAWA SHI","townEn":"KATANAWAKITA"},"8111204":{"prefectureJa":"福岡県","cityJa":"那珂川市","townJa":"片縄東","prefectureEn":"FUKUOKA KEN","cityEn":"NAKAGAWA SHI","townEn":"KATANAWAHIGASHI"},"8111211":{"prefectureJa":"福岡県","cityJa":"那珂川市","townJa":"今光","prefectureEn":"FUKUOKA KEN","cityEn":"NAKAGAWA SHI","townEn":"IMAMITSU"},"8111213":{"prefectureJa":"福岡県","cityJa":"那珂川市","townJa":"中原","prefectureEn":"FUKUOKA KEN","cityEn":"NAKAGAWA SHI","townEn":"NAKABARU"},"8111214":{"prefectureJa":"福岡県","cityJa":"那珂川市","townJa":"中原東","prefectureEn":"FUKUOKA KEN","cityEn":"NAKAGAWA SHI","townEn":"NAKABARUHIGASHI"},"8111215":{"prefectureJa":"福岡県","cityJa":"那珂川市","townJa":"松原","prefectureEn":"FUKUOKA KEN","cityEn":"NAKAGAWA SHI","townEn":"MATSUBARU"},"8111216":{"prefectureJa":"福岡県","cityJa":"那珂川市","townJa":"観晴が丘","prefectureEn":"FUKUOKA KEN","cityEn":"NAKAGAWA SHI","townEn":"MIHARUGAOKA"},"8111221":{"prefectureJa":"福岡県","cityJa":"那珂川市","townJa":"王塚台","prefectureEn":"FUKUOKA KEN","cityEn":"NAKAGAWA SHI","townEn":"OTSUKADAI"},"8111222":{"prefectureJa":"福岡県","cityJa":"那珂川市","townJa":"下梶原","prefectureEn":"FUKUOKA KEN","cityEn":"NAKAGAWA SHI","townEn":"SHIMOKAJIWARA"},"8111223":{"prefectureJa":"福岡県","cityJa":"那珂川市","townJa":"上梶原","prefectureEn":"FUKUOKA KEN","cityEn":"NAKAGAWA SHI","townEn":"KAMIKAJIWARA"},"8111224":{"prefectureJa":"福岡県","cityJa":"那珂川市","townJa":"安徳","prefectureEn":"FUKUOKA KEN","cityEn":"NAKAGAWA SHI","townEn":"ANTOKU"},"8111231":{"prefectureJa":"福岡県","cityJa":"那珂川市","townJa":"不入道","prefectureEn":"FUKUOKA KEN","cityEn":"NAKAGAWA SHI","townEn":"FUNYUDO"},"8111232":{"prefectureJa":"福岡県","cityJa":"那珂川市","townJa":"埋金","prefectureEn":"FUKUOKA KEN","cityEn":"NAKAGAWA SHI","townEn":"UMEGANE"},"8111233":{"prefectureJa":"福岡県","cityJa":"那珂川市","townJa":"市ノ瀬","prefectureEn":"FUKUOKA KEN","cityEn":"NAKAGAWA SHI","townEn":"ICHINOSE"},"8111234":{"prefectureJa":"福岡県","cityJa":"那珂川市","townJa":"五ケ山","prefectureEn":"FUKUOKA KEN","cityEn":"NAKAGAWA SHI","townEn":"GOKAYAMA"},"8111235":{"prefectureJa":"福岡県","cityJa":"那珂川市","townJa":"成竹","prefectureEn":"FUKUOKA KEN","cityEn":"NAKAGAWA SHI","townEn":"NARUTAKE"},"8111236":{"prefectureJa":"福岡県","cityJa":"那珂川市","townJa":"南面里","prefectureEn":"FUKUOKA KEN","cityEn":"NAKAGAWA SHI","townEn":"NAMERI"},"8111241":{"prefectureJa":"福岡県","cityJa":"那珂川市","townJa":"後野","prefectureEn":"FUKUOKA KEN","cityEn":"NAKAGAWA SHI","townEn":"USHIRONO"},"8111242":{"prefectureJa":"福岡県","cityJa":"那珂川市","townJa":"西隈","prefectureEn":"FUKUOKA KEN","cityEn":"NAKAGAWA SHI","townEn":"NISHIGUMA"},"8111243":{"prefectureJa":"福岡県","cityJa":"那珂川市","townJa":"東隈","prefectureEn":"FUKUOKA KEN","cityEn":"NAKAGAWA SHI","townEn":"HIGASHIGUMA"},"8111244":{"prefectureJa":"福岡県","cityJa":"那珂川市","townJa":"山田","prefectureEn":"FUKUOKA KEN","cityEn":"NAKAGAWA SHI","townEn":"YAMADA"},"8111245":{"prefectureJa":"福岡県","cityJa":"那珂川市","townJa":"別所","prefectureEn":"FUKUOKA KEN","cityEn":"NAKAGAWA SHI","townEn":"BESSHO"},"8111246":{"prefectureJa":"福岡県","cityJa":"那珂川市","townJa":"西畑","prefectureEn":"FUKUOKA KEN","cityEn":"NAKAGAWA SHI","townEn":"NISHIHATA"},"8111251":{"prefectureJa":"福岡県","cityJa":"那珂川市","townJa":"松木","prefectureEn":"FUKUOKA KEN","cityEn":"NAKAGAWA SHI","townEn":"MATSUNOKI"},"8111252":{"prefectureJa":"福岡県","cityJa":"那珂川市","townJa":"五郎丸","prefectureEn":"FUKUOKA KEN","cityEn":"NAKAGAWA SHI","townEn":"GOROMARU"},"8111253":{"prefectureJa":"福岡県","cityJa":"那珂川市","townJa":"仲","prefectureEn":"FUKUOKA KEN","cityEn":"NAKAGAWA SHI","townEn":"CHU"},"8111254":{"prefectureJa":"福岡県","cityJa":"那珂川市","townJa":"道善","prefectureEn":"FUKUOKA KEN","cityEn":"NAKAGAWA SHI","townEn":"DOZEN"},"8111255":{"prefectureJa":"福岡県","cityJa":"那珂川市","townJa":"恵子","prefectureEn":"FUKUOKA KEN","cityEn":"NAKAGAWA SHI","townEn":"EKO"},"8111256":{"prefectureJa":"福岡県","cityJa":"那珂川市","townJa":"仲丸","prefectureEn":"FUKUOKA KEN","cityEn":"NAKAGAWA SHI","townEn":"CHUMARU"},"8111302":{"prefectureJa":"福岡県","cityJa":"福岡市南区","townJa":"井尻","prefectureEn":"FUKUOKA KEN","cityEn":"FUKUOKA SHI MINAMI KU","townEn":"IJIRI"},"8111303":{"prefectureJa":"福岡県","cityJa":"福岡市南区","townJa":"折立町","prefectureEn":"FUKUOKA KEN","cityEn":"FUKUOKA SHI MINAMI KU","townEn":"ORITATEMACHI"},"8111311":{"prefectureJa":"福岡県","cityJa":"福岡市南区","townJa":"横手","prefectureEn":"FUKUOKA KEN","cityEn":"FUKUOKA SHI MINAMI KU","townEn":"YOKOTE"},"8111312":{"prefectureJa":"福岡県","cityJa":"福岡市南区","townJa":"横手南町","prefectureEn":"FUKUOKA KEN","cityEn":"FUKUOKA SHI MINAMI KU","townEn":"YOKOTE MINAMIMACHI"},"8111313":{"prefectureJa":"福岡県","cityJa":"福岡市南区","townJa":"曰佐","prefectureEn":"FUKUOKA KEN","cityEn":"FUKUOKA SHI MINAMI KU","townEn":"OSA"},"8111314":{"prefectureJa":"福岡県","cityJa":"福岡市南区","townJa":"的場","prefectureEn":"FUKUOKA KEN","cityEn":"FUKUOKA SHI MINAMI KU","townEn":"MATOBA"},"8111321":{"prefectureJa":"福岡県","cityJa":"福岡市南区","townJa":"柳瀬","prefectureEn":"FUKUOKA KEN","cityEn":"FUKUOKA SHI MINAMI KU","townEn":"YANASE"},"8111322":{"prefectureJa":"福岡県","cityJa":"福岡市南区","townJa":"弥永団地","prefectureEn":"FUKUOKA KEN","cityEn":"FUKUOKA SHI MINAMI KU","townEn":"YANAGADANCHI"},"8111323":{"prefectureJa":"福岡県","cityJa":"福岡市南区","townJa":"弥永","prefectureEn":"FUKUOKA KEN","cityEn":"FUKUOKA SHI MINAMI KU","townEn":"YANAGA"},"8111324":{"prefectureJa":"福岡県","cityJa":"福岡市南区","townJa":"警弥郷","prefectureEn":"FUKUOKA KEN","cityEn":"FUKUOKA SHI MINAMI KU","townEn":"KEYAGO"},"8111343":{"prefectureJa":"福岡県","cityJa":"福岡市南区","townJa":"和田","prefectureEn":"FUKUOKA KEN","cityEn":"FUKUOKA SHI MINAMI KU","townEn":"WADA"},"8111344":{"prefectureJa":"福岡県","cityJa":"福岡市南区","townJa":"三宅","prefectureEn":"FUKUOKA KEN","cityEn":"FUKUOKA SHI MINAMI KU","townEn":"MIYAKE"},"8111345":{"prefectureJa":"福岡県","cityJa":"福岡市南区","townJa":"向新町","prefectureEn":"FUKUOKA KEN","cityEn":"FUKUOKA SHI MINAMI KU","townEn":"MUKAISHIMMACHI"},"8111346":{"prefectureJa":"福岡県","cityJa":"福岡市南区","townJa":"老司","prefectureEn":"FUKUOKA KEN","cityEn":"FUKUOKA SHI MINAMI KU","townEn":"ROJI"},"8111347":{"prefectureJa":"福岡県","cityJa":"福岡市南区","townJa":"野多目","prefectureEn":"FUKUOKA KEN","cityEn":"FUKUOKA SHI MINAMI KU","townEn":"NOTAME"},"8111351":{"prefectureJa":"福岡県","cityJa":"福岡市南区","townJa":"屋形原","prefectureEn":"FUKUOKA KEN","cityEn":"FUKUOKA SHI MINAMI KU","townEn":"YAKATABARU"},"8111352":{"prefectureJa":"福岡県","cityJa":"福岡市南区","townJa":"鶴田","prefectureEn":"FUKUOKA KEN","cityEn":"FUKUOKA SHI MINAMI KU","townEn":"TSURUTA"},"8111353":{"prefectureJa":"福岡県","cityJa":"福岡市南区","townJa":"柏原","prefectureEn":"FUKUOKA KEN","cityEn":"FUKUOKA SHI MINAMI KU","townEn":"KASHIWARA"},"8111354":{"prefectureJa":"福岡県","cityJa":"福岡市南区","townJa":"大平寺","prefectureEn":"FUKUOKA KEN","cityEn":"FUKUOKA SHI MINAMI KU","townEn":"TAIHEIJI"},"8111355":{"prefectureJa":"福岡県","cityJa":"福岡市南区","townJa":"桧原","prefectureEn":"FUKUOKA KEN","cityEn":"FUKUOKA SHI MINAMI KU","townEn":"HIBARU"},"8111356":{"prefectureJa":"福岡県","cityJa":"福岡市南区","townJa":"花畑","prefectureEn":"FUKUOKA KEN","cityEn":"FUKUOKA SHI MINAMI KU","townEn":"HANAHATA"},"8111361":{"prefectureJa":"福岡県","cityJa":"福岡市南区","townJa":"西長住","prefectureEn":"FUKUOKA KEN","cityEn":"FUKUOKA SHI MINAMI KU","townEn":"NISHINAGAZUMI"},"8111362":{"prefectureJa":"福岡県","cityJa":"福岡市南区","townJa":"長住","prefectureEn":"FUKUOKA KEN","cityEn":"FUKUOKA SHI MINAMI KU","townEn":"NAGAZUMI"},"8111364":{"prefectureJa":"福岡県","cityJa":"福岡市南区","townJa":"中尾","prefectureEn":"FUKUOKA KEN","cityEn":"FUKUOKA SHI MINAMI KU","townEn":"NAKAO"},"8111365":{"prefectureJa":"福岡県","cityJa":"福岡市南区","townJa":"皿山","prefectureEn":"FUKUOKA KEN","cityEn":"FUKUOKA SHI MINAMI KU","townEn":"SARAYAMA"},"8112100":{"prefectureJa":"福岡県","cityJa":"糟屋郡宇美町","townJa":"以下に掲載がない場合","prefectureEn":"FUKUOKA KEN","cityEn":"KASUYA GUN SUE MACHI","townEn":"IKANIKEISAIGANAIBAAI"},"8112101":{"prefectureJa":"福岡県","cityJa":"糟屋郡宇美町","townJa":"宇美","prefectureEn":"FUKUOKA KEN","cityEn":"KASUYA GUN UMI MACHI","townEn":"UMI"},"8112102":{"prefectureJa":"福岡県","cityJa":"糟屋郡宇美町","townJa":"炭焼","prefectureEn":"FUKUOKA KEN","cityEn":"KASUYA GUN UMI MACHI","townEn":"SUMIYAKI"},"8112103":{"prefectureJa":"福岡県","cityJa":"糟屋郡宇美町","townJa":"四王寺坂","prefectureEn":"FUKUOKA KEN","cityEn":"KASUYA GUN UMI MACHI","townEn":"SHIOJIZAKA"},"8112104":{"prefectureJa":"福岡県","cityJa":"糟屋郡宇美町","townJa":"井野","prefectureEn":"FUKUOKA KEN","cityEn":"KASUYA GUN UMI MACHI","townEn":"INO"},"8112105":{"prefectureJa":"福岡県","cityJa":"糟屋郡宇美町","townJa":"四王寺","prefectureEn":"FUKUOKA KEN","cityEn":"KASUYA GUN UMI MACHI","townEn":"SHIOJI"},"8112106":{"prefectureJa":"福岡県","cityJa":"糟屋郡宇美町","townJa":"ひばりが丘","prefectureEn":"FUKUOKA KEN","cityEn":"KASUYA GUN UMI MACHI","townEn":"HIBARIGAOKA"},"8112107":{"prefectureJa":"福岡県","cityJa":"糟屋郡宇美町","townJa":"とびたけ","prefectureEn":"FUKUOKA KEN","cityEn":"KASUYA GUN UMI MACHI","townEn":"TOBITAKE"},"8112108":{"prefectureJa":"福岡県","cityJa":"糟屋郡宇美町","townJa":"ゆりが丘","prefectureEn":"FUKUOKA KEN","cityEn":"KASUYA GUN UMI MACHI","townEn":"YURIGAOKA"},"8112109":{"prefectureJa":"福岡県","cityJa":"糟屋郡宇美町","townJa":"桜原","prefectureEn":"FUKUOKA KEN","cityEn":"KASUYA GUN UMI MACHI","townEn":"SAKURABARU"},"8112111":{"prefectureJa":"福岡県","cityJa":"糟屋郡須惠町","townJa":"新原","prefectureEn":"FUKUOKA KEN","cityEn":"KASUYA GUN SUE MACHI","townEn":"SHIMBARU"},"8112112":{"prefectureJa":"福岡県","cityJa":"糟屋郡須惠町","townJa":"植木","prefectureEn":"FUKUOKA KEN","cityEn":"KASUYA GUN SUE MACHI","townEn":"UEKI"},"8112113":{"prefectureJa":"福岡県","cityJa":"糟屋郡須惠町","townJa":"須惠","prefectureEn":"FUKUOKA KEN","cityEn":"KASUYA GUN SUE MACHI","townEn":"SUE"},"8112114":{"prefectureJa":"福岡県","cityJa":"糟屋郡須惠町","townJa":"上須惠","prefectureEn":"FUKUOKA KEN","cityEn":"KASUYA GUN SUE MACHI","townEn":"KAMISUE"},"8112115":{"prefectureJa":"福岡県","cityJa":"糟屋郡須惠町","townJa":"佐谷","prefectureEn":"FUKUOKA KEN","cityEn":"KASUYA GUN SUE MACHI","townEn":"SATANI"},"8112121":{"prefectureJa":"福岡県","cityJa":"糟屋郡宇美町","townJa":"平和","prefectureEn":"FUKUOKA KEN","cityEn":"KASUYA GUN UMI MACHI","townEn":"HEIWA"},"8112122":{"prefectureJa":"福岡県","cityJa":"糟屋郡宇美町","townJa":"明神坂","prefectureEn":"FUKUOKA KEN","cityEn":"KASUYA GUN UMI MACHI","townEn":"MYOJINZAKA"},"8112123":{"prefectureJa":"福岡県","cityJa":"糟屋郡宇美町","townJa":"光正寺","prefectureEn":"FUKUOKA KEN","cityEn":"KASUYA GUN UMI MACHI","townEn":"KOSHOJI"},"8112124":{"prefectureJa":"福岡県","cityJa":"糟屋郡宇美町","townJa":"若草","prefectureEn":"FUKUOKA KEN","cityEn":"KASUYA GUN UMI MACHI","townEn":"WAKAKUSA"},"8112125":{"prefectureJa":"福岡県","cityJa":"糟屋郡宇美町","townJa":"宇美東","prefectureEn":"FUKUOKA KEN","cityEn":"KASUYA GUN UMI MACHI","townEn":"UMIHIGASHI"},"8112126":{"prefectureJa":"福岡県","cityJa":"糟屋郡宇美町","townJa":"障子岳南","prefectureEn":"FUKUOKA KEN","cityEn":"KASUYA GUN UMI MACHI","townEn":"SHOJIDAKEMINAMI"},"8112127":{"prefectureJa":"福岡県","cityJa":"糟屋郡宇美町","townJa":"障子岳","prefectureEn":"FUKUOKA KEN","cityEn":"KASUYA GUN UMI MACHI","townEn":"SHOJIDAKE"},"8112128":{"prefectureJa":"福岡県","cityJa":"糟屋郡宇美町","townJa":"宇美中央","prefectureEn":"FUKUOKA KEN","cityEn":"KASUYA GUN UMI MACHI","townEn":"UMICHUO"},"8112129":{"prefectureJa":"福岡県","cityJa":"糟屋郡宇美町","townJa":"神武原","prefectureEn":"FUKUOKA KEN","cityEn":"KASUYA GUN UMI MACHI","townEn":"JIMMUBARU"},"8112131":{"prefectureJa":"福岡県","cityJa":"糟屋郡宇美町","townJa":"貴船","prefectureEn":"FUKUOKA KEN","cityEn":"KASUYA GUN UMI MACHI","townEn":"KIFUNE"},"8112132":{"prefectureJa":"福岡県","cityJa":"糟屋郡宇美町","townJa":"原田","prefectureEn":"FUKUOKA KEN","cityEn":"KASUYA GUN UMI MACHI","townEn":"HARUDA"},"8112200":{"prefectureJa":"福岡県","cityJa":"糟屋郡志免町","townJa":"以下に掲載がない場合","prefectureEn":"FUKUOKA KEN","cityEn":"KASUYA GUN SHIME MACHI","townEn":"IKANIKEISAIGANAIBAAI"},"8112201":{"prefectureJa":"福岡県","cityJa":"糟屋郡志免町","townJa":"桜丘","prefectureEn":"FUKUOKA KEN","cityEn":"KASUYA GUN SHIME MACHI","townEn":"SAKURAGAOKA"},"8112202":{"prefectureJa":"福岡県","cityJa":"糟屋郡志免町","townJa":"志免","prefectureEn":"FUKUOKA KEN","cityEn":"KASUYA GUN SHIME MACHI","townEn":"SHIME"},"8112203":{"prefectureJa":"福岡県","cityJa":"糟屋郡志免町","townJa":"石橋台","prefectureEn":"FUKUOKA KEN","cityEn":"KASUYA GUN SHIME MACHI","townEn":"ISHIBASHIDAI"},"8112204":{"prefectureJa":"福岡県","cityJa":"糟屋郡志免町","townJa":"田富","prefectureEn":"FUKUOKA KEN","cityEn":"KASUYA GUN SHIME MACHI","townEn":"TADOMI"},"8112205":{"prefectureJa":"福岡県","cityJa":"糟屋郡志免町","townJa":"別府","prefectureEn":"FUKUOKA KEN","cityEn":"KASUYA GUN SHIME MACHI","townEn":"BEFU"},"8112206":{"prefectureJa":"福岡県","cityJa":"糟屋郡志免町","townJa":"御手洗","prefectureEn":"FUKUOKA KEN","cityEn":"KASUYA GUN SHIME MACHI","townEn":"MITARAI"},"8112207":{"prefectureJa":"福岡県","cityJa":"糟屋郡志免町","townJa":"南里","prefectureEn":"FUKUOKA KEN","cityEn":"KASUYA GUN SHIME MACHI","townEn":"MINAMIZATO"},"8112208":{"prefectureJa":"福岡県","cityJa":"糟屋郡志免町","townJa":"吉原","prefectureEn":"FUKUOKA KEN","cityEn":"KASUYA GUN SHIME MACHI","townEn":"YOSHIHARA"},"8112209":{"prefectureJa":"福岡県","cityJa":"糟屋郡志免町","townJa":"王子","prefectureEn":"FUKUOKA KEN","cityEn":"KASUYA GUN SHIME MACHI","townEn":"OJI"},"8112221":{"prefectureJa":"福岡県","cityJa":"糟屋郡須惠町","townJa":"旅石","prefectureEn":"FUKUOKA KEN","cityEn":"KASUYA GUN SUE MACHI","townEn":"TABIISHI"},"8112231":{"prefectureJa":"福岡県","cityJa":"糟屋郡志免町","townJa":"別府東","prefectureEn":"FUKUOKA KEN","cityEn":"KASUYA GUN SHIME MACHI","townEn":"BEFUHIGASHI"},"8112232":{"prefectureJa":"福岡県","cityJa":"糟屋郡志免町","townJa":"別府西","prefectureEn":"FUKUOKA KEN","cityEn":"KASUYA GUN SHIME MACHI","townEn":"BEFUNISHI"},"8112233":{"prefectureJa":"福岡県","cityJa":"糟屋郡志免町","townJa":"別府北","prefectureEn":"FUKUOKA KEN","cityEn":"KASUYA GUN SHIME MACHI","townEn":"BEFUKITA"},"8112241":{"prefectureJa":"福岡県","cityJa":"糟屋郡志免町","townJa":"東公園台","prefectureEn":"FUKUOKA KEN","cityEn":"KASUYA GUN SHIME MACHI","townEn":"HIGASHIKOENDAI"},"8112242":{"prefectureJa":"福岡県","cityJa":"糟屋郡志免町","townJa":"松ケ丘","prefectureEn":"FUKUOKA KEN","cityEn":"KASUYA GUN SHIME MACHI","townEn":"MATSUGAOKA"},"8112243":{"prefectureJa":"福岡県","cityJa":"糟屋郡志免町","townJa":"志免東","prefectureEn":"FUKUOKA KEN","cityEn":"KASUYA GUN SHIME MACHI","townEn":"SHIMEHIGASHI"},"8112244":{"prefectureJa":"福岡県","cityJa":"糟屋郡志免町","townJa":"志免中央","prefectureEn":"FUKUOKA KEN","cityEn":"KASUYA GUN SHIME MACHI","townEn":"SHIMECHUO"},"8112245":{"prefectureJa":"福岡県","cityJa":"糟屋郡志免町","townJa":"片峰","prefectureEn":"FUKUOKA KEN","cityEn":"KASUYA GUN SHIME MACHI","townEn":"KATAMINE"},"8112246":{"prefectureJa":"福岡県","cityJa":"糟屋郡志免町","townJa":"片峰中央","prefectureEn":"FUKUOKA KEN","cityEn":"KASUYA GUN SHIME MACHI","townEn":"KATAMINECHUO"},"8112247":{"prefectureJa":"福岡県","cityJa":"糟屋郡志免町","townJa":"向ケ丘","prefectureEn":"FUKUOKA KEN","cityEn":"KASUYA GUN SHIME MACHI","townEn":"MUKAIGAOKA"},"8112248":{"prefectureJa":"福岡県","cityJa":"糟屋郡志免町","townJa":"坂瀬","prefectureEn":"FUKUOKA KEN","cityEn":"KASUYA GUN SHIME MACHI","townEn":"SAKASE"},"8112300":{"prefectureJa":"福岡県","cityJa":"糟屋郡粕屋町","townJa":"以下に掲載がない場合","prefectureEn":"FUKUOKA KEN","cityEn":"KASUYA GUN KASUYA MACHI","townEn":"IKANIKEISAIGANAIBAAI"},"8112301":{"prefectureJa":"福岡県","cityJa":"糟屋郡粕屋町","townJa":"上大隈","prefectureEn":"FUKUOKA KEN","cityEn":"KASUYA GUN KASUYA MACHI","townEn":"KAMIOKUMA"},"8112302":{"prefectureJa":"福岡県","cityJa":"糟屋郡粕屋町","townJa":"大隈","prefectureEn":"FUKUOKA KEN","cityEn":"KASUYA GUN KASUYA MACHI","townEn":"OKUMA"},"8112303":{"prefectureJa":"福岡県","cityJa":"糟屋郡粕屋町","townJa":"酒殿","prefectureEn":"FUKUOKA KEN","cityEn":"KASUYA GUN KASUYA MACHI","townEn":"SAKADO"},"8112304":{"prefectureJa":"福岡県","cityJa":"糟屋郡粕屋町","townJa":"仲原","prefectureEn":"FUKUOKA KEN","cityEn":"KASUYA GUN KASUYA MACHI","townEn":"NAKABARU"},"8112305":{"prefectureJa":"福岡県","cityJa":"糟屋郡粕屋町","townJa":"柚須","prefectureEn":"FUKUOKA KEN","cityEn":"KASUYA GUN KASUYA MACHI","townEn":"YUSU"},"8112306":{"prefectureJa":"福岡県","cityJa":"糟屋郡粕屋町","townJa":"阿恵","prefectureEn":"FUKUOKA KEN","cityEn":"KASUYA GUN KASUYA MACHI","townEn":"AE"},"8112307":{"prefectureJa":"福岡県","cityJa":"糟屋郡粕屋町","townJa":"原町","prefectureEn":"FUKUOKA KEN","cityEn":"KASUYA GUN KASUYA MACHI","townEn":"HARUMACHI"},"8112308":{"prefectureJa":"福岡県","cityJa":"糟屋郡粕屋町","townJa":"内橋","prefectureEn":"FUKUOKA KEN","cityEn":"KASUYA GUN KASUYA MACHI","townEn":"UCHIHASHI"},"8112309":{"prefectureJa":"福岡県","cityJa":"糟屋郡粕屋町","townJa":"駕与丁","prefectureEn":"FUKUOKA KEN","cityEn":"KASUYA GUN KASUYA MACHI","townEn":"KAYOICHO"},"8112310":{"prefectureJa":"福岡県","cityJa":"糟屋郡粕屋町","townJa":"花ヶ浦","prefectureEn":"FUKUOKA KEN","cityEn":"KASUYA GUN KASUYA MACHI","townEn":"HANAGAURA"},"8112311":{"prefectureJa":"福岡県","cityJa":"糟屋郡粕屋町","townJa":"長者原","prefectureEn":"FUKUOKA KEN","cityEn":"KASUYA GUN KASUYA MACHI","townEn":"CHOJABARU"},"8112313":{"prefectureJa":"福岡県","cityJa":"糟屋郡粕屋町","townJa":"江辻","prefectureEn":"FUKUOKA KEN","cityEn":"KASUYA GUN KASUYA MACHI","townEn":"ETSUJI"},"8112314":{"prefectureJa":"福岡県","cityJa":"糟屋郡粕屋町","townJa":"若宮","prefectureEn":"FUKUOKA KEN","cityEn":"KASUYA GUN KASUYA MACHI","townEn":"WAKAMIYA"},"8112315":{"prefectureJa":"福岡県","cityJa":"糟屋郡粕屋町","townJa":"甲仲原","prefectureEn":"FUKUOKA KEN","cityEn":"KASUYA GUN KASUYA MACHI","townEn":"KONAKABARU"},"8112316":{"prefectureJa":"福岡県","cityJa":"糟屋郡粕屋町","townJa":"長者原西","prefectureEn":"FUKUOKA KEN","cityEn":"KASUYA GUN KASUYA MACHI","townEn":"CHOJABARUNISHI"},"8112317":{"prefectureJa":"福岡県","cityJa":"糟屋郡粕屋町","townJa":"長者原東","prefectureEn":"FUKUOKA KEN","cityEn":"KASUYA GUN KASUYA MACHI","townEn":"CHOJABARUHIGASHI"},"8112318":{"prefectureJa":"福岡県","cityJa":"糟屋郡粕屋町","townJa":"戸原東","prefectureEn":"FUKUOKA KEN","cityEn":"KASUYA GUN KASUYA MACHI","townEn":"TOBARAHIGASHI"},"8112319":{"prefectureJa":"福岡県","cityJa":"糟屋郡粕屋町","townJa":"戸原西","prefectureEn":"FUKUOKA KEN","cityEn":"KASUYA GUN KASUYA MACHI","townEn":"TOBARANISHI"},"8112320":{"prefectureJa":"福岡県","cityJa":"糟屋郡粕屋町","townJa":"内橋東","prefectureEn":"FUKUOKA KEN","cityEn":"KASUYA GUN KASUYA MACHI","townEn":"UCHIHASHIHIGASHI"},"8112321":{"prefectureJa":"福岡県","cityJa":"糟屋郡粕屋町","townJa":"内橋西（その他）","prefectureEn":"FUKUOKA KEN","cityEn":"KASUYA GUN KASUYA MACHI","townEn":"UCHIHASHINISHI(SONOTA)"},"8112322":{"prefectureJa":"福岡県","cityJa":"糟屋郡粕屋町","townJa":"戸原北","prefectureEn":"FUKUOKA KEN","cityEn":"KASUYA GUN KASUYA MACHI","townEn":"TOBARAKITA"},"8112400":{"prefectureJa":"福岡県","cityJa":"糟屋郡篠栗町","townJa":"以下に掲載がない場合","prefectureEn":"FUKUOKA KEN","cityEn":"KASUYA GUN SASAGURI MACHI","townEn":"IKANIKEISAIGANAIBAAI"},"8112401":{"prefectureJa":"福岡県","cityJa":"糟屋郡篠栗町","townJa":"高田","prefectureEn":"FUKUOKA KEN","cityEn":"KASUYA GUN SASAGURI MACHI","townEn":"TAKATA"},"8112402":{"prefectureJa":"福岡県","cityJa":"糟屋郡篠栗町","townJa":"金出","prefectureEn":"FUKUOKA KEN","cityEn":"KASUYA GUN SASAGURI MACHI","townEn":"KANAIDE"},"8112403":{"prefectureJa":"福岡県","cityJa":"糟屋郡篠栗町","townJa":"萩尾","prefectureEn":"FUKUOKA KEN","cityEn":"KASUYA GUN SASAGURI MACHI","townEn":"HAGINO"},"8112404":{"prefectureJa":"福岡県","cityJa":"糟屋郡篠栗町","townJa":"内住","prefectureEn":"FUKUOKA KEN","cityEn":"KASUYA GUN SASAGURI MACHI","townEn":"NAIJU"},"8112405":{"prefectureJa":"福岡県","cityJa":"糟屋郡篠栗町","townJa":"篠栗","prefectureEn":"FUKUOKA KEN","cityEn":"KASUYA GUN SASAGURI MACHI","townEn":"SASAGURI"},"8112411":{"prefectureJa":"福岡県","cityJa":"糟屋郡篠栗町","townJa":"若杉","prefectureEn":"FUKUOKA KEN","cityEn":"KASUYA GUN SASAGURI MACHI","townEn":"WAKASUGI"},"8112412":{"prefectureJa":"福岡県","cityJa":"糟屋郡篠栗町","townJa":"乙犬","prefectureEn":"FUKUOKA KEN","cityEn":"KASUYA GUN SASAGURI MACHI","townEn":"OTOINU"},"8112413":{"prefectureJa":"福岡県","cityJa":"糟屋郡篠栗町","townJa":"尾仲","prefectureEn":"FUKUOKA KEN","cityEn":"KASUYA GUN SASAGURI MACHI","townEn":"ONAKA"},"8112414":{"prefectureJa":"福岡県","cityJa":"糟屋郡篠栗町","townJa":"和田","prefectureEn":"FUKUOKA KEN","cityEn":"KASUYA GUN SASAGURI MACHI","townEn":"WADA"},"8112415":{"prefectureJa":"福岡県","cityJa":"糟屋郡篠栗町","townJa":"津波黒","prefectureEn":"FUKUOKA KEN","cityEn":"KASUYA GUN SASAGURI MACHI","townEn":"TSUBAKURO"},"8112416":{"prefectureJa":"福岡県","cityJa":"糟屋郡篠栗町","townJa":"田中","prefectureEn":"FUKUOKA KEN","cityEn":"KASUYA GUN SASAGURI MACHI","townEn":"TANAKA"},"8112417":{"prefectureJa":"福岡県","cityJa":"糟屋郡篠栗町","townJa":"中央","prefectureEn":"FUKUOKA KEN","cityEn":"KASUYA GUN SASAGURI MACHI","townEn":"CHUO"},"8112418":{"prefectureJa":"福岡県","cityJa":"糟屋郡篠栗町","townJa":"彩り台","prefectureEn":"FUKUOKA KEN","cityEn":"KASUYA GUN SASAGURI MACHI","townEn":"IRODORIDAI"},"8112419":{"prefectureJa":"福岡県","cityJa":"糟屋郡篠栗町","townJa":"庄","prefectureEn":"FUKUOKA KEN","cityEn":"KASUYA GUN SASAGURI MACHI","townEn":"SHO"},"8112500":{"prefectureJa":"福岡県","cityJa":"糟屋郡久山町","townJa":"以下に掲載がない場合","prefectureEn":"FUKUOKA KEN","cityEn":"KASUYA GUN HISAYAMA MACHI","townEn":"IKANIKEISAIGANAIBAAI"},"8112501":{"prefectureJa":"福岡県","cityJa":"糟屋郡久山町","townJa":"久原","prefectureEn":"FUKUOKA KEN","cityEn":"KASUYA GUN HISAYAMA MACHI","townEn":"KUBARA"},"8112502":{"prefectureJa":"福岡県","cityJa":"糟屋郡久山町","townJa":"山田","prefectureEn":"FUKUOKA KEN","cityEn":"KASUYA GUN HISAYAMA MACHI","townEn":"YAMADA"},"8112503":{"prefectureJa":"福岡県","cityJa":"糟屋郡久山町","townJa":"猪野","prefectureEn":"FUKUOKA KEN","cityEn":"KASUYA GUN HISAYAMA MACHI","townEn":"INO"},"8113100":{"prefectureJa":"福岡県","cityJa":"古賀市","townJa":"以下に掲載がない場合","prefectureEn":"FUKUOKA KEN","cityEn":"KOGA SHI","townEn":"IKANIKEISAIGANAIBAAI"},"8113101":{"prefectureJa":"福岡県","cityJa":"古賀市","townJa":"天神","prefectureEn":"FUKUOKA KEN","cityEn":"KOGA SHI","townEn":"TENJIN"},"8113102":{"prefectureJa":"福岡県","cityJa":"古賀市","townJa":"駅東","prefectureEn":"FUKUOKA KEN","cityEn":"KOGA SHI","townEn":"EKIHIGASHI"},"8113103":{"prefectureJa":"福岡県","cityJa":"古賀市","townJa":"中央","prefectureEn":"FUKUOKA KEN","cityEn":"KOGA SHI","townEn":"CHUO"},"8113104":{"prefectureJa":"福岡県","cityJa":"古賀市","townJa":"花鶴丘","prefectureEn":"FUKUOKA KEN","cityEn":"KOGA SHI","townEn":"KAZURUGAOKA"},"8113105":{"prefectureJa":"福岡県","cityJa":"古賀市","townJa":"鹿部","prefectureEn":"FUKUOKA KEN","cityEn":"KOGA SHI","townEn":"SHISHIBU"},"8113106":{"prefectureJa":"福岡県","cityJa":"古賀市","townJa":"日吉","prefectureEn":"FUKUOKA KEN","cityEn":"KOGA SHI","townEn":"HIYOSHI"},"8113107":{"prefectureJa":"福岡県","cityJa":"古賀市","townJa":"美明","prefectureEn":"FUKUOKA KEN","cityEn":"KOGA SHI","townEn":"MIAKE"},"8113111":{"prefectureJa":"福岡県","cityJa":"古賀市","townJa":"花見南","prefectureEn":"FUKUOKA KEN","cityEn":"KOGA SHI","townEn":"HANAMI MINAMI"},"8113112":{"prefectureJa":"福岡県","cityJa":"古賀市","townJa":"花見東","prefectureEn":"FUKUOKA KEN","cityEn":"KOGA SHI","townEn":"HANAMI HIGASHI"},"8113113":{"prefectureJa":"福岡県","cityJa":"古賀市","townJa":"千鳥","prefectureEn":"FUKUOKA KEN","cityEn":"KOGA SHI","townEn":"CHIDORI"},"8113114":{"prefectureJa":"福岡県","cityJa":"古賀市","townJa":"舞の里","prefectureEn":"FUKUOKA KEN","cityEn":"KOGA SHI","townEn":"MAINOSATO"},"8113115":{"prefectureJa":"福岡県","cityJa":"古賀市","townJa":"久保","prefectureEn":"FUKUOKA KEN","cityEn":"KOGA SHI","townEn":"KUBO"},"8113116":{"prefectureJa":"福岡県","cityJa":"古賀市","townJa":"庄","prefectureEn":"FUKUOKA KEN","cityEn":"KOGA SHI","townEn":"SHO"},"8113117":{"prefectureJa":"福岡県","cityJa":"古賀市","townJa":"今の庄","prefectureEn":"FUKUOKA KEN","cityEn":"KOGA SHI","townEn":"IMANOSHO"},"8113118":{"prefectureJa":"福岡県","cityJa":"古賀市","townJa":"新久保","prefectureEn":"FUKUOKA KEN","cityEn":"KOGA SHI","townEn":"SHINKUBO"},"8113119":{"prefectureJa":"福岡県","cityJa":"古賀市","townJa":"美郷","prefectureEn":"FUKUOKA KEN","cityEn":"KOGA SHI","townEn":"MISATO"},"8113121":{"prefectureJa":"福岡県","cityJa":"古賀市","townJa":"筵内","prefectureEn":"FUKUOKA KEN","cityEn":"KOGA SHI","townEn":"MUSHIROCHI"},"8113122":{"prefectureJa":"福岡県","cityJa":"古賀市","townJa":"薦野","prefectureEn":"FUKUOKA KEN","cityEn":"KOGA SHI","townEn":"KOMONO"},"8113123":{"prefectureJa":"福岡県","cityJa":"古賀市","townJa":"米多比","prefectureEn":"FUKUOKA KEN","cityEn":"KOGA SHI","townEn":"NETABI"},"8113124":{"prefectureJa":"福岡県","cityJa":"古賀市","townJa":"薬王寺","prefectureEn":"FUKUOKA KEN","cityEn":"KOGA SHI","townEn":"YAKUOJI"},"8113125":{"prefectureJa":"福岡県","cityJa":"古賀市","townJa":"谷山","prefectureEn":"FUKUOKA KEN","cityEn":"KOGA SHI","townEn":"TANIYAMA"},"8113126":{"prefectureJa":"福岡県","cityJa":"古賀市","townJa":"小山田","prefectureEn":"FUKUOKA KEN","cityEn":"KOGA SHI","townEn":"OYAMADA"},"8113127":{"prefectureJa":"福岡県","cityJa":"古賀市","townJa":"新原","prefectureEn":"FUKUOKA KEN","cityEn":"KOGA SHI","townEn":"SHIMBARU"},"8113128":{"prefectureJa":"福岡県","cityJa":"古賀市","townJa":"玄望園","prefectureEn":"FUKUOKA KEN","cityEn":"KOGA SHI","townEn":"GEMBOEN"},"8113131":{"prefectureJa":"福岡県","cityJa":"古賀市","townJa":"今在家","prefectureEn":"FUKUOKA KEN","cityEn":"KOGA SHI","townEn":"IMAZAIKE"},"8113132":{"prefectureJa":"福岡県","cityJa":"古賀市","townJa":"川原","prefectureEn":"FUKUOKA KEN","cityEn":"KOGA SHI","townEn":"KAWABARU"},"8113133":{"prefectureJa":"福岡県","cityJa":"古賀市","townJa":"青柳町","prefectureEn":"FUKUOKA KEN","cityEn":"KOGA SHI","townEn":"AOYAGIMACHI"},"8113134":{"prefectureJa":"福岡県","cityJa":"古賀市","townJa":"青柳","prefectureEn":"FUKUOKA KEN","cityEn":"KOGA SHI","townEn":"AOYAGI"},"8113135":{"prefectureJa":"福岡県","cityJa":"古賀市","townJa":"小竹","prefectureEn":"FUKUOKA KEN","cityEn":"KOGA SHI","townEn":"ODAKE"},"8113136":{"prefectureJa":"福岡県","cityJa":"古賀市","townJa":"糸ケ浦","prefectureEn":"FUKUOKA KEN","cityEn":"KOGA SHI","townEn":"ITOGAURA"},"8113137":{"prefectureJa":"福岡県","cityJa":"古賀市","townJa":"古賀","prefectureEn":"FUKUOKA KEN","cityEn":"KOGA SHI","townEn":"KOGA"},"8113200":{"prefectureJa":"福岡県","cityJa":"福津市","townJa":"以下に掲載がない場合","prefectureEn":"FUKUOKA KEN","cityEn":"FUKUTSU SHI","townEn":"IKANIKEISAIGANAIBAAI"},"8113201":{"prefectureJa":"福岡県","cityJa":"福津市","townJa":"八並","prefectureEn":"FUKUOKA KEN","cityEn":"FUKUTSU SHI","townEn":"YATSUNAMI"},"8113202":{"prefectureJa":"福岡県","cityJa":"福津市","townJa":"畦町","prefectureEn":"FUKUOKA KEN","cityEn":"FUKUTSU SHI","townEn":"AZEMACHI"},"8113203":{"prefectureJa":"福岡県","cityJa":"福津市","townJa":"本木","prefectureEn":"FUKUOKA KEN","cityEn":"FUKUTSU SHI","townEn":"MOTOGI"},"8113204":{"prefectureJa":"福岡県","cityJa":"福津市","townJa":"舎利蔵","prefectureEn":"FUKUOKA KEN","cityEn":"FUKUTSU SHI","townEn":"SHARIKURA"},"8113205":{"prefectureJa":"福岡県","cityJa":"福津市","townJa":"内殿","prefectureEn":"FUKUOKA KEN","cityEn":"FUKUTSU SHI","townEn":"UCHIDONO"},"8113206":{"prefectureJa":"福岡県","cityJa":"福津市","townJa":"久末","prefectureEn":"FUKUOKA KEN","cityEn":"FUKUTSU SHI","townEn":"HISASUE"},"8113207":{"prefectureJa":"福岡県","cityJa":"福津市","townJa":"上西郷","prefectureEn":"FUKUOKA KEN","cityEn":"FUKUTSU SHI","townEn":"KAMISAIGO"},"8113208":{"prefectureJa":"福岡県","cityJa":"福津市","townJa":"福間駅東","prefectureEn":"FUKUOKA KEN","cityEn":"FUKUTSU SHI","townEn":"FUKUMAEKIHIGASHI"},"8113209":{"prefectureJa":"福岡県","cityJa":"福津市","townJa":"日蒔野","prefectureEn":"FUKUOKA KEN","cityEn":"FUKUTSU SHI","townEn":"HIMAKINO"},"8113211":{"prefectureJa":"福岡県","cityJa":"福津市","townJa":"有弥の里","prefectureEn":"FUKUOKA KEN","cityEn":"FUKUTSU SHI","townEn":"YUMINOSATO"},"8113212":{"prefectureJa":"福岡県","cityJa":"福津市","townJa":"福間南","prefectureEn":"FUKUOKA KEN","cityEn":"FUKUTSU SHI","townEn":"FUKUMAMINAMI"},"8113213":{"prefectureJa":"福岡県","cityJa":"福津市","townJa":"福津市の次に番地がくる場合","prefectureEn":"FUKUOKA KEN","cityEn":"FUKUTSU SHI","townEn":"FUKUTSUSHINOTSUGINIBANCHIGAKURUBAAI"},"8113214":{"prefectureJa":"福岡県","cityJa":"福津市","townJa":"花見が丘","prefectureEn":"FUKUOKA KEN","cityEn":"FUKUTSU SHI","townEn":"HANAMIGAOKA"},"8113215":{"prefectureJa":"福岡県","cityJa":"福津市","townJa":"花見の里","prefectureEn":"FUKUOKA KEN","cityEn":"FUKUTSU SHI","townEn":"HANAMINOSATO"},"8113216":{"prefectureJa":"福岡県","cityJa":"福津市","townJa":"花見が浜","prefectureEn":"FUKUOKA KEN","cityEn":"FUKUTSU SHI","townEn":"HANAMIGAHAMA"},"8113217":{"prefectureJa":"福岡県","cityJa":"福津市","townJa":"中央","prefectureEn":"FUKUOKA KEN","cityEn":"FUKUTSU SHI","townEn":"CHUO"},"8113218":{"prefectureJa":"福岡県","cityJa":"福津市","townJa":"手光南","prefectureEn":"FUKUOKA KEN","cityEn":"FUKUTSU SHI","townEn":"TEBIKAMINAMI"},"8113219":{"prefectureJa":"福岡県","cityJa":"福津市","townJa":"西福間","prefectureEn":"FUKUOKA KEN","cityEn":"FUKUTSU SHI","townEn":"NISHIFUKUMA"},"8113220":{"prefectureJa":"福岡県","cityJa":"福津市","townJa":"あけぼの","prefectureEn":"FUKUOKA KEN","cityEn":"FUKUTSU SHI","townEn":"AKEBONO"},"8113221":{"prefectureJa":"福岡県","cityJa":"福津市","townJa":"若木台","prefectureEn":"FUKUOKA KEN","cityEn":"FUKUTSU SHI","townEn":"WAKAGIDAI"},"8113222":{"prefectureJa":"福岡県","cityJa":"福津市","townJa":"津丸","prefectureEn":"FUKUOKA KEN","cityEn":"FUKUTSU SHI","townEn":"TSUMARU"},"8113223":{"prefectureJa":"福岡県","cityJa":"福津市","townJa":"光陽台","prefectureEn":"FUKUOKA KEN","cityEn":"FUKUTSU SHI","townEn":"KOYODAI"},"8113224":{"prefectureJa":"福岡県","cityJa":"福津市","townJa":"手光","prefectureEn":"FUKUOKA KEN","cityEn":"FUKUTSU SHI","townEn":"TEBIKA"},"8113225":{"prefectureJa":"福岡県","cityJa":"福津市","townJa":"東福間","prefectureEn":"FUKUOKA KEN","cityEn":"FUKUTSU SHI","townEn":"HIGASHIFUKUMA"},"8113226":{"prefectureJa":"福岡県","cityJa":"福津市","townJa":"小竹","prefectureEn":"FUKUOKA KEN","cityEn":"FUKUTSU SHI","townEn":"ODAKE"},"8113227":{"prefectureJa":"福岡県","cityJa":"福津市","townJa":"高平","prefectureEn":"FUKUOKA KEN","cityEn":"FUKUTSU SHI","townEn":"TAKAHIRA"},"8113228":{"prefectureJa":"福岡県","cityJa":"福津市","townJa":"光陽台南","prefectureEn":"FUKUOKA KEN","cityEn":"FUKUTSU SHI","townEn":"KOYODAIMINAMI"},"8113229":{"prefectureJa":"福岡県","cityJa":"福津市","townJa":"桜川","prefectureEn":"FUKUOKA KEN","cityEn":"FUKUTSU SHI","townEn":"SAKURAGAWA"},"8113301":{"prefectureJa":"福岡県","cityJa":"福津市","townJa":"在自","prefectureEn":"FUKUOKA KEN","cityEn":"FUKUTSU SHI","townEn":"ARAJI"},"8113302":{"prefectureJa":"福岡県","cityJa":"福津市","townJa":"大石","prefectureEn":"FUKUOKA KEN","cityEn":"FUKUTSU SHI","townEn":"OISHI"},"8113303":{"prefectureJa":"福岡県","cityJa":"福津市","townJa":"須多田","prefectureEn":"FUKUOKA KEN","cityEn":"FUKUTSU SHI","townEn":"SUDATA"},"8113304":{"prefectureJa":"福岡県","cityJa":"福津市","townJa":"津屋崎","prefectureEn":"FUKUOKA KEN","cityEn":"FUKUTSU SHI","townEn":"TSUYAZAKI"},"8113305":{"prefectureJa":"福岡県","cityJa":"福津市","townJa":"宮司","prefectureEn":"FUKUOKA KEN","cityEn":"FUKUTSU SHI","townEn":"MIYAJI"},"8113306":{"prefectureJa":"福岡県","cityJa":"福津市","townJa":"生家","prefectureEn":"FUKUOKA KEN","cityEn":"FUKUTSU SHI","townEn":"YUKUE"},"8113307":{"prefectureJa":"福岡県","cityJa":"福津市","townJa":"渡","prefectureEn":"FUKUOKA KEN","cityEn":"FUKUTSU SHI","townEn":"WATARI"},"8113308":{"prefectureJa":"福岡県","cityJa":"福津市","townJa":"星ケ丘","prefectureEn":"FUKUOKA KEN","cityEn":"FUKUTSU SHI","townEn":"HOSHIGAOKA"},"8113309":{"prefectureJa":"福岡県","cityJa":"福津市","townJa":"宮司元町","prefectureEn":"FUKUOKA KEN","cityEn":"FUKUTSU SHI","townEn":"MIYAJIMOTOMACHI"},"8113311":{"prefectureJa":"福岡県","cityJa":"福津市","townJa":"宮司浜","prefectureEn":"FUKUOKA KEN","cityEn":"FUKUTSU SHI","townEn":"MIYAJIHAMA"},"8113312":{"prefectureJa":"福岡県","cityJa":"福津市","townJa":"宮司ヶ丘","prefectureEn":"FUKUOKA KEN","cityEn":"FUKUTSU SHI","townEn":"MIYAJIGAOKA"},"8113400":{"prefectureJa":"福岡県","cityJa":"宗像市","townJa":"以下に掲載がない場合","prefectureEn":"FUKUOKA KEN","cityEn":"MUNAKATA SHI","townEn":"IKANIKEISAIGANAIBAAI"},"8113401":{"prefectureJa":"福岡県","cityJa":"宗像市","townJa":"池浦","prefectureEn":"FUKUOKA KEN","cityEn":"MUNAKATA SHI","townEn":"IKEURA"},"8113402":{"prefectureJa":"福岡県","cityJa":"宗像市","townJa":"河東","prefectureEn":"FUKUOKA KEN","cityEn":"MUNAKATA SHI","townEn":"KATO"},"8113403":{"prefectureJa":"福岡県","cityJa":"宗像市","townJa":"ひかりケ丘","prefectureEn":"FUKUOKA KEN","cityEn":"MUNAKATA SHI","townEn":"HIKARIGAOKA"},"8113404":{"prefectureJa":"福岡県","cityJa":"宗像市","townJa":"城西ケ丘","prefectureEn":"FUKUOKA KEN","cityEn":"MUNAKATA SHI","townEn":"JOSEIGAOKA"},"8113405":{"prefectureJa":"福岡県","cityJa":"宗像市","townJa":"須恵","prefectureEn":"FUKUOKA KEN","cityEn":"MUNAKATA SHI","townEn":"SUE"},"8113406":{"prefectureJa":"福岡県","cityJa":"宗像市","townJa":"稲元","prefectureEn":"FUKUOKA KEN","cityEn":"MUNAKATA SHI","townEn":"INAMOTO"},"8113407":{"prefectureJa":"福岡県","cityJa":"宗像市","townJa":"天平台","prefectureEn":"FUKUOKA KEN","cityEn":"MUNAKATA SHI","townEn":"TEMPYODAI"},"8113408":{"prefectureJa":"福岡県","cityJa":"宗像市","townJa":"樟陽台","prefectureEn":"FUKUOKA KEN","cityEn":"MUNAKATA SHI","townEn":"SHOYODAI"},"8113411":{"prefectureJa":"福岡県","cityJa":"宗像市","townJa":"山田","prefectureEn":"FUKUOKA KEN","cityEn":"MUNAKATA SHI","townEn":"YAMADA"},"8113412":{"prefectureJa":"福岡県","cityJa":"宗像市","townJa":"平等寺","prefectureEn":"FUKUOKA KEN","cityEn":"MUNAKATA SHI","townEn":"BYODOJI"},"8113413":{"prefectureJa":"福岡県","cityJa":"宗像市","townJa":"曲（その他）","prefectureEn":"FUKUOKA KEN","cityEn":"MUNAKATA SHI","townEn":"MAGARI(SONOTA)"},"8113414":{"prefectureJa":"福岡県","cityJa":"宗像市","townJa":"光岡","prefectureEn":"FUKUOKA KEN","cityEn":"MUNAKATA SHI","townEn":"MITSUOKA"},"8113415":{"prefectureJa":"福岡県","cityJa":"宗像市","townJa":"朝野","prefectureEn":"FUKUOKA KEN","cityEn":"MUNAKATA SHI","townEn":"ASANO"},"8113416":{"prefectureJa":"福岡県","cityJa":"宗像市","townJa":"宮田","prefectureEn":"FUKUOKA KEN","cityEn":"MUNAKATA SHI","townEn":"MIYATA"},"8113421":{"prefectureJa":"福岡県","cityJa":"宗像市","townJa":"大穂","prefectureEn":"FUKUOKA KEN","cityEn":"MUNAKATA SHI","townEn":"OBU"},"8113422":{"prefectureJa":"福岡県","cityJa":"宗像市","townJa":"王丸","prefectureEn":"FUKUOKA KEN","cityEn":"MUNAKATA SHI","townEn":"OMARU"},"8113423":{"prefectureJa":"福岡県","cityJa":"宗像市","townJa":"野坂","prefectureEn":"FUKUOKA KEN","cityEn":"MUNAKATA SHI","townEn":"NOSAKA"},"8113424":{"prefectureJa":"福岡県","cityJa":"宗像市","townJa":"原町","prefectureEn":"FUKUOKA KEN","cityEn":"MUNAKATA SHI","townEn":"HARUMACHI"},"8113425":{"prefectureJa":"福岡県","cityJa":"宗像市","townJa":"日の里","prefectureEn":"FUKUOKA KEN","cityEn":"MUNAKATA SHI","townEn":"HINOSATO"},"8113430":{"prefectureJa":"福岡県","cityJa":"宗像市","townJa":"平井","prefectureEn":"FUKUOKA KEN","cityEn":"MUNAKATA SHI","townEn":"HIRAI"},"8113431":{"prefectureJa":"福岡県","cityJa":"宗像市","townJa":"田熊","prefectureEn":"FUKUOKA KEN","cityEn":"MUNAKATA SHI","townEn":"TAGUMA"},"8113432":{"prefectureJa":"福岡県","cityJa":"宗像市","townJa":"大井","prefectureEn":"FUKUOKA KEN","cityEn":"MUNAKATA SHI","townEn":"OI"},"8113433":{"prefectureJa":"福岡県","cityJa":"宗像市","townJa":"大井台","prefectureEn":"FUKUOKA KEN","cityEn":"MUNAKATA SHI","townEn":"OIDAI"},"8113434":{"prefectureJa":"福岡県","cityJa":"宗像市","townJa":"村山田","prefectureEn":"FUKUOKA KEN","cityEn":"MUNAKATA SHI","townEn":"MURAYAMADA"},"8113435":{"prefectureJa":"福岡県","cityJa":"宗像市","townJa":"用山","prefectureEn":"FUKUOKA KEN","cityEn":"MUNAKATA SHI","townEn":"MOCHIYAMA"},"8113436":{"prefectureJa":"福岡県","cityJa":"宗像市","townJa":"東郷","prefectureEn":"FUKUOKA KEN","cityEn":"MUNAKATA SHI","townEn":"TOGO"},"8113437":{"prefectureJa":"福岡県","cityJa":"宗像市","townJa":"久原","prefectureEn":"FUKUOKA KEN","cityEn":"MUNAKATA SHI","townEn":"KUBARA"},"8113438":{"prefectureJa":"福岡県","cityJa":"宗像市","townJa":"和歌美台","prefectureEn":"FUKUOKA KEN","cityEn":"MUNAKATA SHI","townEn":"WAKAMIDAI"},"8113439":{"prefectureJa":"福岡県","cityJa":"宗像市","townJa":"三倉","prefectureEn":"FUKUOKA KEN","cityEn":"MUNAKATA SHI","townEn":"MIKURA"},"8113440":{"prefectureJa":"福岡県","cityJa":"宗像市","townJa":"大井南","prefectureEn":"FUKUOKA KEN","cityEn":"MUNAKATA SHI","townEn":"OIMINAMI"},"8113501":{"prefectureJa":"福岡県","cityJa":"宗像市","townJa":"神湊","prefectureEn":"FUKUOKA KEN","cityEn":"MUNAKATA SHI","townEn":"KONOMINATO"},"8113502":{"prefectureJa":"福岡県","cityJa":"宗像市","townJa":"江口","prefectureEn":"FUKUOKA KEN","cityEn":"MUNAKATA SHI","townEn":"EGUCHI"},"8113503":{"prefectureJa":"福岡県","cityJa":"宗像市","townJa":"牟田尻","prefectureEn":"FUKUOKA KEN","cityEn":"MUNAKATA SHI","townEn":"MUTAJIRI"},"8113504":{"prefectureJa":"福岡県","cityJa":"宗像市","townJa":"深田","prefectureEn":"FUKUOKA KEN","cityEn":"MUNAKATA SHI","townEn":"FUKATA"},"8113505":{"prefectureJa":"福岡県","cityJa":"宗像市","townJa":"田島","prefectureEn":"FUKUOKA KEN","cityEn":"MUNAKATA SHI","townEn":"TASHIMA"},"8113506":{"prefectureJa":"福岡県","cityJa":"宗像市","townJa":"吉田","prefectureEn":"FUKUOKA KEN","cityEn":"MUNAKATA SHI","townEn":"YOSHIDA"},"8113507":{"prefectureJa":"福岡県","cityJa":"宗像市","townJa":"多禮","prefectureEn":"FUKUOKA KEN","cityEn":"MUNAKATA SHI","townEn":"TARE"},"8113511":{"prefectureJa":"福岡県","cityJa":"宗像市","townJa":"地島","prefectureEn":"FUKUOKA KEN","cityEn":"MUNAKATA SHI","townEn":"JINOSHIMA"},"8113512":{"prefectureJa":"福岡県","cityJa":"宗像市","townJa":"鐘崎","prefectureEn":"FUKUOKA KEN","cityEn":"MUNAKATA SHI","townEn":"KANEZAKI"},"8113513":{"prefectureJa":"福岡県","cityJa":"宗像市","townJa":"上八","prefectureEn":"FUKUOKA KEN","cityEn":"MUNAKATA SHI","townEn":"KOJO"},"8113514":{"prefectureJa":"福岡県","cityJa":"宗像市","townJa":"田野","prefectureEn":"FUKUOKA KEN","cityEn":"MUNAKATA SHI","townEn":"TANO"},"8113515":{"prefectureJa":"福岡県","cityJa":"宗像市","townJa":"池田","prefectureEn":"FUKUOKA KEN","cityEn":"MUNAKATA SHI","townEn":"IKEDA"},"8113516":{"prefectureJa":"福岡県","cityJa":"宗像市","townJa":"公園通り","prefectureEn":"FUKUOKA KEN","cityEn":"MUNAKATA SHI","townEn":"KOENDORI"},"8113521":{"prefectureJa":"福岡県","cityJa":"福津市","townJa":"勝浦","prefectureEn":"FUKUOKA KEN","cityEn":"FUKUTSU SHI","townEn":"KATSURA"},"8113522":{"prefectureJa":"福岡県","cityJa":"福津市","townJa":"奴山","prefectureEn":"FUKUOKA KEN","cityEn":"FUKUTSU SHI","townEn":"NUYAMA"},"8113701":{"prefectureJa":"福岡県","cityJa":"宗像市","townJa":"大島","prefectureEn":"FUKUOKA KEN","cityEn":"MUNAKATA SHI","townEn":"OSHIMA"},"8114113":{"prefectureJa":"福岡県","cityJa":"宗像市","townJa":"曲（２５、３５）","prefectureEn":"FUKUOKA KEN","cityEn":"MUNAKATA SHI","townEn":"MAGARI(25.35)"},"8114141":{"prefectureJa":"福岡県","cityJa":"宗像市","townJa":"大谷","prefectureEn":"FUKUOKA KEN","cityEn":"MUNAKATA SHI","townEn":"OTANI"},"8114142":{"prefectureJa":"福岡県","cityJa":"宗像市","townJa":"泉ケ丘","prefectureEn":"FUKUOKA KEN","cityEn":"MUNAKATA SHI","townEn":"IZUMIGAOKA"},"8114143":{"prefectureJa":"福岡県","cityJa":"宗像市","townJa":"三郎丸","prefectureEn":"FUKUOKA KEN","cityEn":"MUNAKATA SHI","townEn":"SABUROMARU"},"8114145":{"prefectureJa":"福岡県","cityJa":"宗像市","townJa":"陵厳寺","prefectureEn":"FUKUOKA KEN","cityEn":"MUNAKATA SHI","townEn":"RYOGENJI"},"8114146":{"prefectureJa":"福岡県","cityJa":"宗像市","townJa":"赤間","prefectureEn":"FUKUOKA KEN","cityEn":"MUNAKATA SHI","townEn":"AKAMA"},"8114147":{"prefectureJa":"福岡県","cityJa":"宗像市","townJa":"石丸","prefectureEn":"FUKUOKA KEN","cityEn":"MUNAKATA SHI","townEn":"ISHIMARU"},"8114148":{"prefectureJa":"福岡県","cityJa":"宗像市","townJa":"赤間文教町","prefectureEn":"FUKUOKA KEN","cityEn":"MUNAKATA SHI","townEn":"AKAMABUNKYOMACHI"},"8114151":{"prefectureJa":"福岡県","cityJa":"宗像市","townJa":"城南ケ丘","prefectureEn":"FUKUOKA KEN","cityEn":"MUNAKATA SHI","townEn":"JONANGAOKA"},"8114152":{"prefectureJa":"福岡県","cityJa":"宗像市","townJa":"武丸","prefectureEn":"FUKUOKA KEN","cityEn":"MUNAKATA SHI","townEn":"TAKEMARU"},"8114153":{"prefectureJa":"福岡県","cityJa":"宗像市","townJa":"吉留","prefectureEn":"FUKUOKA KEN","cityEn":"MUNAKATA SHI","townEn":"YOSHIDOME"},"8114154":{"prefectureJa":"福岡県","cityJa":"宗像市","townJa":"冨地原","prefectureEn":"FUKUOKA KEN","cityEn":"MUNAKATA SHI","townEn":"FUJIWARA"},"8114155":{"prefectureJa":"福岡県","cityJa":"宗像市","townJa":"名残","prefectureEn":"FUKUOKA KEN","cityEn":"MUNAKATA SHI","townEn":"NAGORI"},"8114156":{"prefectureJa":"福岡県","cityJa":"宗像市","townJa":"自由ケ丘南","prefectureEn":"FUKUOKA KEN","cityEn":"MUNAKATA SHI","townEn":"JIYUGAOKAMINAMI"},"8114157":{"prefectureJa":"福岡県","cityJa":"宗像市","townJa":"アスティ","prefectureEn":"FUKUOKA KEN","cityEn":"MUNAKATA SHI","townEn":"ASUTEI"},"8114161":{"prefectureJa":"福岡県","cityJa":"宗像市","townJa":"朝町","prefectureEn":"FUKUOKA KEN","cityEn":"MUNAKATA SHI","townEn":"ASAMACHI"},"8114162":{"prefectureJa":"福岡県","cityJa":"宗像市","townJa":"青葉台","prefectureEn":"FUKUOKA KEN","cityEn":"MUNAKATA SHI","townEn":"AOBADAI"},"8114163":{"prefectureJa":"福岡県","cityJa":"宗像市","townJa":"自由ケ丘","prefectureEn":"FUKUOKA KEN","cityEn":"MUNAKATA SHI","townEn":"JIYUGAOKA"},"8114164":{"prefectureJa":"福岡県","cityJa":"宗像市","townJa":"徳重","prefectureEn":"FUKUOKA KEN","cityEn":"MUNAKATA SHI","townEn":"TOKUSHIGE"},"8114165":{"prefectureJa":"福岡県","cityJa":"宗像市","townJa":"広陵台","prefectureEn":"FUKUOKA KEN","cityEn":"MUNAKATA SHI","townEn":"KORYODAI"},"8114166":{"prefectureJa":"福岡県","cityJa":"宗像市","townJa":"桜","prefectureEn":"FUKUOKA KEN","cityEn":"MUNAKATA SHI","townEn":"SAKURA"},"8114171":{"prefectureJa":"福岡県","cityJa":"宗像市","townJa":"葉山","prefectureEn":"FUKUOKA KEN","cityEn":"MUNAKATA SHI","townEn":"HAYAMA"},"8114172":{"prefectureJa":"福岡県","cityJa":"宗像市","townJa":"緑町","prefectureEn":"FUKUOKA KEN","cityEn":"MUNAKATA SHI","townEn":"MIDORIMACHI"},"8114173":{"prefectureJa":"福岡県","cityJa":"宗像市","townJa":"栄町","prefectureEn":"FUKUOKA KEN","cityEn":"MUNAKATA SHI","townEn":"SAKAEMACHI"},"8114174":{"prefectureJa":"福岡県","cityJa":"宗像市","townJa":"自由ケ丘西町","prefectureEn":"FUKUOKA KEN","cityEn":"MUNAKATA SHI","townEn":"JIYUGAOKA NISHIMACHI"},"8114175":{"prefectureJa":"福岡県","cityJa":"宗像市","townJa":"田久","prefectureEn":"FUKUOKA KEN","cityEn":"MUNAKATA SHI","townEn":"TAKU"},"8114176":{"prefectureJa":"福岡県","cityJa":"宗像市","townJa":"赤間ケ丘","prefectureEn":"FUKUOKA KEN","cityEn":"MUNAKATA SHI","townEn":"AKAMAGAOKA"},"8114177":{"prefectureJa":"福岡県","cityJa":"宗像市","townJa":"桜美台","prefectureEn":"FUKUOKA KEN","cityEn":"MUNAKATA SHI","townEn":"OBIDAI"},"8114181":{"prefectureJa":"福岡県","cityJa":"宗像市","townJa":"城山ニュータウン","prefectureEn":"FUKUOKA KEN","cityEn":"MUNAKATA SHI","townEn":"JOYAMANYUTAUN"},"8114182":{"prefectureJa":"福岡県","cityJa":"宗像市","townJa":"城ケ谷","prefectureEn":"FUKUOKA KEN","cityEn":"MUNAKATA SHI","townEn":"JOGATANI"},"8114183":{"prefectureJa":"福岡県","cityJa":"宗像市","townJa":"土穴","prefectureEn":"FUKUOKA KEN","cityEn":"MUNAKATA SHI","townEn":"TSUCHIANA"},"8114184":{"prefectureJa":"福岡県","cityJa":"宗像市","townJa":"くりえいと","prefectureEn":"FUKUOKA KEN","cityEn":"MUNAKATA SHI","townEn":"KURIEITO"},"8114185":{"prefectureJa":"福岡県","cityJa":"宗像市","townJa":"赤間駅前","prefectureEn":"FUKUOKA KEN","cityEn":"MUNAKATA SHI","townEn":"AKAMAEKIMAE"},"8114200":{"prefectureJa":"福岡県","cityJa":"遠賀郡岡垣町","townJa":"以下に掲載がない場合","prefectureEn":"FUKUOKA KEN","cityEn":"ONGA GUN OKAGAKI MACHI","townEn":"IKANIKEISAIGANAIBAAI"},"8114201":{"prefectureJa":"福岡県","cityJa":"遠賀郡岡垣町","townJa":"波津","prefectureEn":"FUKUOKA KEN","cityEn":"ONGA GUN OKAGAKI MACHI","townEn":"HATSU"},"8114202":{"prefectureJa":"福岡県","cityJa":"遠賀郡岡垣町","townJa":"原","prefectureEn":"FUKUOKA KEN","cityEn":"ONGA GUN OKAGAKI MACHI","townEn":"HARA"},"8114203":{"prefectureJa":"福岡県","cityJa":"遠賀郡岡垣町","townJa":"内浦","prefectureEn":"FUKUOKA KEN","cityEn":"ONGA GUN OKAGAKI MACHI","townEn":"UTSURA"},"8114204":{"prefectureJa":"福岡県","cityJa":"遠賀郡岡垣町","townJa":"手野","prefectureEn":"FUKUOKA KEN","cityEn":"ONGA GUN OKAGAKI MACHI","townEn":"TENO"},"8114205":{"prefectureJa":"福岡県","cityJa":"遠賀郡岡垣町","townJa":"三吉","prefectureEn":"FUKUOKA KEN","cityEn":"ONGA GUN OKAGAKI MACHI","townEn":"MIYOSHI"},"8114211":{"prefectureJa":"福岡県","cityJa":"遠賀郡岡垣町","townJa":"吉木","prefectureEn":"FUKUOKA KEN","cityEn":"ONGA GUN OKAGAKI MACHI","townEn":"YOSHIKI"},"8114212":{"prefectureJa":"福岡県","cityJa":"遠賀郡岡垣町","townJa":"黒山","prefectureEn":"FUKUOKA KEN","cityEn":"ONGA GUN OKAGAKI MACHI","townEn":"KUROYAMA"},"8114213":{"prefectureJa":"福岡県","cityJa":"遠賀郡岡垣町","townJa":"糠塚","prefectureEn":"FUKUOKA KEN","cityEn":"ONGA GUN OKAGAKI MACHI","townEn":"NUKAZUKA"},"8114214":{"prefectureJa":"福岡県","cityJa":"遠賀郡岡垣町","townJa":"松ケ台","prefectureEn":"FUKUOKA KEN","cityEn":"ONGA GUN OKAGAKI MACHI","townEn":"MATSUGADAI"},"8114215":{"prefectureJa":"福岡県","cityJa":"遠賀郡岡垣町","townJa":"旭台","prefectureEn":"FUKUOKA KEN","cityEn":"ONGA GUN OKAGAKI MACHI","townEn":"ASAHIDAI"},"8114216":{"prefectureJa":"福岡県","cityJa":"遠賀郡岡垣町","townJa":"旭南","prefectureEn":"FUKUOKA KEN","cityEn":"ONGA GUN OKAGAKI MACHI","townEn":"ASAHIMINAMI"},"8114217":{"prefectureJa":"福岡県","cityJa":"遠賀郡岡垣町","townJa":"桜台","prefectureEn":"FUKUOKA KEN","cityEn":"ONGA GUN OKAGAKI MACHI","townEn":"SAKURADAI"},"8114218":{"prefectureJa":"福岡県","cityJa":"遠賀郡岡垣町","townJa":"中央台","prefectureEn":"FUKUOKA KEN","cityEn":"ONGA GUN OKAGAKI MACHI","townEn":"CHUODAI"},"8114220":{"prefectureJa":"福岡県","cityJa":"遠賀郡岡垣町","townJa":"東山田","prefectureEn":"FUKUOKA KEN","cityEn":"ONGA GUN OKAGAKI MACHI","townEn":"HIGASHIYAMADA"},"8114221":{"prefectureJa":"福岡県","cityJa":"遠賀郡岡垣町","townJa":"山田","prefectureEn":"FUKUOKA KEN","cityEn":"ONGA GUN OKAGAKI MACHI","townEn":"YAMADA"},"8114222":{"prefectureJa":"福岡県","cityJa":"遠賀郡岡垣町","townJa":"戸切","prefectureEn":"FUKUOKA KEN","cityEn":"ONGA GUN OKAGAKI MACHI","townEn":"TOGIRI"},"8114223":{"prefectureJa":"福岡県","cityJa":"遠賀郡岡垣町","townJa":"山田峠","prefectureEn":"FUKUOKA KEN","cityEn":"ONGA GUN OKAGAKI MACHI","townEn":"YAMADATOGE"},"8114224":{"prefectureJa":"福岡県","cityJa":"遠賀郡岡垣町","townJa":"鍋田","prefectureEn":"FUKUOKA KEN","cityEn":"ONGA GUN OKAGAKI MACHI","townEn":"NABETA"},"8114225":{"prefectureJa":"福岡県","cityJa":"遠賀郡岡垣町","townJa":"東高陽","prefectureEn":"FUKUOKA KEN","cityEn":"ONGA GUN OKAGAKI MACHI","townEn":"HIGASHIKOYO"},"8114226":{"prefectureJa":"福岡県","cityJa":"遠賀郡岡垣町","townJa":"南高陽","prefectureEn":"FUKUOKA KEN","cityEn":"ONGA GUN OKAGAKI MACHI","townEn":"MINAMIKOYO"},"8114227":{"prefectureJa":"福岡県","cityJa":"遠賀郡岡垣町","townJa":"高陽台","prefectureEn":"FUKUOKA KEN","cityEn":"ONGA GUN OKAGAKI MACHI","townEn":"KOYODAI"},"8114228":{"prefectureJa":"福岡県","cityJa":"遠賀郡岡垣町","townJa":"東松原","prefectureEn":"FUKUOKA KEN","cityEn":"ONGA GUN OKAGAKI MACHI","townEn":"HIGASHIMATSUBARA"},"8114229":{"prefectureJa":"福岡県","cityJa":"遠賀郡岡垣町","townJa":"百合ケ丘","prefectureEn":"FUKUOKA KEN","cityEn":"ONGA GUN OKAGAKI MACHI","townEn":"YURIGAOKA"},"8114231":{"prefectureJa":"福岡県","cityJa":"遠賀郡岡垣町","townJa":"海老津","prefectureEn":"FUKUOKA KEN","cityEn":"ONGA GUN OKAGAKI MACHI","townEn":"EBITSU"},"8114232":{"prefectureJa":"福岡県","cityJa":"遠賀郡岡垣町","townJa":"上畑","prefectureEn":"FUKUOKA KEN","cityEn":"ONGA GUN OKAGAKI MACHI","townEn":"JOHATA"},"8114233":{"prefectureJa":"福岡県","cityJa":"遠賀郡岡垣町","townJa":"野間","prefectureEn":"FUKUOKA KEN","cityEn":"ONGA GUN OKAGAKI MACHI","townEn":"NOMA"},"8114234":{"prefectureJa":"福岡県","cityJa":"遠賀郡岡垣町","townJa":"高倉","prefectureEn":"FUKUOKA KEN","cityEn":"ONGA GUN OKAGAKI MACHI","townEn":"TAKAKURA"},"8114235":{"prefectureJa":"福岡県","cityJa":"遠賀郡岡垣町","townJa":"公園通り","prefectureEn":"FUKUOKA KEN","cityEn":"ONGA GUN OKAGAKI MACHI","townEn":"KOENDORI"},"8114236":{"prefectureJa":"福岡県","cityJa":"遠賀郡岡垣町","townJa":"海老津駅前","prefectureEn":"FUKUOKA KEN","cityEn":"ONGA GUN OKAGAKI MACHI","townEn":"EBITSUEKIMAE"},"8114237":{"prefectureJa":"福岡県","cityJa":"遠賀郡岡垣町","townJa":"東高倉","prefectureEn":"FUKUOKA KEN","cityEn":"ONGA GUN OKAGAKI MACHI","townEn":"HIGASHITAKAKURA"},"8114238":{"prefectureJa":"福岡県","cityJa":"遠賀郡岡垣町","townJa":"海老津駅南","prefectureEn":"FUKUOKA KEN","cityEn":"ONGA GUN OKAGAKI MACHI","townEn":"EBITSUEKIMINAMI"},"8114239":{"prefectureJa":"福岡県","cityJa":"遠賀郡岡垣町","townJa":"野間南","prefectureEn":"FUKUOKA KEN","cityEn":"ONGA GUN OKAGAKI MACHI","townEn":"NOMAMINAMI"},"8114241":{"prefectureJa":"福岡県","cityJa":"遠賀郡岡垣町","townJa":"吉木東","prefectureEn":"FUKUOKA KEN","cityEn":"ONGA GUN OKAGAKI MACHI","townEn":"YOSHIKIHIGASHI"},"8114242":{"prefectureJa":"福岡県","cityJa":"遠賀郡岡垣町","townJa":"吉木西","prefectureEn":"FUKUOKA KEN","cityEn":"ONGA GUN OKAGAKI MACHI","townEn":"YOSHIKINISHI"},"8114300":{"prefectureJa":"福岡県","cityJa":"遠賀郡遠賀町","townJa":"以下に掲載がない場合","prefectureEn":"FUKUOKA KEN","cityEn":"ONGA GUN ONGA CHO","townEn":"IKANIKEISAIGANAIBAAI"},"8114301":{"prefectureJa":"福岡県","cityJa":"遠賀郡遠賀町","townJa":"島津","prefectureEn":"FUKUOKA KEN","cityEn":"ONGA GUN ONGA CHO","townEn":"SHIMAZU"},"8114302":{"prefectureJa":"福岡県","cityJa":"遠賀郡遠賀町","townJa":"広渡","prefectureEn":"FUKUOKA KEN","cityEn":"ONGA GUN ONGA CHO","townEn":"HIROWATARI"},"8114303":{"prefectureJa":"福岡県","cityJa":"遠賀郡遠賀町","townJa":"今古賀","prefectureEn":"FUKUOKA KEN","cityEn":"ONGA GUN ONGA CHO","townEn":"IMAKOGA"},"8114304":{"prefectureJa":"福岡県","cityJa":"遠賀郡遠賀町","townJa":"若松","prefectureEn":"FUKUOKA KEN","cityEn":"ONGA GUN ONGA CHO","townEn":"WAKAMATSU"},"8114305":{"prefectureJa":"福岡県","cityJa":"遠賀郡遠賀町","townJa":"松の本","prefectureEn":"FUKUOKA KEN","cityEn":"ONGA GUN ONGA CHO","townEn":"MATSUNOMOTO"},"8114306":{"prefectureJa":"福岡県","cityJa":"遠賀郡遠賀町","townJa":"旧停","prefectureEn":"FUKUOKA KEN","cityEn":"ONGA GUN ONGA CHO","townEn":"KYUTEI"},"8114307":{"prefectureJa":"福岡県","cityJa":"遠賀郡遠賀町","townJa":"遠賀川","prefectureEn":"FUKUOKA KEN","cityEn":"ONGA GUN ONGA CHO","townEn":"ONGAGAWA"},"8114311":{"prefectureJa":"福岡県","cityJa":"遠賀郡遠賀町","townJa":"老良","prefectureEn":"FUKUOKA KEN","cityEn":"ONGA GUN ONGA CHO","townEn":"OIRA"},"8114312":{"prefectureJa":"福岡県","cityJa":"遠賀郡遠賀町","townJa":"浅木","prefectureEn":"FUKUOKA KEN","cityEn":"ONGA GUN ONGA CHO","townEn":"ASAGI"},"8114313":{"prefectureJa":"福岡県","cityJa":"遠賀郡遠賀町","townJa":"木守","prefectureEn":"FUKUOKA KEN","cityEn":"ONGA GUN ONGA CHO","townEn":"KIMORI"},"8114321":{"prefectureJa":"福岡県","cityJa":"遠賀郡遠賀町","townJa":"虫生津","prefectureEn":"FUKUOKA KEN","cityEn":"ONGA GUN ONGA CHO","townEn":"MUSHOZU"},"8114322":{"prefectureJa":"福岡県","cityJa":"遠賀郡遠賀町","townJa":"芙蓉","prefectureEn":"FUKUOKA KEN","cityEn":"ONGA GUN ONGA CHO","townEn":"FUYO"},"8114323":{"prefectureJa":"福岡県","cityJa":"遠賀郡遠賀町","townJa":"若葉台","prefectureEn":"FUKUOKA KEN","cityEn":"ONGA GUN ONGA CHO","townEn":"WAKABADAI"},"8114324":{"prefectureJa":"福岡県","cityJa":"遠賀郡遠賀町","townJa":"虫生津南","prefectureEn":"FUKUOKA KEN","cityEn":"ONGA GUN ONGA CHO","townEn":"MUSHOZUMINAMI"},"8114331":{"prefectureJa":"福岡県","cityJa":"遠賀郡遠賀町","townJa":"別府","prefectureEn":"FUKUOKA KEN","cityEn":"ONGA GUN ONGA CHO","townEn":"BEFU"},"8114332":{"prefectureJa":"福岡県","cityJa":"遠賀郡遠賀町","townJa":"上別府","prefectureEn":"FUKUOKA KEN","cityEn":"ONGA GUN ONGA CHO","townEn":"KAMIBEFU"},"8114333":{"prefectureJa":"福岡県","cityJa":"遠賀郡遠賀町","townJa":"島門","prefectureEn":"FUKUOKA KEN","cityEn":"ONGA GUN ONGA CHO","townEn":"SHIMADO"},"8114334":{"prefectureJa":"福岡県","cityJa":"遠賀郡遠賀町","townJa":"蓮角","prefectureEn":"FUKUOKA KEN","cityEn":"ONGA GUN ONGA CHO","townEn":"RENGAKU"},"8114341":{"prefectureJa":"福岡県","cityJa":"遠賀郡遠賀町","townJa":"鬼津","prefectureEn":"FUKUOKA KEN","cityEn":"ONGA GUN ONGA CHO","townEn":"ONIZU"},"8114342":{"prefectureJa":"福岡県","cityJa":"遠賀郡遠賀町","townJa":"尾崎","prefectureEn":"FUKUOKA KEN","cityEn":"ONGA GUN ONGA CHO","townEn":"OZAKI"},"8114343":{"prefectureJa":"福岡県","cityJa":"遠賀郡遠賀町","townJa":"田園","prefectureEn":"FUKUOKA KEN","cityEn":"ONGA GUN ONGA CHO","townEn":"DENEN"},"8115100":{"prefectureJa":"長崎県","cityJa":"壱岐市","townJa":"以下に掲載がない場合","prefectureEn":"NAGASAKI KEN","cityEn":"IKI SHI","townEn":"IKANIKEISAIGANAIBAAI"},"8115101":{"prefectureJa":"長崎県","cityJa":"壱岐市","townJa":"郷ノ浦町長峰本村触","prefectureEn":"NAGASAKI KEN","cityEn":"IKI SHI","townEn":"GONORACHO NAGAMINEHOMMURAFURE"},"8115102":{"prefectureJa":"長崎県","cityJa":"壱岐市","townJa":"郷ノ浦町長峰東触","prefectureEn":"NAGASAKI KEN","cityEn":"IKI SHI","townEn":"GONORACHO NAGAMINEHIGASHIFURE"},"8115103":{"prefectureJa":"長崎県","cityJa":"壱岐市","townJa":"郷ノ浦町新田触","prefectureEn":"NAGASAKI KEN","cityEn":"IKI SHI","townEn":"GONORACHO SHINDENFURE"},"8115104":{"prefectureJa":"長崎県","cityJa":"壱岐市","townJa":"郷ノ浦町里触","prefectureEn":"NAGASAKI KEN","cityEn":"IKI SHI","townEn":"GONORACHO SATOFURE"},"8115105":{"prefectureJa":"長崎県","cityJa":"壱岐市","townJa":"郷ノ浦町小牧西触","prefectureEn":"NAGASAKI KEN","cityEn":"IKI SHI","townEn":"GONORACHO KOMAKINISHIFURE"},"8115106":{"prefectureJa":"長崎県","cityJa":"壱岐市","townJa":"郷ノ浦町小牧東触","prefectureEn":"NAGASAKI KEN","cityEn":"IKI SHI","townEn":"GONORACHO KOMAKIHIGASHIFURE"},"8115107":{"prefectureJa":"長崎県","cityJa":"壱岐市","townJa":"郷ノ浦町有安触","prefectureEn":"NAGASAKI KEN","cityEn":"IKI SHI","townEn":"GONORACHO ARIYASUFURE"},"8115111":{"prefectureJa":"長崎県","cityJa":"壱岐市","townJa":"郷ノ浦町半城本村触","prefectureEn":"NAGASAKI KEN","cityEn":"IKI SHI","townEn":"GONORACHO HANSEIHOMMURAFURE"},"8115112":{"prefectureJa":"長崎県","cityJa":"壱岐市","townJa":"郷ノ浦町大浦触","prefectureEn":"NAGASAKI KEN","cityEn":"IKI SHI","townEn":"GONORACHO OURAFURE"},"8115113":{"prefectureJa":"長崎県","cityJa":"壱岐市","townJa":"郷ノ浦町牛方触","prefectureEn":"NAGASAKI KEN","cityEn":"IKI SHI","townEn":"GONORACHO USHIKATAFURE"},"8115114":{"prefectureJa":"長崎県","cityJa":"壱岐市","townJa":"郷ノ浦町柳田触","prefectureEn":"NAGASAKI KEN","cityEn":"IKI SHI","townEn":"GONORACHO YANAGIDAFURE"},"8115115":{"prefectureJa":"長崎県","cityJa":"壱岐市","townJa":"郷ノ浦町木田触","prefectureEn":"NAGASAKI KEN","cityEn":"IKI SHI","townEn":"GONORACHO KIDAFURE"},"8115116":{"prefectureJa":"長崎県","cityJa":"壱岐市","townJa":"郷ノ浦町物部本村触","prefectureEn":"NAGASAKI KEN","cityEn":"IKI SHI","townEn":"GONORACHO MONOBEHOMMURAFURE"},"8115117":{"prefectureJa":"長崎県","cityJa":"壱岐市","townJa":"郷ノ浦町田中触","prefectureEn":"NAGASAKI KEN","cityEn":"IKI SHI","townEn":"GONORACHO TANAKAFURE"},"8115121":{"prefectureJa":"長崎県","cityJa":"壱岐市","townJa":"郷ノ浦町平人触","prefectureEn":"NAGASAKI KEN","cityEn":"IKI SHI","townEn":"GONORACHO HIROTOFURE"},"8115122":{"prefectureJa":"長崎県","cityJa":"壱岐市","townJa":"郷ノ浦町大原触","prefectureEn":"NAGASAKI KEN","cityEn":"IKI SHI","townEn":"GONORACHO TAIBARUFURE"},"8115123":{"prefectureJa":"長崎県","cityJa":"壱岐市","townJa":"郷ノ浦町釘山触","prefectureEn":"NAGASAKI KEN","cityEn":"IKI SHI","townEn":"GONORACHO KUGIYAMAFURE"},"8115124":{"prefectureJa":"長崎県","cityJa":"壱岐市","townJa":"郷ノ浦町志原南触","prefectureEn":"NAGASAKI KEN","cityEn":"IKI SHI","townEn":"GONORACHO SHIHARAMINAMIFURE"},"8115125":{"prefectureJa":"長崎県","cityJa":"壱岐市","townJa":"郷ノ浦町志原西触","prefectureEn":"NAGASAKI KEN","cityEn":"IKI SHI","townEn":"GONORACHO SHIHARANISHIFURE"},"8115131":{"prefectureJa":"長崎県","cityJa":"壱岐市","townJa":"郷ノ浦町永田触","prefectureEn":"NAGASAKI KEN","cityEn":"IKI SHI","townEn":"GONORACHO NAGATAFURE"},"8115132":{"prefectureJa":"長崎県","cityJa":"壱岐市","townJa":"郷ノ浦町東触","prefectureEn":"NAGASAKI KEN","cityEn":"IKI SHI","townEn":"GONORACHO HIGASHIFURE"},"8115133":{"prefectureJa":"長崎県","cityJa":"壱岐市","townJa":"郷ノ浦町本村触","prefectureEn":"NAGASAKI KEN","cityEn":"IKI SHI","townEn":"GONORACHO HOMMURAFURE"},"8115134":{"prefectureJa":"長崎県","cityJa":"壱岐市","townJa":"郷ノ浦町庄触","prefectureEn":"NAGASAKI KEN","cityEn":"IKI SHI","townEn":"GONORACHO SHOFURE"},"8115135":{"prefectureJa":"長崎県","cityJa":"壱岐市","townJa":"郷ノ浦町郷ノ浦","prefectureEn":"NAGASAKI KEN","cityEn":"IKI SHI","townEn":"GONORACHO GONORA"},"8115136":{"prefectureJa":"長崎県","cityJa":"壱岐市","townJa":"郷ノ浦町片原触","prefectureEn":"NAGASAKI KEN","cityEn":"IKI SHI","townEn":"GONORACHO KATABARUFURE"},"8115141":{"prefectureJa":"長崎県","cityJa":"壱岐市","townJa":"郷ノ浦町若松触","prefectureEn":"NAGASAKI KEN","cityEn":"IKI SHI","townEn":"GONORACHO WAKAMATSUFURE"},"8115142":{"prefectureJa":"長崎県","cityJa":"壱岐市","townJa":"郷ノ浦町坪触","prefectureEn":"NAGASAKI KEN","cityEn":"IKI SHI","townEn":"GONORACHO TSUBOFURE"},"8115143":{"prefectureJa":"長崎県","cityJa":"壱岐市","townJa":"郷ノ浦町初山西触","prefectureEn":"NAGASAKI KEN","cityEn":"IKI SHI","townEn":"GONORACHO HATSUYAMANISHIFURE"},"8115144":{"prefectureJa":"長崎県","cityJa":"壱岐市","townJa":"郷ノ浦町初山東触","prefectureEn":"NAGASAKI KEN","cityEn":"IKI SHI","townEn":"GONORACHO HATSUYAMAHIGASHIFURE"},"8115151":{"prefectureJa":"長崎県","cityJa":"壱岐市","townJa":"郷ノ浦町渡良浦","prefectureEn":"NAGASAKI KEN","cityEn":"IKI SHI","townEn":"GONORACHO WATARAURA"},"8115152":{"prefectureJa":"長崎県","cityJa":"壱岐市","townJa":"郷ノ浦町渡良南触","prefectureEn":"NAGASAKI KEN","cityEn":"IKI SHI","townEn":"GONORACHO WATARAMINAMIFURE"},"8115153":{"prefectureJa":"長崎県","cityJa":"壱岐市","townJa":"郷ノ浦町渡良西触","prefectureEn":"NAGASAKI KEN","cityEn":"IKI SHI","townEn":"GONORACHO WATARANISHIFURE"},"8115154":{"prefectureJa":"長崎県","cityJa":"壱岐市","townJa":"郷ノ浦町渡良東触","prefectureEn":"NAGASAKI KEN","cityEn":"IKI SHI","townEn":"GONORACHO WATARAHIGASHIFURE"},"8115155":{"prefectureJa":"長崎県","cityJa":"壱岐市","townJa":"郷ノ浦町麦谷触","prefectureEn":"NAGASAKI KEN","cityEn":"IKI SHI","townEn":"GONORACHO MUGIYAFURE"},"8115161":{"prefectureJa":"長崎県","cityJa":"壱岐市","townJa":"郷ノ浦町大島","prefectureEn":"NAGASAKI KEN","cityEn":"IKI SHI","townEn":"GONORACHO OSHIMA"},"8115162":{"prefectureJa":"長崎県","cityJa":"壱岐市","townJa":"郷ノ浦町長島","prefectureEn":"NAGASAKI KEN","cityEn":"IKI SHI","townEn":"GONORACHO NAGASHIMA"},"8115163":{"prefectureJa":"長崎県","cityJa":"壱岐市","townJa":"郷ノ浦町原島","prefectureEn":"NAGASAKI KEN","cityEn":"IKI SHI","townEn":"GONORACHO HARUSHIMA"},"8115201":{"prefectureJa":"長崎県","cityJa":"壱岐市","townJa":"石田町山崎触","prefectureEn":"NAGASAKI KEN","cityEn":"IKI SHI","townEn":"ISHIDACHO YAMASAKIFURE"},"8115202":{"prefectureJa":"長崎県","cityJa":"壱岐市","townJa":"石田町筒城仲触","prefectureEn":"NAGASAKI KEN","cityEn":"IKI SHI","townEn":"ISHIDACHO TSUTSUKINAKAFURE"},"8115203":{"prefectureJa":"長崎県","cityJa":"壱岐市","townJa":"石田町筒城東触","prefectureEn":"NAGASAKI KEN","cityEn":"IKI SHI","townEn":"ISHIDACHO TSUTSUKIHIGASHIFURE"},"8115204":{"prefectureJa":"長崎県","cityJa":"壱岐市","townJa":"石田町筒城西触","prefectureEn":"NAGASAKI KEN","cityEn":"IKI SHI","townEn":"ISHIDACHO TSUTSUKINISHIFURE"},"8115211":{"prefectureJa":"長崎県","cityJa":"壱岐市","townJa":"石田町石田東触","prefectureEn":"NAGASAKI KEN","cityEn":"IKI SHI","townEn":"ISHIDACHO ISHIDAHIGASHIFURE"},"8115212":{"prefectureJa":"長崎県","cityJa":"壱岐市","townJa":"石田町本村触","prefectureEn":"NAGASAKI KEN","cityEn":"IKI SHI","townEn":"ISHIDACHO HOMMURAFURE"},"8115213":{"prefectureJa":"長崎県","cityJa":"壱岐市","townJa":"石田町南触","prefectureEn":"NAGASAKI KEN","cityEn":"IKI SHI","townEn":"ISHIDACHO MINAMIFURE"},"8115214":{"prefectureJa":"長崎県","cityJa":"壱岐市","townJa":"石田町印通寺浦","prefectureEn":"NAGASAKI KEN","cityEn":"IKI SHI","townEn":"ISHIDACHO INDOJIURA"},"8115215":{"prefectureJa":"長崎県","cityJa":"壱岐市","townJa":"石田町石田西触","prefectureEn":"NAGASAKI KEN","cityEn":"IKI SHI","townEn":"ISHIDACHO ISHIDANISHIFURE"},"8115221":{"prefectureJa":"長崎県","cityJa":"壱岐市","townJa":"石田町池田東触","prefectureEn":"NAGASAKI KEN","cityEn":"IKI SHI","townEn":"ISHIDACHO IKEDAHIGASHIFURE"},"8115222":{"prefectureJa":"長崎県","cityJa":"壱岐市","townJa":"石田町池田仲触","prefectureEn":"NAGASAKI KEN","cityEn":"IKI SHI","townEn":"ISHIDACHO IKEDANAKAFURE"},"8115223":{"prefectureJa":"長崎県","cityJa":"壱岐市","townJa":"石田町久喜触","prefectureEn":"NAGASAKI KEN","cityEn":"IKI SHI","townEn":"ISHIDACHO KUKIFURE"},"8115224":{"prefectureJa":"長崎県","cityJa":"壱岐市","townJa":"石田町池田西触","prefectureEn":"NAGASAKI KEN","cityEn":"IKI SHI","townEn":"ISHIDACHO IKEDANISHIFURE"},"8115225":{"prefectureJa":"長崎県","cityJa":"壱岐市","townJa":"石田町湯岳興触","prefectureEn":"NAGASAKI KEN","cityEn":"IKI SHI","townEn":"ISHIDACHO YUTAKEKOFURE"},"8115226":{"prefectureJa":"長崎県","cityJa":"壱岐市","townJa":"石田町湯岳射手吉触","prefectureEn":"NAGASAKI KEN","cityEn":"IKI SHI","townEn":"ISHIDACHO YUTAKEITEYOSHIFURE"},"8115301":{"prefectureJa":"長崎県","cityJa":"壱岐市","townJa":"芦辺町芦辺浦","prefectureEn":"NAGASAKI KEN","cityEn":"IKI SHI","townEn":"ASHIBECHO ASHIBEURA"},"8115311":{"prefectureJa":"長崎県","cityJa":"壱岐市","townJa":"芦辺町諸吉本村触","prefectureEn":"NAGASAKI KEN","cityEn":"IKI SHI","townEn":"ASHIBECHO MOROYOSHIHOMMURAFURE"},"8115312":{"prefectureJa":"長崎県","cityJa":"壱岐市","townJa":"芦辺町諸吉南触","prefectureEn":"NAGASAKI KEN","cityEn":"IKI SHI","townEn":"ASHIBECHO MOROYOSHIMINAMIFURE"},"8115313":{"prefectureJa":"長崎県","cityJa":"壱岐市","townJa":"芦辺町諸吉仲触","prefectureEn":"NAGASAKI KEN","cityEn":"IKI SHI","townEn":"ASHIBECHO MOROYOSHINAKAFURE"},"8115314":{"prefectureJa":"長崎県","cityJa":"壱岐市","townJa":"芦辺町諸吉東触","prefectureEn":"NAGASAKI KEN","cityEn":"IKI SHI","townEn":"ASHIBECHO MOROYOSHIHIGASHIFURE"},"8115315":{"prefectureJa":"長崎県","cityJa":"壱岐市","townJa":"芦辺町諸吉二亦触","prefectureEn":"NAGASAKI KEN","cityEn":"IKI SHI","townEn":"ASHIBECHO MOROYOSHIFUTAMATAFURE"},"8115316":{"prefectureJa":"長崎県","cityJa":"壱岐市","townJa":"芦辺町諸吉大石触","prefectureEn":"NAGASAKI KEN","cityEn":"IKI SHI","townEn":"ASHIBECHO MOROYOSHIOISHIFURE"},"8115321":{"prefectureJa":"長崎県","cityJa":"壱岐市","townJa":"芦辺町深江栄触","prefectureEn":"NAGASAKI KEN","cityEn":"IKI SHI","townEn":"ASHIBECHO FUKAESAKAEFURE"},"8115322":{"prefectureJa":"長崎県","cityJa":"壱岐市","townJa":"芦辺町深江鶴亀触","prefectureEn":"NAGASAKI KEN","cityEn":"IKI SHI","townEn":"ASHIBECHO FUKAETSURUKIFURE"},"8115323":{"prefectureJa":"長崎県","cityJa":"壱岐市","townJa":"芦辺町深江平触","prefectureEn":"NAGASAKI KEN","cityEn":"IKI SHI","townEn":"ASHIBECHO FUKAEHIRAFURE"},"8115324":{"prefectureJa":"長崎県","cityJa":"壱岐市","townJa":"芦辺町深江東触","prefectureEn":"NAGASAKI KEN","cityEn":"IKI SHI","townEn":"ASHIBECHO FUKAEHIGASHIFURE"},"8115325":{"prefectureJa":"長崎県","cityJa":"壱岐市","townJa":"芦辺町深江南触","prefectureEn":"NAGASAKI KEN","cityEn":"IKI SHI","townEn":"ASHIBECHO FUKAEMINAMIFURE"},"8115326":{"prefectureJa":"長崎県","cityJa":"壱岐市","townJa":"芦辺町深江本村触","prefectureEn":"NAGASAKI KEN","cityEn":"IKI SHI","townEn":"ASHIBECHO FUKAEHOMMURAFURE"},"8115461":{"prefectureJa":"長崎県","cityJa":"壱岐市","townJa":"芦辺町瀬戸浦","prefectureEn":"NAGASAKI KEN","cityEn":"IKI SHI","townEn":"ASHIBECHO SETORA"},"8115462":{"prefectureJa":"長崎県","cityJa":"壱岐市","townJa":"芦辺町箱崎大左右触","prefectureEn":"NAGASAKI KEN","cityEn":"IKI SHI","townEn":"ASHIBECHO HAKOZAKITAISOFURE"},"8115463":{"prefectureJa":"長崎県","cityJa":"壱岐市","townJa":"芦辺町箱崎中山触","prefectureEn":"NAGASAKI KEN","cityEn":"IKI SHI","townEn":"ASHIBECHO HAKOZAKINAKAYAMAFURE"},"8115464":{"prefectureJa":"長崎県","cityJa":"壱岐市","townJa":"芦辺町箱崎谷江触","prefectureEn":"NAGASAKI KEN","cityEn":"IKI SHI","townEn":"ASHIBECHO HAKOZAKITANIEFURE"},"8115465":{"prefectureJa":"長崎県","cityJa":"壱岐市","townJa":"芦辺町箱崎釘ノ尾触","prefectureEn":"NAGASAKI KEN","cityEn":"IKI SHI","townEn":"ASHIBECHO HAKOZAKIKUGINOFURE"},"8115466":{"prefectureJa":"長崎県","cityJa":"壱岐市","townJa":"芦辺町箱崎本村触","prefectureEn":"NAGASAKI KEN","cityEn":"IKI SHI","townEn":"ASHIBECHO HAKOZAKIHOMMURAFURE"},"8115467":{"prefectureJa":"長崎県","cityJa":"壱岐市","townJa":"芦辺町箱崎江角触","prefectureEn":"NAGASAKI KEN","cityEn":"IKI SHI","townEn":"ASHIBECHO HAKOZAKIESUMIFURE"},"8115468":{"prefectureJa":"長崎県","cityJa":"壱岐市","townJa":"芦辺町箱崎諸津触","prefectureEn":"NAGASAKI KEN","cityEn":"IKI SHI","townEn":"ASHIBECHO HAKOZAKIMOROTSUFURE"},"8115501":{"prefectureJa":"長崎県","cityJa":"壱岐市","townJa":"勝本町勝本浦","prefectureEn":"NAGASAKI KEN","cityEn":"IKI SHI","townEn":"KATSUMOTOCHO KATSUMOTORA"},"8115511":{"prefectureJa":"長崎県","cityJa":"壱岐市","townJa":"勝本町仲触","prefectureEn":"NAGASAKI KEN","cityEn":"IKI SHI","townEn":"KATSUMOTOCHO NAKAFURE"},"8115512":{"prefectureJa":"長崎県","cityJa":"壱岐市","townJa":"勝本町東触","prefectureEn":"NAGASAKI KEN","cityEn":"IKI SHI","townEn":"KATSUMOTOCHO HIGASHIFURE"},"8115513":{"prefectureJa":"長崎県","cityJa":"壱岐市","townJa":"勝本町北触","prefectureEn":"NAGASAKI KEN","cityEn":"IKI SHI","townEn":"KATSUMOTOCHO KITAFURE"},"8115521":{"prefectureJa":"長崎県","cityJa":"壱岐市","townJa":"勝本町西戸触","prefectureEn":"NAGASAKI KEN","cityEn":"IKI SHI","townEn":"KATSUMOTOCHO SAIDOFURE"},"8115522":{"prefectureJa":"長崎県","cityJa":"壱岐市","townJa":"勝本町新城東触","prefectureEn":"NAGASAKI KEN","cityEn":"IKI SHI","townEn":"KATSUMOTOCHO SHINJOHIGASHIFURE"},"8115523":{"prefectureJa":"長崎県","cityJa":"壱岐市","townJa":"勝本町片山触","prefectureEn":"NAGASAKI KEN","cityEn":"IKI SHI","townEn":"KATSUMOTOCHO KATAYAMAFURE"},"8115531":{"prefectureJa":"長崎県","cityJa":"壱岐市","townJa":"勝本町坂本触","prefectureEn":"NAGASAKI KEN","cityEn":"IKI SHI","townEn":"KATSUMOTOCHO SAKAMOTOFURE"},"8115532":{"prefectureJa":"長崎県","cityJa":"壱岐市","townJa":"勝本町大久保触","prefectureEn":"NAGASAKI KEN","cityEn":"IKI SHI","townEn":"KATSUMOTOCHO OKUBOFURE"},"8115533":{"prefectureJa":"長崎県","cityJa":"壱岐市","townJa":"勝本町新城西触","prefectureEn":"NAGASAKI KEN","cityEn":"IKI SHI","townEn":"KATSUMOTOCHO SHINJONISHIFURE"},"8115541":{"prefectureJa":"長崎県","cityJa":"壱岐市","townJa":"勝本町本宮西触","prefectureEn":"NAGASAKI KEN","cityEn":"IKI SHI","townEn":"KATSUMOTOCHO HONGUNISHIFURE"},"8115542":{"prefectureJa":"長崎県","cityJa":"壱岐市","townJa":"勝本町本宮東触","prefectureEn":"NAGASAKI KEN","cityEn":"IKI SHI","townEn":"KATSUMOTOCHO HONGUHIGASHIFURE"},"8115543":{"prefectureJa":"長崎県","cityJa":"壱岐市","townJa":"勝本町上場触","prefectureEn":"NAGASAKI KEN","cityEn":"IKI SHI","townEn":"KATSUMOTOCHO UWABAFURE"},"8115544":{"prefectureJa":"長崎県","cityJa":"壱岐市","townJa":"勝本町布気触","prefectureEn":"NAGASAKI KEN","cityEn":"IKI SHI","townEn":"KATSUMOTOCHO FUKEFURE"},"8115545":{"prefectureJa":"長崎県","cityJa":"壱岐市","townJa":"勝本町本宮南触","prefectureEn":"NAGASAKI KEN","cityEn":"IKI SHI","townEn":"KATSUMOTOCHO HONGUMINAMIFURE"},"8115546":{"prefectureJa":"長崎県","cityJa":"壱岐市","townJa":"勝本町本宮仲触","prefectureEn":"NAGASAKI KEN","cityEn":"IKI SHI","townEn":"KATSUMOTOCHO HONGUNAKAFURE"},"8115551":{"prefectureJa":"長崎県","cityJa":"壱岐市","townJa":"勝本町湯本浦","prefectureEn":"NAGASAKI KEN","cityEn":"IKI SHI","townEn":"KATSUMOTOCHO YUNOMOTORA"},"8115552":{"prefectureJa":"長崎県","cityJa":"壱岐市","townJa":"勝本町百合畑触","prefectureEn":"NAGASAKI KEN","cityEn":"IKI SHI","townEn":"KATSUMOTOCHO YURIHATAFURE"},"8115553":{"prefectureJa":"長崎県","cityJa":"壱岐市","townJa":"勝本町立石東触","prefectureEn":"NAGASAKI KEN","cityEn":"IKI SHI","townEn":"KATSUMOTOCHO TATEISHIHIGASHIFURE"},"8115554":{"prefectureJa":"長崎県","cityJa":"壱岐市","townJa":"勝本町立石仲触","prefectureEn":"NAGASAKI KEN","cityEn":"IKI SHI","townEn":"KATSUMOTOCHO TATEISHINAKAFURE"},"8115555":{"prefectureJa":"長崎県","cityJa":"壱岐市","townJa":"勝本町立石南触","prefectureEn":"NAGASAKI KEN","cityEn":"IKI SHI","townEn":"KATSUMOTOCHO TATEISHIMINAMIFURE"},"8115556":{"prefectureJa":"長崎県","cityJa":"壱岐市","townJa":"勝本町立石西触","prefectureEn":"NAGASAKI KEN","cityEn":"IKI SHI","townEn":"KATSUMOTOCHO TATEISHINISHIFURE"},"8115731":{"prefectureJa":"長崎県","cityJa":"壱岐市","townJa":"芦辺町国分当田触","prefectureEn":"NAGASAKI KEN","cityEn":"IKI SHI","townEn":"ASHIBECHO KOKUBUTODAFURE"},"8115732":{"prefectureJa":"長崎県","cityJa":"壱岐市","townJa":"芦辺町国分東触","prefectureEn":"NAGASAKI KEN","cityEn":"IKI SHI","townEn":"ASHIBECHO KOKUBUHIGASHIFURE"},"8115733":{"prefectureJa":"長崎県","cityJa":"壱岐市","townJa":"芦辺町国分川迎触","prefectureEn":"NAGASAKI KEN","cityEn":"IKI SHI","townEn":"ASHIBECHO KOKUBUKAWAMUKAEFURE"},"8115734":{"prefectureJa":"長崎県","cityJa":"壱岐市","townJa":"芦辺町国分本村触","prefectureEn":"NAGASAKI KEN","cityEn":"IKI SHI","townEn":"ASHIBECHO KOKUBUHOMMURAFURE"},"8115741":{"prefectureJa":"長崎県","cityJa":"壱岐市","townJa":"芦辺町住吉山信触","prefectureEn":"NAGASAKI KEN","cityEn":"IKI SHI","townEn":"ASHIBECHO SUMIYOSHIYAMANOBUFURE"},"8115742":{"prefectureJa":"長崎県","cityJa":"壱岐市","townJa":"芦辺町住吉東触","prefectureEn":"NAGASAKI KEN","cityEn":"IKI SHI","townEn":"ASHIBECHO SUMIYOSHIHIGASHIFURE"},"8115743":{"prefectureJa":"長崎県","cityJa":"壱岐市","townJa":"芦辺町住吉前触","prefectureEn":"NAGASAKI KEN","cityEn":"IKI SHI","townEn":"ASHIBECHO SUMIYOSHIMAEFURE"},"8115744":{"prefectureJa":"長崎県","cityJa":"壱岐市","townJa":"芦辺町住吉後触","prefectureEn":"NAGASAKI KEN","cityEn":"IKI SHI","townEn":"ASHIBECHO SUMIYOSHIUSHIROFURE"},"8115751":{"prefectureJa":"長崎県","cityJa":"壱岐市","townJa":"芦辺町中野郷仲触","prefectureEn":"NAGASAKI KEN","cityEn":"IKI SHI","townEn":"ASHIBECHO NAKANOGONAKAFURE"},"8115752":{"prefectureJa":"長崎県","cityJa":"壱岐市","townJa":"芦辺町中野郷東触","prefectureEn":"NAGASAKI KEN","cityEn":"IKI SHI","townEn":"ASHIBECHO NAKANOGOHIGASHIFURE"},"8115753":{"prefectureJa":"長崎県","cityJa":"壱岐市","townJa":"芦辺町湯岳本村触","prefectureEn":"NAGASAKI KEN","cityEn":"IKI SHI","townEn":"ASHIBECHO YUTAKEHOMMURAFURE"},"8115754":{"prefectureJa":"長崎県","cityJa":"壱岐市","townJa":"芦辺町湯岳今坂触","prefectureEn":"NAGASAKI KEN","cityEn":"IKI SHI","townEn":"ASHIBECHO YUTAKEKONZAKAFURE"},"8115755":{"prefectureJa":"長崎県","cityJa":"壱岐市","townJa":"芦辺町湯岳興触","prefectureEn":"NAGASAKI KEN","cityEn":"IKI SHI","townEn":"ASHIBECHO YUTAKEKOFURE"},"8115756":{"prefectureJa":"長崎県","cityJa":"壱岐市","townJa":"芦辺町中野郷本村触","prefectureEn":"NAGASAKI KEN","cityEn":"IKI SHI","townEn":"ASHIBECHO NAKANOGOHOMMURAFURE"},"8115757":{"prefectureJa":"長崎県","cityJa":"壱岐市","townJa":"芦辺町中野郷西触","prefectureEn":"NAGASAKI KEN","cityEn":"IKI SHI","townEn":"ASHIBECHO NAKANOGONISHIFURE"}}