{"3990000":{"prefectureJa":"長野県","cityJa":"松本市","townJa":"以下に掲載がない場合","prefectureEn":"NAGANO KEN","cityEn":"MATSUMOTO SHI","townEn":"IKANIKEISAIGANAIBAAI"},"3990001":{"prefectureJa":"長野県","cityJa":"松本市","townJa":"宮田","prefectureEn":"NAGANO KEN","cityEn":"MATSUMOTO SHI","townEn":"MIYATA"},"3990002":{"prefectureJa":"長野県","cityJa":"松本市","townJa":"芳野","prefectureEn":"NAGANO KEN","cityEn":"MATSUMOTO SHI","townEn":"YOSHINO"},"3990004":{"prefectureJa":"長野県","cityJa":"松本市","townJa":"市場","prefectureEn":"NAGANO KEN","cityEn":"MATSUMOTO SHI","townEn":"ICHIBA"},"3990005":{"prefectureJa":"長野県","cityJa":"松本市","townJa":"野溝木工","prefectureEn":"NAGANO KEN","cityEn":"MATSUMOTO SHI","townEn":"NOMIZO MOKKO"},"3990006":{"prefectureJa":"長野県","cityJa":"松本市","townJa":"野溝西","prefectureEn":"NAGANO KEN","cityEn":"MATSUMOTO SHI","townEn":"NOMIZO NISHI"},"3990007":{"prefectureJa":"長野県","cityJa":"松本市","townJa":"石芝（３、４丁目）","prefectureEn":"NAGANO KEN","cityEn":"MATSUMOTO SHI","townEn":"ISHISHIBA(3.4-CHOME)"},"3990011":{"prefectureJa":"長野県","cityJa":"松本市","townJa":"寿北","prefectureEn":"NAGANO KEN","cityEn":"MATSUMOTO SHI","townEn":"KOTOBUKIKITA"},"3990012":{"prefectureJa":"長野県","cityJa":"松本市","townJa":"寿白瀬渕","prefectureEn":"NAGANO KEN","cityEn":"MATSUMOTO SHI","townEn":"KOTOBUKISHIRASEBUCHI"},"3990014":{"prefectureJa":"長野県","cityJa":"松本市","townJa":"平田東","prefectureEn":"NAGANO KEN","cityEn":"MATSUMOTO SHI","townEn":"HIRATAHIGASHI"},"3990015":{"prefectureJa":"長野県","cityJa":"松本市","townJa":"平田西","prefectureEn":"NAGANO KEN","cityEn":"MATSUMOTO SHI","townEn":"HIRATANISHI"},"3990021":{"prefectureJa":"長野県","cityJa":"松本市","townJa":"寿豊丘","prefectureEn":"NAGANO KEN","cityEn":"MATSUMOTO SHI","townEn":"KOTOBUKITOYOKA"},"3990022":{"prefectureJa":"長野県","cityJa":"松本市","townJa":"松原","prefectureEn":"NAGANO KEN","cityEn":"MATSUMOTO SHI","townEn":"MATSUBARA"},"3990023":{"prefectureJa":"長野県","cityJa":"松本市","townJa":"内田","prefectureEn":"NAGANO KEN","cityEn":"MATSUMOTO SHI","townEn":"UCHIDA"},"3990024":{"prefectureJa":"長野県","cityJa":"松本市","townJa":"寿小赤","prefectureEn":"NAGANO KEN","cityEn":"MATSUMOTO SHI","townEn":"KOTOBUKIKOAKA"},"3990025":{"prefectureJa":"長野県","cityJa":"松本市","townJa":"寿台","prefectureEn":"NAGANO KEN","cityEn":"MATSUMOTO SHI","townEn":"KOTOBUKIDAI"},"3990026":{"prefectureJa":"長野県","cityJa":"松本市","townJa":"寿中","prefectureEn":"NAGANO KEN","cityEn":"MATSUMOTO SHI","townEn":"KOTOBUKINAKA"},"3990027":{"prefectureJa":"長野県","cityJa":"松本市","townJa":"寿南","prefectureEn":"NAGANO KEN","cityEn":"MATSUMOTO SHI","townEn":"KOTOBUKIMINAMI"},"3990033":{"prefectureJa":"長野県","cityJa":"松本市","townJa":"笹賀","prefectureEn":"NAGANO KEN","cityEn":"MATSUMOTO SHI","townEn":"SASAGA"},"3990034":{"prefectureJa":"長野県","cityJa":"松本市","townJa":"野溝東","prefectureEn":"NAGANO KEN","cityEn":"MATSUMOTO SHI","townEn":"NOMIZO HIGASHI"},"3990035":{"prefectureJa":"長野県","cityJa":"松本市","townJa":"村井町北","prefectureEn":"NAGANO KEN","cityEn":"MATSUMOTO SHI","townEn":"MURAIMACHIKITA"},"3990036":{"prefectureJa":"長野県","cityJa":"松本市","townJa":"村井町南","prefectureEn":"NAGANO KEN","cityEn":"MATSUMOTO SHI","townEn":"MURAIMACHIMINAMI"},"3990037":{"prefectureJa":"長野県","cityJa":"松本市","townJa":"村井町西","prefectureEn":"NAGANO KEN","cityEn":"MATSUMOTO SHI","townEn":"MURAIMACHINISHI"},"3990038":{"prefectureJa":"長野県","cityJa":"松本市","townJa":"小屋南","prefectureEn":"NAGANO KEN","cityEn":"MATSUMOTO SHI","townEn":"KOYAMINAMI"},"3990039":{"prefectureJa":"長野県","cityJa":"松本市","townJa":"小屋北","prefectureEn":"NAGANO KEN","cityEn":"MATSUMOTO SHI","townEn":"KOYAKITA"},"3990071":{"prefectureJa":"長野県","cityJa":"塩尻市","townJa":"片丘（３６３５、３６８０、５７９４、６１１４番地）","prefectureEn":"NAGANO KEN","cityEn":"SHIOJIRI SHI","townEn":"KATAOKA(3635.3680.5794.6114-BANCHI)"},"3990101":{"prefectureJa":"長野県","cityJa":"諏訪郡富士見町","townJa":"境","prefectureEn":"NAGANO KEN","cityEn":"SUWA GUN FUJIMI MACHI","townEn":"SAKAI"},"3990102":{"prefectureJa":"長野県","cityJa":"諏訪郡富士見町","townJa":"落合（３０６０、３６００～４６００番地）","prefectureEn":"NAGANO KEN","cityEn":"SUWA GUN FUJIMI MACHI","townEn":"OCHIAI(3060.3600-4600-BANCHI)"},"3990200":{"prefectureJa":"長野県","cityJa":"諏訪郡富士見町","townJa":"以下に掲載がない場合","prefectureEn":"NAGANO KEN","cityEn":"SUWA GUN FUJIMI MACHI","townEn":"IKANIKEISAIGANAIBAAI"},"3990211":{"prefectureJa":"長野県","cityJa":"諏訪郡富士見町","townJa":"富士見（その他）","prefectureEn":"NAGANO KEN","cityEn":"SUWA GUN FUJIMI MACHI","townEn":"FUJIMI(SONOTA)"},"3990212":{"prefectureJa":"長野県","cityJa":"諏訪郡富士見町","townJa":"立沢","prefectureEn":"NAGANO KEN","cityEn":"SUWA GUN FUJIMI MACHI","townEn":"TATSUZAWA"},"3990213":{"prefectureJa":"長野県","cityJa":"諏訪郡富士見町","townJa":"乙事","prefectureEn":"NAGANO KEN","cityEn":"SUWA GUN FUJIMI MACHI","townEn":"OKKOTO"},"3990214":{"prefectureJa":"長野県","cityJa":"諏訪郡富士見町","townJa":"落合（その他）","prefectureEn":"NAGANO KEN","cityEn":"SUWA GUN FUJIMI MACHI","townEn":"OCHIAI(SONOTA)"},"3990400":{"prefectureJa":"長野県","cityJa":"上伊那郡辰野町","townJa":"以下に掲載がない場合","prefectureEn":"NAGANO KEN","cityEn":"KAMIINA GUN TATSUNO MACHI","townEn":"IKANIKEISAIGANAIBAAI"},"3990421":{"prefectureJa":"長野県","cityJa":"上伊那郡辰野町","townJa":"辰野","prefectureEn":"NAGANO KEN","cityEn":"KAMIINA GUN TATSUNO MACHI","townEn":"TATSUNO"},"3990422":{"prefectureJa":"長野県","cityJa":"上伊那郡辰野町","townJa":"平出","prefectureEn":"NAGANO KEN","cityEn":"KAMIINA GUN TATSUNO MACHI","townEn":"HIRAIDE"},"3990423":{"prefectureJa":"長野県","cityJa":"上伊那郡辰野町","townJa":"沢底","prefectureEn":"NAGANO KEN","cityEn":"KAMIINA GUN TATSUNO MACHI","townEn":"SAWASOKO"},"3990424":{"prefectureJa":"長野県","cityJa":"上伊那郡辰野町","townJa":"赤羽","prefectureEn":"NAGANO KEN","cityEn":"KAMIINA GUN TATSUNO MACHI","townEn":"AKAHANE"},"3990425":{"prefectureJa":"長野県","cityJa":"上伊那郡辰野町","townJa":"樋口","prefectureEn":"NAGANO KEN","cityEn":"KAMIINA GUN TATSUNO MACHI","townEn":"HIGUCHI"},"3990426":{"prefectureJa":"長野県","cityJa":"上伊那郡辰野町","townJa":"宮木","prefectureEn":"NAGANO KEN","cityEn":"KAMIINA GUN TATSUNO MACHI","townEn":"MIYAKI"},"3990427":{"prefectureJa":"長野県","cityJa":"上伊那郡辰野町","townJa":"中央","prefectureEn":"NAGANO KEN","cityEn":"KAMIINA GUN TATSUNO MACHI","townEn":"CHUO"},"3990428":{"prefectureJa":"長野県","cityJa":"上伊那郡辰野町","townJa":"伊那富","prefectureEn":"NAGANO KEN","cityEn":"KAMIINA GUN TATSUNO MACHI","townEn":"INATOMI"},"3990511":{"prefectureJa":"長野県","cityJa":"上伊那郡辰野町","townJa":"横川","prefectureEn":"NAGANO KEN","cityEn":"KAMIINA GUN TATSUNO MACHI","townEn":"YOKOKAWA"},"3990512":{"prefectureJa":"長野県","cityJa":"上伊那郡辰野町","townJa":"上島","prefectureEn":"NAGANO KEN","cityEn":"KAMIINA GUN TATSUNO MACHI","townEn":"KAMIJIMA"},"3990601":{"prefectureJa":"長野県","cityJa":"上伊那郡辰野町","townJa":"小野","prefectureEn":"NAGANO KEN","cityEn":"KAMIINA GUN TATSUNO MACHI","townEn":"ONO"},"3990651":{"prefectureJa":"長野県","cityJa":"塩尻市","townJa":"北小野","prefectureEn":"NAGANO KEN","cityEn":"SHIOJIRI SHI","townEn":"KITAONO"},"3990700":{"prefectureJa":"長野県","cityJa":"塩尻市","townJa":"以下に掲載がない場合","prefectureEn":"NAGANO KEN","cityEn":"SHIOJIRI SHI","townEn":"IKANIKEISAIGANAIBAAI"},"3990701":{"prefectureJa":"長野県","cityJa":"塩尻市","townJa":"広丘吉田","prefectureEn":"NAGANO KEN","cityEn":"SHIOJIRI SHI","townEn":"HIROKAYOSHIDA"},"3990702":{"prefectureJa":"長野県","cityJa":"塩尻市","townJa":"広丘野村","prefectureEn":"NAGANO KEN","cityEn":"SHIOJIRI SHI","townEn":"HIROKANOMURA"},"3990703":{"prefectureJa":"長野県","cityJa":"塩尻市","townJa":"広丘高出","prefectureEn":"NAGANO KEN","cityEn":"SHIOJIRI SHI","townEn":"HIROKATAKAIDE"},"3990704":{"prefectureJa":"長野県","cityJa":"塩尻市","townJa":"広丘郷原","prefectureEn":"NAGANO KEN","cityEn":"SHIOJIRI SHI","townEn":"HIROKAGOBARA"},"3990705":{"prefectureJa":"長野県","cityJa":"塩尻市","townJa":"広丘堅石","prefectureEn":"NAGANO KEN","cityEn":"SHIOJIRI SHI","townEn":"HIROKA KATAISHI"},"3990706":{"prefectureJa":"長野県","cityJa":"塩尻市","townJa":"広丘原新田","prefectureEn":"NAGANO KEN","cityEn":"SHIOJIRI SHI","townEn":"HIROKAHARASHINDEN"},"3990711":{"prefectureJa":"長野県","cityJa":"塩尻市","townJa":"片丘（その他）","prefectureEn":"NAGANO KEN","cityEn":"SHIOJIRI SHI","townEn":"KATAOKA(SONOTA)"},"3990712":{"prefectureJa":"長野県","cityJa":"塩尻市","townJa":"塩尻町","prefectureEn":"NAGANO KEN","cityEn":"SHIOJIRI SHI","townEn":"SHIOJIRIMACHI"},"3990713":{"prefectureJa":"長野県","cityJa":"塩尻市","townJa":"大小屋","prefectureEn":"NAGANO KEN","cityEn":"SHIOJIRI SHI","townEn":"OGOYA"},"3990714":{"prefectureJa":"長野県","cityJa":"塩尻市","townJa":"堀ノ内","prefectureEn":"NAGANO KEN","cityEn":"SHIOJIRI SHI","townEn":"HORINOCHI"},"3990715":{"prefectureJa":"長野県","cityJa":"塩尻市","townJa":"長畝","prefectureEn":"NAGANO KEN","cityEn":"SHIOJIRI SHI","townEn":"NAGAUNE"},"3990716":{"prefectureJa":"長野県","cityJa":"塩尻市","townJa":"桟敷","prefectureEn":"NAGANO KEN","cityEn":"SHIOJIRI SHI","townEn":"SAJIKI"},"3990721":{"prefectureJa":"長野県","cityJa":"塩尻市","townJa":"金井","prefectureEn":"NAGANO KEN","cityEn":"SHIOJIRI SHI","townEn":"KANAI"},"3990722":{"prefectureJa":"長野県","cityJa":"塩尻市","townJa":"柿沢","prefectureEn":"NAGANO KEN","cityEn":"SHIOJIRI SHI","townEn":"KAKIZAWA"},"3990723":{"prefectureJa":"長野県","cityJa":"塩尻市","townJa":"旧塩尻","prefectureEn":"NAGANO KEN","cityEn":"SHIOJIRI SHI","townEn":"KYUSHIOJIRI"},"3990724":{"prefectureJa":"長野県","cityJa":"塩尻市","townJa":"上西条","prefectureEn":"NAGANO KEN","cityEn":"SHIOJIRI SHI","townEn":"KAMINISHIJO"},"3990725":{"prefectureJa":"長野県","cityJa":"塩尻市","townJa":"中西条","prefectureEn":"NAGANO KEN","cityEn":"SHIOJIRI SHI","townEn":"NAKANISHIJO"},"3990726":{"prefectureJa":"長野県","cityJa":"塩尻市","townJa":"下西条","prefectureEn":"NAGANO KEN","cityEn":"SHIOJIRI SHI","townEn":"SHIMONISHIJO"},"3990727":{"prefectureJa":"長野県","cityJa":"塩尻市","townJa":"みどり湖","prefectureEn":"NAGANO KEN","cityEn":"SHIOJIRI SHI","townEn":"MIDORIKO"},"3990728":{"prefectureJa":"長野県","cityJa":"塩尻市","townJa":"峰原","prefectureEn":"NAGANO KEN","cityEn":"SHIOJIRI SHI","townEn":"MINEHARA"},"3990731":{"prefectureJa":"長野県","cityJa":"塩尻市","townJa":"大門六番町","prefectureEn":"NAGANO KEN","cityEn":"SHIOJIRI SHI","townEn":"DAIMON6-BANCHO"},"3990732":{"prefectureJa":"長野県","cityJa":"塩尻市","townJa":"大門五番町","prefectureEn":"NAGANO KEN","cityEn":"SHIOJIRI SHI","townEn":"DAIMON5-BANCHO"},"3990733":{"prefectureJa":"長野県","cityJa":"塩尻市","townJa":"大門三番町","prefectureEn":"NAGANO KEN","cityEn":"SHIOJIRI SHI","townEn":"DAIMON3-BANCHO"},"3990734":{"prefectureJa":"長野県","cityJa":"塩尻市","townJa":"大門四番町","prefectureEn":"NAGANO KEN","cityEn":"SHIOJIRI SHI","townEn":"DAIMON4-BANCHO"},"3990735":{"prefectureJa":"長野県","cityJa":"塩尻市","townJa":"大門二番町","prefectureEn":"NAGANO KEN","cityEn":"SHIOJIRI SHI","townEn":"DAIMON2-BANCHO"},"3990736":{"prefectureJa":"長野県","cityJa":"塩尻市","townJa":"大門一番町","prefectureEn":"NAGANO KEN","cityEn":"SHIOJIRI SHI","townEn":"DAIMON1-BANCHO"},"3990737":{"prefectureJa":"長野県","cityJa":"塩尻市","townJa":"大門八番町","prefectureEn":"NAGANO KEN","cityEn":"SHIOJIRI SHI","townEn":"DAIMON8-BANCHO"},"3990738":{"prefectureJa":"長野県","cityJa":"塩尻市","townJa":"大門七番町","prefectureEn":"NAGANO KEN","cityEn":"SHIOJIRI SHI","townEn":"DAIMON7-BANCHO"},"3990741":{"prefectureJa":"長野県","cityJa":"塩尻市","townJa":"大門幸町","prefectureEn":"NAGANO KEN","cityEn":"SHIOJIRI SHI","townEn":"DAIMONSAIWAICHO"},"3990742":{"prefectureJa":"長野県","cityJa":"塩尻市","townJa":"大門泉町","prefectureEn":"NAGANO KEN","cityEn":"SHIOJIRI SHI","townEn":"DAIMONIZUMICHO"},"3990743":{"prefectureJa":"長野県","cityJa":"塩尻市","townJa":"大門田川町","prefectureEn":"NAGANO KEN","cityEn":"SHIOJIRI SHI","townEn":"DAIMONTAGAWACHO"},"3990744":{"prefectureJa":"長野県","cityJa":"塩尻市","townJa":"大門七区","prefectureEn":"NAGANO KEN","cityEn":"SHIOJIRI SHI","townEn":"DAIMON(BANCHI)"},"3990745":{"prefectureJa":"長野県","cityJa":"塩尻市","townJa":"大門桔梗町","prefectureEn":"NAGANO KEN","cityEn":"SHIOJIRI SHI","townEn":"DAIMONKIKYOCHO"},"3990746":{"prefectureJa":"長野県","cityJa":"塩尻市","townJa":"大門並木町","prefectureEn":"NAGANO KEN","cityEn":"SHIOJIRI SHI","townEn":"DAIMONNAMIKICHO"},"3991200":{"prefectureJa":"長野県","cityJa":"下伊那郡天龍村","townJa":"以下に掲載がない場合","prefectureEn":"NAGANO KEN","cityEn":"SHIMOINA GUN TENRYU MURA","townEn":"IKANIKEISAIGANAIBAAI"},"3991201":{"prefectureJa":"長野県","cityJa":"下伊那郡天龍村","townJa":"平岡","prefectureEn":"NAGANO KEN","cityEn":"SHIMOINA GUN TENRYU MURA","townEn":"HIRAOKA"},"3991202":{"prefectureJa":"長野県","cityJa":"下伊那郡天龍村","townJa":"神原","prefectureEn":"NAGANO KEN","cityEn":"SHIMOINA GUN TENRYU MURA","townEn":"KAMIHARA"},"3991203":{"prefectureJa":"長野県","cityJa":"下伊那郡天龍村","townJa":"長島","prefectureEn":"NAGANO KEN","cityEn":"SHIMOINA GUN TENRYU MURA","townEn":"NAGASHIMA"},"3991221":{"prefectureJa":"長野県","cityJa":"飯田市","townJa":"南信濃南和田（万古）","prefectureEn":"NAGANO KEN","cityEn":"IIDA SHI","townEn":"MINAMISHINANO MINAMIWADA (MANGO)"},"3991311":{"prefectureJa":"長野県","cityJa":"飯田市","townJa":"南信濃和田","prefectureEn":"NAGANO KEN","cityEn":"IIDA SHI","townEn":"MINAMISHINANO WADA"},"3991312":{"prefectureJa":"長野県","cityJa":"飯田市","townJa":"南信濃八重河内","prefectureEn":"NAGANO KEN","cityEn":"IIDA SHI","townEn":"MINAMISHINANO YAEGOCHI"},"3991313":{"prefectureJa":"長野県","cityJa":"飯田市","townJa":"南信濃南和田（その他）","prefectureEn":"NAGANO KEN","cityEn":"IIDA SHI","townEn":"MINAMISHINANO MINAMIWADA(SONOTA)"},"3991401":{"prefectureJa":"長野県","cityJa":"飯田市","townJa":"南信濃木沢","prefectureEn":"NAGANO KEN","cityEn":"IIDA SHI","townEn":"MINAMISHINANO KIZAWA"},"3991403":{"prefectureJa":"長野県","cityJa":"飯田市","townJa":"上村","prefectureEn":"NAGANO KEN","cityEn":"IIDA SHI","townEn":"KAMIMURA"},"3991500":{"prefectureJa":"長野県","cityJa":"下伊那郡阿南町","townJa":"以下に掲載がない場合","prefectureEn":"NAGANO KEN","cityEn":"SHIMOINA GUN ANAN CHO","townEn":"IKANIKEISAIGANAIBAAI"},"3991501":{"prefectureJa":"長野県","cityJa":"下伊那郡阿南町","townJa":"北條","prefectureEn":"NAGANO KEN","cityEn":"SHIMOINA GUN ANAN CHO","townEn":"KITAJO"},"3991502":{"prefectureJa":"長野県","cityJa":"下伊那郡阿南町","townJa":"東條","prefectureEn":"NAGANO KEN","cityEn":"SHIMOINA GUN ANAN CHO","townEn":"HIGASHIJO"},"3991503":{"prefectureJa":"長野県","cityJa":"下伊那郡阿南町","townJa":"南條","prefectureEn":"NAGANO KEN","cityEn":"SHIMOINA GUN ANAN CHO","townEn":"MINAMIJO"},"3991504":{"prefectureJa":"長野県","cityJa":"下伊那郡阿南町","townJa":"西條","prefectureEn":"NAGANO KEN","cityEn":"SHIMOINA GUN ANAN CHO","townEn":"NISHIJO"},"3991505":{"prefectureJa":"長野県","cityJa":"下伊那郡阿南町","townJa":"富草","prefectureEn":"NAGANO KEN","cityEn":"SHIMOINA GUN ANAN CHO","townEn":"TOMIKUSA"},"3991601":{"prefectureJa":"長野県","cityJa":"下伊那郡売木村","townJa":"売木村一円","prefectureEn":"NAGANO KEN","cityEn":"SHIMOINA GUN URUGI MURA","townEn":"URUGIMURAICHIEN"},"3991611":{"prefectureJa":"長野県","cityJa":"下伊那郡阿南町","townJa":"和合","prefectureEn":"NAGANO KEN","cityEn":"SHIMOINA GUN ANAN CHO","townEn":"WAGO"},"3991612":{"prefectureJa":"長野県","cityJa":"下伊那郡阿南町","townJa":"新野","prefectureEn":"NAGANO KEN","cityEn":"SHIMOINA GUN ANAN CHO","townEn":"NIINO"},"3991801":{"prefectureJa":"長野県","cityJa":"下伊那郡泰阜村","townJa":"泰阜村一円","prefectureEn":"NAGANO KEN","cityEn":"SHIMOINA GUN YASUOKA MURA","townEn":"YASUOKAMURAICHIEN"},"3992100":{"prefectureJa":"長野県","cityJa":"下伊那郡下條村","townJa":"以下に掲載がない場合","prefectureEn":"NAGANO KEN","cityEn":"SHIMOINA GUN SHIMOJO MURA","townEn":"IKANIKEISAIGANAIBAAI"},"3992101":{"prefectureJa":"長野県","cityJa":"下伊那郡下條村","townJa":"睦沢","prefectureEn":"NAGANO KEN","cityEn":"SHIMOINA GUN SHIMOJO MURA","townEn":"MUTSUZAWA"},"3992102":{"prefectureJa":"長野県","cityJa":"下伊那郡下條村","townJa":"陽皐","prefectureEn":"NAGANO KEN","cityEn":"SHIMOINA GUN SHIMOJO MURA","townEn":"HISAWA"},"3992221":{"prefectureJa":"長野県","cityJa":"飯田市","townJa":"龍江","prefectureEn":"NAGANO KEN","cityEn":"IIDA SHI","townEn":"TATSUE"},"3992222":{"prefectureJa":"長野県","cityJa":"飯田市","townJa":"千代","prefectureEn":"NAGANO KEN","cityEn":"IIDA SHI","townEn":"CHIYO"},"3992223":{"prefectureJa":"長野県","cityJa":"飯田市","townJa":"千栄","prefectureEn":"NAGANO KEN","cityEn":"IIDA SHI","townEn":"CHIHAE"},"3992431":{"prefectureJa":"長野県","cityJa":"飯田市","townJa":"川路","prefectureEn":"NAGANO KEN","cityEn":"IIDA SHI","townEn":"KAWAJI"},"3992432":{"prefectureJa":"長野県","cityJa":"飯田市","townJa":"下瀬","prefectureEn":"NAGANO KEN","cityEn":"IIDA SHI","townEn":"SHIMOZE"},"3992433":{"prefectureJa":"長野県","cityJa":"飯田市","townJa":"立石","prefectureEn":"NAGANO KEN","cityEn":"IIDA SHI","townEn":"TATEISHI"},"3992434":{"prefectureJa":"長野県","cityJa":"飯田市","townJa":"伊豆木","prefectureEn":"NAGANO KEN","cityEn":"IIDA SHI","townEn":"IZUKI"},"3992561":{"prefectureJa":"長野県","cityJa":"飯田市","townJa":"駄科","prefectureEn":"NAGANO KEN","cityEn":"IIDA SHI","townEn":"DASHINA"},"3992562":{"prefectureJa":"長野県","cityJa":"飯田市","townJa":"長野原","prefectureEn":"NAGANO KEN","cityEn":"IIDA SHI","townEn":"NAGANOHARA"},"3992563":{"prefectureJa":"長野県","cityJa":"飯田市","townJa":"時又","prefectureEn":"NAGANO KEN","cityEn":"IIDA SHI","townEn":"TOKIMATA"},"3992564":{"prefectureJa":"長野県","cityJa":"飯田市","townJa":"上川路","prefectureEn":"NAGANO KEN","cityEn":"IIDA SHI","townEn":"KAMIKAWAJI"},"3992565":{"prefectureJa":"長野県","cityJa":"飯田市","townJa":"桐林","prefectureEn":"NAGANO KEN","cityEn":"IIDA SHI","townEn":"KIRIBAYASHI"},"3992566":{"prefectureJa":"長野県","cityJa":"飯田市","townJa":"嶋","prefectureEn":"NAGANO KEN","cityEn":"IIDA SHI","townEn":"SHIMA"},"3992601":{"prefectureJa":"長野県","cityJa":"飯田市","townJa":"虎岩","prefectureEn":"NAGANO KEN","cityEn":"IIDA SHI","townEn":"TORAIWA"},"3992602":{"prefectureJa":"長野県","cityJa":"飯田市","townJa":"下久堅下虎岩","prefectureEn":"NAGANO KEN","cityEn":"IIDA SHI","townEn":"SHIMOHISAKATASHIMOTORAIWA"},"3992603":{"prefectureJa":"長野県","cityJa":"飯田市","townJa":"下久堅知久平","prefectureEn":"NAGANO KEN","cityEn":"IIDA SHI","townEn":"SHIMOHISAKATACHIKUDAIRA"},"3992604":{"prefectureJa":"長野県","cityJa":"飯田市","townJa":"下久堅柿野沢","prefectureEn":"NAGANO KEN","cityEn":"IIDA SHI","townEn":"SHIMOHISAKATAKAKINOSAWA"},"3992605":{"prefectureJa":"長野県","cityJa":"飯田市","townJa":"下久堅小林","prefectureEn":"NAGANO KEN","cityEn":"IIDA SHI","townEn":"SHIMOHISAKATAKOBAYASHI"},"3992606":{"prefectureJa":"長野県","cityJa":"飯田市","townJa":"下久堅稲葉","prefectureEn":"NAGANO KEN","cityEn":"IIDA SHI","townEn":"SHIMOHISAKATAINABA"},"3992607":{"prefectureJa":"長野県","cityJa":"飯田市","townJa":"下久堅南原","prefectureEn":"NAGANO KEN","cityEn":"IIDA SHI","townEn":"SHIMOHISAKATAMINABARA"},"3992611":{"prefectureJa":"長野県","cityJa":"飯田市","townJa":"上久堅","prefectureEn":"NAGANO KEN","cityEn":"IIDA SHI","townEn":"KAMIHISAKATA"},"3992612":{"prefectureJa":"長野県","cityJa":"飯田市","townJa":"上久堅戊","prefectureEn":"NAGANO KEN","cityEn":"IIDA SHI","townEn":"KAMIHISAKATABO"},"3993100":{"prefectureJa":"長野県","cityJa":"下伊那郡高森町","townJa":"以下に掲載がない場合","prefectureEn":"NAGANO KEN","cityEn":"SHIMOINA GUN TAKAMORI MACHI","townEn":"IKANIKEISAIGANAIBAAI"},"3993101":{"prefectureJa":"長野県","cityJa":"下伊那郡高森町","townJa":"山吹","prefectureEn":"NAGANO KEN","cityEn":"SHIMOINA GUN TAKAMORI MACHI","townEn":"YAMABUKI"},"3993102":{"prefectureJa":"長野県","cityJa":"下伊那郡高森町","townJa":"吉田","prefectureEn":"NAGANO KEN","cityEn":"SHIMOINA GUN TAKAMORI MACHI","townEn":"YOSHIDA"},"3993103":{"prefectureJa":"長野県","cityJa":"下伊那郡高森町","townJa":"下市田","prefectureEn":"NAGANO KEN","cityEn":"SHIMOINA GUN TAKAMORI MACHI","townEn":"SHIMOICHIDA"},"3993104":{"prefectureJa":"長野県","cityJa":"下伊那郡高森町","townJa":"上市田","prefectureEn":"NAGANO KEN","cityEn":"SHIMOINA GUN TAKAMORI MACHI","townEn":"KAMIICHIDA"},"3993105":{"prefectureJa":"長野県","cityJa":"下伊那郡高森町","townJa":"牛牧","prefectureEn":"NAGANO KEN","cityEn":"SHIMOINA GUN TAKAMORI MACHI","townEn":"USHIMAKI"},"3993106":{"prefectureJa":"長野県","cityJa":"下伊那郡高森町","townJa":"大島山","prefectureEn":"NAGANO KEN","cityEn":"SHIMOINA GUN TAKAMORI MACHI","townEn":"OJIMASAN"},"3993107":{"prefectureJa":"長野県","cityJa":"下伊那郡高森町","townJa":"出原","prefectureEn":"NAGANO KEN","cityEn":"SHIMOINA GUN TAKAMORI MACHI","townEn":"IZUHARA"},"3993200":{"prefectureJa":"長野県","cityJa":"下伊那郡豊丘村","townJa":"以下に掲載がない場合","prefectureEn":"NAGANO KEN","cityEn":"SHIMOINA GUN TOYOKA MURA","townEn":"IKANIKEISAIGANAIBAAI"},"3993201":{"prefectureJa":"長野県","cityJa":"下伊那郡豊丘村","townJa":"河野（その他）","prefectureEn":"NAGANO KEN","cityEn":"SHIMOINA GUN TOYOKA MURA","townEn":"KAWANO(SONOTA)"},"3993202":{"prefectureJa":"長野県","cityJa":"下伊那郡豊丘村","townJa":"神稲","prefectureEn":"NAGANO KEN","cityEn":"SHIMOINA GUN TOYOKA MURA","townEn":"KUMASHIRO"},"3993300":{"prefectureJa":"長野県","cityJa":"下伊那郡松川町","townJa":"以下に掲載がない場合","prefectureEn":"NAGANO KEN","cityEn":"SHIMOINA GUN MATSUKAWA MACHI","townEn":"IKANIKEISAIGANAIBAAI"},"3993301":{"prefectureJa":"長野県","cityJa":"下伊那郡松川町","townJa":"上片桐","prefectureEn":"NAGANO KEN","cityEn":"SHIMOINA GUN MATSUKAWA MACHI","townEn":"KAMIKATAGIRI"},"3993302":{"prefectureJa":"長野県","cityJa":"下伊那郡松川町","townJa":"生田","prefectureEn":"NAGANO KEN","cityEn":"SHIMOINA GUN MATSUKAWA MACHI","townEn":"IKUTA"},"3993303":{"prefectureJa":"長野県","cityJa":"下伊那郡松川町","townJa":"元大島","prefectureEn":"NAGANO KEN","cityEn":"SHIMOINA GUN MATSUKAWA MACHI","townEn":"MOTOOJIMA"},"3993304":{"prefectureJa":"長野県","cityJa":"下伊那郡松川町","townJa":"大島","prefectureEn":"NAGANO KEN","cityEn":"SHIMOINA GUN MATSUKAWA MACHI","townEn":"OJIMA"},"3993311":{"prefectureJa":"長野県","cityJa":"下伊那郡豊丘村","townJa":"河野（７５３０～７５９０番地）","prefectureEn":"NAGANO KEN","cityEn":"SHIMOINA GUN TOYOKA MURA","townEn":"KAWANO(7530-7590-BANCHI)"},"3993500":{"prefectureJa":"長野県","cityJa":"下伊那郡大鹿村","townJa":"以下に掲載がない場合","prefectureEn":"NAGANO KEN","cityEn":"SHIMOINA GUN OSHIKA MURA","townEn":"IKANIKEISAIGANAIBAAI"},"3993501":{"prefectureJa":"長野県","cityJa":"下伊那郡大鹿村","townJa":"鹿塩","prefectureEn":"NAGANO KEN","cityEn":"SHIMOINA GUN OSHIKA MURA","townEn":"KASHIO"},"3993502":{"prefectureJa":"長野県","cityJa":"下伊那郡大鹿村","townJa":"大河原","prefectureEn":"NAGANO KEN","cityEn":"SHIMOINA GUN OSHIKA MURA","townEn":"OKAWARA"},"3993700":{"prefectureJa":"長野県","cityJa":"上伊那郡飯島町","townJa":"以下に掲載がない場合","prefectureEn":"NAGANO KEN","cityEn":"KAMIINA GUN IIJIMA MACHI","townEn":"IKANIKEISAIGANAIBAAI"},"3993701":{"prefectureJa":"長野県","cityJa":"上伊那郡飯島町","townJa":"田切","prefectureEn":"NAGANO KEN","cityEn":"KAMIINA GUN IIJIMA MACHI","townEn":"TAGIRI"},"3993702":{"prefectureJa":"長野県","cityJa":"上伊那郡飯島町","townJa":"飯島","prefectureEn":"NAGANO KEN","cityEn":"KAMIINA GUN IIJIMA MACHI","townEn":"IIJIMA"},"3993703":{"prefectureJa":"長野県","cityJa":"上伊那郡飯島町","townJa":"日曽利","prefectureEn":"NAGANO KEN","cityEn":"KAMIINA GUN IIJIMA MACHI","townEn":"HISSORI"},"3993704":{"prefectureJa":"長野県","cityJa":"上伊那郡飯島町","townJa":"本郷","prefectureEn":"NAGANO KEN","cityEn":"KAMIINA GUN IIJIMA MACHI","townEn":"HONGO"},"3993705":{"prefectureJa":"長野県","cityJa":"上伊那郡飯島町","townJa":"七久保","prefectureEn":"NAGANO KEN","cityEn":"KAMIINA GUN IIJIMA MACHI","townEn":"NANAKUBO"},"3993800":{"prefectureJa":"長野県","cityJa":"上伊那郡中川村","townJa":"以下に掲載がない場合","prefectureEn":"NAGANO KEN","cityEn":"KAMIINA GUN NAKAGAWA MURA","townEn":"IKANIKEISAIGANAIBAAI"},"3993801":{"prefectureJa":"長野県","cityJa":"上伊那郡中川村","townJa":"大草","prefectureEn":"NAGANO KEN","cityEn":"KAMIINA GUN NAKAGAWA MURA","townEn":"OKUSA"},"3993802":{"prefectureJa":"長野県","cityJa":"上伊那郡中川村","townJa":"片桐","prefectureEn":"NAGANO KEN","cityEn":"KAMIINA GUN NAKAGAWA MURA","townEn":"KATAGIRI"},"3993803":{"prefectureJa":"長野県","cityJa":"上伊那郡中川村","townJa":"葛島","prefectureEn":"NAGANO KEN","cityEn":"KAMIINA GUN NAKAGAWA MURA","townEn":"KATSURASHIMA"},"3993804":{"prefectureJa":"長野県","cityJa":"上伊那郡中川村","townJa":"四徳","prefectureEn":"NAGANO KEN","cityEn":"KAMIINA GUN NAKAGAWA MURA","townEn":"SHITOKU"},"3994100":{"prefectureJa":"長野県","cityJa":"駒ヶ根市","townJa":"以下に掲載がない場合","prefectureEn":"NAGANO KEN","cityEn":"KOMAGANE SHI","townEn":"IKANIKEISAIGANAIBAAI"},"3994101":{"prefectureJa":"長野県","cityJa":"駒ヶ根市","townJa":"下平（その他）","prefectureEn":"NAGANO KEN","cityEn":"KOMAGANE SHI","townEn":"SHIMODAIRA(SONOTA)"},"3994102":{"prefectureJa":"長野県","cityJa":"駒ヶ根市","townJa":"飯坂","prefectureEn":"NAGANO KEN","cityEn":"KOMAGANE SHI","townEn":"IIZAKA"},"3994103":{"prefectureJa":"長野県","cityJa":"駒ヶ根市","townJa":"梨の木","prefectureEn":"NAGANO KEN","cityEn":"KOMAGANE SHI","townEn":"NASHINOKI"},"3994104":{"prefectureJa":"長野県","cityJa":"駒ヶ根市","townJa":"経塚","prefectureEn":"NAGANO KEN","cityEn":"KOMAGANE SHI","townEn":"KYOZUKA"},"3994105":{"prefectureJa":"長野県","cityJa":"駒ヶ根市","townJa":"赤須東","prefectureEn":"NAGANO KEN","cityEn":"KOMAGANE SHI","townEn":"AKAZUHIGASHI"},"3994106":{"prefectureJa":"長野県","cityJa":"駒ヶ根市","townJa":"東町","prefectureEn":"NAGANO KEN","cityEn":"KOMAGANE SHI","townEn":"HIGASHIMACHI"},"3994107":{"prefectureJa":"長野県","cityJa":"駒ヶ根市","townJa":"南田","prefectureEn":"NAGANO KEN","cityEn":"KOMAGANE SHI","townEn":"MINAMIDA"},"3994108":{"prefectureJa":"長野県","cityJa":"駒ヶ根市","townJa":"下市場","prefectureEn":"NAGANO KEN","cityEn":"KOMAGANE SHI","townEn":"SHIMOICHIBA"},"3994111":{"prefectureJa":"長野県","cityJa":"駒ヶ根市","townJa":"北町","prefectureEn":"NAGANO KEN","cityEn":"KOMAGANE SHI","townEn":"KITAMACHI"},"3994112":{"prefectureJa":"長野県","cityJa":"駒ヶ根市","townJa":"中央","prefectureEn":"NAGANO KEN","cityEn":"KOMAGANE SHI","townEn":"CHUO"},"3994113":{"prefectureJa":"長野県","cityJa":"駒ヶ根市","townJa":"赤須町","prefectureEn":"NAGANO KEN","cityEn":"KOMAGANE SHI","townEn":"AKAZUMACHI"},"3994114":{"prefectureJa":"長野県","cityJa":"駒ヶ根市","townJa":"上穂南","prefectureEn":"NAGANO KEN","cityEn":"KOMAGANE SHI","townEn":"UWABU MINAMI"},"3994115":{"prefectureJa":"長野県","cityJa":"駒ヶ根市","townJa":"上穂栄町","prefectureEn":"NAGANO KEN","cityEn":"KOMAGANE SHI","townEn":"UWABU SAKAEMACHI"},"3994116":{"prefectureJa":"長野県","cityJa":"駒ヶ根市","townJa":"上穂北","prefectureEn":"NAGANO KEN","cityEn":"KOMAGANE SHI","townEn":"UWABU KITA"},"3994117":{"prefectureJa":"長野県","cityJa":"駒ヶ根市","townJa":"赤穂","prefectureEn":"NAGANO KEN","cityEn":"KOMAGANE SHI","townEn":"AKAHO"},"3994231":{"prefectureJa":"長野県","cityJa":"駒ヶ根市","townJa":"中沢","prefectureEn":"NAGANO KEN","cityEn":"KOMAGANE SHI","townEn":"NAKAZAWA"},"3994232":{"prefectureJa":"長野県","cityJa":"駒ヶ根市","townJa":"下平（２０７０～２１１９、２３０９～２３１１、２４１９、２４２１～２４２６","prefectureEn":"NAGANO KEN","cityEn":"KOMAGANE SHI","townEn":".2433-2450)"},"3994301":{"prefectureJa":"長野県","cityJa":"上伊那郡宮田村","townJa":"宮田村一円","prefectureEn":"NAGANO KEN","cityEn":"KAMIINA GUN MIYADA MURA","townEn":"MIYADAMURAICHIEN"},"3994321":{"prefectureJa":"長野県","cityJa":"駒ヶ根市","townJa":"東伊那","prefectureEn":"NAGANO KEN","cityEn":"KOMAGANE SHI","townEn":"HIGASHIINA"},"3994431":{"prefectureJa":"長野県","cityJa":"伊那市","townJa":"西春近","prefectureEn":"NAGANO KEN","cityEn":"INA SHI","townEn":"NISHIHARUCHIKA"},"3994432":{"prefectureJa":"長野県","cityJa":"伊那市","townJa":"東春近","prefectureEn":"NAGANO KEN","cityEn":"INA SHI","townEn":"HIGASHIHARUCHIKA"},"3994511":{"prefectureJa":"長野県","cityJa":"上伊那郡南箕輪村","townJa":"南箕輪村一円","prefectureEn":"NAGANO KEN","cityEn":"KAMIINA GUN MINAMIMINOWA MURA","townEn":"MINAMIMINOWAMURAICHIEN"},"3994600":{"prefectureJa":"長野県","cityJa":"上伊那郡箕輪町","townJa":"以下に掲載がない場合","prefectureEn":"NAGANO KEN","cityEn":"KAMIINA GUN MINOWA MACHI","townEn":"IKANIKEISAIGANAIBAAI"},"3994601":{"prefectureJa":"長野県","cityJa":"上伊那郡箕輪町","townJa":"中箕輪","prefectureEn":"NAGANO KEN","cityEn":"KAMIINA GUN MINOWA MACHI","townEn":"NAKAMINOWA"},"3994602":{"prefectureJa":"長野県","cityJa":"上伊那郡箕輪町","townJa":"東箕輪","prefectureEn":"NAGANO KEN","cityEn":"KAMIINA GUN MINOWA MACHI","townEn":"HIGASHIMINOWA"},"3994603":{"prefectureJa":"長野県","cityJa":"上伊那郡箕輪町","townJa":"三日町","prefectureEn":"NAGANO KEN","cityEn":"KAMIINA GUN MINOWA MACHI","townEn":"MIKKAMACHI"},"3994604":{"prefectureJa":"長野県","cityJa":"上伊那郡箕輪町","townJa":"福与","prefectureEn":"NAGANO KEN","cityEn":"KAMIINA GUN MINOWA MACHI","townEn":"FUKUYO"},"3994605":{"prefectureJa":"長野県","cityJa":"上伊那郡箕輪町","townJa":"中曽根","prefectureEn":"NAGANO KEN","cityEn":"KAMIINA GUN MINOWA MACHI","townEn":"NAKAZONE"},"3995300":{"prefectureJa":"長野県","cityJa":"木曽郡南木曽町","townJa":"以下に掲載がない場合","prefectureEn":"NAGANO KEN","cityEn":"KISO GUN NAGISO MACHI","townEn":"IKANIKEISAIGANAIBAAI"},"3995301":{"prefectureJa":"長野県","cityJa":"木曽郡南木曽町","townJa":"読書","prefectureEn":"NAGANO KEN","cityEn":"KISO GUN NAGISO MACHI","townEn":"YOMIKAKI"},"3995302":{"prefectureJa":"長野県","cityJa":"木曽郡南木曽町","townJa":"吾妻","prefectureEn":"NAGANO KEN","cityEn":"KISO GUN NAGISO MACHI","townEn":"AZUMA"},"3995303":{"prefectureJa":"長野県","cityJa":"木曽郡南木曽町","townJa":"田立","prefectureEn":"NAGANO KEN","cityEn":"KISO GUN NAGISO MACHI","townEn":"TADACHI"},"3995500":{"prefectureJa":"長野県","cityJa":"木曽郡大桑村","townJa":"以下に掲載がない場合","prefectureEn":"NAGANO KEN","cityEn":"KISO GUN OKUWA MURA","townEn":"IKANIKEISAIGANAIBAAI"},"3995501":{"prefectureJa":"長野県","cityJa":"木曽郡大桑村","townJa":"殿","prefectureEn":"NAGANO KEN","cityEn":"KISO GUN OKUWA MURA","townEn":"TONO"},"3995502":{"prefectureJa":"長野県","cityJa":"木曽郡大桑村","townJa":"須原","prefectureEn":"NAGANO KEN","cityEn":"KISO GUN OKUWA MURA","townEn":"SUHARA"},"3995503":{"prefectureJa":"長野県","cityJa":"木曽郡大桑村","townJa":"長野","prefectureEn":"NAGANO KEN","cityEn":"KISO GUN OKUWA MURA","townEn":"NAGANO"},"3995504":{"prefectureJa":"長野県","cityJa":"木曽郡大桑村","townJa":"野尻","prefectureEn":"NAGANO KEN","cityEn":"KISO GUN OKUWA MURA","townEn":"NOJIRI"},"3995600":{"prefectureJa":"長野県","cityJa":"木曽郡上松町","townJa":"以下に掲載がない場合","prefectureEn":"NAGANO KEN","cityEn":"KISO GUN AGEMATSU MACHI","townEn":"IKANIKEISAIGANAIBAAI"},"3995601":{"prefectureJa":"長野県","cityJa":"木曽郡上松町","townJa":"上松","prefectureEn":"NAGANO KEN","cityEn":"KISO GUN AGEMATSU MACHI","townEn":"AGEMATSU"},"3995602":{"prefectureJa":"長野県","cityJa":"木曽郡上松町","townJa":"本町通り","prefectureEn":"NAGANO KEN","cityEn":"KISO GUN AGEMATSU MACHI","townEn":"HOMMACHIDORI"},"3995603":{"prefectureJa":"長野県","cityJa":"木曽郡上松町","townJa":"駅前通り","prefectureEn":"NAGANO KEN","cityEn":"KISO GUN AGEMATSU MACHI","townEn":"EKIMAEDORI"},"3995604":{"prefectureJa":"長野県","cityJa":"木曽郡上松町","townJa":"正島町","prefectureEn":"NAGANO KEN","cityEn":"KISO GUN AGEMATSU MACHI","townEn":"SHOJIMAMACHI"},"3995605":{"prefectureJa":"長野県","cityJa":"木曽郡上松町","townJa":"栄町","prefectureEn":"NAGANO KEN","cityEn":"KISO GUN AGEMATSU MACHI","townEn":"SAKAEMACHI"},"3995606":{"prefectureJa":"長野県","cityJa":"木曽郡上松町","townJa":"緑町","prefectureEn":"NAGANO KEN","cityEn":"KISO GUN AGEMATSU MACHI","townEn":"MIDORIMACHI"},"3995607":{"prefectureJa":"長野県","cityJa":"木曽郡上松町","townJa":"小川","prefectureEn":"NAGANO KEN","cityEn":"KISO GUN AGEMATSU MACHI","townEn":"OGAWA"},"3995608":{"prefectureJa":"長野県","cityJa":"木曽郡上松町","townJa":"荻原","prefectureEn":"NAGANO KEN","cityEn":"KISO GUN AGEMATSU MACHI","townEn":"OGIHARA"},"3995609":{"prefectureJa":"長野県","cityJa":"木曽郡上松町","townJa":"旭町","prefectureEn":"NAGANO KEN","cityEn":"KISO GUN AGEMATSU MACHI","townEn":"ASAHIMACHI"},"3996101":{"prefectureJa":"長野県","cityJa":"木曽郡木曽町","townJa":"日義","prefectureEn":"NAGANO KEN","cityEn":"KISO GUN KISO MACHI","townEn":"HIYOSHI"},"3996200":{"prefectureJa":"長野県","cityJa":"木曽郡木祖村","townJa":"以下に掲載がない場合","prefectureEn":"NAGANO KEN","cityEn":"KISO GUN KISO MURA","townEn":"IKANIKEISAIGANAIBAAI"},"3996201":{"prefectureJa":"長野県","cityJa":"木曽郡木祖村","townJa":"薮原","prefectureEn":"NAGANO KEN","cityEn":"KISO GUN KISO MURA","townEn":"YABUHARA"},"3996202":{"prefectureJa":"長野県","cityJa":"木曽郡木祖村","townJa":"菅","prefectureEn":"NAGANO KEN","cityEn":"KISO GUN KISO MURA","townEn":"SUGE"},"3996203":{"prefectureJa":"長野県","cityJa":"木曽郡木祖村","townJa":"小木曽","prefectureEn":"NAGANO KEN","cityEn":"KISO GUN KISO MURA","townEn":"OGISO"},"3996301":{"prefectureJa":"長野県","cityJa":"塩尻市","townJa":"贄川","prefectureEn":"NAGANO KEN","cityEn":"SHIOJIRI SHI","townEn":"NIEKAWA"},"3996302":{"prefectureJa":"長野県","cityJa":"塩尻市","townJa":"木曽平沢","prefectureEn":"NAGANO KEN","cityEn":"SHIOJIRI SHI","townEn":"KISOHIRASAWA"},"3996303":{"prefectureJa":"長野県","cityJa":"塩尻市","townJa":"奈良井","prefectureEn":"NAGANO KEN","cityEn":"SHIOJIRI SHI","townEn":"NARAI"},"3996461":{"prefectureJa":"長野県","cityJa":"塩尻市","townJa":"宗賀","prefectureEn":"NAGANO KEN","cityEn":"SHIOJIRI SHI","townEn":"SOGA"},"3996462":{"prefectureJa":"長野県","cityJa":"塩尻市","townJa":"洗馬","prefectureEn":"NAGANO KEN","cityEn":"SHIOJIRI SHI","townEn":"SEBA"},"3997101":{"prefectureJa":"長野県","cityJa":"安曇野市","townJa":"明科東川手","prefectureEn":"NAGANO KEN","cityEn":"AZUMINO SHI","townEn":"AKASHINA HIGASHIKAWATE"},"3997102":{"prefectureJa":"長野県","cityJa":"安曇野市","townJa":"明科中川手","prefectureEn":"NAGANO KEN","cityEn":"AZUMINO SHI","townEn":"AKASHINA NAKAGAWATE"},"3997103":{"prefectureJa":"長野県","cityJa":"安曇野市","townJa":"明科光","prefectureEn":"NAGANO KEN","cityEn":"AZUMINO SHI","townEn":"AKASHINA HIKARU"},"3997104":{"prefectureJa":"長野県","cityJa":"安曇野市","townJa":"明科七貴","prefectureEn":"NAGANO KEN","cityEn":"AZUMINO SHI","townEn":"AKASHINA NANAKI"},"3997105":{"prefectureJa":"長野県","cityJa":"安曇野市","townJa":"明科南陸郷","prefectureEn":"NAGANO KEN","cityEn":"AZUMINO SHI","townEn":"AKASHINA MINAMIRIKUGO"},"3997200":{"prefectureJa":"長野県","cityJa":"東筑摩郡生坂村","townJa":"以下に掲載がない場合","prefectureEn":"NAGANO KEN","cityEn":"HIGASHICHIKUMA GUN IKUSAKA MURA","townEn":"IKANIKEISAIGANAIBAAI"},"3997201":{"prefectureJa":"長野県","cityJa":"東筑摩郡生坂村","townJa":"生坂村の次に番地がくる場合","prefectureEn":"NAGANO KEN","cityEn":"HIGASHICHIKUMA GUN IKUSAKA MURA","townEn":"IKUSAKAMURANOTSUGINIBANCHIGAKURUBAA"},"3997202":{"prefectureJa":"長野県","cityJa":"東筑摩郡生坂村","townJa":"北陸郷","prefectureEn":"NAGANO KEN","cityEn":"HIGASHICHIKUMA GUN IKUSAKA MURA","townEn":"KITARIKUGO"},"3997301":{"prefectureJa":"長野県","cityJa":"大町市","townJa":"八坂","prefectureEn":"NAGANO KEN","cityEn":"OMACHI SHI","townEn":"YASAKA"},"3997302":{"prefectureJa":"長野県","cityJa":"大町市","townJa":"八坂菖蒲","prefectureEn":"NAGANO KEN","cityEn":"OMACHI SHI","townEn":"YASAKASHOBU"},"3997311":{"prefectureJa":"長野県","cityJa":"東筑摩郡生坂村","townJa":"東広津","prefectureEn":"NAGANO KEN","cityEn":"HIGASHICHIKUMA GUN IKUSAKA MURA","townEn":"HIGASHIHIROTSU"},"3997401":{"prefectureJa":"長野県","cityJa":"松本市","townJa":"五常","prefectureEn":"NAGANO KEN","cityEn":"MATSUMOTO SHI","townEn":"GOJO"},"3997402":{"prefectureJa":"長野県","cityJa":"松本市","townJa":"会田","prefectureEn":"NAGANO KEN","cityEn":"MATSUMOTO SHI","townEn":"AIDA"},"3997403":{"prefectureJa":"長野県","cityJa":"松本市","townJa":"穴沢","prefectureEn":"NAGANO KEN","cityEn":"MATSUMOTO SHI","townEn":"ANAZAWA"},"3997404":{"prefectureJa":"長野県","cityJa":"松本市","townJa":"取出","prefectureEn":"NAGANO KEN","cityEn":"MATSUMOTO SHI","townEn":"TORIIDE"},"3997405":{"prefectureJa":"長野県","cityJa":"松本市","townJa":"板場","prefectureEn":"NAGANO KEN","cityEn":"MATSUMOTO SHI","townEn":"ITABA"},"3997411":{"prefectureJa":"長野県","cityJa":"松本市","townJa":"中川","prefectureEn":"NAGANO KEN","cityEn":"MATSUMOTO SHI","townEn":"NAKAGAWA"},"3997412":{"prefectureJa":"長野県","cityJa":"松本市","townJa":"保福寺町","prefectureEn":"NAGANO KEN","cityEn":"MATSUMOTO SHI","townEn":"HOFUKUJIMACHI"},"3997413":{"prefectureJa":"長野県","cityJa":"松本市","townJa":"金山町","prefectureEn":"NAGANO KEN","cityEn":"MATSUMOTO SHI","townEn":"KANAYAMAMACHI"},"3997414":{"prefectureJa":"長野県","cityJa":"松本市","townJa":"殿野入","prefectureEn":"NAGANO KEN","cityEn":"MATSUMOTO SHI","townEn":"TONONOIRI"},"3997415":{"prefectureJa":"長野県","cityJa":"松本市","townJa":"赤怒田","prefectureEn":"NAGANO KEN","cityEn":"MATSUMOTO SHI","townEn":"AKANUTA"},"3997416":{"prefectureJa":"長野県","cityJa":"松本市","townJa":"七嵐","prefectureEn":"NAGANO KEN","cityEn":"MATSUMOTO SHI","townEn":"NANAARASHI"},"3997417":{"prefectureJa":"長野県","cityJa":"松本市","townJa":"刈谷原町","prefectureEn":"NAGANO KEN","cityEn":"MATSUMOTO SHI","townEn":"KARIYAHARAMACHI"},"3997418":{"prefectureJa":"長野県","cityJa":"松本市","townJa":"反町","prefectureEn":"NAGANO KEN","cityEn":"MATSUMOTO SHI","townEn":"SORIMACHI"},"3997500":{"prefectureJa":"長野県","cityJa":"東筑摩郡筑北村","townJa":"以下に掲載がない場合","prefectureEn":"NAGANO KEN","cityEn":"HIGASHICHIKUMA GUN CHIKUHOKU MURA","townEn":"IKANIKEISAIGANAIBAAI"},"3997501":{"prefectureJa":"長野県","cityJa":"東筑摩郡筑北村","townJa":"西条","prefectureEn":"NAGANO KEN","cityEn":"HIGASHICHIKUMA GUN CHIKUHOKU MURA","townEn":"NISHIJO"},"3997502":{"prefectureJa":"長野県","cityJa":"東筑摩郡筑北村","townJa":"東条","prefectureEn":"NAGANO KEN","cityEn":"HIGASHICHIKUMA GUN CHIKUHOKU MURA","townEn":"HIGASHIJO"},"3997503":{"prefectureJa":"長野県","cityJa":"東筑摩郡筑北村","townJa":"大沢新田","prefectureEn":"NAGANO KEN","cityEn":"HIGASHICHIKUMA GUN CHIKUHOKU MURA","townEn":"OSAWASHINDEN"},"3997504":{"prefectureJa":"長野県","cityJa":"東筑摩郡筑北村","townJa":"乱橋","prefectureEn":"NAGANO KEN","cityEn":"HIGASHICHIKUMA GUN CHIKUHOKU MURA","townEn":"MIDAREHASHI"},"3997601":{"prefectureJa":"長野県","cityJa":"東筑摩郡筑北村","townJa":"坂北","prefectureEn":"NAGANO KEN","cityEn":"HIGASHICHIKUMA GUN CHIKUHOKU MURA","townEn":"SAKAKITA"},"3997700":{"prefectureJa":"長野県","cityJa":"東筑摩郡麻績村","townJa":"以下に掲載がない場合","prefectureEn":"NAGANO KEN","cityEn":"HIGASHICHIKUMA GUN OMI MURA","townEn":"IKANIKEISAIGANAIBAAI"},"3997701":{"prefectureJa":"長野県","cityJa":"東筑摩郡麻績村","townJa":"麻","prefectureEn":"NAGANO KEN","cityEn":"HIGASHICHIKUMA GUN OMI MURA","townEn":"O"},"3997702":{"prefectureJa":"長野県","cityJa":"東筑摩郡麻績村","townJa":"日","prefectureEn":"NAGANO KEN","cityEn":"HIGASHICHIKUMA GUN OMI MURA","townEn":"HI"},"3997711":{"prefectureJa":"長野県","cityJa":"東筑摩郡筑北村","townJa":"坂井","prefectureEn":"NAGANO KEN","cityEn":"HIGASHICHIKUMA GUN CHIKUHOKU MURA","townEn":"SAKAI"},"3998101":{"prefectureJa":"長野県","cityJa":"安曇野市","townJa":"三郷明盛","prefectureEn":"NAGANO KEN","cityEn":"AZUMINO SHI","townEn":"MISATO MEISEI"},"3998102":{"prefectureJa":"長野県","cityJa":"安曇野市","townJa":"三郷温","prefectureEn":"NAGANO KEN","cityEn":"AZUMINO SHI","townEn":"MISATO YUTAKA"},"3998103":{"prefectureJa":"長野県","cityJa":"安曇野市","townJa":"三郷小倉","prefectureEn":"NAGANO KEN","cityEn":"AZUMINO SHI","townEn":"MISATO OGURA"},"3998200":{"prefectureJa":"長野県","cityJa":"安曇野市","townJa":"以下に掲載がない場合","prefectureEn":"NAGANO KEN","cityEn":"AZUMINO SHI","townEn":"IKANIKEISAIGANAIBAAI"},"3998201":{"prefectureJa":"長野県","cityJa":"安曇野市","townJa":"豊科南穂高","prefectureEn":"NAGANO KEN","cityEn":"AZUMINO SHI","townEn":"TOYOSHINA MINAMIHOTAKA"},"3998202":{"prefectureJa":"長野県","cityJa":"安曇野市","townJa":"豊科光","prefectureEn":"NAGANO KEN","cityEn":"AZUMINO SHI","townEn":"TOYOSHINA HIKARU"},"3998203":{"prefectureJa":"長野県","cityJa":"安曇野市","townJa":"豊科田沢","prefectureEn":"NAGANO KEN","cityEn":"AZUMINO SHI","townEn":"TOYOSHINA TAZAWA"},"3998204":{"prefectureJa":"長野県","cityJa":"安曇野市","townJa":"豊科高家","prefectureEn":"NAGANO KEN","cityEn":"AZUMINO SHI","townEn":"TOYOSHINA TAKIBE"},"3998205":{"prefectureJa":"長野県","cityJa":"安曇野市","townJa":"豊科","prefectureEn":"NAGANO KEN","cityEn":"AZUMINO SHI","townEn":"TOYOSHINA"},"3998211":{"prefectureJa":"長野県","cityJa":"安曇野市","townJa":"堀金烏川","prefectureEn":"NAGANO KEN","cityEn":"AZUMINO SHI","townEn":"HORIGANE KARASUGAWA"},"3998212":{"prefectureJa":"長野県","cityJa":"安曇野市","townJa":"堀金三田","prefectureEn":"NAGANO KEN","cityEn":"AZUMINO SHI","townEn":"HORIGANE MITA"},"3998251":{"prefectureJa":"長野県","cityJa":"松本市","townJa":"島内（９８２０、９８２１、９８２３～９８３０、９８６４番地以上）","prefectureEn":"NAGANO KEN","cityEn":"MATSUMOTO SHI","townEn":"SHIMAUCHI(9820.9821.9823-9830.9864-"},"3998301":{"prefectureJa":"長野県","cityJa":"安曇野市","townJa":"穂高有明","prefectureEn":"NAGANO KEN","cityEn":"AZUMINO SHI","townEn":"HOTAKA ARIAKE"},"3998302":{"prefectureJa":"長野県","cityJa":"安曇野市","townJa":"穂高北穂高","prefectureEn":"NAGANO KEN","cityEn":"AZUMINO SHI","townEn":"HOTAKA KITAHOTAKA"},"3998303":{"prefectureJa":"長野県","cityJa":"安曇野市","townJa":"穂高","prefectureEn":"NAGANO KEN","cityEn":"AZUMINO SHI","townEn":"HOTAKA"},"3998304":{"prefectureJa":"長野県","cityJa":"安曇野市","townJa":"穂高柏原","prefectureEn":"NAGANO KEN","cityEn":"AZUMINO SHI","townEn":"HOTAKA KASHIWABARA"},"3998305":{"prefectureJa":"長野県","cityJa":"安曇野市","townJa":"穂高牧","prefectureEn":"NAGANO KEN","cityEn":"AZUMINO SHI","townEn":"HOTAKA MAKI"},"3998501":{"prefectureJa":"長野県","cityJa":"北安曇郡松川村","townJa":"松川村一円","prefectureEn":"NAGANO KEN","cityEn":"KITAAZUMI GUN MATSUKAWA MURA","townEn":"MATSUKAWAMURAICHIEN"},"3998600":{"prefectureJa":"長野県","cityJa":"北安曇郡池田町","townJa":"以下に掲載がない場合","prefectureEn":"NAGANO KEN","cityEn":"KITAAZUMI GUN IKEDA MACHI","townEn":"IKANIKEISAIGANAIBAAI"},"3998601":{"prefectureJa":"長野県","cityJa":"北安曇郡池田町","townJa":"池田","prefectureEn":"NAGANO KEN","cityEn":"KITAAZUMI GUN IKEDA MACHI","townEn":"IKEDA"},"3998602":{"prefectureJa":"長野県","cityJa":"北安曇郡池田町","townJa":"会染","prefectureEn":"NAGANO KEN","cityEn":"KITAAZUMI GUN IKEDA MACHI","townEn":"AISOME"},"3998603":{"prefectureJa":"長野県","cityJa":"北安曇郡池田町","townJa":"中鵜","prefectureEn":"NAGANO KEN","cityEn":"KITAAZUMI GUN IKEDA MACHI","townEn":"NAKAU"},"3998604":{"prefectureJa":"長野県","cityJa":"北安曇郡池田町","townJa":"広津","prefectureEn":"NAGANO KEN","cityEn":"KITAAZUMI GUN IKEDA MACHI","townEn":"HIROTSU"},"3998605":{"prefectureJa":"長野県","cityJa":"北安曇郡池田町","townJa":"陸郷","prefectureEn":"NAGANO KEN","cityEn":"KITAAZUMI GUN IKEDA MACHI","townEn":"RIKUGO"},"3999101":{"prefectureJa":"長野県","cityJa":"大町市","townJa":"美麻","prefectureEn":"NAGANO KEN","cityEn":"OMACHI SHI","townEn":"MIASA"},"3999211":{"prefectureJa":"長野県","cityJa":"北安曇郡白馬村","townJa":"神城","prefectureEn":"NAGANO KEN","cityEn":"KITAAZUMI GUN HAKUBA MURA","townEn":"KAMISHIRO"},"3999300":{"prefectureJa":"長野県","cityJa":"北安曇郡白馬村","townJa":"以下に掲載がない場合","prefectureEn":"NAGANO KEN","cityEn":"KITAAZUMI GUN HAKUBA MURA","townEn":"IKANIKEISAIGANAIBAAI"},"3999301":{"prefectureJa":"長野県","cityJa":"北安曇郡白馬村","townJa":"北城","prefectureEn":"NAGANO KEN","cityEn":"KITAAZUMI GUN HAKUBA MURA","townEn":"HOKUJO"},"3999400":{"prefectureJa":"長野県","cityJa":"北安曇郡小谷村","townJa":"以下に掲載がない場合","prefectureEn":"NAGANO KEN","cityEn":"KITAAZUMI GUN OTARI MURA","townEn":"IKANIKEISAIGANAIBAAI"},"3999421":{"prefectureJa":"長野県","cityJa":"北安曇郡小谷村","townJa":"中小谷","prefectureEn":"NAGANO KEN","cityEn":"KITAAZUMI GUN OTARI MURA","townEn":"NAKAOTARI"},"3999422":{"prefectureJa":"長野県","cityJa":"北安曇郡小谷村","townJa":"千国","prefectureEn":"NAGANO KEN","cityEn":"KITAAZUMI GUN OTARI MURA","townEn":"CHIKUNI"},"3999511":{"prefectureJa":"長野県","cityJa":"北安曇郡小谷村","townJa":"中土","prefectureEn":"NAGANO KEN","cityEn":"KITAAZUMI GUN OTARI MURA","townEn":"NAKATSUCHI"},"3999601":{"prefectureJa":"長野県","cityJa":"北安曇郡小谷村","townJa":"北小谷","prefectureEn":"NAGANO KEN","cityEn":"KITAAZUMI GUN OTARI MURA","townEn":"KITAOTARI"}}