{"9250000":{"prefectureJa":"石川県","cityJa":"羽咋市","townJa":"以下に掲載がない場合","prefectureEn":"ISHIKAWA KEN","cityEn":"HAKUI SHI","townEn":"IKANIKEISAIGANAIBAAI"},"9250001":{"prefectureJa":"石川県","cityJa":"羽咋市","townJa":"柴垣町","prefectureEn":"ISHIKAWA KEN","cityEn":"HAKUI SHI","townEn":"SHIBAGAKIMACHI"},"9250002":{"prefectureJa":"石川県","cityJa":"羽咋市","townJa":"滝谷町","prefectureEn":"ISHIKAWA KEN","cityEn":"HAKUI SHI","townEn":"TAKIDANIMACHI"},"9250003":{"prefectureJa":"石川県","cityJa":"羽咋市","townJa":"寺家町","prefectureEn":"ISHIKAWA KEN","cityEn":"HAKUI SHI","townEn":"JIKEMACHI"},"9250004":{"prefectureJa":"石川県","cityJa":"羽咋市","townJa":"一ノ宮町","prefectureEn":"ISHIKAWA KEN","cityEn":"HAKUI SHI","townEn":"ICHINOMIYAMACHI"},"9250005":{"prefectureJa":"石川県","cityJa":"羽咋市","townJa":"滝町","prefectureEn":"ISHIKAWA KEN","cityEn":"HAKUI SHI","townEn":"TAKIMACHI"},"9250011":{"prefectureJa":"石川県","cityJa":"羽咋市","townJa":"上中山町","prefectureEn":"ISHIKAWA KEN","cityEn":"HAKUI SHI","townEn":"KAMINAKAYAMAMACHI"},"9250012":{"prefectureJa":"石川県","cityJa":"羽咋市","townJa":"千路町","prefectureEn":"ISHIKAWA KEN","cityEn":"HAKUI SHI","townEn":"CHIJIMACHI"},"9250013":{"prefectureJa":"石川県","cityJa":"羽咋市","townJa":"東釜屋町","prefectureEn":"ISHIKAWA KEN","cityEn":"HAKUI SHI","townEn":"HIGASHIKAMAYAMACHI"},"9250014":{"prefectureJa":"石川県","cityJa":"羽咋市","townJa":"釜屋町","prefectureEn":"ISHIKAWA KEN","cityEn":"HAKUI SHI","townEn":"KAMAYAMACHI"},"9250015":{"prefectureJa":"石川県","cityJa":"羽咋市","townJa":"大川町","prefectureEn":"ISHIKAWA KEN","cityEn":"HAKUI SHI","townEn":"OKAWAMACHI"},"9250016":{"prefectureJa":"石川県","cityJa":"羽咋市","townJa":"羽咋町","prefectureEn":"ISHIKAWA KEN","cityEn":"HAKUI SHI","townEn":"HAKUIMACHI"},"9250017":{"prefectureJa":"石川県","cityJa":"羽咋市","townJa":"西釜屋町","prefectureEn":"ISHIKAWA KEN","cityEn":"HAKUI SHI","townEn":"NISHIKAMAYAMACHI"},"9250018":{"prefectureJa":"石川県","cityJa":"羽咋市","townJa":"柳田町","prefectureEn":"ISHIKAWA KEN","cityEn":"HAKUI SHI","townEn":"YANAIDAMACHI"},"9250021":{"prefectureJa":"石川県","cityJa":"羽咋市","townJa":"吉崎町","prefectureEn":"ISHIKAWA KEN","cityEn":"HAKUI SHI","townEn":"YOSHISAKIMACHI"},"9250022":{"prefectureJa":"石川県","cityJa":"羽咋市","townJa":"深江町","prefectureEn":"ISHIKAWA KEN","cityEn":"HAKUI SHI","townEn":"FUKAEMACHI"},"9250023":{"prefectureJa":"石川県","cityJa":"羽咋市","townJa":"若草町","prefectureEn":"ISHIKAWA KEN","cityEn":"HAKUI SHI","townEn":"WAKAKUSAMACHI"},"9250024":{"prefectureJa":"石川県","cityJa":"羽咋市","townJa":"三ツ屋町","prefectureEn":"ISHIKAWA KEN","cityEn":"HAKUI SHI","townEn":"MITSUYAMACHI"},"9250025":{"prefectureJa":"石川県","cityJa":"羽咋市","townJa":"太田町","prefectureEn":"ISHIKAWA KEN","cityEn":"HAKUI SHI","townEn":"OTAMACHI"},"9250026":{"prefectureJa":"石川県","cityJa":"羽咋市","townJa":"石野町","prefectureEn":"ISHIKAWA KEN","cityEn":"HAKUI SHI","townEn":"ISHINOMACHI"},"9250027":{"prefectureJa":"石川県","cityJa":"羽咋市","townJa":"鶴多町","prefectureEn":"ISHIKAWA KEN","cityEn":"HAKUI SHI","townEn":"TSURUTAMACHI"},"9250028":{"prefectureJa":"石川県","cityJa":"羽咋市","townJa":"次場町","prefectureEn":"ISHIKAWA KEN","cityEn":"HAKUI SHI","townEn":"SUBAMACHI"},"9250031":{"prefectureJa":"石川県","cityJa":"羽咋市","townJa":"東的場町","prefectureEn":"ISHIKAWA KEN","cityEn":"HAKUI SHI","townEn":"HIGASHIMATOBAMACHI"},"9250032":{"prefectureJa":"石川県","cityJa":"羽咋市","townJa":"東川原町","prefectureEn":"ISHIKAWA KEN","cityEn":"HAKUI SHI","townEn":"HIGASHIKAWARAMACHI"},"9250033":{"prefectureJa":"石川県","cityJa":"羽咋市","townJa":"川原町","prefectureEn":"ISHIKAWA KEN","cityEn":"HAKUI SHI","townEn":"KAWARAMACHI"},"9250034":{"prefectureJa":"石川県","cityJa":"羽咋市","townJa":"旭町","prefectureEn":"ISHIKAWA KEN","cityEn":"HAKUI SHI","townEn":"ASAHIMACHI"},"9250035":{"prefectureJa":"石川県","cityJa":"羽咋市","townJa":"本町","prefectureEn":"ISHIKAWA KEN","cityEn":"HAKUI SHI","townEn":"HOMMACHI"},"9250036":{"prefectureJa":"石川県","cityJa":"羽咋市","townJa":"的場町","prefectureEn":"ISHIKAWA KEN","cityEn":"HAKUI SHI","townEn":"MATOBAMACHI"},"9250041":{"prefectureJa":"石川県","cityJa":"羽咋市","townJa":"立開町","prefectureEn":"ISHIKAWA KEN","cityEn":"HAKUI SHI","townEn":"RYUGAIMACHI"},"9250042":{"prefectureJa":"石川県","cityJa":"羽咋市","townJa":"土橋町","prefectureEn":"ISHIKAWA KEN","cityEn":"HAKUI SHI","townEn":"TSUCHIHASHIMACHI"},"9250043":{"prefectureJa":"石川県","cityJa":"羽咋市","townJa":"粟原町","prefectureEn":"ISHIKAWA KEN","cityEn":"HAKUI SHI","townEn":"AWARAMACHI"},"9250044":{"prefectureJa":"石川県","cityJa":"羽咋市","townJa":"新保町","prefectureEn":"ISHIKAWA KEN","cityEn":"HAKUI SHI","townEn":"SHIMBOMACHI"},"9250045":{"prefectureJa":"石川県","cityJa":"羽咋市","townJa":"粟生町","prefectureEn":"ISHIKAWA KEN","cityEn":"HAKUI SHI","townEn":"AOMACHI"},"9250046":{"prefectureJa":"石川県","cityJa":"羽咋市","townJa":"兵庫町","prefectureEn":"ISHIKAWA KEN","cityEn":"HAKUI SHI","townEn":"HYOGOMACHI"},"9250047":{"prefectureJa":"石川県","cityJa":"羽咋市","townJa":"御坊山町","prefectureEn":"ISHIKAWA KEN","cityEn":"HAKUI SHI","townEn":"GOBOYAMAMACHI"},"9250048":{"prefectureJa":"石川県","cityJa":"羽咋市","townJa":"松ケ下町","prefectureEn":"ISHIKAWA KEN","cityEn":"HAKUI SHI","townEn":"MATSUGASHITAMACHI"},"9250049":{"prefectureJa":"石川県","cityJa":"羽咋市","townJa":"柳橋町","prefectureEn":"ISHIKAWA KEN","cityEn":"HAKUI SHI","townEn":"YANAGIBASHIMACHI"},"9250051":{"prefectureJa":"石川県","cityJa":"羽咋市","townJa":"島出町","prefectureEn":"ISHIKAWA KEN","cityEn":"HAKUI SHI","townEn":"SHIMADEMACHI"},"9250052":{"prefectureJa":"石川県","cityJa":"羽咋市","townJa":"中央町","prefectureEn":"ISHIKAWA KEN","cityEn":"HAKUI SHI","townEn":"CHUOMACHI"},"9250053":{"prefectureJa":"石川県","cityJa":"羽咋市","townJa":"南中央町","prefectureEn":"ISHIKAWA KEN","cityEn":"HAKUI SHI","townEn":"MINAMICHUOMACHI"},"9250054":{"prefectureJa":"石川県","cityJa":"羽咋市","townJa":"千里浜町","prefectureEn":"ISHIKAWA KEN","cityEn":"HAKUI SHI","townEn":"CHIRIHAMAMACHI"},"9250071":{"prefectureJa":"石川県","cityJa":"羽咋市","townJa":"下曽祢町","prefectureEn":"ISHIKAWA KEN","cityEn":"HAKUI SHI","townEn":"SHIMOSONEMACHI"},"9250072":{"prefectureJa":"石川県","cityJa":"羽咋市","townJa":"大町","prefectureEn":"ISHIKAWA KEN","cityEn":"HAKUI SHI","townEn":"OMACHI"},"9250073":{"prefectureJa":"石川県","cityJa":"羽咋市","townJa":"四柳町","prefectureEn":"ISHIKAWA KEN","cityEn":"HAKUI SHI","townEn":"YOTSUYANAGIMACHI"},"9250074":{"prefectureJa":"石川県","cityJa":"羽咋市","townJa":"酒井町","prefectureEn":"ISHIKAWA KEN","cityEn":"HAKUI SHI","townEn":"SAKAIMACHI"},"9250075":{"prefectureJa":"石川県","cityJa":"羽咋市","townJa":"金丸出町","prefectureEn":"ISHIKAWA KEN","cityEn":"HAKUI SHI","townEn":"KANEMARUDEMACHI"},"9250076":{"prefectureJa":"石川県","cityJa":"羽咋市","townJa":"鹿島路町","prefectureEn":"ISHIKAWA KEN","cityEn":"HAKUI SHI","townEn":"KASHIMAJIMACHI"},"9250077":{"prefectureJa":"石川県","cityJa":"羽咋市","townJa":"東潟町","prefectureEn":"ISHIKAWA KEN","cityEn":"HAKUI SHI","townEn":"HIGASHIKATAMACHI"},"9250100":{"prefectureJa":"石川県","cityJa":"羽咋郡志賀町","townJa":"以下に掲載がない場合","prefectureEn":"ISHIKAWA KEN","cityEn":"HAKUI GUN SHIKA MACHI","townEn":"IKANIKEISAIGANAIBAAI"},"9250121":{"prefectureJa":"石川県","cityJa":"羽咋郡志賀町","townJa":"安津見","prefectureEn":"ISHIKAWA KEN","cityEn":"HAKUI GUN SHIKA MACHI","townEn":"AZUMI"},"9250122":{"prefectureJa":"石川県","cityJa":"羽咋郡志賀町","townJa":"倉垣","prefectureEn":"ISHIKAWA KEN","cityEn":"HAKUI GUN SHIKA MACHI","townEn":"KURAKAKI"},"9250123":{"prefectureJa":"石川県","cityJa":"羽咋郡志賀町","townJa":"矢駄","prefectureEn":"ISHIKAWA KEN","cityEn":"HAKUI GUN SHIKA MACHI","townEn":"YADA"},"9250124":{"prefectureJa":"石川県","cityJa":"羽咋郡志賀町","townJa":"西山","prefectureEn":"ISHIKAWA KEN","cityEn":"HAKUI GUN SHIKA MACHI","townEn":"NISHIYAMA"},"9250125":{"prefectureJa":"石川県","cityJa":"羽咋郡志賀町","townJa":"西山台","prefectureEn":"ISHIKAWA KEN","cityEn":"HAKUI GUN SHIKA MACHI","townEn":"NISHIYAMADAI"},"9250131":{"prefectureJa":"石川県","cityJa":"羽咋郡志賀町","townJa":"米浜","prefectureEn":"ISHIKAWA KEN","cityEn":"HAKUI GUN SHIKA MACHI","townEn":"YONEHAMA"},"9250132":{"prefectureJa":"石川県","cityJa":"羽咋郡志賀町","townJa":"穴口","prefectureEn":"ISHIKAWA KEN","cityEn":"HAKUI GUN SHIKA MACHI","townEn":"ANAGUCHI"},"9250133":{"prefectureJa":"石川県","cityJa":"羽咋郡志賀町","townJa":"大坂","prefectureEn":"ISHIKAWA KEN","cityEn":"HAKUI GUN SHIKA MACHI","townEn":"OSAKA"},"9250134":{"prefectureJa":"石川県","cityJa":"羽咋郡志賀町","townJa":"上棚","prefectureEn":"ISHIKAWA KEN","cityEn":"HAKUI GUN SHIKA MACHI","townEn":"UWADANA"},"9250135":{"prefectureJa":"石川県","cityJa":"羽咋郡志賀町","townJa":"二所宮","prefectureEn":"ISHIKAWA KEN","cityEn":"HAKUI GUN SHIKA MACHI","townEn":"NISHONOMIYA"},"9250136":{"prefectureJa":"石川県","cityJa":"羽咋郡志賀町","townJa":"舘","prefectureEn":"ISHIKAWA KEN","cityEn":"HAKUI GUN SHIKA MACHI","townEn":"TACHI"},"9250137":{"prefectureJa":"石川県","cityJa":"羽咋郡志賀町","townJa":"福井","prefectureEn":"ISHIKAWA KEN","cityEn":"HAKUI GUN SHIKA MACHI","townEn":"FUKUI"},"9250141":{"prefectureJa":"石川県","cityJa":"羽咋郡志賀町","townJa":"高浜町","prefectureEn":"ISHIKAWA KEN","cityEn":"HAKUI GUN SHIKA MACHI","townEn":"TAKAHAMACHO"},"9250142":{"prefectureJa":"石川県","cityJa":"羽咋郡志賀町","townJa":"福野","prefectureEn":"ISHIKAWA KEN","cityEn":"HAKUI GUN SHIKA MACHI","townEn":"FUKUNO"},"9250143":{"prefectureJa":"石川県","cityJa":"羽咋郡志賀町","townJa":"宿女","prefectureEn":"ISHIKAWA KEN","cityEn":"HAKUI GUN SHIKA MACHI","townEn":"YADOME"},"9250144":{"prefectureJa":"石川県","cityJa":"羽咋郡志賀町","townJa":"坪野","prefectureEn":"ISHIKAWA KEN","cityEn":"HAKUI GUN SHIKA MACHI","townEn":"TSUBONO"},"9250145":{"prefectureJa":"石川県","cityJa":"羽咋郡志賀町","townJa":"岩田","prefectureEn":"ISHIKAWA KEN","cityEn":"HAKUI GUN SHIKA MACHI","townEn":"IWATA"},"9250146":{"prefectureJa":"石川県","cityJa":"羽咋郡志賀町","townJa":"甘田","prefectureEn":"ISHIKAWA KEN","cityEn":"HAKUI GUN SHIKA MACHI","townEn":"AMADA"},"9250147":{"prefectureJa":"石川県","cityJa":"羽咋郡志賀町","townJa":"大島","prefectureEn":"ISHIKAWA KEN","cityEn":"HAKUI GUN SHIKA MACHI","townEn":"OSHIMA"},"9250148":{"prefectureJa":"石川県","cityJa":"羽咋郡志賀町","townJa":"長沢","prefectureEn":"ISHIKAWA KEN","cityEn":"HAKUI GUN SHIKA MACHI","townEn":"NAGASAWA"},"9250151":{"prefectureJa":"石川県","cityJa":"羽咋郡志賀町","townJa":"梨谷小山","prefectureEn":"ISHIKAWA KEN","cityEn":"HAKUI GUN SHIKA MACHI","townEn":"NASHITANIKOYAMA"},"9250152":{"prefectureJa":"石川県","cityJa":"羽咋郡志賀町","townJa":"北吉田","prefectureEn":"ISHIKAWA KEN","cityEn":"HAKUI GUN SHIKA MACHI","townEn":"KITAYOSHIDA"},"9250153":{"prefectureJa":"石川県","cityJa":"羽咋郡志賀町","townJa":"清水今江","prefectureEn":"ISHIKAWA KEN","cityEn":"HAKUI GUN SHIKA MACHI","townEn":"SHIMIZUIMAE"},"9250154":{"prefectureJa":"石川県","cityJa":"羽咋郡志賀町","townJa":"末吉","prefectureEn":"ISHIKAWA KEN","cityEn":"HAKUI GUN SHIKA MACHI","townEn":"SUEYOSHI"},"9250155":{"prefectureJa":"石川県","cityJa":"羽咋郡志賀町","townJa":"神代","prefectureEn":"ISHIKAWA KEN","cityEn":"HAKUI GUN SHIKA MACHI","townEn":"KAKUMI"},"9250156":{"prefectureJa":"石川県","cityJa":"羽咋郡志賀町","townJa":"矢蔵谷","prefectureEn":"ISHIKAWA KEN","cityEn":"HAKUI GUN SHIKA MACHI","townEn":"YAGURADANI"},"9250157":{"prefectureJa":"石川県","cityJa":"羽咋郡志賀町","townJa":"堀松","prefectureEn":"ISHIKAWA KEN","cityEn":"HAKUI GUN SHIKA MACHI","townEn":"HORIMATSU"},"9250161":{"prefectureJa":"石川県","cityJa":"羽咋郡志賀町","townJa":"赤住","prefectureEn":"ISHIKAWA KEN","cityEn":"HAKUI GUN SHIKA MACHI","townEn":"AKASUMI"},"9250162":{"prefectureJa":"石川県","cityJa":"羽咋郡志賀町","townJa":"百浦","prefectureEn":"ISHIKAWA KEN","cityEn":"HAKUI GUN SHIKA MACHI","townEn":"MOMORA"},"9250163":{"prefectureJa":"石川県","cityJa":"羽咋郡志賀町","townJa":"小浦","prefectureEn":"ISHIKAWA KEN","cityEn":"HAKUI GUN SHIKA MACHI","townEn":"ORA"},"9250164":{"prefectureJa":"石川県","cityJa":"羽咋郡志賀町","townJa":"大津","prefectureEn":"ISHIKAWA KEN","cityEn":"HAKUI GUN SHIKA MACHI","townEn":"OZU"},"9250165":{"prefectureJa":"石川県","cityJa":"羽咋郡志賀町","townJa":"上野","prefectureEn":"ISHIKAWA KEN","cityEn":"HAKUI GUN SHIKA MACHI","townEn":"UWANO"},"9250166":{"prefectureJa":"石川県","cityJa":"羽咋郡志賀町","townJa":"安部屋","prefectureEn":"ISHIKAWA KEN","cityEn":"HAKUI GUN SHIKA MACHI","townEn":"ABUYA"},"9250167":{"prefectureJa":"石川県","cityJa":"羽咋郡志賀町","townJa":"町","prefectureEn":"ISHIKAWA KEN","cityEn":"HAKUI GUN SHIKA MACHI","townEn":"MACHI"},"9250168":{"prefectureJa":"石川県","cityJa":"羽咋郡志賀町","townJa":"川尻","prefectureEn":"ISHIKAWA KEN","cityEn":"HAKUI GUN SHIKA MACHI","townEn":"KAWASHIRI"},"9250201":{"prefectureJa":"石川県","cityJa":"羽咋郡志賀町","townJa":"印内","prefectureEn":"ISHIKAWA KEN","cityEn":"HAKUI GUN SHIKA MACHI","townEn":"INNAI"},"9250202":{"prefectureJa":"石川県","cityJa":"羽咋郡志賀町","townJa":"代田","prefectureEn":"ISHIKAWA KEN","cityEn":"HAKUI GUN SHIKA MACHI","townEn":"SHINANTA"},"9250203":{"prefectureJa":"石川県","cityJa":"羽咋郡志賀町","townJa":"新林","prefectureEn":"ISHIKAWA KEN","cityEn":"HAKUI GUN SHIKA MACHI","townEn":"SHIMBAYASHI"},"9250204":{"prefectureJa":"石川県","cityJa":"羽咋郡志賀町","townJa":"牧山","prefectureEn":"ISHIKAWA KEN","cityEn":"HAKUI GUN SHIKA MACHI","townEn":"MAKIYAMA"},"9250205":{"prefectureJa":"石川県","cityJa":"羽咋郡志賀町","townJa":"仏木","prefectureEn":"ISHIKAWA KEN","cityEn":"HAKUI GUN SHIKA MACHI","townEn":"HOTOGIRI"},"9250206":{"prefectureJa":"石川県","cityJa":"羽咋郡志賀町","townJa":"谷屋","prefectureEn":"ISHIKAWA KEN","cityEn":"HAKUI GUN SHIKA MACHI","townEn":"TANIYA"},"9250207":{"prefectureJa":"石川県","cityJa":"羽咋郡志賀町","townJa":"栗山","prefectureEn":"ISHIKAWA KEN","cityEn":"HAKUI GUN SHIKA MACHI","townEn":"KURIYAMA"},"9250211":{"prefectureJa":"石川県","cityJa":"羽咋郡志賀町","townJa":"矢田","prefectureEn":"ISHIKAWA KEN","cityEn":"HAKUI GUN SHIKA MACHI","townEn":"YATA"},"9250212":{"prefectureJa":"石川県","cityJa":"羽咋郡志賀町","townJa":"徳田","prefectureEn":"ISHIKAWA KEN","cityEn":"HAKUI GUN SHIKA MACHI","townEn":"TOKUDA"},"9250213":{"prefectureJa":"石川県","cityJa":"羽咋郡志賀町","townJa":"舘開","prefectureEn":"ISHIKAWA KEN","cityEn":"HAKUI GUN SHIKA MACHI","townEn":"TACHIHIRAKI"},"9250214":{"prefectureJa":"石川県","cityJa":"羽咋郡志賀町","townJa":"火打谷","prefectureEn":"ISHIKAWA KEN","cityEn":"HAKUI GUN SHIKA MACHI","townEn":"HIUCHIDANI"},"9250215":{"prefectureJa":"石川県","cityJa":"羽咋郡志賀町","townJa":"出雲","prefectureEn":"ISHIKAWA KEN","cityEn":"HAKUI GUN SHIKA MACHI","townEn":"IZUMO"},"9250301":{"prefectureJa":"石川県","cityJa":"羽咋郡志賀町","townJa":"日用","prefectureEn":"ISHIKAWA KEN","cityEn":"HAKUI GUN SHIKA MACHI","townEn":"HIYO"},"9250302":{"prefectureJa":"石川県","cityJa":"羽咋郡志賀町","townJa":"町居","prefectureEn":"ISHIKAWA KEN","cityEn":"HAKUI GUN SHIKA MACHI","townEn":"MACHII"},"9250303":{"prefectureJa":"石川県","cityJa":"羽咋郡志賀町","townJa":"日下田","prefectureEn":"ISHIKAWA KEN","cityEn":"HAKUI GUN SHIKA MACHI","townEn":"HIGETA"},"9250304":{"prefectureJa":"石川県","cityJa":"羽咋郡志賀町","townJa":"中山","prefectureEn":"ISHIKAWA KEN","cityEn":"HAKUI GUN SHIKA MACHI","townEn":"NAKAYAMA"},"9250305":{"prefectureJa":"石川県","cityJa":"羽咋郡志賀町","townJa":"豊後名","prefectureEn":"ISHIKAWA KEN","cityEn":"HAKUI GUN SHIKA MACHI","townEn":"BUNGOME"},"9250306":{"prefectureJa":"石川県","cityJa":"羽咋郡志賀町","townJa":"草木","prefectureEn":"ISHIKAWA KEN","cityEn":"HAKUI GUN SHIKA MACHI","townEn":"KUSAGI"},"9250307":{"prefectureJa":"石川県","cityJa":"羽咋郡志賀町","townJa":"荒屋","prefectureEn":"ISHIKAWA KEN","cityEn":"HAKUI GUN SHIKA MACHI","townEn":"ARAYA"},"9250311":{"prefectureJa":"石川県","cityJa":"羽咋郡志賀町","townJa":"谷神","prefectureEn":"ISHIKAWA KEN","cityEn":"HAKUI GUN SHIKA MACHI","townEn":"YACHIKAMI"},"9250312":{"prefectureJa":"石川県","cityJa":"羽咋郡志賀町","townJa":"六実","prefectureEn":"ISHIKAWA KEN","cityEn":"HAKUI GUN SHIKA MACHI","townEn":"MUTSUMI"},"9250313":{"prefectureJa":"石川県","cityJa":"羽咋郡志賀町","townJa":"三明","prefectureEn":"ISHIKAWA KEN","cityEn":"HAKUI GUN SHIKA MACHI","townEn":"SAMMYO"},"9250314":{"prefectureJa":"石川県","cityJa":"羽咋郡志賀町","townJa":"中畠","prefectureEn":"ISHIKAWA KEN","cityEn":"HAKUI GUN SHIKA MACHI","townEn":"NAKABATA"},"9250315":{"prefectureJa":"石川県","cityJa":"羽咋郡志賀町","townJa":"福浦港","prefectureEn":"ISHIKAWA KEN","cityEn":"HAKUI GUN SHIKA MACHI","townEn":"FUKURAKO"},"9250345":{"prefectureJa":"石川県","cityJa":"羽咋郡志賀町","townJa":"富来牛下（巌門）","prefectureEn":"ISHIKAWA KEN","cityEn":"HAKUI GUN SHIKA MACHI","townEn":"TOGI USHIOROSHI(GAMMON)"},"9250371":{"prefectureJa":"石川県","cityJa":"羽咋郡志賀町","townJa":"釈迦堂","prefectureEn":"ISHIKAWA KEN","cityEn":"HAKUI GUN SHIKA MACHI","townEn":"SHAKADO"},"9250372":{"prefectureJa":"石川県","cityJa":"羽咋郡志賀町","townJa":"直海","prefectureEn":"ISHIKAWA KEN","cityEn":"HAKUI GUN SHIKA MACHI","townEn":"NOMI"},"9250373":{"prefectureJa":"石川県","cityJa":"羽咋郡志賀町","townJa":"小室","prefectureEn":"ISHIKAWA KEN","cityEn":"HAKUI GUN SHIKA MACHI","townEn":"KOMORO"},"9250374":{"prefectureJa":"石川県","cityJa":"羽咋郡志賀町","townJa":"松木","prefectureEn":"ISHIKAWA KEN","cityEn":"HAKUI GUN SHIKA MACHI","townEn":"MATSUNOKI"},"9250375":{"prefectureJa":"石川県","cityJa":"羽咋郡志賀町","townJa":"若葉台","prefectureEn":"ISHIKAWA KEN","cityEn":"HAKUI GUN SHIKA MACHI","townEn":"WAKABADAI"},"9250376":{"prefectureJa":"石川県","cityJa":"羽咋郡志賀町","townJa":"長田","prefectureEn":"ISHIKAWA KEN","cityEn":"HAKUI GUN SHIKA MACHI","townEn":"NAGATA"},"9250381":{"prefectureJa":"石川県","cityJa":"羽咋郡志賀町","townJa":"田原","prefectureEn":"ISHIKAWA KEN","cityEn":"HAKUI GUN SHIKA MACHI","townEn":"TAWARA"},"9250382":{"prefectureJa":"石川県","cityJa":"羽咋郡志賀町","townJa":"米町","prefectureEn":"ISHIKAWA KEN","cityEn":"HAKUI GUN SHIKA MACHI","townEn":"KOMMACHI"},"9250383":{"prefectureJa":"石川県","cityJa":"羽咋郡志賀町","townJa":"大笹","prefectureEn":"ISHIKAWA KEN","cityEn":"HAKUI GUN SHIKA MACHI","townEn":"OZASA"},"9250384":{"prefectureJa":"石川県","cityJa":"羽咋郡志賀町","townJa":"五里峠","prefectureEn":"ISHIKAWA KEN","cityEn":"HAKUI GUN SHIKA MACHI","townEn":"GORITOGE"},"9250385":{"prefectureJa":"石川県","cityJa":"羽咋郡志賀町","townJa":"牛ケ首","prefectureEn":"ISHIKAWA KEN","cityEn":"HAKUI GUN SHIKA MACHI","townEn":"USHIGAKUBI"},"9250421":{"prefectureJa":"石川県","cityJa":"羽咋郡志賀町","townJa":"切留","prefectureEn":"ISHIKAWA KEN","cityEn":"HAKUI GUN SHIKA MACHI","townEn":"KIRIDOME"},"9250422":{"prefectureJa":"石川県","cityJa":"羽咋郡志賀町","townJa":"地保","prefectureEn":"ISHIKAWA KEN","cityEn":"HAKUI GUN SHIKA MACHI","townEn":"JIHO"},"9250423":{"prefectureJa":"石川県","cityJa":"羽咋郡志賀町","townJa":"鵜野屋","prefectureEn":"ISHIKAWA KEN","cityEn":"HAKUI GUN SHIKA MACHI","townEn":"UNOYA"},"9250424":{"prefectureJa":"石川県","cityJa":"羽咋郡志賀町","townJa":"入釜","prefectureEn":"ISHIKAWA KEN","cityEn":"HAKUI GUN SHIKA MACHI","townEn":"IRIGAMA"},"9250425":{"prefectureJa":"石川県","cityJa":"羽咋郡志賀町","townJa":"灯","prefectureEn":"ISHIKAWA KEN","cityEn":"HAKUI GUN SHIKA MACHI","townEn":"TOBOSHI"},"9250426":{"prefectureJa":"石川県","cityJa":"羽咋郡志賀町","townJa":"阿川","prefectureEn":"ISHIKAWA KEN","cityEn":"HAKUI GUN SHIKA MACHI","townEn":"AKO"},"9250427":{"prefectureJa":"石川県","cityJa":"羽咋郡志賀町","townJa":"楚和","prefectureEn":"ISHIKAWA KEN","cityEn":"HAKUI GUN SHIKA MACHI","townEn":"SOWA"},"9250431":{"prefectureJa":"石川県","cityJa":"羽咋郡志賀町","townJa":"尊保","prefectureEn":"ISHIKAWA KEN","cityEn":"HAKUI GUN SHIKA MACHI","townEn":"SOMBO"},"9250432":{"prefectureJa":"石川県","cityJa":"羽咋郡志賀町","townJa":"今田","prefectureEn":"ISHIKAWA KEN","cityEn":"HAKUI GUN SHIKA MACHI","townEn":"IMADA"},"9250433":{"prefectureJa":"石川県","cityJa":"羽咋郡志賀町","townJa":"和田","prefectureEn":"ISHIKAWA KEN","cityEn":"HAKUI GUN SHIKA MACHI","townEn":"WADA"},"9250434":{"prefectureJa":"石川県","cityJa":"羽咋郡志賀町","townJa":"大西","prefectureEn":"ISHIKAWA KEN","cityEn":"HAKUI GUN SHIKA MACHI","townEn":"ONISHI"},"9250435":{"prefectureJa":"石川県","cityJa":"羽咋郡志賀町","townJa":"江添","prefectureEn":"ISHIKAWA KEN","cityEn":"HAKUI GUN SHIKA MACHI","townEn":"EZOE"},"9250436":{"prefectureJa":"石川県","cityJa":"羽咋郡志賀町","townJa":"貝田","prefectureEn":"ISHIKAWA KEN","cityEn":"HAKUI GUN SHIKA MACHI","townEn":"KAIDA"},"9250437":{"prefectureJa":"石川県","cityJa":"羽咋郡志賀町","townJa":"田中","prefectureEn":"ISHIKAWA KEN","cityEn":"HAKUI GUN SHIKA MACHI","townEn":"TANAKA"},"9250438":{"prefectureJa":"石川県","cityJa":"羽咋郡志賀町","townJa":"八千代","prefectureEn":"ISHIKAWA KEN","cityEn":"HAKUI GUN SHIKA MACHI","townEn":"YACHIYO"},"9250441":{"prefectureJa":"石川県","cityJa":"羽咋郡志賀町","townJa":"広地","prefectureEn":"ISHIKAWA KEN","cityEn":"HAKUI GUN SHIKA MACHI","townEn":"HIROJI"},"9250442":{"prefectureJa":"石川県","cityJa":"羽咋郡志賀町","townJa":"東小室","prefectureEn":"ISHIKAWA KEN","cityEn":"HAKUI GUN SHIKA MACHI","townEn":"HIGASHIOMORO"},"9250443":{"prefectureJa":"石川県","cityJa":"羽咋郡志賀町","townJa":"富来七海","prefectureEn":"ISHIKAWA KEN","cityEn":"HAKUI GUN SHIKA MACHI","townEn":"TOGI SHITSUMI"},"9250444":{"prefectureJa":"石川県","cityJa":"羽咋郡志賀町","townJa":"富来生神","prefectureEn":"ISHIKAWA KEN","cityEn":"HAKUI GUN SHIKA MACHI","townEn":"TOGI URUKAMI"},"9250445":{"prefectureJa":"石川県","cityJa":"羽咋郡志賀町","townJa":"富来牛下（その他）","prefectureEn":"ISHIKAWA KEN","cityEn":"HAKUI GUN SHIKA MACHI","townEn":"TOGI USHIOROSHI(SONOTA)"},"9250446":{"prefectureJa":"石川県","cityJa":"羽咋郡志賀町","townJa":"富来地頭町","prefectureEn":"ISHIKAWA KEN","cityEn":"HAKUI GUN SHIKA MACHI","townEn":"TOGI JITOMACHI"},"9250447":{"prefectureJa":"石川県","cityJa":"羽咋郡志賀町","townJa":"富来領家町","prefectureEn":"ISHIKAWA KEN","cityEn":"HAKUI GUN SHIKA MACHI","townEn":"TOGI RYOKEMACHI"},"9250448":{"prefectureJa":"石川県","cityJa":"羽咋郡志賀町","townJa":"富来高田","prefectureEn":"ISHIKAWA KEN","cityEn":"HAKUI GUN SHIKA MACHI","townEn":"TOGI TAKATA"},"9250451":{"prefectureJa":"石川県","cityJa":"羽咋郡志賀町","townJa":"八幡","prefectureEn":"ISHIKAWA KEN","cityEn":"HAKUI GUN SHIKA MACHI","townEn":"YAWATA"},"9250452":{"prefectureJa":"石川県","cityJa":"羽咋郡志賀町","townJa":"中泉","prefectureEn":"ISHIKAWA KEN","cityEn":"HAKUI GUN SHIKA MACHI","townEn":"YAWATAZASU"},"9250453":{"prefectureJa":"石川県","cityJa":"羽咋郡志賀町","townJa":"里本江","prefectureEn":"ISHIKAWA KEN","cityEn":"HAKUI GUN SHIKA MACHI","townEn":"SATOHONGO"},"9250454":{"prefectureJa":"石川県","cityJa":"羽咋郡志賀町","townJa":"相神","prefectureEn":"ISHIKAWA KEN","cityEn":"HAKUI GUN SHIKA MACHI","townEn":"AIKAMI"},"9250455":{"prefectureJa":"石川県","cityJa":"羽咋郡志賀町","townJa":"中浜","prefectureEn":"ISHIKAWA KEN","cityEn":"HAKUI GUN SHIKA MACHI","townEn":"NAKAHAMA"},"9250456":{"prefectureJa":"石川県","cityJa":"羽咋郡志賀町","townJa":"草江","prefectureEn":"ISHIKAWA KEN","cityEn":"HAKUI GUN SHIKA MACHI","townEn":"SOGO"},"9250457":{"prefectureJa":"石川県","cityJa":"羽咋郡志賀町","townJa":"給分","prefectureEn":"ISHIKAWA KEN","cityEn":"HAKUI GUN SHIKA MACHI","townEn":"KYUBUN"},"9250561":{"prefectureJa":"石川県","cityJa":"羽咋郡志賀町","townJa":"大福寺","prefectureEn":"ISHIKAWA KEN","cityEn":"HAKUI GUN SHIKA MACHI","townEn":"DAIFUKUJI"},"9250562":{"prefectureJa":"石川県","cityJa":"羽咋郡志賀町","townJa":"栢木","prefectureEn":"ISHIKAWA KEN","cityEn":"HAKUI GUN SHIKA MACHI","townEn":"KAINOKI"},"9250563":{"prefectureJa":"石川県","cityJa":"羽咋郡志賀町","townJa":"稲敷","prefectureEn":"ISHIKAWA KEN","cityEn":"HAKUI GUN SHIKA MACHI","townEn":"INASHIKI"},"9250564":{"prefectureJa":"石川県","cityJa":"羽咋郡志賀町","townJa":"酒見","prefectureEn":"ISHIKAWA KEN","cityEn":"HAKUI GUN SHIKA MACHI","townEn":"SAKAMI"},"9250565":{"prefectureJa":"石川県","cityJa":"羽咋郡志賀町","townJa":"香能","prefectureEn":"ISHIKAWA KEN","cityEn":"HAKUI GUN SHIKA MACHI","townEn":"KANO"},"9250566":{"prefectureJa":"石川県","cityJa":"羽咋郡志賀町","townJa":"西海風戸","prefectureEn":"ISHIKAWA KEN","cityEn":"HAKUI GUN SHIKA MACHI","townEn":"SAIKAI FUTO"},"9250571":{"prefectureJa":"石川県","cityJa":"羽咋郡志賀町","townJa":"西海風無","prefectureEn":"ISHIKAWA KEN","cityEn":"HAKUI GUN SHIKA MACHI","townEn":"SAIKAI KAZANASHI"},"9250572":{"prefectureJa":"石川県","cityJa":"羽咋郡志賀町","townJa":"西海千ノ浦","prefectureEn":"ISHIKAWA KEN","cityEn":"HAKUI GUN SHIKA MACHI","townEn":"SAIKAI CHINORA"},"9250573":{"prefectureJa":"石川県","cityJa":"羽咋郡志賀町","townJa":"西海久喜","prefectureEn":"ISHIKAWA KEN","cityEn":"HAKUI GUN SHIKA MACHI","townEn":"SAIKAI HISAKI"},"9250574":{"prefectureJa":"石川県","cityJa":"羽咋郡志賀町","townJa":"赤崎","prefectureEn":"ISHIKAWA KEN","cityEn":"HAKUI GUN SHIKA MACHI","townEn":"AKASAKI"},"9250575":{"prefectureJa":"石川県","cityJa":"羽咋郡志賀町","townJa":"小窪","prefectureEn":"ISHIKAWA KEN","cityEn":"HAKUI GUN SHIKA MACHI","townEn":"OKUBO"},"9250576":{"prefectureJa":"石川県","cityJa":"羽咋郡志賀町","townJa":"鹿頭","prefectureEn":"ISHIKAWA KEN","cityEn":"HAKUI GUN SHIKA MACHI","townEn":"SHISHIZU"},"9250577":{"prefectureJa":"石川県","cityJa":"羽咋郡志賀町","townJa":"笹波","prefectureEn":"ISHIKAWA KEN","cityEn":"HAKUI GUN SHIKA MACHI","townEn":"SASANAMI"},"9250578":{"prefectureJa":"石川県","cityJa":"羽咋郡志賀町","townJa":"前浜","prefectureEn":"ISHIKAWA KEN","cityEn":"HAKUI GUN SHIKA MACHI","townEn":"MAEHAMA"},"9250601":{"prefectureJa":"石川県","cityJa":"羽咋市","townJa":"菅池町","prefectureEn":"ISHIKAWA KEN","cityEn":"HAKUI SHI","townEn":"SUGAIKEMACHI"},"9250602":{"prefectureJa":"石川県","cityJa":"羽咋市","townJa":"千石町","prefectureEn":"ISHIKAWA KEN","cityEn":"HAKUI SHI","townEn":"SENGOKUMACHI"},"9250603":{"prefectureJa":"石川県","cityJa":"羽咋市","townJa":"福水町","prefectureEn":"ISHIKAWA KEN","cityEn":"HAKUI SHI","townEn":"FUKUMIZUMACHI"},"9250604":{"prefectureJa":"石川県","cityJa":"羽咋市","townJa":"白石町","prefectureEn":"ISHIKAWA KEN","cityEn":"HAKUI SHI","townEn":"SHIROISHIMACHI"},"9250605":{"prefectureJa":"石川県","cityJa":"羽咋市","townJa":"宇土野町","prefectureEn":"ISHIKAWA KEN","cityEn":"HAKUI SHI","townEn":"UDONOMACHI"},"9250606":{"prefectureJa":"石川県","cityJa":"羽咋市","townJa":"白瀬町","prefectureEn":"ISHIKAWA KEN","cityEn":"HAKUI SHI","townEn":"SHIROSEMACHI"},"9250607":{"prefectureJa":"石川県","cityJa":"羽咋市","townJa":"上白瀬町","prefectureEn":"ISHIKAWA KEN","cityEn":"HAKUI SHI","townEn":"KAMISHIROSEMACHI"},"9250608":{"prefectureJa":"石川県","cityJa":"羽咋市","townJa":"神子原町","prefectureEn":"ISHIKAWA KEN","cityEn":"HAKUI SHI","townEn":"MIKOHARAMACHI"},"9250611":{"prefectureJa":"石川県","cityJa":"羽咋市","townJa":"上江町","prefectureEn":"ISHIKAWA KEN","cityEn":"HAKUI SHI","townEn":"UWAEMACHI"},"9250612":{"prefectureJa":"石川県","cityJa":"羽咋市","townJa":"垣内田町","prefectureEn":"ISHIKAWA KEN","cityEn":"HAKUI SHI","townEn":"KAKUTTAMACHI"},"9250613":{"prefectureJa":"石川県","cityJa":"羽咋市","townJa":"飯山町","prefectureEn":"ISHIKAWA KEN","cityEn":"HAKUI SHI","townEn":"INOYAMAMACHI"},"9250614":{"prefectureJa":"石川県","cityJa":"羽咋市","townJa":"中川町","prefectureEn":"ISHIKAWA KEN","cityEn":"HAKUI SHI","townEn":"NAKAGAWAMACHI"},"9250615":{"prefectureJa":"石川県","cityJa":"羽咋市","townJa":"千代町","prefectureEn":"ISHIKAWA KEN","cityEn":"HAKUI SHI","townEn":"CHIYOMACHI"},"9250616":{"prefectureJa":"石川県","cityJa":"羽咋市","townJa":"四町","prefectureEn":"ISHIKAWA KEN","cityEn":"HAKUI SHI","townEn":"SHICHO"},"9250617":{"prefectureJa":"石川県","cityJa":"羽咋市","townJa":"円井町","prefectureEn":"ISHIKAWA KEN","cityEn":"HAKUI SHI","townEn":"TSUMURAIMACHI"},"9250621":{"prefectureJa":"石川県","cityJa":"羽咋市","townJa":"菱分町","prefectureEn":"ISHIKAWA KEN","cityEn":"HAKUI SHI","townEn":"HISHIWAKEMACHI"},"9250622":{"prefectureJa":"石川県","cityJa":"羽咋市","townJa":"堀替新町","prefectureEn":"ISHIKAWA KEN","cityEn":"HAKUI SHI","townEn":"HORIKAESHIMMACHI"},"9250623":{"prefectureJa":"石川県","cityJa":"羽咋市","townJa":"本江町","prefectureEn":"ISHIKAWA KEN","cityEn":"HAKUI SHI","townEn":"HONGOMACHI"},"9250624":{"prefectureJa":"石川県","cityJa":"羽咋市","townJa":"志々見町","prefectureEn":"ISHIKAWA KEN","cityEn":"HAKUI SHI","townEn":"SHIJIMIMACHI"},"9250625":{"prefectureJa":"石川県","cityJa":"羽咋市","townJa":"尾長町","prefectureEn":"ISHIKAWA KEN","cityEn":"HAKUI SHI","townEn":"ONAGAMACHI"},"9250626":{"prefectureJa":"石川県","cityJa":"羽咋市","townJa":"千田町","prefectureEn":"ISHIKAWA KEN","cityEn":"HAKUI SHI","townEn":"SENDAMACHI"}}