{"2920000":{"prefectureJa":"千葉県","cityJa":"木更津市","townJa":"以下に掲載がない場合","prefectureEn":"CHIBA KEN","cityEn":"KISARAZU SHI","townEn":"IKANIKEISAIGANAIBAAI"},"2920001":{"prefectureJa":"千葉県","cityJa":"木更津市","townJa":"牛込","prefectureEn":"CHIBA KEN","cityEn":"KISARAZU SHI","townEn":"USHIGOME"},"2920002":{"prefectureJa":"千葉県","cityJa":"木更津市","townJa":"中野","prefectureEn":"CHIBA KEN","cityEn":"KISARAZU SHI","townEn":"NAKANO"},"2920003":{"prefectureJa":"千葉県","cityJa":"木更津市","townJa":"万石","prefectureEn":"CHIBA KEN","cityEn":"KISARAZU SHI","townEn":"MANGOKU"},"2920004":{"prefectureJa":"千葉県","cityJa":"木更津市","townJa":"久津間","prefectureEn":"CHIBA KEN","cityEn":"KISARAZU SHI","townEn":"KUZUMA"},"2920005":{"prefectureJa":"千葉県","cityJa":"木更津市","townJa":"畔戸","prefectureEn":"CHIBA KEN","cityEn":"KISARAZU SHI","townEn":"KUROTO"},"2920006":{"prefectureJa":"千葉県","cityJa":"木更津市","townJa":"北浜町","prefectureEn":"CHIBA KEN","cityEn":"KISARAZU SHI","townEn":"KITAHAMACHO"},"2920007":{"prefectureJa":"千葉県","cityJa":"木更津市","townJa":"瓜倉","prefectureEn":"CHIBA KEN","cityEn":"KISARAZU SHI","townEn":"URIKURA"},"2920008":{"prefectureJa":"千葉県","cityJa":"木更津市","townJa":"中島","prefectureEn":"CHIBA KEN","cityEn":"KISARAZU SHI","townEn":"NAKAJIMA"},"2920009":{"prefectureJa":"千葉県","cityJa":"木更津市","townJa":"金田東","prefectureEn":"CHIBA KEN","cityEn":"KISARAZU SHI","townEn":"KANEDAHIGASHI"},"2920011":{"prefectureJa":"千葉県","cityJa":"木更津市","townJa":"牛袋野","prefectureEn":"CHIBA KEN","cityEn":"KISARAZU SHI","townEn":"USHIBUKURONO"},"2920012":{"prefectureJa":"千葉県","cityJa":"木更津市","townJa":"牛袋","prefectureEn":"CHIBA KEN","cityEn":"KISARAZU SHI","townEn":"USHIBUKURO"},"2920013":{"prefectureJa":"千葉県","cityJa":"木更津市","townJa":"若葉町","prefectureEn":"CHIBA KEN","cityEn":"KISARAZU SHI","townEn":"WAKABACHO"},"2920014":{"prefectureJa":"千葉県","cityJa":"木更津市","townJa":"高柳","prefectureEn":"CHIBA KEN","cityEn":"KISARAZU SHI","townEn":"TAKAYANAGI"},"2920015":{"prefectureJa":"千葉県","cityJa":"木更津市","townJa":"本郷","prefectureEn":"CHIBA KEN","cityEn":"KISARAZU SHI","townEn":"HONGO"},"2920016":{"prefectureJa":"千葉県","cityJa":"木更津市","townJa":"高砂","prefectureEn":"CHIBA KEN","cityEn":"KISARAZU SHI","townEn":"TAKASAGO"},"2920021":{"prefectureJa":"千葉県","cityJa":"木更津市","townJa":"有吉","prefectureEn":"CHIBA KEN","cityEn":"KISARAZU SHI","townEn":"ARIYOSHI"},"2920022":{"prefectureJa":"千葉県","cityJa":"木更津市","townJa":"上望陀","prefectureEn":"CHIBA KEN","cityEn":"KISARAZU SHI","townEn":"KAMIMODA"},"2920023":{"prefectureJa":"千葉県","cityJa":"木更津市","townJa":"下望陀","prefectureEn":"CHIBA KEN","cityEn":"KISARAZU SHI","townEn":"SHIMOMODA"},"2920024":{"prefectureJa":"千葉県","cityJa":"木更津市","townJa":"大寺","prefectureEn":"CHIBA KEN","cityEn":"KISARAZU SHI","townEn":"OTERA"},"2920025":{"prefectureJa":"千葉県","cityJa":"木更津市","townJa":"十日市場","prefectureEn":"CHIBA KEN","cityEn":"KISARAZU SHI","townEn":"TOKAICHIBA"},"2920026":{"prefectureJa":"千葉県","cityJa":"木更津市","townJa":"井尻","prefectureEn":"CHIBA KEN","cityEn":"KISARAZU SHI","townEn":"IJIRI"},"2920027":{"prefectureJa":"千葉県","cityJa":"木更津市","townJa":"曽根","prefectureEn":"CHIBA KEN","cityEn":"KISARAZU SHI","townEn":"SONE"},"2920031":{"prefectureJa":"千葉県","cityJa":"木更津市","townJa":"椿","prefectureEn":"CHIBA KEN","cityEn":"KISARAZU SHI","townEn":"TSUBAKI"},"2920032":{"prefectureJa":"千葉県","cityJa":"木更津市","townJa":"笹子","prefectureEn":"CHIBA KEN","cityEn":"KISARAZU SHI","townEn":"SASAGO"},"2920033":{"prefectureJa":"千葉県","cityJa":"木更津市","townJa":"犬成","prefectureEn":"CHIBA KEN","cityEn":"KISARAZU SHI","townEn":"INNARI"},"2920034":{"prefectureJa":"千葉県","cityJa":"木更津市","townJa":"伊豆島","prefectureEn":"CHIBA KEN","cityEn":"KISARAZU SHI","townEn":"IZUSHIMA"},"2920035":{"prefectureJa":"千葉県","cityJa":"木更津市","townJa":"中尾","prefectureEn":"CHIBA KEN","cityEn":"KISARAZU SHI","townEn":"NAKAO"},"2920036":{"prefectureJa":"千葉県","cityJa":"木更津市","townJa":"菅生","prefectureEn":"CHIBA KEN","cityEn":"KISARAZU SHI","townEn":"SUGO"},"2920037":{"prefectureJa":"千葉県","cityJa":"木更津市","townJa":"日の出町","prefectureEn":"CHIBA KEN","cityEn":"KISARAZU SHI","townEn":"HINODECHO"},"2920038":{"prefectureJa":"千葉県","cityJa":"木更津市","townJa":"ほたる野","prefectureEn":"CHIBA KEN","cityEn":"KISARAZU SHI","townEn":"HOTARUNO"},"2920041":{"prefectureJa":"千葉県","cityJa":"木更津市","townJa":"清見台東","prefectureEn":"CHIBA KEN","cityEn":"KISARAZU SHI","townEn":"KIYOMIDAI HIGASHI"},"2920042":{"prefectureJa":"千葉県","cityJa":"木更津市","townJa":"清見台南","prefectureEn":"CHIBA KEN","cityEn":"KISARAZU SHI","townEn":"KIYOMIDAI MINAMI"},"2920043":{"prefectureJa":"千葉県","cityJa":"木更津市","townJa":"東太田","prefectureEn":"CHIBA KEN","cityEn":"KISARAZU SHI","townEn":"HIGASHIODA"},"2920044":{"prefectureJa":"千葉県","cityJa":"木更津市","townJa":"太田","prefectureEn":"CHIBA KEN","cityEn":"KISARAZU SHI","townEn":"ODA"},"2920045":{"prefectureJa":"千葉県","cityJa":"木更津市","townJa":"清見台","prefectureEn":"CHIBA KEN","cityEn":"KISARAZU SHI","townEn":"KIYOMIDAI"},"2920051":{"prefectureJa":"千葉県","cityJa":"木更津市","townJa":"清川","prefectureEn":"CHIBA KEN","cityEn":"KISARAZU SHI","townEn":"KIYOKAWA"},"2920052":{"prefectureJa":"千葉県","cityJa":"木更津市","townJa":"祇園","prefectureEn":"CHIBA KEN","cityEn":"KISARAZU SHI","townEn":"GION"},"2920053":{"prefectureJa":"千葉県","cityJa":"木更津市","townJa":"永井作","prefectureEn":"CHIBA KEN","cityEn":"KISARAZU SHI","townEn":"NAGAISAKU"},"2920054":{"prefectureJa":"千葉県","cityJa":"木更津市","townJa":"長須賀","prefectureEn":"CHIBA KEN","cityEn":"KISARAZU SHI","townEn":"NAGASUKA"},"2920055":{"prefectureJa":"千葉県","cityJa":"木更津市","townJa":"朝日","prefectureEn":"CHIBA KEN","cityEn":"KISARAZU SHI","townEn":"ASAHI"},"2920056":{"prefectureJa":"千葉県","cityJa":"木更津市","townJa":"木更津","prefectureEn":"CHIBA KEN","cityEn":"KISARAZU SHI","townEn":"KISARAZU"},"2920057":{"prefectureJa":"千葉県","cityJa":"木更津市","townJa":"東中央","prefectureEn":"CHIBA KEN","cityEn":"KISARAZU SHI","townEn":"HIGASHICHUO"},"2920061":{"prefectureJa":"千葉県","cityJa":"木更津市","townJa":"岩根","prefectureEn":"CHIBA KEN","cityEn":"KISARAZU SHI","townEn":"IWANE"},"2920062":{"prefectureJa":"千葉県","cityJa":"木更津市","townJa":"西岩根","prefectureEn":"CHIBA KEN","cityEn":"KISARAZU SHI","townEn":"NISHIIWANE"},"2920063":{"prefectureJa":"千葉県","cityJa":"木更津市","townJa":"江川","prefectureEn":"CHIBA KEN","cityEn":"KISARAZU SHI","townEn":"EGAWA"},"2920064":{"prefectureJa":"千葉県","cityJa":"木更津市","townJa":"中里","prefectureEn":"CHIBA KEN","cityEn":"KISARAZU SHI","townEn":"NAKAZATO"},"2920065":{"prefectureJa":"千葉県","cityJa":"木更津市","townJa":"吾妻","prefectureEn":"CHIBA KEN","cityEn":"KISARAZU SHI","townEn":"AZUMA"},"2920066":{"prefectureJa":"千葉県","cityJa":"木更津市","townJa":"新宿","prefectureEn":"CHIBA KEN","cityEn":"KISARAZU SHI","townEn":"SHINJUKU"},"2920067":{"prefectureJa":"千葉県","cityJa":"木更津市","townJa":"中央","prefectureEn":"CHIBA KEN","cityEn":"KISARAZU SHI","townEn":"CHUO"},"2920071":{"prefectureJa":"千葉県","cityJa":"木更津市","townJa":"中島地先海ほたる","prefectureEn":"CHIBA KEN","cityEn":"KISARAZU SHI","townEn":"NAKAJIMACHISAKIUMIHOTARU"},"2920201":{"prefectureJa":"千葉県","cityJa":"木更津市","townJa":"真里谷","prefectureEn":"CHIBA KEN","cityEn":"KISARAZU SHI","townEn":"MARIYATSU"},"2920202":{"prefectureJa":"千葉県","cityJa":"木更津市","townJa":"茅野七曲","prefectureEn":"CHIBA KEN","cityEn":"KISARAZU SHI","townEn":"KAYANONANAMAGARI"},"2920203":{"prefectureJa":"千葉県","cityJa":"木更津市","townJa":"山本七曲","prefectureEn":"CHIBA KEN","cityEn":"KISARAZU SHI","townEn":"YAMAMOTONANAMAGARI"},"2920204":{"prefectureJa":"千葉県","cityJa":"木更津市","townJa":"茅野","prefectureEn":"CHIBA KEN","cityEn":"KISARAZU SHI","townEn":"KAYANO"},"2920205":{"prefectureJa":"千葉県","cityJa":"木更津市","townJa":"下郡","prefectureEn":"CHIBA KEN","cityEn":"KISARAZU SHI","townEn":"SHIMOGORI"},"2920206":{"prefectureJa":"千葉県","cityJa":"木更津市","townJa":"佐野","prefectureEn":"CHIBA KEN","cityEn":"KISARAZU SHI","townEn":"SANO"},"2920207":{"prefectureJa":"千葉県","cityJa":"木更津市","townJa":"田川","prefectureEn":"CHIBA KEN","cityEn":"KISARAZU SHI","townEn":"TAGAWA"},"2920211":{"prefectureJa":"千葉県","cityJa":"木更津市","townJa":"大稲","prefectureEn":"CHIBA KEN","cityEn":"KISARAZU SHI","townEn":"OINE"},"2920212":{"prefectureJa":"千葉県","cityJa":"木更津市","townJa":"真里","prefectureEn":"CHIBA KEN","cityEn":"KISARAZU SHI","townEn":"MARI"},"2920213":{"prefectureJa":"千葉県","cityJa":"木更津市","townJa":"下内橋","prefectureEn":"CHIBA KEN","cityEn":"KISARAZU SHI","townEn":"GENAIBASHI"},"2920214":{"prefectureJa":"千葉県","cityJa":"木更津市","townJa":"戸国","prefectureEn":"CHIBA KEN","cityEn":"KISARAZU SHI","townEn":"TOKUNI"},"2920215":{"prefectureJa":"千葉県","cityJa":"木更津市","townJa":"上根岸","prefectureEn":"CHIBA KEN","cityEn":"KISARAZU SHI","townEn":"KAMINEGISHI"},"2920216":{"prefectureJa":"千葉県","cityJa":"木更津市","townJa":"根岸","prefectureEn":"CHIBA KEN","cityEn":"KISARAZU SHI","townEn":"NEGISHI"},"2920217":{"prefectureJa":"千葉県","cityJa":"木更津市","townJa":"下宮田","prefectureEn":"CHIBA KEN","cityEn":"KISARAZU SHI","townEn":"SHIMOMIYADA"},"2920401":{"prefectureJa":"千葉県","cityJa":"君津市","townJa":"山本","prefectureEn":"CHIBA KEN","cityEn":"KIMITSU SHI","townEn":"YAMAMOTO"},"2920402":{"prefectureJa":"千葉県","cityJa":"君津市","townJa":"西原","prefectureEn":"CHIBA KEN","cityEn":"KIMITSU SHI","townEn":"NISHIBARA"},"2920403":{"prefectureJa":"千葉県","cityJa":"君津市","townJa":"三田","prefectureEn":"CHIBA KEN","cityEn":"KIMITSU SHI","townEn":"SANDA"},"2920404":{"prefectureJa":"千葉県","cityJa":"君津市","townJa":"賀恵渕","prefectureEn":"CHIBA KEN","cityEn":"KIMITSU SHI","townEn":"KAEFUCHI"},"2920411":{"prefectureJa":"千葉県","cityJa":"君津市","townJa":"長谷川","prefectureEn":"CHIBA KEN","cityEn":"KIMITSU SHI","townEn":"HASEGAWA"},"2920412":{"prefectureJa":"千葉県","cityJa":"君津市","townJa":"小櫃台","prefectureEn":"CHIBA KEN","cityEn":"KIMITSU SHI","townEn":"OBITSUDAI"},"2920413":{"prefectureJa":"千葉県","cityJa":"君津市","townJa":"吉野","prefectureEn":"CHIBA KEN","cityEn":"KIMITSU SHI","townEn":"YOSHINO"},"2920414":{"prefectureJa":"千葉県","cityJa":"君津市","townJa":"久留里大谷","prefectureEn":"CHIBA KEN","cityEn":"KIMITSU SHI","townEn":"KURURI OYATSU"},"2920415":{"prefectureJa":"千葉県","cityJa":"君津市","townJa":"川谷","prefectureEn":"CHIBA KEN","cityEn":"KIMITSU SHI","townEn":"KAWAYATSU"},"2920416":{"prefectureJa":"千葉県","cityJa":"君津市","townJa":"小市部","prefectureEn":"CHIBA KEN","cityEn":"KIMITSU SHI","townEn":"KOICHIBU"},"2920421":{"prefectureJa":"千葉県","cityJa":"君津市","townJa":"久留里市場","prefectureEn":"CHIBA KEN","cityEn":"KIMITSU SHI","townEn":"KURURI ICHIBA"},"2920422":{"prefectureJa":"千葉県","cityJa":"君津市","townJa":"久留里","prefectureEn":"CHIBA KEN","cityEn":"KIMITSU SHI","townEn":"KURURI"},"2920423":{"prefectureJa":"千葉県","cityJa":"君津市","townJa":"久留里大和田","prefectureEn":"CHIBA KEN","cityEn":"KIMITSU SHI","townEn":"KURURI OWADA"},"2920431":{"prefectureJa":"千葉県","cityJa":"君津市","townJa":"怒田","prefectureEn":"CHIBA KEN","cityEn":"KIMITSU SHI","townEn":"NUDA"},"2920432":{"prefectureJa":"千葉県","cityJa":"君津市","townJa":"浦田","prefectureEn":"CHIBA KEN","cityEn":"KIMITSU SHI","townEn":"URATA"},"2920433":{"prefectureJa":"千葉県","cityJa":"君津市","townJa":"芋窪","prefectureEn":"CHIBA KEN","cityEn":"KIMITSU SHI","townEn":"IMOKUBO"},"2920434":{"prefectureJa":"千葉県","cityJa":"君津市","townJa":"向郷","prefectureEn":"CHIBA KEN","cityEn":"KIMITSU SHI","townEn":"MUKAIGO"},"2920435":{"prefectureJa":"千葉県","cityJa":"君津市","townJa":"栗坪","prefectureEn":"CHIBA KEN","cityEn":"KIMITSU SHI","townEn":"KURITSUBO"},"2920441":{"prefectureJa":"千葉県","cityJa":"君津市","townJa":"戸崎","prefectureEn":"CHIBA KEN","cityEn":"KIMITSU SHI","townEn":"TOZAKI"},"2920442":{"prefectureJa":"千葉県","cityJa":"君津市","townJa":"岩出","prefectureEn":"CHIBA KEN","cityEn":"KIMITSU SHI","townEn":"IWADE"},"2920443":{"prefectureJa":"千葉県","cityJa":"君津市","townJa":"寺沢","prefectureEn":"CHIBA KEN","cityEn":"KIMITSU SHI","townEn":"TERAZAWA"},"2920444":{"prefectureJa":"千葉県","cityJa":"君津市","townJa":"富田","prefectureEn":"CHIBA KEN","cityEn":"KIMITSU SHI","townEn":"TOMIDA"},"2920445":{"prefectureJa":"千葉県","cityJa":"君津市","townJa":"愛宕","prefectureEn":"CHIBA KEN","cityEn":"KIMITSU SHI","townEn":"ATAGO"},"2920451":{"prefectureJa":"千葉県","cityJa":"君津市","townJa":"末吉","prefectureEn":"CHIBA KEN","cityEn":"KIMITSU SHI","townEn":"SUEYOSHI"},"2920452":{"prefectureJa":"千葉県","cityJa":"君津市","townJa":"上新田","prefectureEn":"CHIBA KEN","cityEn":"KIMITSU SHI","townEn":"KAMINITTA"},"2920453":{"prefectureJa":"千葉県","cityJa":"君津市","townJa":"箕輪","prefectureEn":"CHIBA KEN","cityEn":"KIMITSU SHI","townEn":"MINOWA"},"2920454":{"prefectureJa":"千葉県","cityJa":"君津市","townJa":"青柳","prefectureEn":"CHIBA KEN","cityEn":"KIMITSU SHI","townEn":"AOYAGI"},"2920455":{"prefectureJa":"千葉県","cityJa":"君津市","townJa":"俵田","prefectureEn":"CHIBA KEN","cityEn":"KIMITSU SHI","townEn":"TAWARADA"},"2920501":{"prefectureJa":"千葉県","cityJa":"君津市","townJa":"山滝野","prefectureEn":"CHIBA KEN","cityEn":"KIMITSU SHI","townEn":"YAMATAKINO"},"2920502":{"prefectureJa":"千葉県","cityJa":"君津市","townJa":"平山","prefectureEn":"CHIBA KEN","cityEn":"KIMITSU SHI","townEn":"HIRAYAMA"},"2920503":{"prefectureJa":"千葉県","cityJa":"君津市","townJa":"広岡","prefectureEn":"CHIBA KEN","cityEn":"KIMITSU SHI","townEn":"HIROKA"},"2920511":{"prefectureJa":"千葉県","cityJa":"君津市","townJa":"大坂","prefectureEn":"CHIBA KEN","cityEn":"KIMITSU SHI","townEn":"OSAKA"},"2920512":{"prefectureJa":"千葉県","cityJa":"君津市","townJa":"大戸見","prefectureEn":"CHIBA KEN","cityEn":"KIMITSU SHI","townEn":"OTOMI"},"2920513":{"prefectureJa":"千葉県","cityJa":"君津市","townJa":"加名盛","prefectureEn":"CHIBA KEN","cityEn":"KIMITSU SHI","townEn":"KANAMORI"},"2920514":{"prefectureJa":"千葉県","cityJa":"君津市","townJa":"大戸見旧名殿","prefectureEn":"CHIBA KEN","cityEn":"KIMITSU SHI","townEn":"OTOMIKYUNADONO"},"2920515":{"prefectureJa":"千葉県","cityJa":"君津市","townJa":"柳城","prefectureEn":"CHIBA KEN","cityEn":"KIMITSU SHI","townEn":"YANASHIRO"},"2920516":{"prefectureJa":"千葉県","cityJa":"君津市","townJa":"高水","prefectureEn":"CHIBA KEN","cityEn":"KIMITSU SHI","townEn":"TAKAMIZU"},"2920521":{"prefectureJa":"千葉県","cityJa":"君津市","townJa":"利根","prefectureEn":"CHIBA KEN","cityEn":"KIMITSU SHI","townEn":"TONE"},"2920522":{"prefectureJa":"千葉県","cityJa":"君津市","townJa":"大中","prefectureEn":"CHIBA KEN","cityEn":"KIMITSU SHI","townEn":"DAINAKA"},"2920523":{"prefectureJa":"千葉県","cityJa":"君津市","townJa":"豊田","prefectureEn":"CHIBA KEN","cityEn":"KIMITSU SHI","townEn":"TOYODA"},"2920524":{"prefectureJa":"千葉県","cityJa":"君津市","townJa":"川俣","prefectureEn":"CHIBA KEN","cityEn":"KIMITSU SHI","townEn":"KAWAMATA"},"2920525":{"prefectureJa":"千葉県","cityJa":"君津市","townJa":"草川原","prefectureEn":"CHIBA KEN","cityEn":"KIMITSU SHI","townEn":"KUSAGAWARA"},"2920526":{"prefectureJa":"千葉県","cityJa":"君津市","townJa":"笹","prefectureEn":"CHIBA KEN","cityEn":"KIMITSU SHI","townEn":"SASA"},"2920527":{"prefectureJa":"千葉県","cityJa":"君津市","townJa":"香木原","prefectureEn":"CHIBA KEN","cityEn":"KIMITSU SHI","townEn":"KAGIHARA"},"2920531":{"prefectureJa":"千葉県","cityJa":"君津市","townJa":"藤林","prefectureEn":"CHIBA KEN","cityEn":"KIMITSU SHI","townEn":"FUJIBAYASHI"},"2920532":{"prefectureJa":"千葉県","cityJa":"君津市","townJa":"坂畑","prefectureEn":"CHIBA KEN","cityEn":"KIMITSU SHI","townEn":"SAKAHATA"},"2920533":{"prefectureJa":"千葉県","cityJa":"君津市","townJa":"折木沢","prefectureEn":"CHIBA KEN","cityEn":"KIMITSU SHI","townEn":"ORIKISAWA"},"2920534":{"prefectureJa":"千葉県","cityJa":"君津市","townJa":"滝原","prefectureEn":"CHIBA KEN","cityEn":"KIMITSU SHI","townEn":"TAKIHARA"},"2920535":{"prefectureJa":"千葉県","cityJa":"君津市","townJa":"釜生","prefectureEn":"CHIBA KEN","cityEn":"KIMITSU SHI","townEn":"KAMO"},"2920536":{"prefectureJa":"千葉県","cityJa":"君津市","townJa":"蔵玉","prefectureEn":"CHIBA KEN","cityEn":"KIMITSU SHI","townEn":"KURADAMA"},"2920537":{"prefectureJa":"千葉県","cityJa":"君津市","townJa":"黄和田畑","prefectureEn":"CHIBA KEN","cityEn":"KIMITSU SHI","townEn":"KIWADAHATA"},"2920801":{"prefectureJa":"千葉県","cityJa":"木更津市","townJa":"請西","prefectureEn":"CHIBA KEN","cityEn":"KISARAZU SHI","townEn":"JOZAI"},"2920802":{"prefectureJa":"千葉県","cityJa":"木更津市","townJa":"真舟","prefectureEn":"CHIBA KEN","cityEn":"KISARAZU SHI","townEn":"MAFUNE"},"2920803":{"prefectureJa":"千葉県","cityJa":"木更津市","townJa":"幸町","prefectureEn":"CHIBA KEN","cityEn":"KISARAZU SHI","townEn":"SAIWAICHO"},"2920804":{"prefectureJa":"千葉県","cityJa":"木更津市","townJa":"文京","prefectureEn":"CHIBA KEN","cityEn":"KISARAZU SHI","townEn":"BUNKYO"},"2920805":{"prefectureJa":"千葉県","cityJa":"木更津市","townJa":"大和","prefectureEn":"CHIBA KEN","cityEn":"KISARAZU SHI","townEn":"YAMATO"},"2920806":{"prefectureJa":"千葉県","cityJa":"木更津市","townJa":"請西東","prefectureEn":"CHIBA KEN","cityEn":"KISARAZU SHI","townEn":"JOZAI HIGASHI"},"2920807":{"prefectureJa":"千葉県","cityJa":"木更津市","townJa":"請西南","prefectureEn":"CHIBA KEN","cityEn":"KISARAZU SHI","townEn":"JOZAI MINAMI"},"2920808":{"prefectureJa":"千葉県","cityJa":"木更津市","townJa":"千束台","prefectureEn":"CHIBA KEN","cityEn":"KISARAZU SHI","townEn":"SENZOKUDAI"},"2920811":{"prefectureJa":"千葉県","cityJa":"木更津市","townJa":"草敷","prefectureEn":"CHIBA KEN","cityEn":"KISARAZU SHI","townEn":"KUSAJIKI"},"2920812":{"prefectureJa":"千葉県","cityJa":"木更津市","townJa":"矢那","prefectureEn":"CHIBA KEN","cityEn":"KISARAZU SHI","townEn":"YANA"},"2920813":{"prefectureJa":"千葉県","cityJa":"木更津市","townJa":"上烏田","prefectureEn":"CHIBA KEN","cityEn":"KISARAZU SHI","townEn":"KAMIKARASUDA"},"2920814":{"prefectureJa":"千葉県","cityJa":"木更津市","townJa":"八幡台","prefectureEn":"CHIBA KEN","cityEn":"KISARAZU SHI","townEn":"HACHIMANDAI"},"2920815":{"prefectureJa":"千葉県","cityJa":"木更津市","townJa":"大久保","prefectureEn":"CHIBA KEN","cityEn":"KISARAZU SHI","townEn":"OKUBO"},"2920816":{"prefectureJa":"千葉県","cityJa":"木更津市","townJa":"下烏田","prefectureEn":"CHIBA KEN","cityEn":"KISARAZU SHI","townEn":"SHIMOKARASUDA"},"2920817":{"prefectureJa":"千葉県","cityJa":"木更津市","townJa":"中烏田","prefectureEn":"CHIBA KEN","cityEn":"KISARAZU SHI","townEn":"NAKAKARASUDA"},"2920818":{"prefectureJa":"千葉県","cityJa":"木更津市","townJa":"かずさ鎌足","prefectureEn":"CHIBA KEN","cityEn":"KISARAZU SHI","townEn":"KAZUSAKAMATARI"},"2920819":{"prefectureJa":"千葉県","cityJa":"木更津市","townJa":"羽鳥野","prefectureEn":"CHIBA KEN","cityEn":"KISARAZU SHI","townEn":"HATORINO"},"2920821":{"prefectureJa":"千葉県","cityJa":"木更津市","townJa":"桜町","prefectureEn":"CHIBA KEN","cityEn":"KISARAZU SHI","townEn":"SAKURAMACHI"},"2920822":{"prefectureJa":"千葉県","cityJa":"木更津市","townJa":"桜井","prefectureEn":"CHIBA KEN","cityEn":"KISARAZU SHI","townEn":"SAKURAI"},"2920823":{"prefectureJa":"千葉県","cityJa":"木更津市","townJa":"桜井新町","prefectureEn":"CHIBA KEN","cityEn":"KISARAZU SHI","townEn":"SAKURAISHIMMACHI"},"2920824":{"prefectureJa":"千葉県","cityJa":"木更津市","townJa":"小浜","prefectureEn":"CHIBA KEN","cityEn":"KISARAZU SHI","townEn":"KOBAMA"},"2920825":{"prefectureJa":"千葉県","cityJa":"木更津市","townJa":"畑沢","prefectureEn":"CHIBA KEN","cityEn":"KISARAZU SHI","townEn":"HATAZAWA"},"2920826":{"prefectureJa":"千葉県","cityJa":"木更津市","townJa":"畑沢南","prefectureEn":"CHIBA KEN","cityEn":"KISARAZU SHI","townEn":"HATAZAWAMINAMI"},"2920827":{"prefectureJa":"千葉県","cityJa":"木更津市","townJa":"港南台","prefectureEn":"CHIBA KEN","cityEn":"KISARAZU SHI","townEn":"KONANDAI"},"2920831":{"prefectureJa":"千葉県","cityJa":"木更津市","townJa":"富士見","prefectureEn":"CHIBA KEN","cityEn":"KISARAZU SHI","townEn":"FUJIMI"},"2920832":{"prefectureJa":"千葉県","cityJa":"木更津市","townJa":"新田","prefectureEn":"CHIBA KEN","cityEn":"KISARAZU SHI","townEn":"SHINDEN"},"2920833":{"prefectureJa":"千葉県","cityJa":"木更津市","townJa":"貝渕","prefectureEn":"CHIBA KEN","cityEn":"KISARAZU SHI","townEn":"KAIFUCHI"},"2920834":{"prefectureJa":"千葉県","cityJa":"木更津市","townJa":"潮見","prefectureEn":"CHIBA KEN","cityEn":"KISARAZU SHI","townEn":"SHIOMI"},"2920835":{"prefectureJa":"千葉県","cityJa":"木更津市","townJa":"築地","prefectureEn":"CHIBA KEN","cityEn":"KISARAZU SHI","townEn":"TSUKIJI"},"2920836":{"prefectureJa":"千葉県","cityJa":"木更津市","townJa":"新港","prefectureEn":"CHIBA KEN","cityEn":"KISARAZU SHI","townEn":"SHIMMINATO"},"2920837":{"prefectureJa":"千葉県","cityJa":"木更津市","townJa":"木材港","prefectureEn":"CHIBA KEN","cityEn":"KISARAZU SHI","townEn":"MOKUZAIMINATO"},"2920838":{"prefectureJa":"千葉県","cityJa":"木更津市","townJa":"潮浜","prefectureEn":"CHIBA KEN","cityEn":"KISARAZU SHI","townEn":"SHIOHAMA"},"2920839":{"prefectureJa":"千葉県","cityJa":"木更津市","townJa":"中の島","prefectureEn":"CHIBA KEN","cityEn":"KISARAZU SHI","townEn":"NAKANOSHIMA"},"2921140":{"prefectureJa":"千葉県","cityJa":"君津市","townJa":"糠田飛地","prefectureEn":"CHIBA KEN","cityEn":"KIMITSU SHI","townEn":"NUKATATOBICHI"},"2921141":{"prefectureJa":"千葉県","cityJa":"君津市","townJa":"根本","prefectureEn":"CHIBA KEN","cityEn":"KIMITSU SHI","townEn":"NEMOTO"},"2921142":{"prefectureJa":"千葉県","cityJa":"君津市","townJa":"小糸大谷","prefectureEn":"CHIBA KEN","cityEn":"KIMITSU SHI","townEn":"KOITOOYATSU"},"2921143":{"prefectureJa":"千葉県","cityJa":"君津市","townJa":"長石","prefectureEn":"CHIBA KEN","cityEn":"KIMITSU SHI","townEn":"NAGASHI"},"2921144":{"prefectureJa":"千葉県","cityJa":"君津市","townJa":"法木","prefectureEn":"CHIBA KEN","cityEn":"KIMITSU SHI","townEn":"HOGI"},"2921145":{"prefectureJa":"千葉県","cityJa":"君津市","townJa":"糸川","prefectureEn":"CHIBA KEN","cityEn":"KIMITSU SHI","townEn":"ITOGAWA"},"2921146":{"prefectureJa":"千葉県","cityJa":"君津市","townJa":"大井戸","prefectureEn":"CHIBA KEN","cityEn":"KIMITSU SHI","townEn":"OIDO"},"2921147":{"prefectureJa":"千葉県","cityJa":"君津市","townJa":"塚原","prefectureEn":"CHIBA KEN","cityEn":"KIMITSU SHI","townEn":"TSUKAHARA"},"2921148":{"prefectureJa":"千葉県","cityJa":"君津市","townJa":"行馬","prefectureEn":"CHIBA KEN","cityEn":"KIMITSU SHI","townEn":"GYOMA"},"2921149":{"prefectureJa":"千葉県","cityJa":"君津市","townJa":"かずさ小糸","prefectureEn":"CHIBA KEN","cityEn":"KIMITSU SHI","townEn":"KAZUSAKOITO"},"2921151":{"prefectureJa":"千葉県","cityJa":"君津市","townJa":"大野台","prefectureEn":"CHIBA KEN","cityEn":"KIMITSU SHI","townEn":"ONODAI"},"2921152":{"prefectureJa":"千葉県","cityJa":"君津市","townJa":"日渡根","prefectureEn":"CHIBA KEN","cityEn":"KIMITSU SHI","townEn":"NITTONE"},"2921153":{"prefectureJa":"千葉県","cityJa":"君津市","townJa":"市宿","prefectureEn":"CHIBA KEN","cityEn":"KIMITSU SHI","townEn":"ICHIJUKU"},"2921154":{"prefectureJa":"千葉県","cityJa":"君津市","townJa":"清和市場","prefectureEn":"CHIBA KEN","cityEn":"KIMITSU SHI","townEn":"SEIWAICHIBA"},"2921155":{"prefectureJa":"千葉県","cityJa":"君津市","townJa":"鹿野山","prefectureEn":"CHIBA KEN","cityEn":"KIMITSU SHI","townEn":"KANOZAN"},"2921156":{"prefectureJa":"千葉県","cityJa":"君津市","townJa":"荻作","prefectureEn":"CHIBA KEN","cityEn":"KIMITSU SHI","townEn":"OGISAKU"},"2921157":{"prefectureJa":"千葉県","cityJa":"君津市","townJa":"福岡","prefectureEn":"CHIBA KEN","cityEn":"KIMITSU SHI","townEn":"FUKUOKA"},"2921158":{"prefectureJa":"千葉県","cityJa":"君津市","townJa":"鎌滝","prefectureEn":"CHIBA KEN","cityEn":"KIMITSU SHI","townEn":"KAMADAKI"},"2921161":{"prefectureJa":"千葉県","cityJa":"君津市","townJa":"東猪原","prefectureEn":"CHIBA KEN","cityEn":"KIMITSU SHI","townEn":"HIGASHIINOHARA"},"2921162":{"prefectureJa":"千葉県","cityJa":"君津市","townJa":"西猪原","prefectureEn":"CHIBA KEN","cityEn":"KIMITSU SHI","townEn":"NISHIINOHARA"},"2921163":{"prefectureJa":"千葉県","cityJa":"君津市","townJa":"東粟倉","prefectureEn":"CHIBA KEN","cityEn":"KIMITSU SHI","townEn":"HIGASHIAWAGURA"},"2921164":{"prefectureJa":"千葉県","cityJa":"君津市","townJa":"東日笠","prefectureEn":"CHIBA KEN","cityEn":"KIMITSU SHI","townEn":"HIGASHIHIKASA"},"2921165":{"prefectureJa":"千葉県","cityJa":"君津市","townJa":"西日笠","prefectureEn":"CHIBA KEN","cityEn":"KIMITSU SHI","townEn":"NISHIHIKASA"},"2921166":{"prefectureJa":"千葉県","cityJa":"君津市","townJa":"植畑","prefectureEn":"CHIBA KEN","cityEn":"KIMITSU SHI","townEn":"UEHATA"},"2921167":{"prefectureJa":"千葉県","cityJa":"君津市","townJa":"平田","prefectureEn":"CHIBA KEN","cityEn":"KIMITSU SHI","townEn":"HIRATTA"},"2921168":{"prefectureJa":"千葉県","cityJa":"君津市","townJa":"西粟倉","prefectureEn":"CHIBA KEN","cityEn":"KIMITSU SHI","townEn":"NISHIAWAGURA"},"2921171":{"prefectureJa":"千葉県","cityJa":"君津市","townJa":"二入","prefectureEn":"CHIBA KEN","cityEn":"KIMITSU SHI","townEn":"FUTAIRI"},"2921172":{"prefectureJa":"千葉県","cityJa":"君津市","townJa":"辻森","prefectureEn":"CHIBA KEN","cityEn":"KIMITSU SHI","townEn":"TSUJIMORI"},"2921173":{"prefectureJa":"千葉県","cityJa":"君津市","townJa":"大岩","prefectureEn":"CHIBA KEN","cityEn":"KIMITSU SHI","townEn":"OIWA"},"2921174":{"prefectureJa":"千葉県","cityJa":"君津市","townJa":"正木","prefectureEn":"CHIBA KEN","cityEn":"KIMITSU SHI","townEn":"MASAKI"},"2921175":{"prefectureJa":"千葉県","cityJa":"君津市","townJa":"奥米","prefectureEn":"CHIBA KEN","cityEn":"KIMITSU SHI","townEn":"OKUGOME"},"2921176":{"prefectureJa":"千葉県","cityJa":"君津市","townJa":"宿原","prefectureEn":"CHIBA KEN","cityEn":"KIMITSU SHI","townEn":"SHUKUBARA"},"2921177":{"prefectureJa":"千葉県","cityJa":"君津市","townJa":"怒田沢","prefectureEn":"CHIBA KEN","cityEn":"KIMITSU SHI","townEn":"NUTAZAWA"},"2921178":{"prefectureJa":"千葉県","cityJa":"君津市","townJa":"旅名","prefectureEn":"CHIBA KEN","cityEn":"KIMITSU SHI","townEn":"TABINA"},"2921179":{"prefectureJa":"千葉県","cityJa":"君津市","townJa":"豊英","prefectureEn":"CHIBA KEN","cityEn":"KIMITSU SHI","townEn":"TOYOFUSA"}}