{"5170000":{"prefectureJa":"三重県","cityJa":"鳥羽市","townJa":"以下に掲載がない場合","prefectureEn":"MIE KEN","cityEn":"TOBA SHI","townEn":"IKANIKEISAIGANAIBAAI"},"5170001":{"prefectureJa":"三重県","cityJa":"鳥羽市","townJa":"神島町","prefectureEn":"MIE KEN","cityEn":"TOBA SHI","townEn":"KAMIJIMACHO"},"5170002":{"prefectureJa":"三重県","cityJa":"鳥羽市","townJa":"答志町","prefectureEn":"MIE KEN","cityEn":"TOBA SHI","townEn":"TOSHICHO"},"5170003":{"prefectureJa":"三重県","cityJa":"鳥羽市","townJa":"桃取町","prefectureEn":"MIE KEN","cityEn":"TOBA SHI","townEn":"MOMOTORICHO"},"5170004":{"prefectureJa":"三重県","cityJa":"鳥羽市","townJa":"菅島町","prefectureEn":"MIE KEN","cityEn":"TOBA SHI","townEn":"SUGASHIMACHO"},"5170005":{"prefectureJa":"三重県","cityJa":"鳥羽市","townJa":"坂手町","prefectureEn":"MIE KEN","cityEn":"TOBA SHI","townEn":"SAKATECHO"},"5170011":{"prefectureJa":"三重県","cityJa":"鳥羽市","townJa":"鳥羽","prefectureEn":"MIE KEN","cityEn":"TOBA SHI","townEn":"TOBA"},"5170012":{"prefectureJa":"三重県","cityJa":"鳥羽市","townJa":"池上町","prefectureEn":"MIE KEN","cityEn":"TOBA SHI","townEn":"IKEGAMICHO"},"5170013":{"prefectureJa":"三重県","cityJa":"鳥羽市","townJa":"屋内町","prefectureEn":"MIE KEN","cityEn":"TOBA SHI","townEn":"YANAICHO"},"5170014":{"prefectureJa":"三重県","cityJa":"鳥羽市","townJa":"堅神町","prefectureEn":"MIE KEN","cityEn":"TOBA SHI","townEn":"KATAKAMICHO"},"5170015":{"prefectureJa":"三重県","cityJa":"鳥羽市","townJa":"小浜町","prefectureEn":"MIE KEN","cityEn":"TOBA SHI","townEn":"OHAMACHO"},"5170021":{"prefectureJa":"三重県","cityJa":"鳥羽市","townJa":"安楽島町","prefectureEn":"MIE KEN","cityEn":"TOBA SHI","townEn":"ARASHIMACHO"},"5170022":{"prefectureJa":"三重県","cityJa":"鳥羽市","townJa":"大明東町","prefectureEn":"MIE KEN","cityEn":"TOBA SHI","townEn":"OAKI HIGASHIMACHI"},"5170023":{"prefectureJa":"三重県","cityJa":"鳥羽市","townJa":"大明西町","prefectureEn":"MIE KEN","cityEn":"TOBA SHI","townEn":"OAKI NISHIMACHI"},"5170024":{"prefectureJa":"三重県","cityJa":"鳥羽市","townJa":"高丘町","prefectureEn":"MIE KEN","cityEn":"TOBA SHI","townEn":"TAKAOKACHO"},"5170025":{"prefectureJa":"三重県","cityJa":"鳥羽市","townJa":"浦村町","prefectureEn":"MIE KEN","cityEn":"TOBA SHI","townEn":"URAMURACHO"},"5170026":{"prefectureJa":"三重県","cityJa":"鳥羽市","townJa":"石鏡町","prefectureEn":"MIE KEN","cityEn":"TOBA SHI","townEn":"IJIKACHO"},"5170031":{"prefectureJa":"三重県","cityJa":"鳥羽市","townJa":"国崎町","prefectureEn":"MIE KEN","cityEn":"TOBA SHI","townEn":"KUZAKICHO"},"5170032":{"prefectureJa":"三重県","cityJa":"鳥羽市","townJa":"相差町","prefectureEn":"MIE KEN","cityEn":"TOBA SHI","townEn":"OSATSUCHO"},"5170033":{"prefectureJa":"三重県","cityJa":"鳥羽市","townJa":"畔蛸町","prefectureEn":"MIE KEN","cityEn":"TOBA SHI","townEn":"ADAKOCHO"},"5170034":{"prefectureJa":"三重県","cityJa":"鳥羽市","townJa":"千賀町","prefectureEn":"MIE KEN","cityEn":"TOBA SHI","townEn":"SENGACHO"},"5170035":{"prefectureJa":"三重県","cityJa":"鳥羽市","townJa":"堅子町","prefectureEn":"MIE KEN","cityEn":"TOBA SHI","townEn":"KATAKOCHO"},"5170041":{"prefectureJa":"三重県","cityJa":"鳥羽市","townJa":"岩倉町","prefectureEn":"MIE KEN","cityEn":"TOBA SHI","townEn":"IWAKURACHO"},"5170042":{"prefectureJa":"三重県","cityJa":"鳥羽市","townJa":"松尾町","prefectureEn":"MIE KEN","cityEn":"TOBA SHI","townEn":"MATSUOCHO"},"5170043":{"prefectureJa":"三重県","cityJa":"鳥羽市","townJa":"白木町","prefectureEn":"MIE KEN","cityEn":"TOBA SHI","townEn":"SHIRAKICHO"},"5170044":{"prefectureJa":"三重県","cityJa":"鳥羽市","townJa":"河内町","prefectureEn":"MIE KEN","cityEn":"TOBA SHI","townEn":"KOCHICHO"},"5170045":{"prefectureJa":"三重県","cityJa":"鳥羽市","townJa":"船津町","prefectureEn":"MIE KEN","cityEn":"TOBA SHI","townEn":"FUNATSUCHO"},"5170046":{"prefectureJa":"三重県","cityJa":"鳥羽市","townJa":"幸丘","prefectureEn":"MIE KEN","cityEn":"TOBA SHI","townEn":"SACHIGAOKA"},"5170047":{"prefectureJa":"三重県","cityJa":"鳥羽市","townJa":"若杉町","prefectureEn":"MIE KEN","cityEn":"TOBA SHI","townEn":"WAKASUGICHO"},"5170081":{"prefectureJa":"三重県","cityJa":"伊勢市","townJa":"朝熊町（池の浦、箕曲瀬）","prefectureEn":"MIE KEN","cityEn":"ISE SHI","townEn":"ASAMACHO(IKENORA.MINOSE)"},"5170201":{"prefectureJa":"三重県","cityJa":"志摩市","townJa":"磯部町五知","prefectureEn":"MIE KEN","cityEn":"SHIMA SHI","townEn":"ISOBECHO GOCHI"},"5170202":{"prefectureJa":"三重県","cityJa":"志摩市","townJa":"磯部町沓掛","prefectureEn":"MIE KEN","cityEn":"SHIMA SHI","townEn":"ISOBECHO KUTSUKAKE"},"5170203":{"prefectureJa":"三重県","cityJa":"志摩市","townJa":"磯部町山田","prefectureEn":"MIE KEN","cityEn":"SHIMA SHI","townEn":"ISOBECHO YAMADA"},"5170204":{"prefectureJa":"三重県","cityJa":"志摩市","townJa":"磯部町的矢","prefectureEn":"MIE KEN","cityEn":"SHIMA SHI","townEn":"ISOBECHO MATOYA"},"5170205":{"prefectureJa":"三重県","cityJa":"志摩市","townJa":"磯部町渡鹿野","prefectureEn":"MIE KEN","cityEn":"SHIMA SHI","townEn":"ISOBECHO WATAKANO"},"5170206":{"prefectureJa":"三重県","cityJa":"志摩市","townJa":"磯部町飯浜","prefectureEn":"MIE KEN","cityEn":"SHIMA SHI","townEn":"ISOBECHO IIHAMA"},"5170207":{"prefectureJa":"三重県","cityJa":"志摩市","townJa":"磯部町下之郷","prefectureEn":"MIE KEN","cityEn":"SHIMA SHI","townEn":"ISOBECHO SHIMONOGO"},"5170208":{"prefectureJa":"三重県","cityJa":"志摩市","townJa":"磯部町上之郷","prefectureEn":"MIE KEN","cityEn":"SHIMA SHI","townEn":"ISOBECHO KAMINOGO"},"5170209":{"prefectureJa":"三重県","cityJa":"志摩市","townJa":"磯部町恵利原","prefectureEn":"MIE KEN","cityEn":"SHIMA SHI","townEn":"ISOBECHO ERIHARA"},"5170211":{"prefectureJa":"三重県","cityJa":"志摩市","townJa":"磯部町三ケ所","prefectureEn":"MIE KEN","cityEn":"SHIMA SHI","townEn":"ISOBECHO SANGASHO"},"5170212":{"prefectureJa":"三重県","cityJa":"志摩市","townJa":"磯部町坂崎","prefectureEn":"MIE KEN","cityEn":"SHIMA SHI","townEn":"ISOBECHO SAKAZAKI"},"5170213":{"prefectureJa":"三重県","cityJa":"志摩市","townJa":"磯部町穴川","prefectureEn":"MIE KEN","cityEn":"SHIMA SHI","townEn":"ISOBECHO ANAGAWA"},"5170214":{"prefectureJa":"三重県","cityJa":"志摩市","townJa":"磯部町迫間","prefectureEn":"MIE KEN","cityEn":"SHIMA SHI","townEn":"ISOBECHO HASAMA"},"5170215":{"prefectureJa":"三重県","cityJa":"志摩市","townJa":"磯部町檜山","prefectureEn":"MIE KEN","cityEn":"SHIMA SHI","townEn":"ISOBECHO HIYAMA"},"5170216":{"prefectureJa":"三重県","cityJa":"志摩市","townJa":"磯部町栗木広","prefectureEn":"MIE KEN","cityEn":"SHIMA SHI","townEn":"ISOBECHO KURIKIHIRO"},"5170217":{"prefectureJa":"三重県","cityJa":"志摩市","townJa":"磯部町山原","prefectureEn":"MIE KEN","cityEn":"SHIMA SHI","townEn":"ISOBECHO YAMAHARA"},"5170218":{"prefectureJa":"三重県","cityJa":"志摩市","townJa":"磯部町築地","prefectureEn":"MIE KEN","cityEn":"SHIMA SHI","townEn":"ISOBECHO TSUIJI"},"5170401":{"prefectureJa":"三重県","cityJa":"志摩市","townJa":"浜島町桧山路","prefectureEn":"MIE KEN","cityEn":"SHIMA SHI","townEn":"HAMAJIMACHO HIYAMAJI"},"5170402":{"prefectureJa":"三重県","cityJa":"志摩市","townJa":"浜島町塩屋","prefectureEn":"MIE KEN","cityEn":"SHIMA SHI","townEn":"HAMAJIMACHO SHIOYA"},"5170403":{"prefectureJa":"三重県","cityJa":"志摩市","townJa":"浜島町迫子","prefectureEn":"MIE KEN","cityEn":"SHIMA SHI","townEn":"HAMAJIMACHO HAZAKO"},"5170404":{"prefectureJa":"三重県","cityJa":"志摩市","townJa":"浜島町浜島","prefectureEn":"MIE KEN","cityEn":"SHIMA SHI","townEn":"HAMAJIMACHO HAMAJIMA"},"5170405":{"prefectureJa":"三重県","cityJa":"志摩市","townJa":"浜島町南張","prefectureEn":"MIE KEN","cityEn":"SHIMA SHI","townEn":"HAMAJIMACHO NAMBARI"},"5170500":{"prefectureJa":"三重県","cityJa":"志摩市","townJa":"以下に掲載がない場合","prefectureEn":"MIE KEN","cityEn":"SHIMA SHI","townEn":"IKANIKEISAIGANAIBAAI"},"5170501":{"prefectureJa":"三重県","cityJa":"志摩市","townJa":"阿児町鵜方","prefectureEn":"MIE KEN","cityEn":"SHIMA SHI","townEn":"AGOCHO UGATA"},"5170502":{"prefectureJa":"三重県","cityJa":"志摩市","townJa":"阿児町神明","prefectureEn":"MIE KEN","cityEn":"SHIMA SHI","townEn":"AGOCHO SHIMMEI"},"5170503":{"prefectureJa":"三重県","cityJa":"志摩市","townJa":"阿児町立神","prefectureEn":"MIE KEN","cityEn":"SHIMA SHI","townEn":"AGOCHO TATEGAMI"},"5170504":{"prefectureJa":"三重県","cityJa":"志摩市","townJa":"阿児町志島","prefectureEn":"MIE KEN","cityEn":"SHIMA SHI","townEn":"AGOCHO SHIJIMA"},"5170505":{"prefectureJa":"三重県","cityJa":"志摩市","townJa":"阿児町甲賀","prefectureEn":"MIE KEN","cityEn":"SHIMA SHI","townEn":"AGOCHO KOKA"},"5170506":{"prefectureJa":"三重県","cityJa":"志摩市","townJa":"阿児町国府","prefectureEn":"MIE KEN","cityEn":"SHIMA SHI","townEn":"AGOCHO KO"},"5170507":{"prefectureJa":"三重県","cityJa":"志摩市","townJa":"阿児町安乗","prefectureEn":"MIE KEN","cityEn":"SHIMA SHI","townEn":"AGOCHO ANORI"},"5170601":{"prefectureJa":"三重県","cityJa":"志摩市","townJa":"大王町畔名","prefectureEn":"MIE KEN","cityEn":"SHIMA SHI","townEn":"DAIOCHO AZENA"},"5170602":{"prefectureJa":"三重県","cityJa":"志摩市","townJa":"大王町名田","prefectureEn":"MIE KEN","cityEn":"SHIMA SHI","townEn":"DAIOCHO NATA"},"5170603":{"prefectureJa":"三重県","cityJa":"志摩市","townJa":"大王町波切","prefectureEn":"MIE KEN","cityEn":"SHIMA SHI","townEn":"DAIOCHO NAKIRI"},"5170604":{"prefectureJa":"三重県","cityJa":"志摩市","townJa":"大王町船越","prefectureEn":"MIE KEN","cityEn":"SHIMA SHI","townEn":"DAIOCHO FUNAKOSHI"},"5170701":{"prefectureJa":"三重県","cityJa":"志摩市","townJa":"志摩町片田","prefectureEn":"MIE KEN","cityEn":"SHIMA SHI","townEn":"SHIMACHO KATADA"},"5170702":{"prefectureJa":"三重県","cityJa":"志摩市","townJa":"志摩町布施田","prefectureEn":"MIE KEN","cityEn":"SHIMA SHI","townEn":"SHIMACHO FUSEDA"},"5170703":{"prefectureJa":"三重県","cityJa":"志摩市","townJa":"志摩町和具","prefectureEn":"MIE KEN","cityEn":"SHIMA SHI","townEn":"SHIMACHO WAGU"},"5170704":{"prefectureJa":"三重県","cityJa":"志摩市","townJa":"志摩町越賀","prefectureEn":"MIE KEN","cityEn":"SHIMA SHI","townEn":"SHIMACHO KOSHIKA"},"5170705":{"prefectureJa":"三重県","cityJa":"志摩市","townJa":"志摩町御座","prefectureEn":"MIE KEN","cityEn":"SHIMA SHI","townEn":"SHIMACHO GOZA"}}