{"8540000":{"prefectureJa":"長崎県","cityJa":"諫早市","townJa":"以下に掲載がない場合","prefectureEn":"NAGASAKI KEN","cityEn":"ISAHAYA SHI","townEn":"IKANIKEISAIGANAIBAAI"},"8540001":{"prefectureJa":"長崎県","cityJa":"諫早市","townJa":"福田町","prefectureEn":"NAGASAKI KEN","cityEn":"ISAHAYA SHI","townEn":"FUKUDAMACHI"},"8540002":{"prefectureJa":"長崎県","cityJa":"諫早市","townJa":"日の出町","prefectureEn":"NAGASAKI KEN","cityEn":"ISAHAYA SHI","townEn":"HINODEMACHI"},"8540003":{"prefectureJa":"長崎県","cityJa":"諫早市","townJa":"泉町","prefectureEn":"NAGASAKI KEN","cityEn":"ISAHAYA SHI","townEn":"IZUMIMACHI"},"8540004":{"prefectureJa":"長崎県","cityJa":"諫早市","townJa":"金谷町","prefectureEn":"NAGASAKI KEN","cityEn":"ISAHAYA SHI","townEn":"KANAYAMACHI"},"8540005":{"prefectureJa":"長崎県","cityJa":"諫早市","townJa":"城見町","prefectureEn":"NAGASAKI KEN","cityEn":"ISAHAYA SHI","townEn":"SHIROMIMACHI"},"8540006":{"prefectureJa":"長崎県","cityJa":"諫早市","townJa":"天満町","prefectureEn":"NAGASAKI KEN","cityEn":"ISAHAYA SHI","townEn":"TEMMAMMACHI"},"8540007":{"prefectureJa":"長崎県","cityJa":"諫早市","townJa":"目代町","prefectureEn":"NAGASAKI KEN","cityEn":"ISAHAYA SHI","townEn":"MESHIROMACHI"},"8540011":{"prefectureJa":"長崎県","cityJa":"諫早市","townJa":"八天町","prefectureEn":"NAGASAKI KEN","cityEn":"ISAHAYA SHI","townEn":"HATTEMMACHI"},"8540012":{"prefectureJa":"長崎県","cityJa":"諫早市","townJa":"本町","prefectureEn":"NAGASAKI KEN","cityEn":"ISAHAYA SHI","townEn":"HOMMACHI"},"8540013":{"prefectureJa":"長崎県","cityJa":"諫早市","townJa":"栄町","prefectureEn":"NAGASAKI KEN","cityEn":"ISAHAYA SHI","townEn":"SAKAEMACHI"},"8540014":{"prefectureJa":"長崎県","cityJa":"諫早市","townJa":"東小路町","prefectureEn":"NAGASAKI KEN","cityEn":"ISAHAYA SHI","townEn":"HIGASHIKOJIMACHI"},"8540015":{"prefectureJa":"長崎県","cityJa":"諫早市","townJa":"西小路町","prefectureEn":"NAGASAKI KEN","cityEn":"ISAHAYA SHI","townEn":"NISHIKOJIMACHI"},"8540016":{"prefectureJa":"長崎県","cityJa":"諫早市","townJa":"高城町","prefectureEn":"NAGASAKI KEN","cityEn":"ISAHAYA SHI","townEn":"TAKASHIROMACHI"},"8540021":{"prefectureJa":"長崎県","cityJa":"諫早市","townJa":"仲沖町","prefectureEn":"NAGASAKI KEN","cityEn":"ISAHAYA SHI","townEn":"NAKAOKIMACHI"},"8540022":{"prefectureJa":"長崎県","cityJa":"諫早市","townJa":"幸町","prefectureEn":"NAGASAKI KEN","cityEn":"ISAHAYA SHI","townEn":"SAIWAIMACHI"},"8540023":{"prefectureJa":"長崎県","cityJa":"諫早市","townJa":"厚生町","prefectureEn":"NAGASAKI KEN","cityEn":"ISAHAYA SHI","townEn":"KOSEIMACHI"},"8540024":{"prefectureJa":"長崎県","cityJa":"諫早市","townJa":"上町","prefectureEn":"NAGASAKI KEN","cityEn":"ISAHAYA SHI","townEn":"KAMIMACHI"},"8540025":{"prefectureJa":"長崎県","cityJa":"諫早市","townJa":"八坂町","prefectureEn":"NAGASAKI KEN","cityEn":"ISAHAYA SHI","townEn":"YASAKAMACHI"},"8540026":{"prefectureJa":"長崎県","cityJa":"諫早市","townJa":"東本町","prefectureEn":"NAGASAKI KEN","cityEn":"ISAHAYA SHI","townEn":"HIGASHIHOMMACHI"},"8540027":{"prefectureJa":"長崎県","cityJa":"諫早市","townJa":"旭町","prefectureEn":"NAGASAKI KEN","cityEn":"ISAHAYA SHI","townEn":"ASAHIMACHI"},"8540031":{"prefectureJa":"長崎県","cityJa":"諫早市","townJa":"小野島町","prefectureEn":"NAGASAKI KEN","cityEn":"ISAHAYA SHI","townEn":"ONOJIMAMACHI"},"8540032":{"prefectureJa":"長崎県","cityJa":"諫早市","townJa":"赤崎町","prefectureEn":"NAGASAKI KEN","cityEn":"ISAHAYA SHI","townEn":"AKASAKIMACHI"},"8540033":{"prefectureJa":"長崎県","cityJa":"諫早市","townJa":"黒崎町","prefectureEn":"NAGASAKI KEN","cityEn":"ISAHAYA SHI","townEn":"KUROSAKIMACHI"},"8540034":{"prefectureJa":"長崎県","cityJa":"諫早市","townJa":"小野町","prefectureEn":"NAGASAKI KEN","cityEn":"ISAHAYA SHI","townEn":"ONOMACHI"},"8540035":{"prefectureJa":"長崎県","cityJa":"諫早市","townJa":"宗方町","prefectureEn":"NAGASAKI KEN","cityEn":"ISAHAYA SHI","townEn":"MUNAKATAMACHI"},"8540036":{"prefectureJa":"長崎県","cityJa":"諫早市","townJa":"長野町","prefectureEn":"NAGASAKI KEN","cityEn":"ISAHAYA SHI","townEn":"NAGANOMACHI"},"8540037":{"prefectureJa":"長崎県","cityJa":"諫早市","townJa":"川内町","prefectureEn":"NAGASAKI KEN","cityEn":"ISAHAYA SHI","townEn":"KAWACHIMACHI"},"8540038":{"prefectureJa":"長崎県","cityJa":"諫早市","townJa":"中央干拓","prefectureEn":"NAGASAKI KEN","cityEn":"ISAHAYA SHI","townEn":"CHUOKANTAKU"},"8540041":{"prefectureJa":"長崎県","cityJa":"諫早市","townJa":"船越町","prefectureEn":"NAGASAKI KEN","cityEn":"ISAHAYA SHI","townEn":"FUNAKOSHIMACHI"},"8540042":{"prefectureJa":"長崎県","cityJa":"諫早市","townJa":"上野町","prefectureEn":"NAGASAKI KEN","cityEn":"ISAHAYA SHI","townEn":"UENOMACHI"},"8540043":{"prefectureJa":"長崎県","cityJa":"諫早市","townJa":"立石町","prefectureEn":"NAGASAKI KEN","cityEn":"ISAHAYA SHI","townEn":"TATEISHIMACHI"},"8540044":{"prefectureJa":"長崎県","cityJa":"諫早市","townJa":"西郷町","prefectureEn":"NAGASAKI KEN","cityEn":"ISAHAYA SHI","townEn":"NISHIGOMACHI"},"8540045":{"prefectureJa":"長崎県","cityJa":"諫早市","townJa":"新道町","prefectureEn":"NAGASAKI KEN","cityEn":"ISAHAYA SHI","townEn":"SHIMMICHIMACHI"},"8540046":{"prefectureJa":"長崎県","cityJa":"諫早市","townJa":"原口町","prefectureEn":"NAGASAKI KEN","cityEn":"ISAHAYA SHI","townEn":"HARAGUCHIMACHI"},"8540047":{"prefectureJa":"長崎県","cityJa":"諫早市","townJa":"野中町","prefectureEn":"NAGASAKI KEN","cityEn":"ISAHAYA SHI","townEn":"NONAKAMACHI"},"8540051":{"prefectureJa":"長崎県","cityJa":"諫早市","townJa":"鷲崎町","prefectureEn":"NAGASAKI KEN","cityEn":"ISAHAYA SHI","townEn":"WASHIZAKIMACHI"},"8540052":{"prefectureJa":"長崎県","cityJa":"諫早市","townJa":"川床町","prefectureEn":"NAGASAKI KEN","cityEn":"ISAHAYA SHI","townEn":"KAWATOKOMACHI"},"8540053":{"prefectureJa":"長崎県","cityJa":"諫早市","townJa":"小川町","prefectureEn":"NAGASAKI KEN","cityEn":"ISAHAYA SHI","townEn":"OGAWAMACHI"},"8540054":{"prefectureJa":"長崎県","cityJa":"諫早市","townJa":"小ケ倉町","prefectureEn":"NAGASAKI KEN","cityEn":"ISAHAYA SHI","townEn":"KOGAKURAMACHI"},"8540055":{"prefectureJa":"長崎県","cityJa":"諫早市","townJa":"栗面町","prefectureEn":"NAGASAKI KEN","cityEn":"ISAHAYA SHI","townEn":"KUREMOMACHI"},"8540056":{"prefectureJa":"長崎県","cityJa":"諫早市","townJa":"土師野尾町","prefectureEn":"NAGASAKI KEN","cityEn":"ISAHAYA SHI","townEn":"HAJINOMACHI"},"8540057":{"prefectureJa":"長崎県","cityJa":"諫早市","townJa":"平山町","prefectureEn":"NAGASAKI KEN","cityEn":"ISAHAYA SHI","townEn":"HIRAYAMAMACHI"},"8540061":{"prefectureJa":"長崎県","cityJa":"諫早市","townJa":"宇都町","prefectureEn":"NAGASAKI KEN","cityEn":"ISAHAYA SHI","townEn":"UZUMACHI"},"8540062":{"prefectureJa":"長崎県","cityJa":"諫早市","townJa":"小船越町","prefectureEn":"NAGASAKI KEN","cityEn":"ISAHAYA SHI","townEn":"OBUNAKOSHIMACHI"},"8540063":{"prefectureJa":"長崎県","cityJa":"諫早市","townJa":"貝津町","prefectureEn":"NAGASAKI KEN","cityEn":"ISAHAYA SHI","townEn":"KAIZUMACHI"},"8540064":{"prefectureJa":"長崎県","cityJa":"諫早市","townJa":"若葉町","prefectureEn":"NAGASAKI KEN","cityEn":"ISAHAYA SHI","townEn":"WAKABAMACHI"},"8540065":{"prefectureJa":"長崎県","cityJa":"諫早市","townJa":"津久葉町","prefectureEn":"NAGASAKI KEN","cityEn":"ISAHAYA SHI","townEn":"TSUKUBAMACHI"},"8540066":{"prefectureJa":"長崎県","cityJa":"諫早市","townJa":"久山町","prefectureEn":"NAGASAKI KEN","cityEn":"ISAHAYA SHI","townEn":"KUYAMAMACHI"},"8540067":{"prefectureJa":"長崎県","cityJa":"諫早市","townJa":"久山台","prefectureEn":"NAGASAKI KEN","cityEn":"ISAHAYA SHI","townEn":"KUYAMADAI"},"8540068":{"prefectureJa":"長崎県","cityJa":"諫早市","townJa":"青葉台","prefectureEn":"NAGASAKI KEN","cityEn":"ISAHAYA SHI","townEn":"AOBADAI"},"8540069":{"prefectureJa":"長崎県","cityJa":"諫早市","townJa":"貝津ヶ丘","prefectureEn":"NAGASAKI KEN","cityEn":"ISAHAYA SHI","townEn":"KAIZUGAOKA"},"8540071":{"prefectureJa":"長崎県","cityJa":"諫早市","townJa":"永昌東町","prefectureEn":"NAGASAKI KEN","cityEn":"ISAHAYA SHI","townEn":"EISHOHIGASHIMACHI"},"8540072":{"prefectureJa":"長崎県","cityJa":"諫早市","townJa":"永昌町","prefectureEn":"NAGASAKI KEN","cityEn":"ISAHAYA SHI","townEn":"EISHOMACHI"},"8540073":{"prefectureJa":"長崎県","cityJa":"諫早市","townJa":"中尾町","prefectureEn":"NAGASAKI KEN","cityEn":"ISAHAYA SHI","townEn":"NAKAOMACHI"},"8540074":{"prefectureJa":"長崎県","cityJa":"諫早市","townJa":"山川町","prefectureEn":"NAGASAKI KEN","cityEn":"ISAHAYA SHI","townEn":"YAMAKAWAMACHI"},"8540075":{"prefectureJa":"長崎県","cityJa":"諫早市","townJa":"馬渡町","prefectureEn":"NAGASAKI KEN","cityEn":"ISAHAYA SHI","townEn":"MAWATARIMACHI"},"8540076":{"prefectureJa":"長崎県","cityJa":"諫早市","townJa":"堂崎町","prefectureEn":"NAGASAKI KEN","cityEn":"ISAHAYA SHI","townEn":"DOZAKIMACHI"},"8540077":{"prefectureJa":"長崎県","cityJa":"諫早市","townJa":"白岩町","prefectureEn":"NAGASAKI KEN","cityEn":"ISAHAYA SHI","townEn":"SHIRAIWAMACHI"},"8540081":{"prefectureJa":"長崎県","cityJa":"諫早市","townJa":"栄田町","prefectureEn":"NAGASAKI KEN","cityEn":"ISAHAYA SHI","townEn":"EIDAMACHI"},"8540082":{"prefectureJa":"長崎県","cityJa":"諫早市","townJa":"西栄田町","prefectureEn":"NAGASAKI KEN","cityEn":"ISAHAYA SHI","townEn":"NISHIEIDAMACHI"},"8540083":{"prefectureJa":"長崎県","cityJa":"諫早市","townJa":"津水町","prefectureEn":"NAGASAKI KEN","cityEn":"ISAHAYA SHI","townEn":"TSUMIZUMACHI"},"8540084":{"prefectureJa":"長崎県","cityJa":"諫早市","townJa":"真崎町","prefectureEn":"NAGASAKI KEN","cityEn":"ISAHAYA SHI","townEn":"MASAKIMACHI"},"8540085":{"prefectureJa":"長崎県","cityJa":"諫早市","townJa":"破籠井町","prefectureEn":"NAGASAKI KEN","cityEn":"ISAHAYA SHI","townEn":"WARIGOIMACHI"},"8540086":{"prefectureJa":"長崎県","cityJa":"諫早市","townJa":"堀の内町","prefectureEn":"NAGASAKI KEN","cityEn":"ISAHAYA SHI","townEn":"HORINOCHIMACHI"},"8540087":{"prefectureJa":"長崎県","cityJa":"諫早市","townJa":"大さこ町","prefectureEn":"NAGASAKI KEN","cityEn":"ISAHAYA SHI","townEn":"OSAKOMACHI"},"8540091":{"prefectureJa":"長崎県","cityJa":"諫早市","townJa":"富川町","prefectureEn":"NAGASAKI KEN","cityEn":"ISAHAYA SHI","townEn":"TOMIGAWAMACHI"},"8540092":{"prefectureJa":"長崎県","cityJa":"諫早市","townJa":"湯野尾町","prefectureEn":"NAGASAKI KEN","cityEn":"ISAHAYA SHI","townEn":"YUNOMACHI"},"8540093":{"prefectureJa":"長崎県","cityJa":"諫早市","townJa":"本野町","prefectureEn":"NAGASAKI KEN","cityEn":"ISAHAYA SHI","townEn":"MOTONOMACHI"},"8540094":{"prefectureJa":"長崎県","cityJa":"諫早市","townJa":"本明町","prefectureEn":"NAGASAKI KEN","cityEn":"ISAHAYA SHI","townEn":"HOMMYOMACHI"},"8540095":{"prefectureJa":"長崎県","cityJa":"諫早市","townJa":"上大渡野町","prefectureEn":"NAGASAKI KEN","cityEn":"ISAHAYA SHI","townEn":"KAMIOWATANOMACHI"},"8540096":{"prefectureJa":"長崎県","cityJa":"諫早市","townJa":"下大渡野町","prefectureEn":"NAGASAKI KEN","cityEn":"ISAHAYA SHI","townEn":"SHIMOOWATANOMACHI"},"8540121":{"prefectureJa":"長崎県","cityJa":"諫早市","townJa":"有喜町","prefectureEn":"NAGASAKI KEN","cityEn":"ISAHAYA SHI","townEn":"UKIMACHI"},"8540122":{"prefectureJa":"長崎県","cityJa":"諫早市","townJa":"鶴田町","prefectureEn":"NAGASAKI KEN","cityEn":"ISAHAYA SHI","townEn":"TSURUTAMACHI"},"8540123":{"prefectureJa":"長崎県","cityJa":"諫早市","townJa":"天神町","prefectureEn":"NAGASAKI KEN","cityEn":"ISAHAYA SHI","townEn":"TENJIMMACHI"},"8540124":{"prefectureJa":"長崎県","cityJa":"諫早市","townJa":"中通町","prefectureEn":"NAGASAKI KEN","cityEn":"ISAHAYA SHI","townEn":"NAKADORIMACHI"},"8540125":{"prefectureJa":"長崎県","cityJa":"諫早市","townJa":"早見町","prefectureEn":"NAGASAKI KEN","cityEn":"ISAHAYA SHI","townEn":"HAYAMIMACHI"},"8540126":{"prefectureJa":"長崎県","cityJa":"諫早市","townJa":"松里町","prefectureEn":"NAGASAKI KEN","cityEn":"ISAHAYA SHI","townEn":"MATSUZATOMACHI"},"8540201":{"prefectureJa":"長崎県","cityJa":"諫早市","townJa":"森山町下井牟田","prefectureEn":"NAGASAKI KEN","cityEn":"ISAHAYA SHI","townEn":"MORIYAMACHO SHIMOIMUTA"},"8540202":{"prefectureJa":"長崎県","cityJa":"諫早市","townJa":"森山町慶師野","prefectureEn":"NAGASAKI KEN","cityEn":"ISAHAYA SHI","townEn":"MORIYAMACHO KEISHINO"},"8540203":{"prefectureJa":"長崎県","cityJa":"諫早市","townJa":"森山町本村","prefectureEn":"NAGASAKI KEN","cityEn":"ISAHAYA SHI","townEn":"MORIYAMACHO HOMMURA"},"8540204":{"prefectureJa":"長崎県","cityJa":"諫早市","townJa":"森山町田尻","prefectureEn":"NAGASAKI KEN","cityEn":"ISAHAYA SHI","townEn":"MORIYAMACHO TAJIRI"},"8540205":{"prefectureJa":"長崎県","cityJa":"諫早市","townJa":"森山町杉谷","prefectureEn":"NAGASAKI KEN","cityEn":"ISAHAYA SHI","townEn":"MORIYAMACHO SUGITANI"},"8540206":{"prefectureJa":"長崎県","cityJa":"諫早市","townJa":"森山町唐比北","prefectureEn":"NAGASAKI KEN","cityEn":"ISAHAYA SHI","townEn":"MORIYAMACHO KARAKOKITA"},"8540207":{"prefectureJa":"長崎県","cityJa":"諫早市","townJa":"森山町唐比東","prefectureEn":"NAGASAKI KEN","cityEn":"ISAHAYA SHI","townEn":"MORIYAMACHO KARAKOHIGASHI"},"8540208":{"prefectureJa":"長崎県","cityJa":"諫早市","townJa":"森山町唐比西","prefectureEn":"NAGASAKI KEN","cityEn":"ISAHAYA SHI","townEn":"MORIYAMACHO KARAKONISHI"},"8540209":{"prefectureJa":"長崎県","cityJa":"諫早市","townJa":"森山町上井牟田","prefectureEn":"NAGASAKI KEN","cityEn":"ISAHAYA SHI","townEn":"MORIYAMACHO KAMIIMUTA"},"8540301":{"prefectureJa":"長崎県","cityJa":"雲仙市","townJa":"愛野町甲","prefectureEn":"NAGASAKI KEN","cityEn":"UNZEN SHI","townEn":"AINOMACHI KO"},"8540302":{"prefectureJa":"長崎県","cityJa":"雲仙市","townJa":"愛野町乙","prefectureEn":"NAGASAKI KEN","cityEn":"UNZEN SHI","townEn":"AINOMACHI OTSU"},"8540401":{"prefectureJa":"長崎県","cityJa":"雲仙市","townJa":"千々石町甲","prefectureEn":"NAGASAKI KEN","cityEn":"UNZEN SHI","townEn":"CHIJIWACHO KO"},"8540402":{"prefectureJa":"長崎県","cityJa":"雲仙市","townJa":"千々石町乙","prefectureEn":"NAGASAKI KEN","cityEn":"UNZEN SHI","townEn":"CHIJIWACHO OTSU"},"8540403":{"prefectureJa":"長崎県","cityJa":"雲仙市","townJa":"千々石町丙","prefectureEn":"NAGASAKI KEN","cityEn":"UNZEN SHI","townEn":"CHIJIWACHO HEI"},"8540404":{"prefectureJa":"長崎県","cityJa":"雲仙市","townJa":"千々石町丁","prefectureEn":"NAGASAKI KEN","cityEn":"UNZEN SHI","townEn":"CHIJIWACHO TEI"},"8540405":{"prefectureJa":"長崎県","cityJa":"雲仙市","townJa":"千々石町戊","prefectureEn":"NAGASAKI KEN","cityEn":"UNZEN SHI","townEn":"CHIJIWACHO BO"},"8540406":{"prefectureJa":"長崎県","cityJa":"雲仙市","townJa":"千々石町己","prefectureEn":"NAGASAKI KEN","cityEn":"UNZEN SHI","townEn":"CHIJIWACHO KI"},"8540407":{"prefectureJa":"長崎県","cityJa":"雲仙市","townJa":"千々石町庚","prefectureEn":"NAGASAKI KEN","cityEn":"UNZEN SHI","townEn":"CHIJIWACHO KO"},"8540500":{"prefectureJa":"長崎県","cityJa":"雲仙市","townJa":"以下に掲載がない場合","prefectureEn":"NAGASAKI KEN","cityEn":"UNZEN SHI","townEn":"IKANIKEISAIGANAIBAAI"},"8540501":{"prefectureJa":"長崎県","cityJa":"雲仙市","townJa":"小浜町大亀","prefectureEn":"NAGASAKI KEN","cityEn":"UNZEN SHI","townEn":"OBAMACHO OKAME"},"8540502":{"prefectureJa":"長崎県","cityJa":"雲仙市","townJa":"小浜町山畑","prefectureEn":"NAGASAKI KEN","cityEn":"UNZEN SHI","townEn":"OBAMACHO YAMAHATA"},"8540503":{"prefectureJa":"長崎県","cityJa":"雲仙市","townJa":"小浜町飛子","prefectureEn":"NAGASAKI KEN","cityEn":"UNZEN SHI","townEn":"OBAMACHO TOBIKO"},"8540504":{"prefectureJa":"長崎県","cityJa":"雲仙市","townJa":"小浜町金浜","prefectureEn":"NAGASAKI KEN","cityEn":"UNZEN SHI","townEn":"OBAMACHO KANAHAMA"},"8540505":{"prefectureJa":"長崎県","cityJa":"雲仙市","townJa":"小浜町木場","prefectureEn":"NAGASAKI KEN","cityEn":"UNZEN SHI","townEn":"OBAMACHO KOBA"},"8540511":{"prefectureJa":"長崎県","cityJa":"雲仙市","townJa":"小浜町南木指","prefectureEn":"NAGASAKI KEN","cityEn":"UNZEN SHI","townEn":"OBAMACHO MINAMIKISASHI"},"8540512":{"prefectureJa":"長崎県","cityJa":"雲仙市","townJa":"小浜町北木指","prefectureEn":"NAGASAKI KEN","cityEn":"UNZEN SHI","townEn":"OBAMACHO KITAKISASHI"},"8540513":{"prefectureJa":"長崎県","cityJa":"雲仙市","townJa":"小浜町南本町","prefectureEn":"NAGASAKI KEN","cityEn":"UNZEN SHI","townEn":"OBAMACHO MINAMIHOMMACHI"},"8540514":{"prefectureJa":"長崎県","cityJa":"雲仙市","townJa":"小浜町北本町","prefectureEn":"NAGASAKI KEN","cityEn":"UNZEN SHI","townEn":"OBAMACHO KITAHOMMACHI"},"8540515":{"prefectureJa":"長崎県","cityJa":"雲仙市","townJa":"小浜町北野","prefectureEn":"NAGASAKI KEN","cityEn":"UNZEN SHI","townEn":"OBAMACHO KITANO"},"8540516":{"prefectureJa":"長崎県","cityJa":"雲仙市","townJa":"小浜町富津","prefectureEn":"NAGASAKI KEN","cityEn":"UNZEN SHI","townEn":"OBAMACHO TOMITSU"},"8540517":{"prefectureJa":"長崎県","cityJa":"雲仙市","townJa":"小浜町マリーナ","prefectureEn":"NAGASAKI KEN","cityEn":"UNZEN SHI","townEn":"OBAMACHO MARINA"},"8540621":{"prefectureJa":"長崎県","cityJa":"雲仙市","townJa":"小浜町雲仙","prefectureEn":"NAGASAKI KEN","cityEn":"UNZEN SHI","townEn":"OBAMACHO UNZEN"},"8540701":{"prefectureJa":"長崎県","cityJa":"雲仙市","townJa":"南串山町甲","prefectureEn":"NAGASAKI KEN","cityEn":"UNZEN SHI","townEn":"MINAMIKUSHIYAMACHO KO"},"8540702":{"prefectureJa":"長崎県","cityJa":"雲仙市","townJa":"南串山町乙","prefectureEn":"NAGASAKI KEN","cityEn":"UNZEN SHI","townEn":"MINAMIKUSHIYAMACHO OTSU"},"8540703":{"prefectureJa":"長崎県","cityJa":"雲仙市","townJa":"南串山町丙","prefectureEn":"NAGASAKI KEN","cityEn":"UNZEN SHI","townEn":"MINAMIKUSHIYAMACHO HEI"},"8541101":{"prefectureJa":"長崎県","cityJa":"諫早市","townJa":"飯盛町野中","prefectureEn":"NAGASAKI KEN","cityEn":"ISAHAYA SHI","townEn":"IIMORICHO NONAKA"},"8541102":{"prefectureJa":"長崎県","cityJa":"諫早市","townJa":"飯盛町山口","prefectureEn":"NAGASAKI KEN","cityEn":"ISAHAYA SHI","townEn":"IIMORICHO YAMAGUCHI"},"8541103":{"prefectureJa":"長崎県","cityJa":"諫早市","townJa":"飯盛町中山","prefectureEn":"NAGASAKI KEN","cityEn":"ISAHAYA SHI","townEn":"IIMORICHO NAKAYAMA"},"8541104":{"prefectureJa":"長崎県","cityJa":"諫早市","townJa":"飯盛町上原","prefectureEn":"NAGASAKI KEN","cityEn":"ISAHAYA SHI","townEn":"IIMORICHO UEHARA"},"8541105":{"prefectureJa":"長崎県","cityJa":"諫早市","townJa":"飯盛町後田","prefectureEn":"NAGASAKI KEN","cityEn":"ISAHAYA SHI","townEn":"IIMORICHO USHIRODA"},"8541111":{"prefectureJa":"長崎県","cityJa":"諫早市","townJa":"飯盛町平古場","prefectureEn":"NAGASAKI KEN","cityEn":"ISAHAYA SHI","townEn":"IIMORICHO HIRAKOBA"},"8541112":{"prefectureJa":"長崎県","cityJa":"諫早市","townJa":"飯盛町開","prefectureEn":"NAGASAKI KEN","cityEn":"ISAHAYA SHI","townEn":"IIMORICHO HIRAKI"},"8541113":{"prefectureJa":"長崎県","cityJa":"諫早市","townJa":"飯盛町下釜","prefectureEn":"NAGASAKI KEN","cityEn":"ISAHAYA SHI","townEn":"IIMORICHO SHIMOGAMA"},"8541114":{"prefectureJa":"長崎県","cityJa":"諫早市","townJa":"飯盛町久保","prefectureEn":"NAGASAKI KEN","cityEn":"ISAHAYA SHI","townEn":"IIMORICHO KUBO"},"8541121":{"prefectureJa":"長崎県","cityJa":"諫早市","townJa":"飯盛町古場","prefectureEn":"NAGASAKI KEN","cityEn":"ISAHAYA SHI","townEn":"IIMORICHO KOBA"},"8541122":{"prefectureJa":"長崎県","cityJa":"諫早市","townJa":"飯盛町佐田","prefectureEn":"NAGASAKI KEN","cityEn":"ISAHAYA SHI","townEn":"IIMORICHO SADA"},"8541123":{"prefectureJa":"長崎県","cityJa":"諫早市","townJa":"飯盛町里","prefectureEn":"NAGASAKI KEN","cityEn":"ISAHAYA SHI","townEn":"IIMORICHO SATO"},"8541124":{"prefectureJa":"長崎県","cityJa":"諫早市","townJa":"飯盛町川下","prefectureEn":"NAGASAKI KEN","cityEn":"ISAHAYA SHI","townEn":"IIMORICHO KAWASHIMO"},"8541125":{"prefectureJa":"長崎県","cityJa":"諫早市","townJa":"飯盛町池下","prefectureEn":"NAGASAKI KEN","cityEn":"ISAHAYA SHI","townEn":"IIMORICHO IKESHIMO"}}