{"7850000":{"prefectureJa":"高知県","cityJa":"須崎市","townJa":"以下に掲載がない場合","prefectureEn":"KOCHI KEN","cityEn":"SUSAKI SHI","townEn":"IKANIKEISAIGANAIBAAI"},"7850001":{"prefectureJa":"高知県","cityJa":"須崎市","townJa":"原町","prefectureEn":"KOCHI KEN","cityEn":"SUSAKI SHI","townEn":"HARAMACHI"},"7850002":{"prefectureJa":"高知県","cityJa":"須崎市","townJa":"港町","prefectureEn":"KOCHI KEN","cityEn":"SUSAKI SHI","townEn":"MINATOMACHI"},"7850003":{"prefectureJa":"高知県","cityJa":"須崎市","townJa":"新町","prefectureEn":"KOCHI KEN","cityEn":"SUSAKI SHI","townEn":"SHIMMACHI"},"7850004":{"prefectureJa":"高知県","cityJa":"須崎市","townJa":"青木町","prefectureEn":"KOCHI KEN","cityEn":"SUSAKI SHI","townEn":"AOKIMACHI"},"7850005":{"prefectureJa":"高知県","cityJa":"須崎市","townJa":"東古市町","prefectureEn":"KOCHI KEN","cityEn":"SUSAKI SHI","townEn":"HIGASHIFURUICHIMACHI"},"7850006":{"prefectureJa":"高知県","cityJa":"須崎市","townJa":"浜町","prefectureEn":"KOCHI KEN","cityEn":"SUSAKI SHI","townEn":"HAMAMACHI"},"7850007":{"prefectureJa":"高知県","cityJa":"須崎市","townJa":"南古市町","prefectureEn":"KOCHI KEN","cityEn":"SUSAKI SHI","townEn":"MINAMIFURUICHIMACHI"},"7850008":{"prefectureJa":"高知県","cityJa":"須崎市","townJa":"中町","prefectureEn":"KOCHI KEN","cityEn":"SUSAKI SHI","townEn":"NAKAMACHI"},"7850009":{"prefectureJa":"高知県","cityJa":"須崎市","townJa":"西町","prefectureEn":"KOCHI KEN","cityEn":"SUSAKI SHI","townEn":"NISHIMACHI"},"7850010":{"prefectureJa":"高知県","cityJa":"須崎市","townJa":"鍛冶町","prefectureEn":"KOCHI KEN","cityEn":"SUSAKI SHI","townEn":"KAJIMACHI"},"7850011":{"prefectureJa":"高知県","cityJa":"須崎市","townJa":"東糺町","prefectureEn":"KOCHI KEN","cityEn":"SUSAKI SHI","townEn":"HIGASHITADASUMACHI"},"7850012":{"prefectureJa":"高知県","cityJa":"須崎市","townJa":"西糺町","prefectureEn":"KOCHI KEN","cityEn":"SUSAKI SHI","townEn":"NISHITADASUMACHI"},"7850013":{"prefectureJa":"高知県","cityJa":"須崎市","townJa":"西古市町","prefectureEn":"KOCHI KEN","cityEn":"SUSAKI SHI","townEn":"NISHIFURUICHIMACHI"},"7850014":{"prefectureJa":"高知県","cityJa":"須崎市","townJa":"横町","prefectureEn":"KOCHI KEN","cityEn":"SUSAKI SHI","townEn":"YOKOMACHI"},"7850015":{"prefectureJa":"高知県","cityJa":"須崎市","townJa":"幸町","prefectureEn":"KOCHI KEN","cityEn":"SUSAKI SHI","townEn":"SAIWAIMACHI"},"7850016":{"prefectureJa":"高知県","cityJa":"須崎市","townJa":"栄町","prefectureEn":"KOCHI KEN","cityEn":"SUSAKI SHI","townEn":"SAKAEMACHI"},"7850017":{"prefectureJa":"高知県","cityJa":"須崎市","townJa":"泉町","prefectureEn":"KOCHI KEN","cityEn":"SUSAKI SHI","townEn":"IZUMIMACHI"},"7850018":{"prefectureJa":"高知県","cityJa":"須崎市","townJa":"須崎","prefectureEn":"KOCHI KEN","cityEn":"SUSAKI SHI","townEn":"SUSAKI"},"7850021":{"prefectureJa":"高知県","cityJa":"須崎市","townJa":"池ノ内","prefectureEn":"KOCHI KEN","cityEn":"SUSAKI SHI","townEn":"IKENOCHI"},"7850022":{"prefectureJa":"高知県","cityJa":"須崎市","townJa":"下分甲","prefectureEn":"KOCHI KEN","cityEn":"SUSAKI SHI","townEn":"SHIMOBUN KO"},"7850023":{"prefectureJa":"高知県","cityJa":"須崎市","townJa":"下分乙","prefectureEn":"KOCHI KEN","cityEn":"SUSAKI SHI","townEn":"SHIMOBUN OTSU"},"7850024":{"prefectureJa":"高知県","cityJa":"須崎市","townJa":"安和","prefectureEn":"KOCHI KEN","cityEn":"SUSAKI SHI","townEn":"AWA"},"7850025":{"prefectureJa":"高知県","cityJa":"須崎市","townJa":"下郷","prefectureEn":"KOCHI KEN","cityEn":"SUSAKI SHI","townEn":"SHIMOGO"},"7850026":{"prefectureJa":"高知県","cityJa":"須崎市","townJa":"上分甲","prefectureEn":"KOCHI KEN","cityEn":"SUSAKI SHI","townEn":"KAMIBUN KO"},"7850027":{"prefectureJa":"高知県","cityJa":"須崎市","townJa":"上分乙","prefectureEn":"KOCHI KEN","cityEn":"SUSAKI SHI","townEn":"KAMIBUN OTSU"},"7850028":{"prefectureJa":"高知県","cityJa":"須崎市","townJa":"上分丙","prefectureEn":"KOCHI KEN","cityEn":"SUSAKI SHI","townEn":"KAMIBUN HEI"},"7850030":{"prefectureJa":"高知県","cityJa":"須崎市","townJa":"多ノ郷甲","prefectureEn":"KOCHI KEN","cityEn":"SUSAKI SHI","townEn":"ONOGO KO"},"7850031":{"prefectureJa":"高知県","cityJa":"須崎市","townJa":"山手町","prefectureEn":"KOCHI KEN","cityEn":"SUSAKI SHI","townEn":"YAMATEMACHI"},"7850032":{"prefectureJa":"高知県","cityJa":"須崎市","townJa":"潮田町","prefectureEn":"KOCHI KEN","cityEn":"SUSAKI SHI","townEn":"SHIOTAMACHI"},"7850033":{"prefectureJa":"高知県","cityJa":"須崎市","townJa":"大間西町","prefectureEn":"KOCHI KEN","cityEn":"SUSAKI SHI","townEn":"OMA NISHIMACHI"},"7850034":{"prefectureJa":"高知県","cityJa":"須崎市","townJa":"大間本町","prefectureEn":"KOCHI KEN","cityEn":"SUSAKI SHI","townEn":"OMA HOMMACHI"},"7850035":{"prefectureJa":"高知県","cityJa":"須崎市","townJa":"大間東町","prefectureEn":"KOCHI KEN","cityEn":"SUSAKI SHI","townEn":"OMA HIGASHIMACHI"},"7850036":{"prefectureJa":"高知県","cityJa":"須崎市","townJa":"緑町","prefectureEn":"KOCHI KEN","cityEn":"SUSAKI SHI","townEn":"MIDORIMACHI"},"7850037":{"prefectureJa":"高知県","cityJa":"須崎市","townJa":"赤崎町","prefectureEn":"KOCHI KEN","cityEn":"SUSAKI SHI","townEn":"AKAZAKIMACHI"},"7850041":{"prefectureJa":"高知県","cityJa":"須崎市","townJa":"西崎町","prefectureEn":"KOCHI KEN","cityEn":"SUSAKI SHI","townEn":"NISHIZAKIMACHI"},"7850042":{"prefectureJa":"高知県","cityJa":"須崎市","townJa":"妙見町","prefectureEn":"KOCHI KEN","cityEn":"SUSAKI SHI","townEn":"MYOKEMMACHI"},"7850043":{"prefectureJa":"高知県","cityJa":"須崎市","townJa":"土崎町","prefectureEn":"KOCHI KEN","cityEn":"SUSAKI SHI","townEn":"TSUCHIZAKIMACHI"},"7850044":{"prefectureJa":"高知県","cityJa":"須崎市","townJa":"吾井郷乙","prefectureEn":"KOCHI KEN","cityEn":"SUSAKI SHI","townEn":"AINOGO OTSU"},"7850045":{"prefectureJa":"高知県","cityJa":"須崎市","townJa":"桑田山乙","prefectureEn":"KOCHI KEN","cityEn":"SUSAKI SHI","townEn":"SODAYAMA OTSU"},"7850046":{"prefectureJa":"高知県","cityJa":"須崎市","townJa":"桑田山甲","prefectureEn":"KOCHI KEN","cityEn":"SUSAKI SHI","townEn":"SODAYAMA KO"},"7850047":{"prefectureJa":"高知県","cityJa":"須崎市","townJa":"吾井郷甲","prefectureEn":"KOCHI KEN","cityEn":"SUSAKI SHI","townEn":"AINOGO KO"},"7850051":{"prefectureJa":"高知県","cityJa":"須崎市","townJa":"神田","prefectureEn":"KOCHI KEN","cityEn":"SUSAKI SHI","townEn":"KODA"},"7850052":{"prefectureJa":"高知県","cityJa":"須崎市","townJa":"押岡","prefectureEn":"KOCHI KEN","cityEn":"SUSAKI SHI","townEn":"OSHIOKA"},"7850053":{"prefectureJa":"高知県","cityJa":"須崎市","townJa":"久通","prefectureEn":"KOCHI KEN","cityEn":"SUSAKI SHI","townEn":"KUTSU"},"7850054":{"prefectureJa":"高知県","cityJa":"須崎市","townJa":"多ノ郷乙","prefectureEn":"KOCHI KEN","cityEn":"SUSAKI SHI","townEn":"ONOGO OTSU"},"7850055":{"prefectureJa":"高知県","cityJa":"須崎市","townJa":"大谷","prefectureEn":"KOCHI KEN","cityEn":"SUSAKI SHI","townEn":"OTANI"},"7850056":{"prefectureJa":"高知県","cityJa":"須崎市","townJa":"野見","prefectureEn":"KOCHI KEN","cityEn":"SUSAKI SHI","townEn":"NOMI"},"7850057":{"prefectureJa":"高知県","cityJa":"須崎市","townJa":"桐間東","prefectureEn":"KOCHI KEN","cityEn":"SUSAKI SHI","townEn":"KIRIMAHIGASHI"},"7850058":{"prefectureJa":"高知県","cityJa":"須崎市","townJa":"桐間南","prefectureEn":"KOCHI KEN","cityEn":"SUSAKI SHI","townEn":"KIRIMAMINAMI"},"7850059":{"prefectureJa":"高知県","cityJa":"須崎市","townJa":"桐間西","prefectureEn":"KOCHI KEN","cityEn":"SUSAKI SHI","townEn":"KIRIMANISHI"},"7850161":{"prefectureJa":"高知県","cityJa":"須崎市","townJa":"浦ノ内西分","prefectureEn":"KOCHI KEN","cityEn":"SUSAKI SHI","townEn":"URANOCHI NISHIBUN"},"7850162":{"prefectureJa":"高知県","cityJa":"須崎市","townJa":"浦ノ内東分（その他）","prefectureEn":"KOCHI KEN","cityEn":"SUSAKI SHI","townEn":"URANOCHIHIGASHIBUN(SONOTA)"},"7850163":{"prefectureJa":"高知県","cityJa":"須崎市","townJa":"浦ノ内東分（鳴無・坂内）","prefectureEn":"KOCHI KEN","cityEn":"SUSAKI SHI","townEn":"URANOCHIHIGASHIBUN(OTONASHI.SAKAUCH"},"7850164":{"prefectureJa":"高知県","cityJa":"須崎市","townJa":"浦ノ内立目摺木","prefectureEn":"KOCHI KEN","cityEn":"SUSAKI SHI","townEn":"URANOCHI TACHIMESURUGI"},"7850165":{"prefectureJa":"高知県","cityJa":"須崎市","townJa":"浦ノ内出見","prefectureEn":"KOCHI KEN","cityEn":"SUSAKI SHI","townEn":"URANOCHI IZUMI"},"7850166":{"prefectureJa":"高知県","cityJa":"須崎市","townJa":"浦ノ内塩間","prefectureEn":"KOCHI KEN","cityEn":"SUSAKI SHI","townEn":"URANOCHI SHIWAI"},"7850167":{"prefectureJa":"高知県","cityJa":"須崎市","townJa":"浦ノ内灰方","prefectureEn":"KOCHI KEN","cityEn":"SUSAKI SHI","townEn":"URANOCHI HAIGATA"},"7850171":{"prefectureJa":"高知県","cityJa":"須崎市","townJa":"浦ノ内須ノ浦","prefectureEn":"KOCHI KEN","cityEn":"SUSAKI SHI","townEn":"URANOCHI SUNORA"},"7850172":{"prefectureJa":"高知県","cityJa":"須崎市","townJa":"浦ノ内福良","prefectureEn":"KOCHI KEN","cityEn":"SUSAKI SHI","townEn":"URANOCHI FUKURA"},"7850173":{"prefectureJa":"高知県","cityJa":"須崎市","townJa":"浦ノ内今川内","prefectureEn":"KOCHI KEN","cityEn":"SUSAKI SHI","townEn":"URANOCHI KONGAWAUCHI"},"7850174":{"prefectureJa":"高知県","cityJa":"須崎市","townJa":"浦ノ内下中山","prefectureEn":"KOCHI KEN","cityEn":"SUSAKI SHI","townEn":"URANOCHI SHIMONAKAYAMA"},"7850200":{"prefectureJa":"高知県","cityJa":"高岡郡津野町","townJa":"以下に掲載がない場合","prefectureEn":"KOCHI KEN","cityEn":"TAKAOKA GUN TSUNO CHO","townEn":"IKANIKEISAIGANAIBAAI"},"7850201":{"prefectureJa":"高知県","cityJa":"高岡郡津野町","townJa":"永野","prefectureEn":"KOCHI KEN","cityEn":"TAKAOKA GUN TSUNO CHO","townEn":"NAGANO"},"7850202":{"prefectureJa":"高知県","cityJa":"高岡郡津野町","townJa":"姫野々","prefectureEn":"KOCHI KEN","cityEn":"TAKAOKA GUN TSUNO CHO","townEn":"HIMENONO"},"7850203":{"prefectureJa":"高知県","cityJa":"高岡郡津野町","townJa":"貝ノ川","prefectureEn":"KOCHI KEN","cityEn":"TAKAOKA GUN TSUNO CHO","townEn":"KAINOKAWA"},"7850204":{"prefectureJa":"高知県","cityJa":"高岡郡津野町","townJa":"久保川","prefectureEn":"KOCHI KEN","cityEn":"TAKAOKA GUN TSUNO CHO","townEn":"KUBOKAWA"},"7850205":{"prefectureJa":"高知県","cityJa":"高岡郡津野町","townJa":"西谷甲","prefectureEn":"KOCHI KEN","cityEn":"TAKAOKA GUN TSUNO CHO","townEn":"NISHIDANI KO"},"7850206":{"prefectureJa":"高知県","cityJa":"高岡郡津野町","townJa":"樺の川","prefectureEn":"KOCHI KEN","cityEn":"TAKAOKA GUN TSUNO CHO","townEn":"KABANOKAWA"},"7850207":{"prefectureJa":"高知県","cityJa":"高岡郡津野町","townJa":"新土居","prefectureEn":"KOCHI KEN","cityEn":"TAKAOKA GUN TSUNO CHO","townEn":"SHINDOI"},"7850208":{"prefectureJa":"高知県","cityJa":"高岡郡津野町","townJa":"三間川","prefectureEn":"KOCHI KEN","cityEn":"TAKAOKA GUN TSUNO CHO","townEn":"MIMANOKAWA"},"7850209":{"prefectureJa":"高知県","cityJa":"高岡郡津野町","townJa":"西谷乙","prefectureEn":"KOCHI KEN","cityEn":"TAKAOKA GUN TSUNO CHO","townEn":"NISHIDANI OTSU"},"7850210":{"prefectureJa":"高知県","cityJa":"高岡郡津野町","townJa":"貝ノ川床鍋","prefectureEn":"KOCHI KEN","cityEn":"TAKAOKA GUN TSUNO CHO","townEn":"KAINOKAWATOKONABE"},"7850211":{"prefectureJa":"高知県","cityJa":"高岡郡津野町","townJa":"白石甲","prefectureEn":"KOCHI KEN","cityEn":"TAKAOKA GUN TSUNO CHO","townEn":"SHIRAISHI KO"},"7850212":{"prefectureJa":"高知県","cityJa":"高岡郡津野町","townJa":"白石乙","prefectureEn":"KOCHI KEN","cityEn":"TAKAOKA GUN TSUNO CHO","townEn":"SHIRAISHI OTSU"},"7850213":{"prefectureJa":"高知県","cityJa":"高岡郡津野町","townJa":"白石丙","prefectureEn":"KOCHI KEN","cityEn":"TAKAOKA GUN TSUNO CHO","townEn":"SHIRAISHI HEI"},"7850214":{"prefectureJa":"高知県","cityJa":"高岡郡津野町","townJa":"杉ノ川甲","prefectureEn":"KOCHI KEN","cityEn":"TAKAOKA GUN TSUNO CHO","townEn":"SUGINOKAWA KO"},"7850215":{"prefectureJa":"高知県","cityJa":"高岡郡津野町","townJa":"杉ノ川乙","prefectureEn":"KOCHI KEN","cityEn":"TAKAOKA GUN TSUNO CHO","townEn":"SUGINOKAWA OTSU"},"7850216":{"prefectureJa":"高知県","cityJa":"高岡郡津野町","townJa":"杉ノ川丙","prefectureEn":"KOCHI KEN","cityEn":"TAKAOKA GUN TSUNO CHO","townEn":"SUGINOKAWA HEI"},"7850217":{"prefectureJa":"高知県","cityJa":"高岡郡津野町","townJa":"黒川","prefectureEn":"KOCHI KEN","cityEn":"TAKAOKA GUN TSUNO CHO","townEn":"KUROKAWA"},"7850218":{"prefectureJa":"高知県","cityJa":"高岡郡津野町","townJa":"大野","prefectureEn":"KOCHI KEN","cityEn":"TAKAOKA GUN TSUNO CHO","townEn":"ONO"},"7850219":{"prefectureJa":"高知県","cityJa":"高岡郡津野町","townJa":"赤木","prefectureEn":"KOCHI KEN","cityEn":"TAKAOKA GUN TSUNO CHO","townEn":"AKAGI"},"7850411":{"prefectureJa":"高知県","cityJa":"高岡郡津野町","townJa":"船戸","prefectureEn":"KOCHI KEN","cityEn":"TAKAOKA GUN TSUNO CHO","townEn":"FUNATO"},"7850412":{"prefectureJa":"高知県","cityJa":"高岡郡津野町","townJa":"桑ケ市","prefectureEn":"KOCHI KEN","cityEn":"TAKAOKA GUN TSUNO CHO","townEn":"KUWAGAICHI"},"7850413":{"prefectureJa":"高知県","cityJa":"高岡郡津野町","townJa":"烏出川","prefectureEn":"KOCHI KEN","cityEn":"TAKAOKA GUN TSUNO CHO","townEn":"KARASUDEGAWA"},"7850501":{"prefectureJa":"高知県","cityJa":"高岡郡津野町","townJa":"力石","prefectureEn":"KOCHI KEN","cityEn":"TAKAOKA GUN TSUNO CHO","townEn":"CHIKARAISHI"},"7850502":{"prefectureJa":"高知県","cityJa":"高岡郡津野町","townJa":"北川","prefectureEn":"KOCHI KEN","cityEn":"TAKAOKA GUN TSUNO CHO","townEn":"KITAGAWA"},"7850503":{"prefectureJa":"高知県","cityJa":"高岡郡津野町","townJa":"芳生野甲","prefectureEn":"KOCHI KEN","cityEn":"TAKAOKA GUN TSUNO CHO","townEn":"YOSHIUNO KO"},"7850504":{"prefectureJa":"高知県","cityJa":"高岡郡津野町","townJa":"芳生野乙","prefectureEn":"KOCHI KEN","cityEn":"TAKAOKA GUN TSUNO CHO","townEn":"YOSHIUNO OTSU"},"7850505":{"prefectureJa":"高知県","cityJa":"高岡郡津野町","townJa":"芳生野丙","prefectureEn":"KOCHI KEN","cityEn":"TAKAOKA GUN TSUNO CHO","townEn":"YOSHIUNO HEI"},"7850600":{"prefectureJa":"高知県","cityJa":"高岡郡檮原町","townJa":"以下に掲載がない場合","prefectureEn":"KOCHI KEN","cityEn":"TAKAOKA GUN YUSUHARA CHO","townEn":"IKANIKEISAIGANAIBAAI"},"7850601":{"prefectureJa":"高知県","cityJa":"高岡郡檮原町","townJa":"永野","prefectureEn":"KOCHI KEN","cityEn":"TAKAOKA GUN YUSUHARA CHO","townEn":"NAGANO"},"7850602":{"prefectureJa":"高知県","cityJa":"高岡郡檮原町","townJa":"井の谷","prefectureEn":"KOCHI KEN","cityEn":"TAKAOKA GUN YUSUHARA CHO","townEn":"INOTANI"},"7850603":{"prefectureJa":"高知県","cityJa":"高岡郡檮原町","townJa":"太田戸","prefectureEn":"KOCHI KEN","cityEn":"TAKAOKA GUN YUSUHARA CHO","townEn":"OTADO"},"7850604":{"prefectureJa":"高知県","cityJa":"高岡郡檮原町","townJa":"横貝","prefectureEn":"KOCHI KEN","cityEn":"TAKAOKA GUN YUSUHARA CHO","townEn":"YOKOGAI"},"7850605":{"prefectureJa":"高知県","cityJa":"高岡郡檮原町","townJa":"下本村","prefectureEn":"KOCHI KEN","cityEn":"TAKAOKA GUN YUSUHARA CHO","townEn":"SHIMOHOMMURA"},"7850606":{"prefectureJa":"高知県","cityJa":"高岡郡檮原町","townJa":"上本村","prefectureEn":"KOCHI KEN","cityEn":"TAKAOKA GUN YUSUHARA CHO","townEn":"KAMIHOMMURA"},"7850607":{"prefectureJa":"高知県","cityJa":"高岡郡檮原町","townJa":"田野々","prefectureEn":"KOCHI KEN","cityEn":"TAKAOKA GUN YUSUHARA CHO","townEn":"TANONO"},"7850608":{"prefectureJa":"高知県","cityJa":"高岡郡檮原町","townJa":"後別当","prefectureEn":"KOCHI KEN","cityEn":"TAKAOKA GUN YUSUHARA CHO","townEn":"GOBETTO"},"7850610":{"prefectureJa":"高知県","cityJa":"高岡郡檮原町","townJa":"檮原","prefectureEn":"KOCHI KEN","cityEn":"TAKAOKA GUN YUSUHARA CHO","townEn":"YUSUHARA"},"7850611":{"prefectureJa":"高知県","cityJa":"高岡郡檮原町","townJa":"飯母","prefectureEn":"KOCHI KEN","cityEn":"TAKAOKA GUN YUSUHARA CHO","townEn":"IIBO"},"7850612":{"prefectureJa":"高知県","cityJa":"高岡郡檮原町","townJa":"川西路","prefectureEn":"KOCHI KEN","cityEn":"TAKAOKA GUN YUSUHARA CHO","townEn":"KAWANISHIJI"},"7850613":{"prefectureJa":"高知県","cityJa":"高岡郡檮原町","townJa":"大蔵谷","prefectureEn":"KOCHI KEN","cityEn":"TAKAOKA GUN YUSUHARA CHO","townEn":"OZOTANI"},"7850621":{"prefectureJa":"高知県","cityJa":"高岡郡檮原町","townJa":"太郎川","prefectureEn":"KOCHI KEN","cityEn":"TAKAOKA GUN YUSUHARA CHO","townEn":"TAROGAWA"},"7850622":{"prefectureJa":"高知県","cityJa":"高岡郡檮原町","townJa":"神在居","prefectureEn":"KOCHI KEN","cityEn":"TAKAOKA GUN YUSUHARA CHO","townEn":"KANZAIKO"},"7850623":{"prefectureJa":"高知県","cityJa":"高岡郡檮原町","townJa":"仲洞","prefectureEn":"KOCHI KEN","cityEn":"TAKAOKA GUN YUSUHARA CHO","townEn":"NAKATO"},"7850624":{"prefectureJa":"高知県","cityJa":"高岡郡檮原町","townJa":"下折渡","prefectureEn":"KOCHI KEN","cityEn":"TAKAOKA GUN YUSUHARA CHO","townEn":"SHIMORIWATARI"},"7850625":{"prefectureJa":"高知県","cityJa":"高岡郡檮原町","townJa":"上折渡","prefectureEn":"KOCHI KEN","cityEn":"TAKAOKA GUN YUSUHARA CHO","townEn":"KAMIORIWATARI"},"7850626":{"prefectureJa":"高知県","cityJa":"高岡郡檮原町","townJa":"大野地","prefectureEn":"KOCHI KEN","cityEn":"TAKAOKA GUN YUSUHARA CHO","townEn":"ONOJI"},"7850627":{"prefectureJa":"高知県","cityJa":"高岡郡檮原町","townJa":"影野地","prefectureEn":"KOCHI KEN","cityEn":"TAKAOKA GUN YUSUHARA CHO","townEn":"KAGENOJI"},"7850631":{"prefectureJa":"高知県","cityJa":"高岡郡檮原町","townJa":"佐渡","prefectureEn":"KOCHI KEN","cityEn":"TAKAOKA GUN YUSUHARA CHO","townEn":"SAWATARI"},"7850632":{"prefectureJa":"高知県","cityJa":"高岡郡檮原町","townJa":"初瀬本村","prefectureEn":"KOCHI KEN","cityEn":"TAKAOKA GUN YUSUHARA CHO","townEn":"HATSUSEHOMMURA"},"7850633":{"prefectureJa":"高知県","cityJa":"高岡郡檮原町","townJa":"豊原","prefectureEn":"KOCHI KEN","cityEn":"TAKAOKA GUN YUSUHARA CHO","townEn":"TOYOHARA"},"7850634":{"prefectureJa":"高知県","cityJa":"高岡郡檮原町","townJa":"仲久保","prefectureEn":"KOCHI KEN","cityEn":"TAKAOKA GUN YUSUHARA CHO","townEn":"NAKAKUBO"},"7850635":{"prefectureJa":"高知県","cityJa":"高岡郡檮原町","townJa":"川井","prefectureEn":"KOCHI KEN","cityEn":"TAKAOKA GUN YUSUHARA CHO","townEn":"KAWAI"},"7850636":{"prefectureJa":"高知県","cityJa":"高岡郡檮原町","townJa":"川口","prefectureEn":"KOCHI KEN","cityEn":"TAKAOKA GUN YUSUHARA CHO","townEn":"KAWAGUCHI"},"7850641":{"prefectureJa":"高知県","cityJa":"高岡郡檮原町","townJa":"上成","prefectureEn":"KOCHI KEN","cityEn":"TAKAOKA GUN YUSUHARA CHO","townEn":"UWANARO"},"7850642":{"prefectureJa":"高知県","cityJa":"高岡郡檮原町","townJa":"松谷","prefectureEn":"KOCHI KEN","cityEn":"TAKAOKA GUN YUSUHARA CHO","townEn":"MATSUDANI"},"7850643":{"prefectureJa":"高知県","cityJa":"高岡郡檮原町","townJa":"宮野々","prefectureEn":"KOCHI KEN","cityEn":"TAKAOKA GUN YUSUHARA CHO","townEn":"MIYANONO"},"7850644":{"prefectureJa":"高知県","cityJa":"高岡郡檮原町","townJa":"広野","prefectureEn":"KOCHI KEN","cityEn":"TAKAOKA GUN YUSUHARA CHO","townEn":"HIRONO"},"7850645":{"prefectureJa":"高知県","cityJa":"高岡郡檮原町","townJa":"竹の薮","prefectureEn":"KOCHI KEN","cityEn":"TAKAOKA GUN YUSUHARA CHO","townEn":"TAKENOYABU"},"7850646":{"prefectureJa":"高知県","cityJa":"高岡郡檮原町","townJa":"上西の川","prefectureEn":"KOCHI KEN","cityEn":"TAKAOKA GUN YUSUHARA CHO","townEn":"KAMINISHINOKAWA"},"7850647":{"prefectureJa":"高知県","cityJa":"高岡郡檮原町","townJa":"下西の川","prefectureEn":"KOCHI KEN","cityEn":"TAKAOKA GUN YUSUHARA CHO","townEn":"SHIMONISHINOKAWA"},"7850648":{"prefectureJa":"高知県","cityJa":"高岡郡檮原町","townJa":"仲間","prefectureEn":"KOCHI KEN","cityEn":"TAKAOKA GUN YUSUHARA CHO","townEn":"NAKAIDA"},"7850651":{"prefectureJa":"高知県","cityJa":"高岡郡檮原町","townJa":"茶や谷","prefectureEn":"KOCHI KEN","cityEn":"TAKAOKA GUN YUSUHARA CHO","townEn":"CHAYADANI"},"7850652":{"prefectureJa":"高知県","cityJa":"高岡郡檮原町","townJa":"本も谷","prefectureEn":"KOCHI KEN","cityEn":"TAKAOKA GUN YUSUHARA CHO","townEn":"OMODANI"},"7850653":{"prefectureJa":"高知県","cityJa":"高岡郡檮原町","townJa":"中の川","prefectureEn":"KOCHI KEN","cityEn":"TAKAOKA GUN YUSUHARA CHO","townEn":"NAKANOKAWA"},"7850654":{"prefectureJa":"高知県","cityJa":"高岡郡檮原町","townJa":"上組","prefectureEn":"KOCHI KEN","cityEn":"TAKAOKA GUN YUSUHARA CHO","townEn":"KAMIGUMI"},"7850655":{"prefectureJa":"高知県","cityJa":"高岡郡檮原町","townJa":"下組","prefectureEn":"KOCHI KEN","cityEn":"TAKAOKA GUN YUSUHARA CHO","townEn":"SHIMOGUMI"},"7850656":{"prefectureJa":"高知県","cityJa":"高岡郡檮原町","townJa":"東川","prefectureEn":"KOCHI KEN","cityEn":"TAKAOKA GUN YUSUHARA CHO","townEn":"HIGASHIGAWA"},"7850657":{"prefectureJa":"高知県","cityJa":"高岡郡檮原町","townJa":"東向","prefectureEn":"KOCHI KEN","cityEn":"TAKAOKA GUN YUSUHARA CHO","townEn":"KOCHIMUKI"},"7850658":{"prefectureJa":"高知県","cityJa":"高岡郡檮原町","townJa":"富永","prefectureEn":"KOCHI KEN","cityEn":"TAKAOKA GUN YUSUHARA CHO","townEn":"TOMINAGA"},"7850661":{"prefectureJa":"高知県","cityJa":"高岡郡檮原町","townJa":"六丁","prefectureEn":"KOCHI KEN","cityEn":"TAKAOKA GUN YUSUHARA CHO","townEn":"ROKUCHO"},"7850662":{"prefectureJa":"高知県","cityJa":"高岡郡檮原町","townJa":"坂本川","prefectureEn":"KOCHI KEN","cityEn":"TAKAOKA GUN YUSUHARA CHO","townEn":"SAKAMOTOGAWA"},"7850663":{"prefectureJa":"高知県","cityJa":"高岡郡檮原町","townJa":"文丸","prefectureEn":"KOCHI KEN","cityEn":"TAKAOKA GUN YUSUHARA CHO","townEn":"BUMMARU"},"7850664":{"prefectureJa":"高知県","cityJa":"高岡郡檮原町","townJa":"神の山","prefectureEn":"KOCHI KEN","cityEn":"TAKAOKA GUN YUSUHARA CHO","townEn":"KAMINOYAMA"},"7850665":{"prefectureJa":"高知県","cityJa":"高岡郡檮原町","townJa":"坪野田","prefectureEn":"KOCHI KEN","cityEn":"TAKAOKA GUN YUSUHARA CHO","townEn":"TSUBONOTA"},"7850666":{"prefectureJa":"高知県","cityJa":"高岡郡檮原町","townJa":"井高","prefectureEn":"KOCHI KEN","cityEn":"TAKAOKA GUN YUSUHARA CHO","townEn":"IKO"},"7850771":{"prefectureJa":"高知県","cityJa":"高岡郡檮原町","townJa":"大向","prefectureEn":"KOCHI KEN","cityEn":"TAKAOKA GUN YUSUHARA CHO","townEn":"OMUKAI"},"7850772":{"prefectureJa":"高知県","cityJa":"高岡郡檮原町","townJa":"中平","prefectureEn":"KOCHI KEN","cityEn":"TAKAOKA GUN YUSUHARA CHO","townEn":"NAKAHIRA"},"7850773":{"prefectureJa":"高知県","cityJa":"高岡郡檮原町","townJa":"松原","prefectureEn":"KOCHI KEN","cityEn":"TAKAOKA GUN YUSUHARA CHO","townEn":"MATSUBARA"},"7850774":{"prefectureJa":"高知県","cityJa":"高岡郡檮原町","townJa":"久保谷","prefectureEn":"KOCHI KEN","cityEn":"TAKAOKA GUN YUSUHARA CHO","townEn":"KUBOTANI"},"7850775":{"prefectureJa":"高知県","cityJa":"高岡郡檮原町","townJa":"島中","prefectureEn":"KOCHI KEN","cityEn":"TAKAOKA GUN YUSUHARA CHO","townEn":"SHIMAJU"},"7850776":{"prefectureJa":"高知県","cityJa":"高岡郡檮原町","townJa":"家籠戸","prefectureEn":"KOCHI KEN","cityEn":"TAKAOKA GUN YUSUHARA CHO","townEn":"KAROTO"}}