{"6900000":{"prefectureJa":"島根県","cityJa":"松江市","townJa":"以下に掲載がない場合","prefectureEn":"SHIMANE KEN","cityEn":"MATSUE SHI","townEn":"IKANIKEISAIGANAIBAAI"},"6900001":{"prefectureJa":"島根県","cityJa":"松江市","townJa":"東朝日町","prefectureEn":"SHIMANE KEN","cityEn":"MATSUE SHI","townEn":"HIGASHIASAHIMACHI"},"6900002":{"prefectureJa":"島根県","cityJa":"松江市","townJa":"大正町","prefectureEn":"SHIMANE KEN","cityEn":"MATSUE SHI","townEn":"TAISHOMACHI"},"6900003":{"prefectureJa":"島根県","cityJa":"松江市","townJa":"朝日町","prefectureEn":"SHIMANE KEN","cityEn":"MATSUE SHI","townEn":"ASAHIMACHI"},"6900004":{"prefectureJa":"島根県","cityJa":"松江市","townJa":"八軒屋町","prefectureEn":"SHIMANE KEN","cityEn":"MATSUE SHI","townEn":"HACHIKENYAMACHI"},"6900005":{"prefectureJa":"島根県","cityJa":"松江市","townJa":"和多見町","prefectureEn":"SHIMANE KEN","cityEn":"MATSUE SHI","townEn":"WADAMICHO"},"6900006":{"prefectureJa":"島根県","cityJa":"松江市","townJa":"伊勢宮町","prefectureEn":"SHIMANE KEN","cityEn":"MATSUE SHI","townEn":"ISEMIYACHO"},"6900007":{"prefectureJa":"島根県","cityJa":"松江市","townJa":"御手船場町","prefectureEn":"SHIMANE KEN","cityEn":"MATSUE SHI","townEn":"OTESEMBACHO"},"6900011":{"prefectureJa":"島根県","cityJa":"松江市","townJa":"東津田町","prefectureEn":"SHIMANE KEN","cityEn":"MATSUE SHI","townEn":"HIGASHITSUDACHO"},"6900012":{"prefectureJa":"島根県","cityJa":"松江市","townJa":"古志原","prefectureEn":"SHIMANE KEN","cityEn":"MATSUE SHI","townEn":"KOSHIBARA"},"6900013":{"prefectureJa":"島根県","cityJa":"松江市","townJa":"古志原町","prefectureEn":"SHIMANE KEN","cityEn":"MATSUE SHI","townEn":"KOSHIBARACHO"},"6900014":{"prefectureJa":"島根県","cityJa":"松江市","townJa":"八雲台","prefectureEn":"SHIMANE KEN","cityEn":"MATSUE SHI","townEn":"YAKUMODAI"},"6900015":{"prefectureJa":"島根県","cityJa":"松江市","townJa":"上乃木","prefectureEn":"SHIMANE KEN","cityEn":"MATSUE SHI","townEn":"AGENOGI"},"6900017":{"prefectureJa":"島根県","cityJa":"松江市","townJa":"西津田","prefectureEn":"SHIMANE KEN","cityEn":"MATSUE SHI","townEn":"NISHITSUDA"},"6900021":{"prefectureJa":"島根県","cityJa":"松江市","townJa":"矢田町","prefectureEn":"SHIMANE KEN","cityEn":"MATSUE SHI","townEn":"YADACHO"},"6900022":{"prefectureJa":"島根県","cityJa":"松江市","townJa":"青葉台","prefectureEn":"SHIMANE KEN","cityEn":"MATSUE SHI","townEn":"AOBADAI"},"6900023":{"prefectureJa":"島根県","cityJa":"松江市","townJa":"竹矢町","prefectureEn":"SHIMANE KEN","cityEn":"MATSUE SHI","townEn":"CHIKUYACHO"},"6900024":{"prefectureJa":"島根県","cityJa":"松江市","townJa":"馬潟町","prefectureEn":"SHIMANE KEN","cityEn":"MATSUE SHI","townEn":"MAKATACHO"},"6900025":{"prefectureJa":"島根県","cityJa":"松江市","townJa":"八幡町","prefectureEn":"SHIMANE KEN","cityEn":"MATSUE SHI","townEn":"YAWATACHO"},"6900026":{"prefectureJa":"島根県","cityJa":"松江市","townJa":"富士見町","prefectureEn":"SHIMANE KEN","cityEn":"MATSUE SHI","townEn":"FUJIMICHO"},"6900027":{"prefectureJa":"島根県","cityJa":"松江市","townJa":"意宇町","prefectureEn":"SHIMANE KEN","cityEn":"MATSUE SHI","townEn":"IUCHO"},"6900031":{"prefectureJa":"島根県","cityJa":"松江市","townJa":"山代町","prefectureEn":"SHIMANE KEN","cityEn":"MATSUE SHI","townEn":"YAMASHIROCHO"},"6900032":{"prefectureJa":"島根県","cityJa":"松江市","townJa":"大草町","prefectureEn":"SHIMANE KEN","cityEn":"MATSUE SHI","townEn":"OKUSACHO"},"6900033":{"prefectureJa":"島根県","cityJa":"松江市","townJa":"大庭町","prefectureEn":"SHIMANE KEN","cityEn":"MATSUE SHI","townEn":"OBACHO"},"6900034":{"prefectureJa":"島根県","cityJa":"松江市","townJa":"一の谷町","prefectureEn":"SHIMANE KEN","cityEn":"MATSUE SHI","townEn":"ICHINOTANICHO"},"6900035":{"prefectureJa":"島根県","cityJa":"松江市","townJa":"佐草町","prefectureEn":"SHIMANE KEN","cityEn":"MATSUE SHI","townEn":"SAKUSACHO"},"6900036":{"prefectureJa":"島根県","cityJa":"松江市","townJa":"東忌部町","prefectureEn":"SHIMANE KEN","cityEn":"MATSUE SHI","townEn":"HIGASHIIMBECHO"},"6900037":{"prefectureJa":"島根県","cityJa":"松江市","townJa":"西忌部町","prefectureEn":"SHIMANE KEN","cityEn":"MATSUE SHI","townEn":"NISHIIMBECHO"},"6900038":{"prefectureJa":"島根県","cityJa":"松江市","townJa":"平成町","prefectureEn":"SHIMANE KEN","cityEn":"MATSUE SHI","townEn":"HEISEICHO"},"6900041":{"prefectureJa":"島根県","cityJa":"松江市","townJa":"幸町","prefectureEn":"SHIMANE KEN","cityEn":"MATSUE SHI","townEn":"SAIWAIMACHI"},"6900042":{"prefectureJa":"島根県","cityJa":"松江市","townJa":"栄町","prefectureEn":"SHIMANE KEN","cityEn":"MATSUE SHI","townEn":"SAKAEMACHI"},"6900043":{"prefectureJa":"島根県","cityJa":"松江市","townJa":"松尾町","prefectureEn":"SHIMANE KEN","cityEn":"MATSUE SHI","townEn":"MATSUOCHO"},"6900044":{"prefectureJa":"島根県","cityJa":"松江市","townJa":"浜乃木","prefectureEn":"SHIMANE KEN","cityEn":"MATSUE SHI","townEn":"HAMANOGI"},"6900045":{"prefectureJa":"島根県","cityJa":"松江市","townJa":"乃白町","prefectureEn":"SHIMANE KEN","cityEn":"MATSUE SHI","townEn":"NOSHIRACHO"},"6900046":{"prefectureJa":"島根県","cityJa":"松江市","townJa":"乃木福富町","prefectureEn":"SHIMANE KEN","cityEn":"MATSUE SHI","townEn":"NOGIFUKUTOMICHO"},"6900047":{"prefectureJa":"島根県","cityJa":"松江市","townJa":"嫁島町","prefectureEn":"SHIMANE KEN","cityEn":"MATSUE SHI","townEn":"YOMESHIMACHO"},"6900048":{"prefectureJa":"島根県","cityJa":"松江市","townJa":"西嫁島","prefectureEn":"SHIMANE KEN","cityEn":"MATSUE SHI","townEn":"NISHIYOMESHIMA"},"6900049":{"prefectureJa":"島根県","cityJa":"松江市","townJa":"袖師町","prefectureEn":"SHIMANE KEN","cityEn":"MATSUE SHI","townEn":"SODESHICHO"},"6900051":{"prefectureJa":"島根県","cityJa":"松江市","townJa":"横浜町","prefectureEn":"SHIMANE KEN","cityEn":"MATSUE SHI","townEn":"YOKOBAMACHO"},"6900052":{"prefectureJa":"島根県","cityJa":"松江市","townJa":"竪町","prefectureEn":"SHIMANE KEN","cityEn":"MATSUE SHI","townEn":"TATEMACHI"},"6900053":{"prefectureJa":"島根県","cityJa":"松江市","townJa":"本郷町","prefectureEn":"SHIMANE KEN","cityEn":"MATSUE SHI","townEn":"HONGOCHO"},"6900054":{"prefectureJa":"島根県","cityJa":"松江市","townJa":"新雑賀町","prefectureEn":"SHIMANE KEN","cityEn":"MATSUE SHI","townEn":"SHINSAIKAMACHI"},"6900055":{"prefectureJa":"島根県","cityJa":"松江市","townJa":"津田町","prefectureEn":"SHIMANE KEN","cityEn":"MATSUE SHI","townEn":"TSUDAMACHI"},"6900056":{"prefectureJa":"島根県","cityJa":"松江市","townJa":"雑賀町","prefectureEn":"SHIMANE KEN","cityEn":"MATSUE SHI","townEn":"SAIKAMACHI"},"6900057":{"prefectureJa":"島根県","cityJa":"松江市","townJa":"新町","prefectureEn":"SHIMANE KEN","cityEn":"MATSUE SHI","townEn":"SHIMMACHI"},"6900058":{"prefectureJa":"島根県","cityJa":"松江市","townJa":"田和山町","prefectureEn":"SHIMANE KEN","cityEn":"MATSUE SHI","townEn":"TAWAYAMACHO"},"6900061":{"prefectureJa":"島根県","cityJa":"松江市","townJa":"白瀉本町","prefectureEn":"SHIMANE KEN","cityEn":"MATSUE SHI","townEn":"SHIRAKATAHOMMACHI"},"6900062":{"prefectureJa":"島根県","cityJa":"松江市","townJa":"魚町","prefectureEn":"SHIMANE KEN","cityEn":"MATSUE SHI","townEn":"UOMACHI"},"6900063":{"prefectureJa":"島根県","cityJa":"松江市","townJa":"寺町","prefectureEn":"SHIMANE KEN","cityEn":"MATSUE SHI","townEn":"TERAMACHI"},"6900064":{"prefectureJa":"島根県","cityJa":"松江市","townJa":"天神町","prefectureEn":"SHIMANE KEN","cityEn":"MATSUE SHI","townEn":"TENJIMMACHI"},"6900065":{"prefectureJa":"島根県","cityJa":"松江市","townJa":"灘町","prefectureEn":"SHIMANE KEN","cityEn":"MATSUE SHI","townEn":"NADAMACHI"},"6900121":{"prefectureJa":"島根県","cityJa":"松江市","townJa":"古志町","prefectureEn":"SHIMANE KEN","cityEn":"MATSUE SHI","townEn":"KOSHICHO"},"6900122":{"prefectureJa":"島根県","cityJa":"松江市","townJa":"西浜佐陀町","prefectureEn":"SHIMANE KEN","cityEn":"MATSUE SHI","townEn":"NISHIHAMASADACHO"},"6900131":{"prefectureJa":"島根県","cityJa":"松江市","townJa":"打出町","prefectureEn":"SHIMANE KEN","cityEn":"MATSUE SHI","townEn":"UCHIDECHO"},"6900132":{"prefectureJa":"島根県","cityJa":"松江市","townJa":"西長江町","prefectureEn":"SHIMANE KEN","cityEn":"MATSUE SHI","townEn":"NISHINAGAECHO"},"6900133":{"prefectureJa":"島根県","cityJa":"松江市","townJa":"東長江町","prefectureEn":"SHIMANE KEN","cityEn":"MATSUE SHI","townEn":"HIGASHINAGAECHO"},"6900141":{"prefectureJa":"島根県","cityJa":"松江市","townJa":"荘成町","prefectureEn":"SHIMANE KEN","cityEn":"MATSUE SHI","townEn":"SHOJOCHO"},"6900142":{"prefectureJa":"島根県","cityJa":"松江市","townJa":"西谷町","prefectureEn":"SHIMANE KEN","cityEn":"MATSUE SHI","townEn":"NISHIDANICHO"},"6900151":{"prefectureJa":"島根県","cityJa":"松江市","townJa":"古曽志町","prefectureEn":"SHIMANE KEN","cityEn":"MATSUE SHI","townEn":"KOSOSHICHO"},"6900261":{"prefectureJa":"島根県","cityJa":"松江市","townJa":"秋鹿町","prefectureEn":"SHIMANE KEN","cityEn":"MATSUE SHI","townEn":"AIKACHO"},"6900262":{"prefectureJa":"島根県","cityJa":"松江市","townJa":"岡本町","prefectureEn":"SHIMANE KEN","cityEn":"MATSUE SHI","townEn":"OKAMOTOCHO"},"6900263":{"prefectureJa":"島根県","cityJa":"松江市","townJa":"大垣町","prefectureEn":"SHIMANE KEN","cityEn":"MATSUE SHI","townEn":"OGAKICHO"},"6900264":{"prefectureJa":"島根県","cityJa":"松江市","townJa":"大野町","prefectureEn":"SHIMANE KEN","cityEn":"MATSUE SHI","townEn":"ONOCHO"},"6900265":{"prefectureJa":"島根県","cityJa":"松江市","townJa":"上大野町","prefectureEn":"SHIMANE KEN","cityEn":"MATSUE SHI","townEn":"KAMIONOCHO"},"6900266":{"prefectureJa":"島根県","cityJa":"松江市","townJa":"魚瀬町","prefectureEn":"SHIMANE KEN","cityEn":"MATSUE SHI","townEn":"ONOZECHO"},"6900321":{"prefectureJa":"島根県","cityJa":"松江市","townJa":"鹿島町武代","prefectureEn":"SHIMANE KEN","cityEn":"MATSUE SHI","townEn":"KASHIMACHO TAKEDAI"},"6900322":{"prefectureJa":"島根県","cityJa":"松江市","townJa":"鹿島町恵曇","prefectureEn":"SHIMANE KEN","cityEn":"MATSUE SHI","townEn":"KASHIMACHO ETOMO"},"6900323":{"prefectureJa":"島根県","cityJa":"松江市","townJa":"鹿島町手結","prefectureEn":"SHIMANE KEN","cityEn":"MATSUE SHI","townEn":"KASHIMACHO TAYU"},"6900324":{"prefectureJa":"島根県","cityJa":"松江市","townJa":"鹿島町片句","prefectureEn":"SHIMANE KEN","cityEn":"MATSUE SHI","townEn":"KASHIMACHO KATAKU"},"6900331":{"prefectureJa":"島根県","cityJa":"松江市","townJa":"鹿島町佐陀宮内","prefectureEn":"SHIMANE KEN","cityEn":"MATSUE SHI","townEn":"KASHIMACHO SADAMIYAUCHI"},"6900332":{"prefectureJa":"島根県","cityJa":"松江市","townJa":"鹿島町佐陀本郷","prefectureEn":"SHIMANE KEN","cityEn":"MATSUE SHI","townEn":"KASHIMACHO SADAHONGO"},"6900333":{"prefectureJa":"島根県","cityJa":"松江市","townJa":"鹿島町古浦","prefectureEn":"SHIMANE KEN","cityEn":"MATSUE SHI","townEn":"KASHIMACHO KORA"},"6900401":{"prefectureJa":"島根県","cityJa":"松江市","townJa":"島根町加賀","prefectureEn":"SHIMANE KEN","cityEn":"MATSUE SHI","townEn":"SHIMANECHO KAKA"},"6900402":{"prefectureJa":"島根県","cityJa":"松江市","townJa":"島根町大芦","prefectureEn":"SHIMANE KEN","cityEn":"MATSUE SHI","townEn":"SHIMANECHO OWASHI"},"6900411":{"prefectureJa":"島根県","cityJa":"松江市","townJa":"鹿島町御津","prefectureEn":"SHIMANE KEN","cityEn":"MATSUE SHI","townEn":"KASHIMACHO MITSU"},"6900801":{"prefectureJa":"島根県","cityJa":"松江市","townJa":"鹿島町上講武","prefectureEn":"SHIMANE KEN","cityEn":"MATSUE SHI","townEn":"KASHIMACHO KAMIKOBU"},"6900802":{"prefectureJa":"島根県","cityJa":"松江市","townJa":"鹿島町南講武","prefectureEn":"SHIMANE KEN","cityEn":"MATSUE SHI","townEn":"KASHIMACHO MINAMIKOBU"},"6900803":{"prefectureJa":"島根県","cityJa":"松江市","townJa":"鹿島町名分","prefectureEn":"SHIMANE KEN","cityEn":"MATSUE SHI","townEn":"KASHIMACHO MYOBUN"},"6900804":{"prefectureJa":"島根県","cityJa":"松江市","townJa":"鹿島町北講武","prefectureEn":"SHIMANE KEN","cityEn":"MATSUE SHI","townEn":"KASHIMACHO KITAKOBU"},"6900811":{"prefectureJa":"島根県","cityJa":"松江市","townJa":"福原町","prefectureEn":"SHIMANE KEN","cityEn":"MATSUE SHI","townEn":"FUKUHARACHO"},"6900812":{"prefectureJa":"島根県","cityJa":"松江市","townJa":"川原町","prefectureEn":"SHIMANE KEN","cityEn":"MATSUE SHI","townEn":"KAWAHARACHO"},"6900813":{"prefectureJa":"島根県","cityJa":"松江市","townJa":"坂本町","prefectureEn":"SHIMANE KEN","cityEn":"MATSUE SHI","townEn":"SAKAMOTOCHO"},"6900814":{"prefectureJa":"島根県","cityJa":"松江市","townJa":"東持田町","prefectureEn":"SHIMANE KEN","cityEn":"MATSUE SHI","townEn":"HIGASHIMOCHIDACHO"},"6900815":{"prefectureJa":"島根県","cityJa":"松江市","townJa":"西持田町","prefectureEn":"SHIMANE KEN","cityEn":"MATSUE SHI","townEn":"NISHIMOCHIDACHO"},"6900816":{"prefectureJa":"島根県","cityJa":"松江市","townJa":"北陵町","prefectureEn":"SHIMANE KEN","cityEn":"MATSUE SHI","townEn":"HOKURYOCHO"},"6900821":{"prefectureJa":"島根県","cityJa":"松江市","townJa":"上東川津町","prefectureEn":"SHIMANE KEN","cityEn":"MATSUE SHI","townEn":"KAMIHIGASHIKAWATSUCHO"},"6900822":{"prefectureJa":"島根県","cityJa":"松江市","townJa":"下東川津町","prefectureEn":"SHIMANE KEN","cityEn":"MATSUE SHI","townEn":"SHIMOHIGASHIKAWATSUCHO"},"6900823":{"prefectureJa":"島根県","cityJa":"松江市","townJa":"西川津町","prefectureEn":"SHIMANE KEN","cityEn":"MATSUE SHI","townEn":"NISHIKAWATSUCHO"},"6900824":{"prefectureJa":"島根県","cityJa":"松江市","townJa":"菅田町","prefectureEn":"SHIMANE KEN","cityEn":"MATSUE SHI","townEn":"SUGATACHO"},"6900825":{"prefectureJa":"島根県","cityJa":"松江市","townJa":"学園","prefectureEn":"SHIMANE KEN","cityEn":"MATSUE SHI","townEn":"GAKUEN"},"6900826":{"prefectureJa":"島根県","cityJa":"松江市","townJa":"学園南","prefectureEn":"SHIMANE KEN","cityEn":"MATSUE SHI","townEn":"GAKUEMMINAMI"},"6900831":{"prefectureJa":"島根県","cityJa":"松江市","townJa":"大海崎町","prefectureEn":"SHIMANE KEN","cityEn":"MATSUE SHI","townEn":"OMISAKICHO"},"6900832":{"prefectureJa":"島根県","cityJa":"松江市","townJa":"大井町","prefectureEn":"SHIMANE KEN","cityEn":"MATSUE SHI","townEn":"OICHO"},"6900833":{"prefectureJa":"島根県","cityJa":"松江市","townJa":"福富町","prefectureEn":"SHIMANE KEN","cityEn":"MATSUE SHI","townEn":"FUKUTOMICHO"},"6900834":{"prefectureJa":"島根県","cityJa":"松江市","townJa":"朝酌町","prefectureEn":"SHIMANE KEN","cityEn":"MATSUE SHI","townEn":"ASAKUMICHO"},"6900835":{"prefectureJa":"島根県","cityJa":"松江市","townJa":"西尾町","prefectureEn":"SHIMANE KEN","cityEn":"MATSUE SHI","townEn":"NISHIOCHO"},"6900841":{"prefectureJa":"島根県","cityJa":"松江市","townJa":"向島町","prefectureEn":"SHIMANE KEN","cityEn":"MATSUE SHI","townEn":"MUKOJIMACHO"},"6900842":{"prefectureJa":"島根県","cityJa":"松江市","townJa":"東本町","prefectureEn":"SHIMANE KEN","cityEn":"MATSUE SHI","townEn":"HIGASHIHOMMACHI"},"6900843":{"prefectureJa":"島根県","cityJa":"松江市","townJa":"末次本町","prefectureEn":"SHIMANE KEN","cityEn":"MATSUE SHI","townEn":"SUETSUGUHOMMACHI"},"6900844":{"prefectureJa":"島根県","cityJa":"松江市","townJa":"東茶町","prefectureEn":"SHIMANE KEN","cityEn":"MATSUE SHI","townEn":"HIGASHICHAMACHI"},"6900845":{"prefectureJa":"島根県","cityJa":"松江市","townJa":"西茶町","prefectureEn":"SHIMANE KEN","cityEn":"MATSUE SHI","townEn":"NISHICHAMACHI"},"6900846":{"prefectureJa":"島根県","cityJa":"松江市","townJa":"末次町","prefectureEn":"SHIMANE KEN","cityEn":"MATSUE SHI","townEn":"SUETSUGUCHO"},"6900847":{"prefectureJa":"島根県","cityJa":"松江市","townJa":"片原町","prefectureEn":"SHIMANE KEN","cityEn":"MATSUE SHI","townEn":"KATAHARACHO"},"6900848":{"prefectureJa":"島根県","cityJa":"松江市","townJa":"苧町","prefectureEn":"SHIMANE KEN","cityEn":"MATSUE SHI","townEn":"OMACHI"},"6900851":{"prefectureJa":"島根県","cityJa":"松江市","townJa":"堂形町","prefectureEn":"SHIMANE KEN","cityEn":"MATSUE SHI","townEn":"DOGATACHO"},"6900852":{"prefectureJa":"島根県","cityJa":"松江市","townJa":"千鳥町","prefectureEn":"SHIMANE KEN","cityEn":"MATSUE SHI","townEn":"CHIDORICHO"},"6900854":{"prefectureJa":"島根県","cityJa":"松江市","townJa":"南平台","prefectureEn":"SHIMANE KEN","cityEn":"MATSUE SHI","townEn":"NAMPEIDAI"},"6900855":{"prefectureJa":"島根県","cityJa":"松江市","townJa":"浜佐田町","prefectureEn":"SHIMANE KEN","cityEn":"MATSUE SHI","townEn":"HAMASADACHO"},"6900856":{"prefectureJa":"島根県","cityJa":"松江市","townJa":"薦津町","prefectureEn":"SHIMANE KEN","cityEn":"MATSUE SHI","townEn":"KOMOZUCHO"},"6900859":{"prefectureJa":"島根県","cityJa":"松江市","townJa":"国屋町","prefectureEn":"SHIMANE KEN","cityEn":"MATSUE SHI","townEn":"KUYACHO"},"6900860":{"prefectureJa":"島根県","cityJa":"松江市","townJa":"西法吉町","prefectureEn":"SHIMANE KEN","cityEn":"MATSUE SHI","townEn":"NISHIHOKKICHO"},"6900861":{"prefectureJa":"島根県","cityJa":"松江市","townJa":"法吉町","prefectureEn":"SHIMANE KEN","cityEn":"MATSUE SHI","townEn":"HOKKICHO"},"6900862":{"prefectureJa":"島根県","cityJa":"松江市","townJa":"比津が丘","prefectureEn":"SHIMANE KEN","cityEn":"MATSUE SHI","townEn":"HITSUGAOKA"},"6900863":{"prefectureJa":"島根県","cityJa":"松江市","townJa":"比津町","prefectureEn":"SHIMANE KEN","cityEn":"MATSUE SHI","townEn":"HITSUCHO"},"6900864":{"prefectureJa":"島根県","cityJa":"松江市","townJa":"東生馬町","prefectureEn":"SHIMANE KEN","cityEn":"MATSUE SHI","townEn":"HIGASHIIKUMACHO"},"6900865":{"prefectureJa":"島根県","cityJa":"松江市","townJa":"西生馬町","prefectureEn":"SHIMANE KEN","cityEn":"MATSUE SHI","townEn":"NISHIIKUMACHO"},"6900866":{"prefectureJa":"島根県","cityJa":"松江市","townJa":"下佐陀町","prefectureEn":"SHIMANE KEN","cityEn":"MATSUE SHI","townEn":"SHIMOSADACHO"},"6900867":{"prefectureJa":"島根県","cityJa":"松江市","townJa":"上佐陀町","prefectureEn":"SHIMANE KEN","cityEn":"MATSUE SHI","townEn":"KAMISADACHO"},"6900868":{"prefectureJa":"島根県","cityJa":"松江市","townJa":"淞北台","prefectureEn":"SHIMANE KEN","cityEn":"MATSUE SHI","townEn":"SHOHOKUDAI"},"6900869":{"prefectureJa":"島根県","cityJa":"松江市","townJa":"うぐいす台","prefectureEn":"SHIMANE KEN","cityEn":"MATSUE SHI","townEn":"UGUISUDAI"},"6900871":{"prefectureJa":"島根県","cityJa":"松江市","townJa":"東奥谷町","prefectureEn":"SHIMANE KEN","cityEn":"MATSUE SHI","townEn":"HIGASHIOKUDANICHO"},"6900872":{"prefectureJa":"島根県","cityJa":"松江市","townJa":"奥谷町","prefectureEn":"SHIMANE KEN","cityEn":"MATSUE SHI","townEn":"OKUDANICHO"},"6900873":{"prefectureJa":"島根県","cityJa":"松江市","townJa":"内中原町","prefectureEn":"SHIMANE KEN","cityEn":"MATSUE SHI","townEn":"UCHINAKABARACHO"},"6900874":{"prefectureJa":"島根県","cityJa":"松江市","townJa":"中原町","prefectureEn":"SHIMANE KEN","cityEn":"MATSUE SHI","townEn":"NAKAHARACHO"},"6900875":{"prefectureJa":"島根県","cityJa":"松江市","townJa":"外中原町","prefectureEn":"SHIMANE KEN","cityEn":"MATSUE SHI","townEn":"SOTONAKABARACHO"},"6900876":{"prefectureJa":"島根県","cityJa":"松江市","townJa":"黒田町","prefectureEn":"SHIMANE KEN","cityEn":"MATSUE SHI","townEn":"KURODACHO"},"6900877":{"prefectureJa":"島根県","cityJa":"松江市","townJa":"春日町","prefectureEn":"SHIMANE KEN","cityEn":"MATSUE SHI","townEn":"KASUGACHO"},"6900878":{"prefectureJa":"島根県","cityJa":"松江市","townJa":"砂子町","prefectureEn":"SHIMANE KEN","cityEn":"MATSUE SHI","townEn":"SUNAGOCHO"},"6900881":{"prefectureJa":"島根県","cityJa":"松江市","townJa":"石橋町","prefectureEn":"SHIMANE KEN","cityEn":"MATSUE SHI","townEn":"ISHIBASHICHO"},"6900882":{"prefectureJa":"島根県","cityJa":"松江市","townJa":"大輪町","prefectureEn":"SHIMANE KEN","cityEn":"MATSUE SHI","townEn":"DAIRINCHO"},"6900883":{"prefectureJa":"島根県","cityJa":"松江市","townJa":"北田町","prefectureEn":"SHIMANE KEN","cityEn":"MATSUE SHI","townEn":"KITATAMACHI"},"6900884":{"prefectureJa":"島根県","cityJa":"松江市","townJa":"南田町","prefectureEn":"SHIMANE KEN","cityEn":"MATSUE SHI","townEn":"MINAMITAMACHI"},"6900885":{"prefectureJa":"島根県","cityJa":"松江市","townJa":"米子町","prefectureEn":"SHIMANE KEN","cityEn":"MATSUE SHI","townEn":"YONAGOMACHI"},"6900886":{"prefectureJa":"島根県","cityJa":"松江市","townJa":"母衣町","prefectureEn":"SHIMANE KEN","cityEn":"MATSUE SHI","townEn":"HOROMACHI"},"6900887":{"prefectureJa":"島根県","cityJa":"松江市","townJa":"殿町","prefectureEn":"SHIMANE KEN","cityEn":"MATSUE SHI","townEn":"TONOMACHI"},"6900888":{"prefectureJa":"島根県","cityJa":"松江市","townJa":"北堀町","prefectureEn":"SHIMANE KEN","cityEn":"MATSUE SHI","townEn":"KITAHORICHO"},"6901101":{"prefectureJa":"島根県","cityJa":"松江市","townJa":"本庄町","prefectureEn":"SHIMANE KEN","cityEn":"MATSUE SHI","townEn":"HONJOCHO"},"6901102":{"prefectureJa":"島根県","cityJa":"松江市","townJa":"上本庄町","prefectureEn":"SHIMANE KEN","cityEn":"MATSUE SHI","townEn":"KAMIHONJOCHO"},"6901103":{"prefectureJa":"島根県","cityJa":"松江市","townJa":"新庄町","prefectureEn":"SHIMANE KEN","cityEn":"MATSUE SHI","townEn":"SHINJOCHO"},"6901104":{"prefectureJa":"島根県","cityJa":"松江市","townJa":"上宇部尾町","prefectureEn":"SHIMANE KEN","cityEn":"MATSUE SHI","townEn":"KAMIUBEOCHO"},"6901111":{"prefectureJa":"島根県","cityJa":"松江市","townJa":"枕木町","prefectureEn":"SHIMANE KEN","cityEn":"MATSUE SHI","townEn":"MAKURAGICHO"},"6901112":{"prefectureJa":"島根県","cityJa":"松江市","townJa":"長海町","prefectureEn":"SHIMANE KEN","cityEn":"MATSUE SHI","townEn":"NAGAMICHO"},"6901113":{"prefectureJa":"島根県","cityJa":"松江市","townJa":"手角町","prefectureEn":"SHIMANE KEN","cityEn":"MATSUE SHI","townEn":"TASUMICHO"},"6901114":{"prefectureJa":"島根県","cityJa":"松江市","townJa":"野原町","prefectureEn":"SHIMANE KEN","cityEn":"MATSUE SHI","townEn":"NOBARACHO"},"6901115":{"prefectureJa":"島根県","cityJa":"松江市","townJa":"邑生町","prefectureEn":"SHIMANE KEN","cityEn":"MATSUE SHI","townEn":"OCHO"},"6901211":{"prefectureJa":"島根県","cityJa":"松江市","townJa":"島根町野井","prefectureEn":"SHIMANE KEN","cityEn":"MATSUE SHI","townEn":"SHIMANECHO NOI"},"6901212":{"prefectureJa":"島根県","cityJa":"松江市","townJa":"島根町野波","prefectureEn":"SHIMANE KEN","cityEn":"MATSUE SHI","townEn":"SHIMANECHO NONAMI"},"6901213":{"prefectureJa":"島根県","cityJa":"松江市","townJa":"島根町多古","prefectureEn":"SHIMANE KEN","cityEn":"MATSUE SHI","townEn":"SHIMANECHO TAKO"},"6901221":{"prefectureJa":"島根県","cityJa":"松江市","townJa":"美保関町北浦","prefectureEn":"SHIMANE KEN","cityEn":"MATSUE SHI","townEn":"MIHONOSEKICHO KITAURA"},"6901222":{"prefectureJa":"島根県","cityJa":"松江市","townJa":"美保関町千酌","prefectureEn":"SHIMANE KEN","cityEn":"MATSUE SHI","townEn":"MIHONOSEKICHO CHIKUMI"},"6901223":{"prefectureJa":"島根県","cityJa":"松江市","townJa":"美保関町笠浦","prefectureEn":"SHIMANE KEN","cityEn":"MATSUE SHI","townEn":"MIHONOSEKICHO KASAURA"},"6901311":{"prefectureJa":"島根県","cityJa":"松江市","townJa":"美保関町七類","prefectureEn":"SHIMANE KEN","cityEn":"MATSUE SHI","townEn":"MIHONOSEKICHO SHICHIRUI"},"6901312":{"prefectureJa":"島根県","cityJa":"松江市","townJa":"美保関町森山（その他）","prefectureEn":"SHIMANE KEN","cityEn":"MATSUE SHI","townEn":"MIHONOSEKICHO MORIYAMA(SONOTA)"},"6901313":{"prefectureJa":"島根県","cityJa":"松江市","townJa":"美保関町下宇部尾","prefectureEn":"SHIMANE KEN","cityEn":"MATSUE SHI","townEn":"MIHONOSEKICHO SHIMOBEO"},"6901314":{"prefectureJa":"島根県","cityJa":"松江市","townJa":"美保関町菅浦","prefectureEn":"SHIMANE KEN","cityEn":"MATSUE SHI","townEn":"MIHONOSEKICHO SUGEURA"},"6901315":{"prefectureJa":"島根県","cityJa":"松江市","townJa":"美保関町片江","prefectureEn":"SHIMANE KEN","cityEn":"MATSUE SHI","townEn":"MIHONOSEKICHO KATAE"},"6901401":{"prefectureJa":"島根県","cityJa":"松江市","townJa":"八束町江島","prefectureEn":"SHIMANE KEN","cityEn":"MATSUE SHI","townEn":"YATSUKACHO ESHIMA"},"6901402":{"prefectureJa":"島根県","cityJa":"松江市","townJa":"八束町馬渡","prefectureEn":"SHIMANE KEN","cityEn":"MATSUE SHI","townEn":"YATSUKACHO MAWATASHI"},"6901403":{"prefectureJa":"島根県","cityJa":"松江市","townJa":"八束町遅江","prefectureEn":"SHIMANE KEN","cityEn":"MATSUE SHI","townEn":"YATSUKACHO OSOE"},"6901404":{"prefectureJa":"島根県","cityJa":"松江市","townJa":"八束町波入","prefectureEn":"SHIMANE KEN","cityEn":"MATSUE SHI","townEn":"YATSUKACHO HANYU"},"6901405":{"prefectureJa":"島根県","cityJa":"松江市","townJa":"八束町入江","prefectureEn":"SHIMANE KEN","cityEn":"MATSUE SHI","townEn":"YATSUKACHO NYUKO"},"6901406":{"prefectureJa":"島根県","cityJa":"松江市","townJa":"八束町二子","prefectureEn":"SHIMANE KEN","cityEn":"MATSUE SHI","townEn":"YATSUKACHO FUTAGO"},"6901407":{"prefectureJa":"島根県","cityJa":"松江市","townJa":"八束町寺津","prefectureEn":"SHIMANE KEN","cityEn":"MATSUE SHI","townEn":"YATSUKACHO TERAZU"},"6901408":{"prefectureJa":"島根県","cityJa":"松江市","townJa":"八束町亀尻","prefectureEn":"SHIMANE KEN","cityEn":"MATSUE SHI","townEn":"YATSUKACHO KAMESHIRI"},"6901501":{"prefectureJa":"島根県","cityJa":"松江市","townJa":"美保関町美保関","prefectureEn":"SHIMANE KEN","cityEn":"MATSUE SHI","townEn":"MIHONOSEKICHO MIHONOSEKI"},"6901502":{"prefectureJa":"島根県","cityJa":"松江市","townJa":"美保関町雲津","prefectureEn":"SHIMANE KEN","cityEn":"MATSUE SHI","townEn":"MIHONOSEKICHO KUMOZU"},"6901503":{"prefectureJa":"島根県","cityJa":"松江市","townJa":"美保関町諸喰","prefectureEn":"SHIMANE KEN","cityEn":"MATSUE SHI","townEn":"MIHONOSEKICHO MOROKUI"},"6901504":{"prefectureJa":"島根県","cityJa":"松江市","townJa":"美保関町福浦","prefectureEn":"SHIMANE KEN","cityEn":"MATSUE SHI","townEn":"MIHONOSEKICHO FUKURA"},"6901505":{"prefectureJa":"島根県","cityJa":"松江市","townJa":"美保関町森山（古金崎）","prefectureEn":"SHIMANE KEN","cityEn":"MATSUE SHI","townEn":"MIHONOSEKICHO MORIYAMA(KOGANEZAKI)"},"6902101":{"prefectureJa":"島根県","cityJa":"松江市","townJa":"八雲町日吉","prefectureEn":"SHIMANE KEN","cityEn":"MATSUE SHI","townEn":"YAKUMOCHO HIYOSHI"},"6902102":{"prefectureJa":"島根県","cityJa":"松江市","townJa":"八雲町東岩坂","prefectureEn":"SHIMANE KEN","cityEn":"MATSUE SHI","townEn":"YAKUMOCHO HIGASHIIWASAKA"},"6902103":{"prefectureJa":"島根県","cityJa":"松江市","townJa":"八雲町西岩坂","prefectureEn":"SHIMANE KEN","cityEn":"MATSUE SHI","townEn":"YAKUMOCHO NISHIIWASAKA"},"6902104":{"prefectureJa":"島根県","cityJa":"松江市","townJa":"八雲町熊野","prefectureEn":"SHIMANE KEN","cityEn":"MATSUE SHI","townEn":"YAKUMOCHO KUMANO"},"6902105":{"prefectureJa":"島根県","cityJa":"松江市","townJa":"八雲町平原","prefectureEn":"SHIMANE KEN","cityEn":"MATSUE SHI","townEn":"YAKUMOCHO HIRAHARA"},"6902311":{"prefectureJa":"島根県","cityJa":"雲南市","townJa":"吉田町上山","prefectureEn":"SHIMANE KEN","cityEn":"UNNAN SHI","townEn":"YOSHIDACHO UEYAMA"},"6902312":{"prefectureJa":"島根県","cityJa":"雲南市","townJa":"吉田町曽木","prefectureEn":"SHIMANE KEN","cityEn":"UNNAN SHI","townEn":"YOSHIDACHO SOGI"},"6902313":{"prefectureJa":"島根県","cityJa":"雲南市","townJa":"吉田町深野","prefectureEn":"SHIMANE KEN","cityEn":"UNNAN SHI","townEn":"YOSHIDACHO FUKANO"},"6902314":{"prefectureJa":"島根県","cityJa":"雲南市","townJa":"吉田町川手","prefectureEn":"SHIMANE KEN","cityEn":"UNNAN SHI","townEn":"YOSHIDACHO KAWATE"},"6902400":{"prefectureJa":"島根県","cityJa":"雲南市","townJa":"以下に掲載がない場合","prefectureEn":"SHIMANE KEN","cityEn":"UNNAN SHI","townEn":"IKANIKEISAIGANAIBAAI"},"6902401":{"prefectureJa":"島根県","cityJa":"雲南市","townJa":"三刀屋町伊萱","prefectureEn":"SHIMANE KEN","cityEn":"UNNAN SHI","townEn":"MITOYACHO IGAYA"},"6902402":{"prefectureJa":"島根県","cityJa":"雲南市","townJa":"三刀屋町給下","prefectureEn":"SHIMANE KEN","cityEn":"UNNAN SHI","townEn":"MITOYACHO KYUSHITA"},"6902403":{"prefectureJa":"島根県","cityJa":"雲南市","townJa":"三刀屋町下熊谷","prefectureEn":"SHIMANE KEN","cityEn":"UNNAN SHI","townEn":"MITOYACHO SHIMOKUMATANI"},"6902404":{"prefectureJa":"島根県","cityJa":"雲南市","townJa":"三刀屋町三刀屋","prefectureEn":"SHIMANE KEN","cityEn":"UNNAN SHI","townEn":"MITOYACHO MITOYA"},"6902405":{"prefectureJa":"島根県","cityJa":"雲南市","townJa":"三刀屋町古城","prefectureEn":"SHIMANE KEN","cityEn":"UNNAN SHI","townEn":"MITOYACHO KOJO"},"6902406":{"prefectureJa":"島根県","cityJa":"雲南市","townJa":"三刀屋町高窪","prefectureEn":"SHIMANE KEN","cityEn":"UNNAN SHI","townEn":"MITOYACHO TAKAKUBO"},"6902511":{"prefectureJa":"島根県","cityJa":"雲南市","townJa":"三刀屋町上熊谷","prefectureEn":"SHIMANE KEN","cityEn":"UNNAN SHI","townEn":"MITOYACHO KAMIKUMATANI"},"6902512":{"prefectureJa":"島根県","cityJa":"雲南市","townJa":"三刀屋町多久和","prefectureEn":"SHIMANE KEN","cityEn":"UNNAN SHI","townEn":"MITOYACHO TAKUWA"},"6902513":{"prefectureJa":"島根県","cityJa":"雲南市","townJa":"三刀屋町粟谷","prefectureEn":"SHIMANE KEN","cityEn":"UNNAN SHI","townEn":"MITOYACHO AWADANI"},"6902521":{"prefectureJa":"島根県","cityJa":"雲南市","townJa":"三刀屋町神代","prefectureEn":"SHIMANE KEN","cityEn":"UNNAN SHI","townEn":"MITOYACHO KOJIRO"},"6902522":{"prefectureJa":"島根県","cityJa":"雲南市","townJa":"三刀屋町六重","prefectureEn":"SHIMANE KEN","cityEn":"UNNAN SHI","townEn":"MITOYACHO MUE"},"6902523":{"prefectureJa":"島根県","cityJa":"雲南市","townJa":"三刀屋町中野","prefectureEn":"SHIMANE KEN","cityEn":"UNNAN SHI","townEn":"MITOYACHO NAKANO"},"6902524":{"prefectureJa":"島根県","cityJa":"雲南市","townJa":"三刀屋町須所","prefectureEn":"SHIMANE KEN","cityEn":"UNNAN SHI","townEn":"MITOYACHO SUZO"},"6902525":{"prefectureJa":"島根県","cityJa":"雲南市","townJa":"三刀屋町坂本（森谷）","prefectureEn":"SHIMANE KEN","cityEn":"UNNAN SHI","townEn":"MITOYACHO SAKAMOTO (MORIDANI)"},"6902625":{"prefectureJa":"島根県","cityJa":"雲南市","townJa":"三刀屋町坂本（その他）","prefectureEn":"SHIMANE KEN","cityEn":"UNNAN SHI","townEn":"MITOYACHO SAKAMOTO(SONOTA)"},"6902631":{"prefectureJa":"島根県","cityJa":"雲南市","townJa":"三刀屋町根波別所","prefectureEn":"SHIMANE KEN","cityEn":"UNNAN SHI","townEn":"MITOYACHO NEBABESSHIYO"},"6902632":{"prefectureJa":"島根県","cityJa":"雲南市","townJa":"三刀屋町里坊","prefectureEn":"SHIMANE KEN","cityEn":"UNNAN SHI","townEn":"MITOYACHO SATOBO"},"6902633":{"prefectureJa":"島根県","cityJa":"雲南市","townJa":"三刀屋町殿河内","prefectureEn":"SHIMANE KEN","cityEn":"UNNAN SHI","townEn":"MITOYACHO TONOGOCHI"},"6902634":{"prefectureJa":"島根県","cityJa":"雲南市","townJa":"三刀屋町乙加宮","prefectureEn":"SHIMANE KEN","cityEn":"UNNAN SHI","townEn":"MITOYACHO OTSUKAMIYA"},"6902701":{"prefectureJa":"島根県","cityJa":"雲南市","townJa":"掛合町掛合","prefectureEn":"SHIMANE KEN","cityEn":"UNNAN SHI","townEn":"KAKEYACHO KAKEYA"},"6902702":{"prefectureJa":"島根県","cityJa":"雲南市","townJa":"掛合町入間","prefectureEn":"SHIMANE KEN","cityEn":"UNNAN SHI","townEn":"KAKEYACHO IRUMA"},"6902703":{"prefectureJa":"島根県","cityJa":"雲南市","townJa":"掛合町波多","prefectureEn":"SHIMANE KEN","cityEn":"UNNAN SHI","townEn":"KAKEYACHO HATA"},"6902704":{"prefectureJa":"島根県","cityJa":"雲南市","townJa":"掛合町穴見","prefectureEn":"SHIMANE KEN","cityEn":"UNNAN SHI","townEn":"KAKEYACHO ANAMI"},"6902705":{"prefectureJa":"島根県","cityJa":"雲南市","townJa":"掛合町松笠","prefectureEn":"SHIMANE KEN","cityEn":"UNNAN SHI","townEn":"KAKEYACHO MATSUKASA"},"6902706":{"prefectureJa":"島根県","cityJa":"雲南市","townJa":"掛合町多根","prefectureEn":"SHIMANE KEN","cityEn":"UNNAN SHI","townEn":"KAKEYACHO TANE"},"6902801":{"prefectureJa":"島根県","cityJa":"雲南市","townJa":"吉田町吉田","prefectureEn":"SHIMANE KEN","cityEn":"UNNAN SHI","townEn":"YOSHIDACHO YOSHIDA"},"6902802":{"prefectureJa":"島根県","cityJa":"雲南市","townJa":"吉田町民谷","prefectureEn":"SHIMANE KEN","cityEn":"UNNAN SHI","townEn":"YOSHIDACHO MINDANI"},"6903200":{"prefectureJa":"島根県","cityJa":"飯石郡飯南町","townJa":"以下に掲載がない場合","prefectureEn":"SHIMANE KEN","cityEn":"IISHI GUN IINAN CHO","townEn":"IKANIKEISAIGANAIBAAI"},"6903203":{"prefectureJa":"島根県","cityJa":"飯石郡飯南町","townJa":"都加賀","prefectureEn":"SHIMANE KEN","cityEn":"IISHI GUN IINAN CHO","townEn":"TSUGAKA"},"6903204":{"prefectureJa":"島根県","cityJa":"飯石郡飯南町","townJa":"佐見","prefectureEn":"SHIMANE KEN","cityEn":"IISHI GUN IINAN CHO","townEn":"SAMI"},"6903205":{"prefectureJa":"島根県","cityJa":"飯石郡飯南町","townJa":"長谷","prefectureEn":"SHIMANE KEN","cityEn":"IISHI GUN IINAN CHO","townEn":"NAGATANI"},"6903206":{"prefectureJa":"島根県","cityJa":"飯石郡飯南町","townJa":"花栗","prefectureEn":"SHIMANE KEN","cityEn":"IISHI GUN IINAN CHO","townEn":"HANAGURI"},"6903207":{"prefectureJa":"島根県","cityJa":"飯石郡飯南町","townJa":"頓原","prefectureEn":"SHIMANE KEN","cityEn":"IISHI GUN IINAN CHO","townEn":"TOMBARA"},"6903311":{"prefectureJa":"島根県","cityJa":"飯石郡飯南町","townJa":"獅子","prefectureEn":"SHIMANE KEN","cityEn":"IISHI GUN IINAN CHO","townEn":"SHISHI"},"6903312":{"prefectureJa":"島根県","cityJa":"飯石郡飯南町","townJa":"八神","prefectureEn":"SHIMANE KEN","cityEn":"IISHI GUN IINAN CHO","townEn":"HAKAMI"},"6903313":{"prefectureJa":"島根県","cityJa":"飯石郡飯南町","townJa":"志津見","prefectureEn":"SHIMANE KEN","cityEn":"IISHI GUN IINAN CHO","townEn":"SHITSUMI"},"6903314":{"prefectureJa":"島根県","cityJa":"飯石郡飯南町","townJa":"角井","prefectureEn":"SHIMANE KEN","cityEn":"IISHI GUN IINAN CHO","townEn":"TSUNOI"},"6903401":{"prefectureJa":"島根県","cityJa":"飯石郡飯南町","townJa":"野萱","prefectureEn":"SHIMANE KEN","cityEn":"IISHI GUN IINAN CHO","townEn":"NOGAYA"},"6903402":{"prefectureJa":"島根県","cityJa":"飯石郡飯南町","townJa":"下来島","prefectureEn":"SHIMANE KEN","cityEn":"IISHI GUN IINAN CHO","townEn":"SHIMOKIJIMA"},"6903403":{"prefectureJa":"島根県","cityJa":"飯石郡飯南町","townJa":"小田","prefectureEn":"SHIMANE KEN","cityEn":"IISHI GUN IINAN CHO","townEn":"ODA"},"6903404":{"prefectureJa":"島根県","cityJa":"飯石郡飯南町","townJa":"真木","prefectureEn":"SHIMANE KEN","cityEn":"IISHI GUN IINAN CHO","townEn":"MAKI"},"6903405":{"prefectureJa":"島根県","cityJa":"飯石郡飯南町","townJa":"上来島","prefectureEn":"SHIMANE KEN","cityEn":"IISHI GUN IINAN CHO","townEn":"KAMIKIJIMA"},"6903511":{"prefectureJa":"島根県","cityJa":"飯石郡飯南町","townJa":"赤名","prefectureEn":"SHIMANE KEN","cityEn":"IISHI GUN IINAN CHO","townEn":"AKANA"},"6903512":{"prefectureJa":"島根県","cityJa":"飯石郡飯南町","townJa":"上赤名","prefectureEn":"SHIMANE KEN","cityEn":"IISHI GUN IINAN CHO","townEn":"KAMIAKANA"},"6903513":{"prefectureJa":"島根県","cityJa":"飯石郡飯南町","townJa":"下赤名","prefectureEn":"SHIMANE KEN","cityEn":"IISHI GUN IINAN CHO","townEn":"SHIMOAKANA"},"6903514":{"prefectureJa":"島根県","cityJa":"飯石郡飯南町","townJa":"井戸谷","prefectureEn":"SHIMANE KEN","cityEn":"IISHI GUN IINAN CHO","townEn":"IDODANI"},"6903515":{"prefectureJa":"島根県","cityJa":"飯石郡飯南町","townJa":"塩谷","prefectureEn":"SHIMANE KEN","cityEn":"IISHI GUN IINAN CHO","townEn":"SHIODANI"},"6903516":{"prefectureJa":"島根県","cityJa":"飯石郡飯南町","townJa":"畑田","prefectureEn":"SHIMANE KEN","cityEn":"IISHI GUN IINAN CHO","townEn":"HATATA"}}