{"8260002":{"prefectureJa":"福岡県","cityJa":"田川郡川崎町","townJa":"池尻（上原、小倉畔）","prefectureEn":"FUKUOKA KEN","cityEn":"TAGAWA GUN KAWASAKI MACHI","townEn":"IKEJIRI(KAMBARU.KOKURANOTE)"},"8260021":{"prefectureJa":"福岡県","cityJa":"田川市","townJa":"桜町","prefectureEn":"FUKUOKA KEN","cityEn":"TAGAWA SHI","townEn":"SAKURAMACHI"},"8260022":{"prefectureJa":"福岡県","cityJa":"田川市","townJa":"本町","prefectureEn":"FUKUOKA KEN","cityEn":"TAGAWA SHI","townEn":"HOMMACHI"},"8260023":{"prefectureJa":"福岡県","cityJa":"田川市","townJa":"上本町","prefectureEn":"FUKUOKA KEN","cityEn":"TAGAWA SHI","townEn":"KAMIHOMMACHI"},"8260024":{"prefectureJa":"福岡県","cityJa":"田川市","townJa":"西本町","prefectureEn":"FUKUOKA KEN","cityEn":"TAGAWA SHI","townEn":"NISHIHOMMACHI"},"8260025":{"prefectureJa":"福岡県","cityJa":"田川市","townJa":"大黒町","prefectureEn":"FUKUOKA KEN","cityEn":"TAGAWA SHI","townEn":"DAIKOKUMACHI"},"8260026":{"prefectureJa":"福岡県","cityJa":"田川市","townJa":"春日町","prefectureEn":"FUKUOKA KEN","cityEn":"TAGAWA SHI","townEn":"KASUGAMACHI"},"8260027":{"prefectureJa":"福岡県","cityJa":"田川市","townJa":"宮尾町","prefectureEn":"FUKUOKA KEN","cityEn":"TAGAWA SHI","townEn":"MIYAOMACHI"},"8260031":{"prefectureJa":"福岡県","cityJa":"田川市","townJa":"千代町","prefectureEn":"FUKUOKA KEN","cityEn":"TAGAWA SHI","townEn":"CHIYOMACHI"},"8260032":{"prefectureJa":"福岡県","cityJa":"田川市","townJa":"平松町","prefectureEn":"FUKUOKA KEN","cityEn":"TAGAWA SHI","townEn":"HIRAMATSUMACHI"},"8260033":{"prefectureJa":"福岡県","cityJa":"田川市","townJa":"丸山町","prefectureEn":"FUKUOKA KEN","cityEn":"TAGAWA SHI","townEn":"MARUYAMAMACHI"},"8260041":{"prefectureJa":"福岡県","cityJa":"田川市","townJa":"弓削田（角銅原、野上、船尾、見立、文字山）","prefectureEn":"FUKUOKA KEN","cityEn":"TAGAWA SHI","townEn":"YUGETA(KAKUDOBARU.NOGAMI.FUNAO.MITA"},"8260042":{"prefectureJa":"福岡県","cityJa":"田川市","townJa":"川宮（大藪、新生町、高住町、平岡）","prefectureEn":"FUKUOKA KEN","cityEn":"TAGAWA SHI","townEn":"KAWAMIYA(OYABU.SHINSEICHO.TAKASUMIC"},"8260043":{"prefectureJa":"福岡県","cityJa":"田川市","townJa":"奈良（青葉町、大浦、会社町、霞ケ丘、後藤寺西団地、後藤寺東団地、希望ケ丘、","prefectureEn":"FUKUOKA KEN","cityEn":"TAGAWA SHI","townEn":"MATSUNOKI.MITSUIGOTOJI.MIDORIMACHI."},"8260044":{"prefectureJa":"福岡県","cityJa":"田川市","townJa":"位登（猪位金４～７区、清美町）","prefectureEn":"FUKUOKA KEN","cityEn":"TAGAWA SHI","townEn":"ITO(IIKANE4-7-KU.KIYOMICHO)"},"8260045":{"prefectureJa":"福岡県","cityJa":"田川市","townJa":"猪国（猪位金１～３区）","prefectureEn":"FUKUOKA KEN","cityEn":"TAGAWA SHI","townEn":"INOKUNI(IIKANE1-3-KU)"}}