{"3890100":{"prefectureJa":"長野県","cityJa":"北佐久郡軽井沢町","townJa":"以下に掲載がない場合","prefectureEn":"NAGANO KEN","cityEn":"KITASAKU GUN KARUIZAWA MACHI","townEn":"IKANIKEISAIGANAIBAAI"},"3890101":{"prefectureJa":"長野県","cityJa":"北佐久郡軽井沢町","townJa":"峠町","prefectureEn":"NAGANO KEN","cityEn":"KITASAKU GUN KARUIZAWA MACHI","townEn":"TOGEMACHI"},"3890102":{"prefectureJa":"長野県","cityJa":"北佐久郡軽井沢町","townJa":"軽井沢（大字）","prefectureEn":"NAGANO KEN","cityEn":"KITASAKU GUN KARUIZAWA MACHI","townEn":"KARUIZAWA(OAZA)"},"3890103":{"prefectureJa":"長野県","cityJa":"北佐久郡軽井沢町","townJa":"軽井沢（その他）","prefectureEn":"NAGANO KEN","cityEn":"KITASAKU GUN KARUIZAWA MACHI","townEn":"KARUIZAWA(SONOTA)"},"3890104":{"prefectureJa":"長野県","cityJa":"北佐久郡軽井沢町","townJa":"軽井沢東","prefectureEn":"NAGANO KEN","cityEn":"KITASAKU GUN KARUIZAWA MACHI","townEn":"KARUIZAWAHIGASHI"},"3890111":{"prefectureJa":"長野県","cityJa":"北佐久郡軽井沢町","townJa":"長倉","prefectureEn":"NAGANO KEN","cityEn":"KITASAKU GUN KARUIZAWA MACHI","townEn":"NAGAKURA"},"3890112":{"prefectureJa":"長野県","cityJa":"北佐久郡軽井沢町","townJa":"中軽井沢","prefectureEn":"NAGANO KEN","cityEn":"KITASAKU GUN KARUIZAWA MACHI","townEn":"NAKAKARUIZAWA"},"3890113":{"prefectureJa":"長野県","cityJa":"北佐久郡軽井沢町","townJa":"発地","prefectureEn":"NAGANO KEN","cityEn":"KITASAKU GUN KARUIZAWA MACHI","townEn":"HOTCHI"},"3890114":{"prefectureJa":"長野県","cityJa":"北佐久郡軽井沢町","townJa":"茂沢","prefectureEn":"NAGANO KEN","cityEn":"KITASAKU GUN KARUIZAWA MACHI","townEn":"MOZAWA"},"3890115":{"prefectureJa":"長野県","cityJa":"北佐久郡軽井沢町","townJa":"追分","prefectureEn":"NAGANO KEN","cityEn":"KITASAKU GUN KARUIZAWA MACHI","townEn":"OIWAKE"},"3890121":{"prefectureJa":"群馬県","cityJa":"安中市","townJa":"松井田町峠","prefectureEn":"GUMMA KEN","cityEn":"ANNAKA SHI","townEn":"MATSUIDAMACHI TOGE"},"3890200":{"prefectureJa":"長野県","cityJa":"北佐久郡御代田町","townJa":"以下に掲載がない場合","prefectureEn":"NAGANO KEN","cityEn":"KITASAKU GUN MIYOTA MACHI","townEn":"IKANIKEISAIGANAIBAAI"},"3890201":{"prefectureJa":"長野県","cityJa":"北佐久郡御代田町","townJa":"塩野","prefectureEn":"NAGANO KEN","cityEn":"KITASAKU GUN MIYOTA MACHI","townEn":"SHIONO"},"3890202":{"prefectureJa":"長野県","cityJa":"北佐久郡御代田町","townJa":"草越","prefectureEn":"NAGANO KEN","cityEn":"KITASAKU GUN MIYOTA MACHI","townEn":"KUSAGOE"},"3890203":{"prefectureJa":"長野県","cityJa":"北佐久郡御代田町","townJa":"広戸","prefectureEn":"NAGANO KEN","cityEn":"KITASAKU GUN MIYOTA MACHI","townEn":"HIROTO"},"3890204":{"prefectureJa":"長野県","cityJa":"北佐久郡御代田町","townJa":"豊昇","prefectureEn":"NAGANO KEN","cityEn":"KITASAKU GUN MIYOTA MACHI","townEn":"HOSHO"},"3890205":{"prefectureJa":"長野県","cityJa":"北佐久郡御代田町","townJa":"面替","prefectureEn":"NAGANO KEN","cityEn":"KITASAKU GUN MIYOTA MACHI","townEn":"OMOGAE"},"3890206":{"prefectureJa":"長野県","cityJa":"北佐久郡御代田町","townJa":"御代田","prefectureEn":"NAGANO KEN","cityEn":"KITASAKU GUN MIYOTA MACHI","townEn":"MIYOTA"},"3890207":{"prefectureJa":"長野県","cityJa":"北佐久郡御代田町","townJa":"馬瀬口","prefectureEn":"NAGANO KEN","cityEn":"KITASAKU GUN MIYOTA MACHI","townEn":"MASEGUCHI"},"3890208":{"prefectureJa":"長野県","cityJa":"北佐久郡御代田町","townJa":"茂沢","prefectureEn":"NAGANO KEN","cityEn":"KITASAKU GUN MIYOTA MACHI","townEn":"MOSAWA"},"3890401":{"prefectureJa":"長野県","cityJa":"東御市","townJa":"島川原","prefectureEn":"NAGANO KEN","cityEn":"TOMI SHI","townEn":"SHIMAGAWARA"},"3890402":{"prefectureJa":"長野県","cityJa":"東御市","townJa":"布下","prefectureEn":"NAGANO KEN","cityEn":"TOMI SHI","townEn":"NUNOSHITA"},"3890403":{"prefectureJa":"長野県","cityJa":"東御市","townJa":"御牧原","prefectureEn":"NAGANO KEN","cityEn":"TOMI SHI","townEn":"MIMAKIHARA"},"3890404":{"prefectureJa":"長野県","cityJa":"東御市","townJa":"大日向","prefectureEn":"NAGANO KEN","cityEn":"TOMI SHI","townEn":"OHINATA"},"3890405":{"prefectureJa":"長野県","cityJa":"東御市","townJa":"下之城","prefectureEn":"NAGANO KEN","cityEn":"TOMI SHI","townEn":"SHIMONOJO"},"3890406":{"prefectureJa":"長野県","cityJa":"東御市","townJa":"八重原","prefectureEn":"NAGANO KEN","cityEn":"TOMI SHI","townEn":"YAEHARA"},"3890407":{"prefectureJa":"長野県","cityJa":"東御市","townJa":"羽毛山","prefectureEn":"NAGANO KEN","cityEn":"TOMI SHI","townEn":"HAKEYAMA"},"3890500":{"prefectureJa":"長野県","cityJa":"東御市","townJa":"以下に掲載がない場合","prefectureEn":"NAGANO KEN","cityEn":"TOMI SHI","townEn":"IKANIKEISAIGANAIBAAI"},"3890501":{"prefectureJa":"長野県","cityJa":"東御市","townJa":"新張","prefectureEn":"NAGANO KEN","cityEn":"TOMI SHI","townEn":"MIHARI"},"3890502":{"prefectureJa":"長野県","cityJa":"東御市","townJa":"鞍掛","prefectureEn":"NAGANO KEN","cityEn":"TOMI SHI","townEn":"KURAKAKE"},"3890503":{"prefectureJa":"長野県","cityJa":"東御市","townJa":"新屋","prefectureEn":"NAGANO KEN","cityEn":"TOMI SHI","townEn":"ARAYA"},"3890504":{"prefectureJa":"長野県","cityJa":"東御市","townJa":"海善寺","prefectureEn":"NAGANO KEN","cityEn":"TOMI SHI","townEn":"KAIZENJI"},"3890505":{"prefectureJa":"長野県","cityJa":"東御市","townJa":"和","prefectureEn":"NAGANO KEN","cityEn":"TOMI SHI","townEn":"KANO"},"3890506":{"prefectureJa":"長野県","cityJa":"東御市","townJa":"祢津","prefectureEn":"NAGANO KEN","cityEn":"TOMI SHI","townEn":"NETSU"},"3890511":{"prefectureJa":"長野県","cityJa":"東御市","townJa":"滋野（甲）","prefectureEn":"NAGANO KEN","cityEn":"TOMI SHI","townEn":"SHIGENO(KO)"},"3890512":{"prefectureJa":"長野県","cityJa":"東御市","townJa":"滋野（乙）","prefectureEn":"NAGANO KEN","cityEn":"TOMI SHI","townEn":"SHIGENO(OTSU)"},"3890513":{"prefectureJa":"長野県","cityJa":"東御市","townJa":"滋野","prefectureEn":"NAGANO KEN","cityEn":"TOMI SHI","townEn":"SHIGENO"},"3890514":{"prefectureJa":"長野県","cityJa":"東御市","townJa":"加沢","prefectureEn":"NAGANO KEN","cityEn":"TOMI SHI","townEn":"KAZAWA"},"3890515":{"prefectureJa":"長野県","cityJa":"東御市","townJa":"常田","prefectureEn":"NAGANO KEN","cityEn":"TOMI SHI","townEn":"TOKIDA"},"3890516":{"prefectureJa":"長野県","cityJa":"東御市","townJa":"田中","prefectureEn":"NAGANO KEN","cityEn":"TOMI SHI","townEn":"TANAKA"},"3890517":{"prefectureJa":"長野県","cityJa":"東御市","townJa":"県","prefectureEn":"NAGANO KEN","cityEn":"TOMI SHI","townEn":"AGATA"},"3890518":{"prefectureJa":"長野県","cityJa":"東御市","townJa":"本海野","prefectureEn":"NAGANO KEN","cityEn":"TOMI SHI","townEn":"MOTONNO"},"3890519":{"prefectureJa":"長野県","cityJa":"東御市","townJa":"塩川","prefectureEn":"NAGANO KEN","cityEn":"TOMI SHI","townEn":"SHIOKAWA"},"3890600":{"prefectureJa":"長野県","cityJa":"埴科郡坂城町","townJa":"以下に掲載がない場合","prefectureEn":"NAGANO KEN","cityEn":"HANISHINA GUN SAKAKI MACHI","townEn":"IKANIKEISAIGANAIBAAI"},"3890601":{"prefectureJa":"長野県","cityJa":"埴科郡坂城町","townJa":"坂城","prefectureEn":"NAGANO KEN","cityEn":"HANISHINA GUN SAKAKI MACHI","townEn":"SAKAKI"},"3890602":{"prefectureJa":"長野県","cityJa":"埴科郡坂城町","townJa":"中之条","prefectureEn":"NAGANO KEN","cityEn":"HANISHINA GUN SAKAKI MACHI","townEn":"NAKANOJO"},"3890603":{"prefectureJa":"長野県","cityJa":"埴科郡坂城町","townJa":"南条","prefectureEn":"NAGANO KEN","cityEn":"HANISHINA GUN SAKAKI MACHI","townEn":"MINAMIJO"},"3890604":{"prefectureJa":"長野県","cityJa":"埴科郡坂城町","townJa":"網掛","prefectureEn":"NAGANO KEN","cityEn":"HANISHINA GUN SAKAKI MACHI","townEn":"AMIKAKE"},"3890605":{"prefectureJa":"長野県","cityJa":"埴科郡坂城町","townJa":"上平","prefectureEn":"NAGANO KEN","cityEn":"HANISHINA GUN SAKAKI MACHI","townEn":"UWADAIRA"},"3890606":{"prefectureJa":"長野県","cityJa":"埴科郡坂城町","townJa":"上五明","prefectureEn":"NAGANO KEN","cityEn":"HANISHINA GUN SAKAKI MACHI","townEn":"KAMIGOMYO"},"3890801":{"prefectureJa":"長野県","cityJa":"千曲市","townJa":"小船山","prefectureEn":"NAGANO KEN","cityEn":"CHIKUMA SHI","townEn":"KOBUNEYAMA"},"3890802":{"prefectureJa":"長野県","cityJa":"千曲市","townJa":"内川","prefectureEn":"NAGANO KEN","cityEn":"CHIKUMA SHI","townEn":"UCHIKAWA"},"3890803":{"prefectureJa":"長野県","cityJa":"千曲市","townJa":"千本柳","prefectureEn":"NAGANO KEN","cityEn":"CHIKUMA SHI","townEn":"SEMBONYANAGI"},"3890804":{"prefectureJa":"長野県","cityJa":"千曲市","townJa":"戸倉","prefectureEn":"NAGANO KEN","cityEn":"CHIKUMA SHI","townEn":"TOGURA"},"3890805":{"prefectureJa":"長野県","cityJa":"千曲市","townJa":"上徳間","prefectureEn":"NAGANO KEN","cityEn":"CHIKUMA SHI","townEn":"KAMITOKUMA"},"3890806":{"prefectureJa":"長野県","cityJa":"千曲市","townJa":"磯部","prefectureEn":"NAGANO KEN","cityEn":"CHIKUMA SHI","townEn":"ISOBE"},"3890807":{"prefectureJa":"長野県","cityJa":"千曲市","townJa":"戸倉温泉","prefectureEn":"NAGANO KEN","cityEn":"CHIKUMA SHI","townEn":"TOGURAONSEN"},"3890811":{"prefectureJa":"長野県","cityJa":"千曲市","townJa":"須坂","prefectureEn":"NAGANO KEN","cityEn":"CHIKUMA SHI","townEn":"SUZAKA"},"3890812":{"prefectureJa":"長野県","cityJa":"千曲市","townJa":"羽尾","prefectureEn":"NAGANO KEN","cityEn":"CHIKUMA SHI","townEn":"HANEO"},"3890813":{"prefectureJa":"長野県","cityJa":"千曲市","townJa":"若宮","prefectureEn":"NAGANO KEN","cityEn":"CHIKUMA SHI","townEn":"WAKAMIYA"},"3890821":{"prefectureJa":"長野県","cityJa":"千曲市","townJa":"上山田温泉","prefectureEn":"NAGANO KEN","cityEn":"CHIKUMA SHI","townEn":"KAMIYAMADAONSEN"},"3890822":{"prefectureJa":"長野県","cityJa":"千曲市","townJa":"上山田","prefectureEn":"NAGANO KEN","cityEn":"CHIKUMA SHI","townEn":"KAMIYAMADA"},"3890823":{"prefectureJa":"長野県","cityJa":"千曲市","townJa":"新山","prefectureEn":"NAGANO KEN","cityEn":"CHIKUMA SHI","townEn":"ARAYAMA"},"3890824":{"prefectureJa":"長野県","cityJa":"千曲市","townJa":"力石","prefectureEn":"NAGANO KEN","cityEn":"CHIKUMA SHI","townEn":"CHIKARAISHI"},"3891101":{"prefectureJa":"長野県","cityJa":"長野市","townJa":"豊野町川谷","prefectureEn":"NAGANO KEN","cityEn":"NAGANO SHI","townEn":"TOYONOMACHI KAWATANI"},"3891102":{"prefectureJa":"長野県","cityJa":"長野市","townJa":"豊野町大倉","prefectureEn":"NAGANO KEN","cityEn":"NAGANO SHI","townEn":"TOYONOMACHI OKURA"},"3891103":{"prefectureJa":"長野県","cityJa":"長野市","townJa":"豊野町蟹沢","prefectureEn":"NAGANO KEN","cityEn":"NAGANO SHI","townEn":"TOYONOMACHI KANISAWA"},"3891104":{"prefectureJa":"長野県","cityJa":"長野市","townJa":"豊野町浅野","prefectureEn":"NAGANO KEN","cityEn":"NAGANO SHI","townEn":"TOYONOMACHI ASANO"},"3891105":{"prefectureJa":"長野県","cityJa":"長野市","townJa":"豊野町豊野","prefectureEn":"NAGANO KEN","cityEn":"NAGANO SHI","townEn":"TOYONOMACHI TOYONO"},"3891106":{"prefectureJa":"長野県","cityJa":"長野市","townJa":"豊野町石","prefectureEn":"NAGANO KEN","cityEn":"NAGANO SHI","townEn":"TOYONOMACHI ISHI"},"3891107":{"prefectureJa":"長野県","cityJa":"長野市","townJa":"豊野町南郷","prefectureEn":"NAGANO KEN","cityEn":"NAGANO SHI","townEn":"TOYONOMACHI MINAMIGO"},"3891200":{"prefectureJa":"長野県","cityJa":"上水内郡飯綱町","townJa":"以下に掲載がない場合","prefectureEn":"NAGANO KEN","cityEn":"KAMIMINOCHI GUN IIZUNA MACHI","townEn":"IKANIKEISAIGANAIBAAI"},"3891201":{"prefectureJa":"長野県","cityJa":"上水内郡飯綱町","townJa":"芋川","prefectureEn":"NAGANO KEN","cityEn":"KAMIMINOCHI GUN IIZUNA MACHI","townEn":"IMOGAWA"},"3891202":{"prefectureJa":"長野県","cityJa":"上水内郡飯綱町","townJa":"東柏原","prefectureEn":"NAGANO KEN","cityEn":"KAMIMINOCHI GUN IIZUNA MACHI","townEn":"HIGASHIKASHIWABARA"},"3891203":{"prefectureJa":"長野県","cityJa":"上水内郡飯綱町","townJa":"赤塩","prefectureEn":"NAGANO KEN","cityEn":"KAMIMINOCHI GUN IIZUNA MACHI","townEn":"AKASHIO"},"3891204":{"prefectureJa":"長野県","cityJa":"上水内郡飯綱町","townJa":"倉井","prefectureEn":"NAGANO KEN","cityEn":"KAMIMINOCHI GUN IIZUNA MACHI","townEn":"KURAI"},"3891205":{"prefectureJa":"長野県","cityJa":"上水内郡飯綱町","townJa":"川谷","prefectureEn":"NAGANO KEN","cityEn":"KAMIMINOCHI GUN IIZUNA MACHI","townEn":"KAWATANI"},"3891206":{"prefectureJa":"長野県","cityJa":"上水内郡飯綱町","townJa":"普光寺","prefectureEn":"NAGANO KEN","cityEn":"KAMIMINOCHI GUN IIZUNA MACHI","townEn":"FUKOJI"},"3891211":{"prefectureJa":"長野県","cityJa":"上水内郡飯綱町","townJa":"牟礼","prefectureEn":"NAGANO KEN","cityEn":"KAMIMINOCHI GUN IIZUNA MACHI","townEn":"MURE"},"3891212":{"prefectureJa":"長野県","cityJa":"上水内郡飯綱町","townJa":"豊野","prefectureEn":"NAGANO KEN","cityEn":"KAMIMINOCHI GUN IIZUNA MACHI","townEn":"TOYONO"},"3891213":{"prefectureJa":"長野県","cityJa":"上水内郡飯綱町","townJa":"平出","prefectureEn":"NAGANO KEN","cityEn":"KAMIMINOCHI GUN IIZUNA MACHI","townEn":"HIRAIDE"},"3891214":{"prefectureJa":"長野県","cityJa":"上水内郡飯綱町","townJa":"黒川","prefectureEn":"NAGANO KEN","cityEn":"KAMIMINOCHI GUN IIZUNA MACHI","townEn":"KUROKAWA"},"3891215":{"prefectureJa":"長野県","cityJa":"上水内郡飯綱町","townJa":"小玉","prefectureEn":"NAGANO KEN","cityEn":"KAMIMINOCHI GUN IIZUNA MACHI","townEn":"KODAMA"},"3891221":{"prefectureJa":"長野県","cityJa":"上水内郡飯綱町","townJa":"古町","prefectureEn":"NAGANO KEN","cityEn":"KAMIMINOCHI GUN IIZUNA MACHI","townEn":"FURUMACHI"},"3891222":{"prefectureJa":"長野県","cityJa":"上水内郡飯綱町","townJa":"柳里","prefectureEn":"NAGANO KEN","cityEn":"KAMIMINOCHI GUN IIZUNA MACHI","townEn":"YANAGISATO"},"3891223":{"prefectureJa":"長野県","cityJa":"上水内郡飯綱町","townJa":"袖之山","prefectureEn":"NAGANO KEN","cityEn":"KAMIMINOCHI GUN IIZUNA MACHI","townEn":"SODENOYAMA"},"3891224":{"prefectureJa":"長野県","cityJa":"上水内郡飯綱町","townJa":"地蔵久保","prefectureEn":"NAGANO KEN","cityEn":"KAMIMINOCHI GUN IIZUNA MACHI","townEn":"JIZOKUBO"},"3891225":{"prefectureJa":"長野県","cityJa":"上水内郡飯綱町","townJa":"坂口","prefectureEn":"NAGANO KEN","cityEn":"KAMIMINOCHI GUN IIZUNA MACHI","townEn":"SAKAGUCHI"},"3891226":{"prefectureJa":"長野県","cityJa":"上水内郡飯綱町","townJa":"川上","prefectureEn":"NAGANO KEN","cityEn":"KAMIMINOCHI GUN IIZUNA MACHI","townEn":"KAWAKAMI"},"3891227":{"prefectureJa":"長野県","cityJa":"上水内郡飯綱町","townJa":"高坂","prefectureEn":"NAGANO KEN","cityEn":"KAMIMINOCHI GUN IIZUNA MACHI","townEn":"KOSAKA"},"3891300":{"prefectureJa":"長野県","cityJa":"上水内郡信濃町","townJa":"以下に掲載がない場合","prefectureEn":"NAGANO KEN","cityEn":"KAMIMINOCHI GUN SHINANO MACHI","townEn":"IKANIKEISAIGANAIBAAI"},"3891301":{"prefectureJa":"長野県","cityJa":"上水内郡信濃町","townJa":"熊坂","prefectureEn":"NAGANO KEN","cityEn":"KAMIMINOCHI GUN SHINANO MACHI","townEn":"KUMASAKA"},"3891302":{"prefectureJa":"長野県","cityJa":"上水内郡信濃町","townJa":"古海","prefectureEn":"NAGANO KEN","cityEn":"KAMIMINOCHI GUN SHINANO MACHI","townEn":"FURUMI"},"3891303":{"prefectureJa":"長野県","cityJa":"上水内郡信濃町","townJa":"野尻","prefectureEn":"NAGANO KEN","cityEn":"KAMIMINOCHI GUN SHINANO MACHI","townEn":"NOJIRI"},"3891304":{"prefectureJa":"長野県","cityJa":"上水内郡信濃町","townJa":"神山国際村","prefectureEn":"NAGANO KEN","cityEn":"KAMIMINOCHI GUN SHINANO MACHI","townEn":"KAMIYAMAKOKUSAIMURA"},"3891305":{"prefectureJa":"長野県","cityJa":"上水内郡信濃町","townJa":"柏原","prefectureEn":"NAGANO KEN","cityEn":"KAMIMINOCHI GUN SHINANO MACHI","townEn":"KASHIWABARA"},"3891306":{"prefectureJa":"長野県","cityJa":"上水内郡信濃町","townJa":"野尻（大学村）","prefectureEn":"NAGANO KEN","cityEn":"KAMIMINOCHI GUN SHINANO MACHI","townEn":"NOJIRI(DAIGAKUMURA)"},"3891311":{"prefectureJa":"長野県","cityJa":"上水内郡信濃町","townJa":"荒瀬原","prefectureEn":"NAGANO KEN","cityEn":"KAMIMINOCHI GUN SHINANO MACHI","townEn":"ARASEBARA"},"3891312":{"prefectureJa":"長野県","cityJa":"上水内郡信濃町","townJa":"富濃","prefectureEn":"NAGANO KEN","cityEn":"KAMIMINOCHI GUN SHINANO MACHI","townEn":"TOMINO"},"3891313":{"prefectureJa":"長野県","cityJa":"上水内郡信濃町","townJa":"古間","prefectureEn":"NAGANO KEN","cityEn":"KAMIMINOCHI GUN SHINANO MACHI","townEn":"FURUMA"},"3891314":{"prefectureJa":"長野県","cityJa":"上水内郡信濃町","townJa":"穂波","prefectureEn":"NAGANO KEN","cityEn":"KAMIMINOCHI GUN SHINANO MACHI","townEn":"HONAMI"},"3891315":{"prefectureJa":"長野県","cityJa":"上水内郡信濃町","townJa":"平岡","prefectureEn":"NAGANO KEN","cityEn":"KAMIMINOCHI GUN SHINANO MACHI","townEn":"HIRAOKA"},"3891316":{"prefectureJa":"長野県","cityJa":"上水内郡信濃町","townJa":"大井","prefectureEn":"NAGANO KEN","cityEn":"KAMIMINOCHI GUN SHINANO MACHI","townEn":"OI"},"3892101":{"prefectureJa":"長野県","cityJa":"中野市","townJa":"豊津","prefectureEn":"NAGANO KEN","cityEn":"NAKANO SHI","townEn":"TOYOTSU"},"3892102":{"prefectureJa":"長野県","cityJa":"中野市","townJa":"上今井","prefectureEn":"NAGANO KEN","cityEn":"NAKANO SHI","townEn":"KAMIIMAI"},"3892103":{"prefectureJa":"長野県","cityJa":"中野市","townJa":"穴田","prefectureEn":"NAGANO KEN","cityEn":"NAKANO SHI","townEn":"ANADA"},"3892104":{"prefectureJa":"長野県","cityJa":"中野市","townJa":"永江","prefectureEn":"NAGANO KEN","cityEn":"NAKANO SHI","townEn":"NAGAE"},"3892200":{"prefectureJa":"長野県","cityJa":"飯山市","townJa":"以下に掲載がない場合","prefectureEn":"NAGANO KEN","cityEn":"IIYAMA SHI","townEn":"IKANIKEISAIGANAIBAAI"},"3892231":{"prefectureJa":"長野県","cityJa":"飯山市","townJa":"天神堂","prefectureEn":"NAGANO KEN","cityEn":"IIYAMA SHI","townEn":"TENSHINDO"},"3892232":{"prefectureJa":"長野県","cityJa":"飯山市","townJa":"下木島","prefectureEn":"NAGANO KEN","cityEn":"IIYAMA SHI","townEn":"SHIMOKIJIMA"},"3892233":{"prefectureJa":"長野県","cityJa":"飯山市","townJa":"野坂田","prefectureEn":"NAGANO KEN","cityEn":"IIYAMA SHI","townEn":"NOSAKADA"},"3892234":{"prefectureJa":"長野県","cityJa":"飯山市","townJa":"木島","prefectureEn":"NAGANO KEN","cityEn":"IIYAMA SHI","townEn":"KIJIMA"},"3892235":{"prefectureJa":"長野県","cityJa":"飯山市","townJa":"坂井","prefectureEn":"NAGANO KEN","cityEn":"IIYAMA SHI","townEn":"SAKAI"},"3892241":{"prefectureJa":"長野県","cityJa":"飯山市","townJa":"山岸","prefectureEn":"NAGANO KEN","cityEn":"IIYAMA SHI","townEn":"YAMAGISHI"},"3892242":{"prefectureJa":"長野県","cityJa":"飯山市","townJa":"其綿","prefectureEn":"NAGANO KEN","cityEn":"IIYAMA SHI","townEn":"SONOWATA"},"3892243":{"prefectureJa":"長野県","cityJa":"飯山市","townJa":"吉","prefectureEn":"NAGANO KEN","cityEn":"IIYAMA SHI","townEn":"YOSHI"},"3892244":{"prefectureJa":"長野県","cityJa":"飯山市","townJa":"安田","prefectureEn":"NAGANO KEN","cityEn":"IIYAMA SHI","townEn":"YASUDA"},"3892251":{"prefectureJa":"長野県","cityJa":"飯山市","townJa":"旭","prefectureEn":"NAGANO KEN","cityEn":"IIYAMA SHI","townEn":"ASAHI"},"3892252":{"prefectureJa":"長野県","cityJa":"飯山市","townJa":"小佐原","prefectureEn":"NAGANO KEN","cityEn":"IIYAMA SHI","townEn":"KOZAWARA"},"3892253":{"prefectureJa":"長野県","cityJa":"飯山市","townJa":"飯山","prefectureEn":"NAGANO KEN","cityEn":"IIYAMA SHI","townEn":"IIYAMA"},"3892254":{"prefectureJa":"長野県","cityJa":"飯山市","townJa":"南町","prefectureEn":"NAGANO KEN","cityEn":"IIYAMA SHI","townEn":"MINAMIMACHI"},"3892255":{"prefectureJa":"長野県","cityJa":"飯山市","townJa":"静間","prefectureEn":"NAGANO KEN","cityEn":"IIYAMA SHI","townEn":"SHIZUMA"},"3892256":{"prefectureJa":"長野県","cityJa":"飯山市","townJa":"蓮","prefectureEn":"NAGANO KEN","cityEn":"IIYAMA SHI","townEn":"HACHISU"},"3892257":{"prefectureJa":"長野県","cityJa":"飯山市","townJa":"斑尾高原","prefectureEn":"NAGANO KEN","cityEn":"IIYAMA SHI","townEn":"MADARAOKOGEN"},"3892258":{"prefectureJa":"長野県","cityJa":"飯山市","townJa":"富倉","prefectureEn":"NAGANO KEN","cityEn":"IIYAMA SHI","townEn":"TOMIKURA"},"3892261":{"prefectureJa":"新潟県","cityJa":"妙高市","townJa":"樽本（１１０１番地）","prefectureEn":"NIIGATA KEN","cityEn":"MYOKO SHI","townEn":"TARUMOTO(1101-BANCHI)"},"3892300":{"prefectureJa":"長野県","cityJa":"下高井郡木島平村","townJa":"以下に掲載がない場合","prefectureEn":"NAGANO KEN","cityEn":"SHIMOTAKAI GUN KIJIMADAIRA MURA","townEn":"IKANIKEISAIGANAIBAAI"},"3892301":{"prefectureJa":"長野県","cityJa":"下高井郡木島平村","townJa":"穂高","prefectureEn":"NAGANO KEN","cityEn":"SHIMOTAKAI GUN KIJIMADAIRA MURA","townEn":"HOTAKA"},"3892302":{"prefectureJa":"長野県","cityJa":"下高井郡木島平村","townJa":"往郷","prefectureEn":"NAGANO KEN","cityEn":"SHIMOTAKAI GUN KIJIMADAIRA MURA","townEn":"OGO"},"3892303":{"prefectureJa":"長野県","cityJa":"下高井郡木島平村","townJa":"上木島","prefectureEn":"NAGANO KEN","cityEn":"SHIMOTAKAI GUN KIJIMADAIRA MURA","townEn":"KAMIKIJIMA"},"3892321":{"prefectureJa":"長野県","cityJa":"飯山市","townJa":"瑞穂豊","prefectureEn":"NAGANO KEN","cityEn":"IIYAMA SHI","townEn":"MIZUHOTOYO"},"3892322":{"prefectureJa":"長野県","cityJa":"飯山市","townJa":"瑞穂","prefectureEn":"NAGANO KEN","cityEn":"IIYAMA SHI","townEn":"MIZUHO"},"3892371":{"prefectureJa":"長野県","cityJa":"中野市","townJa":"田上（１３００～２５１１番地）","prefectureEn":"NAGANO KEN","cityEn":"NAKANO SHI","townEn":"TAGAMI(1300-2511-BANCHI)"},"3892411":{"prefectureJa":"長野県","cityJa":"飯山市","townJa":"豊田","prefectureEn":"NAGANO KEN","cityEn":"IIYAMA SHI","townEn":"TOYODA"},"3892412":{"prefectureJa":"長野県","cityJa":"飯山市","townJa":"常郷","prefectureEn":"NAGANO KEN","cityEn":"IIYAMA SHI","townEn":"TOKISATO"},"3892413":{"prefectureJa":"長野県","cityJa":"飯山市","townJa":"照里","prefectureEn":"NAGANO KEN","cityEn":"IIYAMA SHI","townEn":"TERUSATO"},"3892414":{"prefectureJa":"長野県","cityJa":"飯山市","townJa":"常盤","prefectureEn":"NAGANO KEN","cityEn":"IIYAMA SHI","townEn":"TOKIWA"},"3892415":{"prefectureJa":"長野県","cityJa":"飯山市","townJa":"大池","prefectureEn":"NAGANO KEN","cityEn":"IIYAMA SHI","townEn":"OIKE"},"3892416":{"prefectureJa":"長野県","cityJa":"飯山市","townJa":"緑","prefectureEn":"NAGANO KEN","cityEn":"IIYAMA SHI","townEn":"MIDORI"},"3892417":{"prefectureJa":"長野県","cityJa":"飯山市","townJa":"中曽根","prefectureEn":"NAGANO KEN","cityEn":"IIYAMA SHI","townEn":"NAKASONE"},"3892418":{"prefectureJa":"長野県","cityJa":"飯山市","townJa":"寿","prefectureEn":"NAGANO KEN","cityEn":"IIYAMA SHI","townEn":"KOTOBUKI"},"3892500":{"prefectureJa":"長野県","cityJa":"下高井郡野沢温泉村","townJa":"以下に掲載がない場合","prefectureEn":"NAGANO KEN","cityEn":"SHIMOTAKAI GUN NOZAWAONSEN MURA","townEn":"IKANIKEISAIGANAIBAAI"},"3892501":{"prefectureJa":"長野県","cityJa":"下高井郡野沢温泉村","townJa":"坪山","prefectureEn":"NAGANO KEN","cityEn":"SHIMOTAKAI GUN NOZAWAONSEN MURA","townEn":"TSUBOYAMA"},"3892502":{"prefectureJa":"長野県","cityJa":"下高井郡野沢温泉村","townJa":"豊郷","prefectureEn":"NAGANO KEN","cityEn":"SHIMOTAKAI GUN NOZAWAONSEN MURA","townEn":"TOYOSATO"},"3892503":{"prefectureJa":"長野県","cityJa":"下高井郡野沢温泉村","townJa":"前坂","prefectureEn":"NAGANO KEN","cityEn":"SHIMOTAKAI GUN NOZAWAONSEN MURA","townEn":"MAEZAKA"},"3892601":{"prefectureJa":"長野県","cityJa":"飯山市","townJa":"照岡","prefectureEn":"NAGANO KEN","cityEn":"IIYAMA SHI","townEn":"TERUOKA"},"3892602":{"prefectureJa":"長野県","cityJa":"飯山市","townJa":"一山","prefectureEn":"NAGANO KEN","cityEn":"IIYAMA SHI","townEn":"ICHIYAMA"},"3892611":{"prefectureJa":"長野県","cityJa":"下高井郡野沢温泉村","townJa":"東大滝","prefectureEn":"NAGANO KEN","cityEn":"SHIMOTAKAI GUN NOZAWAONSEN MURA","townEn":"HIGASHIOTAKI"},"3892612":{"prefectureJa":"長野県","cityJa":"下高井郡野沢温泉村","townJa":"七ケ巻","prefectureEn":"NAGANO KEN","cityEn":"SHIMOTAKAI GUN NOZAWAONSEN MURA","townEn":"NANAGAMAKI"},"3892613":{"prefectureJa":"長野県","cityJa":"下高井郡野沢温泉村","townJa":"虫生","prefectureEn":"NAGANO KEN","cityEn":"SHIMOTAKAI GUN NOZAWAONSEN MURA","townEn":"MUSHIU"},"3892614":{"prefectureJa":"長野県","cityJa":"下高井郡野沢温泉村","townJa":"平林","prefectureEn":"NAGANO KEN","cityEn":"SHIMOTAKAI GUN NOZAWAONSEN MURA","townEn":"HIRABAYASHI"},"3892700":{"prefectureJa":"長野県","cityJa":"下水内郡栄村","townJa":"以下に掲載がない場合","prefectureEn":"NAGANO KEN","cityEn":"SHIMOMINOCHI GUN SAKAE MURA","townEn":"IKANIKEISAIGANAIBAAI"},"3892701":{"prefectureJa":"長野県","cityJa":"下水内郡栄村","townJa":"豊栄","prefectureEn":"NAGANO KEN","cityEn":"SHIMOMINOCHI GUN SAKAE MURA","townEn":"TOYOSAKAE"},"3892702":{"prefectureJa":"長野県","cityJa":"下水内郡栄村","townJa":"北信","prefectureEn":"NAGANO KEN","cityEn":"SHIMOMINOCHI GUN SAKAE MURA","townEn":"HOKUSHIN"},"3892703":{"prefectureJa":"長野県","cityJa":"下水内郡栄村","townJa":"堺（その他）","prefectureEn":"NAGANO KEN","cityEn":"SHIMOMINOCHI GUN SAKAE MURA","townEn":"SAKAI(SONOTA)"}}