{"3930000":{"prefectureJa":"長野県","cityJa":"諏訪郡下諏訪町","townJa":"以下に掲載がない場合","prefectureEn":"NAGANO KEN","cityEn":"SUWA GUN SHIMOSUWA MACHI","townEn":"IKANIKEISAIGANAIBAAI"},"3930001":{"prefectureJa":"長野県","cityJa":"諏訪郡下諏訪町","townJa":"樋橋","prefectureEn":"NAGANO KEN","cityEn":"SUWA GUN SHIMOSUWA MACHI","townEn":"TOYOHASHI"},"3930002":{"prefectureJa":"長野県","cityJa":"諏訪郡下諏訪町","townJa":"東俣","prefectureEn":"NAGANO KEN","cityEn":"SUWA GUN SHIMOSUWA MACHI","townEn":"HIGASHIMATA"},"3930003":{"prefectureJa":"長野県","cityJa":"諏訪郡下諏訪町","townJa":"萩倉","prefectureEn":"NAGANO KEN","cityEn":"SUWA GUN SHIMOSUWA MACHI","townEn":"HAGIKURA"},"3930004":{"prefectureJa":"長野県","cityJa":"諏訪郡下諏訪町","townJa":"東町下","prefectureEn":"NAGANO KEN","cityEn":"SUWA GUN SHIMOSUWA MACHI","townEn":"HIGASHIMACHISHITA"},"3930005":{"prefectureJa":"長野県","cityJa":"諏訪郡下諏訪町","townJa":"東町中","prefectureEn":"NAGANO KEN","cityEn":"SUWA GUN SHIMOSUWA MACHI","townEn":"HIGASHIMACHINAKA"},"3930006":{"prefectureJa":"長野県","cityJa":"諏訪郡下諏訪町","townJa":"東町上","prefectureEn":"NAGANO KEN","cityEn":"SUWA GUN SHIMOSUWA MACHI","townEn":"HIGASHIMACHIUE"},"3930007":{"prefectureJa":"長野県","cityJa":"諏訪郡下諏訪町","townJa":"下屋敷","prefectureEn":"NAGANO KEN","cityEn":"SUWA GUN SHIMOSUWA MACHI","townEn":"SHIMOYASHIKI"},"3930008":{"prefectureJa":"長野県","cityJa":"諏訪郡下諏訪町","townJa":"町屋敷","prefectureEn":"NAGANO KEN","cityEn":"SUWA GUN SHIMOSUWA MACHI","townEn":"MACHIYASHIKI"},"3930011":{"prefectureJa":"長野県","cityJa":"諏訪郡下諏訪町","townJa":"新町上","prefectureEn":"NAGANO KEN","cityEn":"SUWA GUN SHIMOSUWA MACHI","townEn":"SHIMMACHIUE"},"3930012":{"prefectureJa":"長野県","cityJa":"諏訪郡下諏訪町","townJa":"横町","prefectureEn":"NAGANO KEN","cityEn":"SUWA GUN SHIMOSUWA MACHI","townEn":"YOKOMACHI"},"3930013":{"prefectureJa":"長野県","cityJa":"諏訪郡下諏訪町","townJa":"小湯の上","prefectureEn":"NAGANO KEN","cityEn":"SUWA GUN SHIMOSUWA MACHI","townEn":"KOYUNOE"},"3930014":{"prefectureJa":"長野県","cityJa":"諏訪郡下諏訪町","townJa":"木の下","prefectureEn":"NAGANO KEN","cityEn":"SUWA GUN SHIMOSUWA MACHI","townEn":"KINOSHITA"},"3930015":{"prefectureJa":"長野県","cityJa":"諏訪郡下諏訪町","townJa":"立町","prefectureEn":"NAGANO KEN","cityEn":"SUWA GUN SHIMOSUWA MACHI","townEn":"TATSUMACHI"},"3930016":{"prefectureJa":"長野県","cityJa":"諏訪郡下諏訪町","townJa":"湯田町","prefectureEn":"NAGANO KEN","cityEn":"SUWA GUN SHIMOSUWA MACHI","townEn":"YUDAMACHI"},"3930017":{"prefectureJa":"長野県","cityJa":"諏訪郡下諏訪町","townJa":"湯田仲町","prefectureEn":"NAGANO KEN","cityEn":"SUWA GUN SHIMOSUWA MACHI","townEn":"YUDANAKAMACHI"},"3930018":{"prefectureJa":"長野県","cityJa":"諏訪郡下諏訪町","townJa":"新町下","prefectureEn":"NAGANO KEN","cityEn":"SUWA GUN SHIMOSUWA MACHI","townEn":"SHIMMACHISHITA"},"3930019":{"prefectureJa":"長野県","cityJa":"諏訪郡下諏訪町","townJa":"横町木の下","prefectureEn":"NAGANO KEN","cityEn":"SUWA GUN SHIMOSUWA MACHI","townEn":"YOKOMACHIKINOSHITA"},"3930021":{"prefectureJa":"長野県","cityJa":"諏訪郡下諏訪町","townJa":"武居","prefectureEn":"NAGANO KEN","cityEn":"SUWA GUN SHIMOSUWA MACHI","townEn":"TAKEI"},"3930022":{"prefectureJa":"長野県","cityJa":"諏訪郡下諏訪町","townJa":"関屋","prefectureEn":"NAGANO KEN","cityEn":"SUWA GUN SHIMOSUWA MACHI","townEn":"SEKIYA"},"3930023":{"prefectureJa":"長野県","cityJa":"諏訪郡下諏訪町","townJa":"富ケ丘","prefectureEn":"NAGANO KEN","cityEn":"SUWA GUN SHIMOSUWA MACHI","townEn":"TOMIGAOKA"},"3930024":{"prefectureJa":"長野県","cityJa":"諏訪郡下諏訪町","townJa":"五官","prefectureEn":"NAGANO KEN","cityEn":"SUWA GUN SHIMOSUWA MACHI","townEn":"GOKAN"},"3930025":{"prefectureJa":"長野県","cityJa":"諏訪郡下諏訪町","townJa":"本郷","prefectureEn":"NAGANO KEN","cityEn":"SUWA GUN SHIMOSUWA MACHI","townEn":"HONGO"},"3930026":{"prefectureJa":"長野県","cityJa":"諏訪郡下諏訪町","townJa":"久保海道","prefectureEn":"NAGANO KEN","cityEn":"SUWA GUN SHIMOSUWA MACHI","townEn":"KUBOKAIDO"},"3930031":{"prefectureJa":"長野県","cityJa":"諏訪郡下諏訪町","townJa":"東豊","prefectureEn":"NAGANO KEN","cityEn":"SUWA GUN SHIMOSUWA MACHI","townEn":"HIGASHIYUTAKA"},"3930032":{"prefectureJa":"長野県","cityJa":"諏訪郡下諏訪町","townJa":"西浜","prefectureEn":"NAGANO KEN","cityEn":"SUWA GUN SHIMOSUWA MACHI","townEn":"NISHIHAMA"},"3930033":{"prefectureJa":"長野県","cityJa":"諏訪郡下諏訪町","townJa":"高木","prefectureEn":"NAGANO KEN","cityEn":"SUWA GUN SHIMOSUWA MACHI","townEn":"TAKAKI"},"3930034":{"prefectureJa":"長野県","cityJa":"諏訪郡下諏訪町","townJa":"高浜","prefectureEn":"NAGANO KEN","cityEn":"SUWA GUN SHIMOSUWA MACHI","townEn":"TAKAHAMA"},"3930035":{"prefectureJa":"長野県","cityJa":"諏訪郡下諏訪町","townJa":"西豊","prefectureEn":"NAGANO KEN","cityEn":"SUWA GUN SHIMOSUWA MACHI","townEn":"NISHIYUTAKA"},"3930041":{"prefectureJa":"長野県","cityJa":"諏訪郡下諏訪町","townJa":"西四王","prefectureEn":"NAGANO KEN","cityEn":"SUWA GUN SHIMOSUWA MACHI","townEn":"NISHISHIO"},"3930042":{"prefectureJa":"長野県","cityJa":"諏訪郡下諏訪町","townJa":"北四王","prefectureEn":"NAGANO KEN","cityEn":"SUWA GUN SHIMOSUWA MACHI","townEn":"KITASHIO"},"3930043":{"prefectureJa":"長野県","cityJa":"諏訪郡下諏訪町","townJa":"東四王","prefectureEn":"NAGANO KEN","cityEn":"SUWA GUN SHIMOSUWA MACHI","townEn":"HIGASHISHIO"},"3930044":{"prefectureJa":"長野県","cityJa":"諏訪郡下諏訪町","townJa":"湖畔町","prefectureEn":"NAGANO KEN","cityEn":"SUWA GUN SHIMOSUWA MACHI","townEn":"KOHANCHO"},"3930045":{"prefectureJa":"長野県","cityJa":"諏訪郡下諏訪町","townJa":"南四王","prefectureEn":"NAGANO KEN","cityEn":"SUWA GUN SHIMOSUWA MACHI","townEn":"MINAMISHIO"},"3930046":{"prefectureJa":"長野県","cityJa":"諏訪郡下諏訪町","townJa":"東赤砂","prefectureEn":"NAGANO KEN","cityEn":"SUWA GUN SHIMOSUWA MACHI","townEn":"HIGASHIAKASUNA"},"3930047":{"prefectureJa":"長野県","cityJa":"諏訪郡下諏訪町","townJa":"西赤砂","prefectureEn":"NAGANO KEN","cityEn":"SUWA GUN SHIMOSUWA MACHI","townEn":"NISHIAKASUNA"},"3930051":{"prefectureJa":"長野県","cityJa":"諏訪郡下諏訪町","townJa":"大社通","prefectureEn":"NAGANO KEN","cityEn":"SUWA GUN SHIMOSUWA MACHI","townEn":"TAISHADORI"},"3930052":{"prefectureJa":"長野県","cityJa":"諏訪郡下諏訪町","townJa":"上久保","prefectureEn":"NAGANO KEN","cityEn":"SUWA GUN SHIMOSUWA MACHI","townEn":"KAMIKUBO"},"3930053":{"prefectureJa":"長野県","cityJa":"諏訪郡下諏訪町","townJa":"上馬場","prefectureEn":"NAGANO KEN","cityEn":"SUWA GUN SHIMOSUWA MACHI","townEn":"KAMIBAPPA"},"3930054":{"prefectureJa":"長野県","cityJa":"諏訪郡下諏訪町","townJa":"菅野町","prefectureEn":"NAGANO KEN","cityEn":"SUWA GUN SHIMOSUWA MACHI","townEn":"SUGENOMACHI"},"3930055":{"prefectureJa":"長野県","cityJa":"諏訪郡下諏訪町","townJa":"富士見町","prefectureEn":"NAGANO KEN","cityEn":"SUWA GUN SHIMOSUWA MACHI","townEn":"FUJIMICHO"},"3930056":{"prefectureJa":"長野県","cityJa":"諏訪郡下諏訪町","townJa":"広瀬町","prefectureEn":"NAGANO KEN","cityEn":"SUWA GUN SHIMOSUWA MACHI","townEn":"HIROSECHO"},"3930057":{"prefectureJa":"長野県","cityJa":"諏訪郡下諏訪町","townJa":"友之町","prefectureEn":"NAGANO KEN","cityEn":"SUWA GUN SHIMOSUWA MACHI","townEn":"TOMONOMACHI"},"3930061":{"prefectureJa":"長野県","cityJa":"諏訪郡下諏訪町","townJa":"御田町","prefectureEn":"NAGANO KEN","cityEn":"SUWA GUN SHIMOSUWA MACHI","townEn":"MITAMACHI"},"3930062":{"prefectureJa":"長野県","cityJa":"諏訪郡下諏訪町","townJa":"平沢町","prefectureEn":"NAGANO KEN","cityEn":"SUWA GUN SHIMOSUWA MACHI","townEn":"HIRASAWACHO"},"3930063":{"prefectureJa":"長野県","cityJa":"諏訪郡下諏訪町","townJa":"花咲町","prefectureEn":"NAGANO KEN","cityEn":"SUWA GUN SHIMOSUWA MACHI","townEn":"HANASAKICHO"},"3930064":{"prefectureJa":"長野県","cityJa":"諏訪郡下諏訪町","townJa":"中汐町","prefectureEn":"NAGANO KEN","cityEn":"SUWA GUN SHIMOSUWA MACHI","townEn":"NAKASHIOCHO"},"3930065":{"prefectureJa":"長野県","cityJa":"諏訪郡下諏訪町","townJa":"魁町","prefectureEn":"NAGANO KEN","cityEn":"SUWA GUN SHIMOSUWA MACHI","townEn":"SAKIGAKECHO"},"3930066":{"prefectureJa":"長野県","cityJa":"諏訪郡下諏訪町","townJa":"曙町","prefectureEn":"NAGANO KEN","cityEn":"SUWA GUN SHIMOSUWA MACHI","townEn":"AKEBONOCHO"},"3930067":{"prefectureJa":"長野県","cityJa":"諏訪郡下諏訪町","townJa":"矢木東","prefectureEn":"NAGANO KEN","cityEn":"SUWA GUN SHIMOSUWA MACHI","townEn":"YAGIHIGASHI"},"3930068":{"prefectureJa":"長野県","cityJa":"諏訪郡下諏訪町","townJa":"春日町","prefectureEn":"NAGANO KEN","cityEn":"SUWA GUN SHIMOSUWA MACHI","townEn":"KASUGACHO"},"3930071":{"prefectureJa":"長野県","cityJa":"諏訪郡下諏訪町","townJa":"仲町","prefectureEn":"NAGANO KEN","cityEn":"SUWA GUN SHIMOSUWA MACHI","townEn":"NAKAMACHI"},"3930072":{"prefectureJa":"長野県","cityJa":"諏訪郡下諏訪町","townJa":"桜町","prefectureEn":"NAGANO KEN","cityEn":"SUWA GUN SHIMOSUWA MACHI","townEn":"SAKURAMACHI"},"3930073":{"prefectureJa":"長野県","cityJa":"諏訪郡下諏訪町","townJa":"塚田町","prefectureEn":"NAGANO KEN","cityEn":"SUWA GUN SHIMOSUWA MACHI","townEn":"TSUKADAMACHI"},"3930074":{"prefectureJa":"長野県","cityJa":"諏訪郡下諏訪町","townJa":"緑町","prefectureEn":"NAGANO KEN","cityEn":"SUWA GUN SHIMOSUWA MACHI","townEn":"MIDORIMACHI"},"3930075":{"prefectureJa":"長野県","cityJa":"諏訪郡下諏訪町","townJa":"中央通","prefectureEn":"NAGANO KEN","cityEn":"SUWA GUN SHIMOSUWA MACHI","townEn":"CHUODORI"},"3930076":{"prefectureJa":"長野県","cityJa":"諏訪郡下諏訪町","townJa":"矢木西","prefectureEn":"NAGANO KEN","cityEn":"SUWA GUN SHIMOSUWA MACHI","townEn":"YAGINISHI"},"3930077":{"prefectureJa":"長野県","cityJa":"諏訪郡下諏訪町","townJa":"矢木町","prefectureEn":"NAGANO KEN","cityEn":"SUWA GUN SHIMOSUWA MACHI","townEn":"YAGIMACHI"},"3930078":{"prefectureJa":"長野県","cityJa":"諏訪郡下諏訪町","townJa":"田中町","prefectureEn":"NAGANO KEN","cityEn":"SUWA GUN SHIMOSUWA MACHI","townEn":"TANAKAMACHI"},"3930081":{"prefectureJa":"長野県","cityJa":"諏訪郡下諏訪町","townJa":"社東町","prefectureEn":"NAGANO KEN","cityEn":"SUWA GUN SHIMOSUWA MACHI","townEn":"YASHIROHIGASHIMACHI"},"3930082":{"prefectureJa":"長野県","cityJa":"諏訪郡下諏訪町","townJa":"西弥生町","prefectureEn":"NAGANO KEN","cityEn":"SUWA GUN SHIMOSUWA MACHI","townEn":"NISHIYAYOICHO"},"3930083":{"prefectureJa":"長野県","cityJa":"諏訪郡下諏訪町","townJa":"東弥生町","prefectureEn":"NAGANO KEN","cityEn":"SUWA GUN SHIMOSUWA MACHI","townEn":"HIGASHIYAYOICHO"},"3930084":{"prefectureJa":"長野県","cityJa":"諏訪郡下諏訪町","townJa":"栄町","prefectureEn":"NAGANO KEN","cityEn":"SUWA GUN SHIMOSUWA MACHI","townEn":"SAKAECHO"},"3930085":{"prefectureJa":"長野県","cityJa":"諏訪郡下諏訪町","townJa":"東鷹野町","prefectureEn":"NAGANO KEN","cityEn":"SUWA GUN SHIMOSUWA MACHI","townEn":"HIGASHITAKANOMACHI"},"3930086":{"prefectureJa":"長野県","cityJa":"諏訪郡下諏訪町","townJa":"清水町","prefectureEn":"NAGANO KEN","cityEn":"SUWA GUN SHIMOSUWA MACHI","townEn":"SHIMIZUMACHI"},"3930087":{"prefectureJa":"長野県","cityJa":"諏訪郡下諏訪町","townJa":"西鷹野町","prefectureEn":"NAGANO KEN","cityEn":"SUWA GUN SHIMOSUWA MACHI","townEn":"NISHITAKANOMACHI"},"3930091":{"prefectureJa":"長野県","cityJa":"諏訪郡下諏訪町","townJa":"星が丘","prefectureEn":"NAGANO KEN","cityEn":"SUWA GUN SHIMOSUWA MACHI","townEn":"HOSHIGAOKA"},"3930092":{"prefectureJa":"長野県","cityJa":"諏訪郡下諏訪町","townJa":"大門","prefectureEn":"NAGANO KEN","cityEn":"SUWA GUN SHIMOSUWA MACHI","townEn":"DAIMON"},"3930093":{"prefectureJa":"長野県","cityJa":"諏訪郡下諏訪町","townJa":"東山田","prefectureEn":"NAGANO KEN","cityEn":"SUWA GUN SHIMOSUWA MACHI","townEn":"HIGASHIYAMADA"}}