{"7950000":{"prefectureJa":"愛媛県","cityJa":"大洲市","townJa":"以下に掲載がない場合","prefectureEn":"EHIME KEN","cityEn":"OZU SHI","townEn":"IKANIKEISAIGANAIBAAI"},"7950001":{"prefectureJa":"愛媛県","cityJa":"大洲市","townJa":"北只","prefectureEn":"EHIME KEN","cityEn":"OZU SHI","townEn":"KITATADA"},"7950002":{"prefectureJa":"愛媛県","cityJa":"大洲市","townJa":"松尾","prefectureEn":"EHIME KEN","cityEn":"OZU SHI","townEn":"MATSUO"},"7950003":{"prefectureJa":"愛媛県","cityJa":"大洲市","townJa":"梅川","prefectureEn":"EHIME KEN","cityEn":"OZU SHI","townEn":"UMEGAWA"},"7950004":{"prefectureJa":"愛媛県","cityJa":"大洲市","townJa":"長谷","prefectureEn":"EHIME KEN","cityEn":"OZU SHI","townEn":"NAGATANI"},"7950005":{"prefectureJa":"愛媛県","cityJa":"大洲市","townJa":"横野（久保）","prefectureEn":"EHIME KEN","cityEn":"OZU SHI","townEn":"YOKONO(KUBO)"},"7950006":{"prefectureJa":"愛媛県","cityJa":"大洲市","townJa":"野佐来","prefectureEn":"EHIME KEN","cityEn":"OZU SHI","townEn":"YASARAI"},"7950007":{"prefectureJa":"愛媛県","cityJa":"大洲市","townJa":"稲積","prefectureEn":"EHIME KEN","cityEn":"OZU SHI","townEn":"INAZUMI"},"7950008":{"prefectureJa":"愛媛県","cityJa":"大洲市","townJa":"黒木","prefectureEn":"EHIME KEN","cityEn":"OZU SHI","townEn":"KUROGI"},"7950009":{"prefectureJa":"愛媛県","cityJa":"大洲市","townJa":"北裏","prefectureEn":"EHIME KEN","cityEn":"OZU SHI","townEn":"KITAURA"},"7950011":{"prefectureJa":"愛媛県","cityJa":"大洲市","townJa":"柚木","prefectureEn":"EHIME KEN","cityEn":"OZU SHI","townEn":"YUNOKI"},"7950012":{"prefectureJa":"愛媛県","cityJa":"大洲市","townJa":"大洲","prefectureEn":"EHIME KEN","cityEn":"OZU SHI","townEn":"OZU"},"7950013":{"prefectureJa":"愛媛県","cityJa":"大洲市","townJa":"西大洲","prefectureEn":"EHIME KEN","cityEn":"OZU SHI","townEn":"NISHIOZU"},"7950021":{"prefectureJa":"愛媛県","cityJa":"大洲市","townJa":"平野町野田","prefectureEn":"EHIME KEN","cityEn":"OZU SHI","townEn":"HIRANOCHONODA"},"7950022":{"prefectureJa":"愛媛県","cityJa":"大洲市","townJa":"平野町平地（その他）","prefectureEn":"EHIME KEN","cityEn":"OZU SHI","townEn":"HIRANOCHOHIRAJI(SONOTA)"},"7950023":{"prefectureJa":"愛媛県","cityJa":"大洲市","townJa":"平野町平地（横野）","prefectureEn":"EHIME KEN","cityEn":"OZU SHI","townEn":"HIRANOCHOHIRAJI(YOKONO)"},"7950024":{"prefectureJa":"愛媛県","cityJa":"大洲市","townJa":"高山","prefectureEn":"EHIME KEN","cityEn":"OZU SHI","townEn":"TAKAYAMA"},"7950025":{"prefectureJa":"愛媛県","cityJa":"大洲市","townJa":"阿蔵","prefectureEn":"EHIME KEN","cityEn":"OZU SHI","townEn":"AZO"},"7950031":{"prefectureJa":"愛媛県","cityJa":"大洲市","townJa":"多田","prefectureEn":"EHIME KEN","cityEn":"OZU SHI","townEn":"TADA"},"7950032":{"prefectureJa":"愛媛県","cityJa":"大洲市","townJa":"上須戒","prefectureEn":"EHIME KEN","cityEn":"OZU SHI","townEn":"KAMISUGAI"},"7950041":{"prefectureJa":"愛媛県","cityJa":"大洲市","townJa":"八多喜町","prefectureEn":"EHIME KEN","cityEn":"OZU SHI","townEn":"HATAKICHO"},"7950042":{"prefectureJa":"愛媛県","cityJa":"大洲市","townJa":"米津","prefectureEn":"EHIME KEN","cityEn":"OZU SHI","townEn":"YONAZU"},"7950043":{"prefectureJa":"愛媛県","cityJa":"大洲市","townJa":"米津（甲）","prefectureEn":"EHIME KEN","cityEn":"OZU SHI","townEn":"YONAZU(KO)"},"7950044":{"prefectureJa":"愛媛県","cityJa":"大洲市","townJa":"手成","prefectureEn":"EHIME KEN","cityEn":"OZU SHI","townEn":"TENARU"},"7950045":{"prefectureJa":"愛媛県","cityJa":"大洲市","townJa":"東宇山","prefectureEn":"EHIME KEN","cityEn":"OZU SHI","townEn":"HIGASHIUYAMA"},"7950046":{"prefectureJa":"愛媛県","cityJa":"大洲市","townJa":"春賀","prefectureEn":"EHIME KEN","cityEn":"OZU SHI","townEn":"HARUKA"},"7950051":{"prefectureJa":"愛媛県","cityJa":"大洲市","townJa":"五郎","prefectureEn":"EHIME KEN","cityEn":"OZU SHI","townEn":"GORO"},"7950052":{"prefectureJa":"愛媛県","cityJa":"大洲市","townJa":"若宮","prefectureEn":"EHIME KEN","cityEn":"OZU SHI","townEn":"WAKAMIYA"},"7950053":{"prefectureJa":"愛媛県","cityJa":"大洲市","townJa":"常磐町","prefectureEn":"EHIME KEN","cityEn":"OZU SHI","townEn":"TOKIWAMACHI"},"7950054":{"prefectureJa":"愛媛県","cityJa":"大洲市","townJa":"中村","prefectureEn":"EHIME KEN","cityEn":"OZU SHI","townEn":"NAKAMURA"},"7950061":{"prefectureJa":"愛媛県","cityJa":"大洲市","townJa":"徳森","prefectureEn":"EHIME KEN","cityEn":"OZU SHI","townEn":"TOKUNOMORI"},"7950062":{"prefectureJa":"愛媛県","cityJa":"大洲市","townJa":"市木","prefectureEn":"EHIME KEN","cityEn":"OZU SHI","townEn":"ICHIGI"},"7950063":{"prefectureJa":"愛媛県","cityJa":"大洲市","townJa":"田口","prefectureEn":"EHIME KEN","cityEn":"OZU SHI","townEn":"TANOKUCHI"},"7950064":{"prefectureJa":"愛媛県","cityJa":"大洲市","townJa":"東大洲","prefectureEn":"EHIME KEN","cityEn":"OZU SHI","townEn":"HIGASHIOZU"},"7950065":{"prefectureJa":"愛媛県","cityJa":"大洲市","townJa":"東若宮","prefectureEn":"EHIME KEN","cityEn":"OZU SHI","townEn":"HIGASHIWAKAMIYA"},"7950069":{"prefectureJa":"愛媛県","cityJa":"大洲市","townJa":"新谷","prefectureEn":"EHIME KEN","cityEn":"OZU SHI","townEn":"NIIYA"},"7950070":{"prefectureJa":"愛媛県","cityJa":"大洲市","townJa":"新谷丙","prefectureEn":"EHIME KEN","cityEn":"OZU SHI","townEn":"NIIYAHEI"},"7950071":{"prefectureJa":"愛媛県","cityJa":"大洲市","townJa":"新谷乙","prefectureEn":"EHIME KEN","cityEn":"OZU SHI","townEn":"NIIYAOTSU"},"7950072":{"prefectureJa":"愛媛県","cityJa":"大洲市","townJa":"新谷甲","prefectureEn":"EHIME KEN","cityEn":"OZU SHI","townEn":"NIIYAKO"},"7950073":{"prefectureJa":"愛媛県","cityJa":"大洲市","townJa":"新谷町","prefectureEn":"EHIME KEN","cityEn":"OZU SHI","townEn":"NIIYAMACHI"},"7950074":{"prefectureJa":"愛媛県","cityJa":"大洲市","townJa":"恋木","prefectureEn":"EHIME KEN","cityEn":"OZU SHI","townEn":"KOINOKI"},"7950075":{"prefectureJa":"愛媛県","cityJa":"大洲市","townJa":"喜多山","prefectureEn":"EHIME KEN","cityEn":"OZU SHI","townEn":"KITAYAMA"},"7950076":{"prefectureJa":"愛媛県","cityJa":"大洲市","townJa":"藤縄","prefectureEn":"EHIME KEN","cityEn":"OZU SHI","townEn":"FUJINAWA"},"7950077":{"prefectureJa":"愛媛県","cityJa":"大洲市","townJa":"柳沢","prefectureEn":"EHIME KEN","cityEn":"OZU SHI","townEn":"YANAGISAWA"},"7950078":{"prefectureJa":"愛媛県","cityJa":"大洲市","townJa":"田処","prefectureEn":"EHIME KEN","cityEn":"OZU SHI","townEn":"TADOKORO"},"7950081":{"prefectureJa":"愛媛県","cityJa":"大洲市","townJa":"菅田町菅田甲","prefectureEn":"EHIME KEN","cityEn":"OZU SHI","townEn":"SUGETACHOSUGETAHEI"},"7950082":{"prefectureJa":"愛媛県","cityJa":"大洲市","townJa":"菅田町菅田乙","prefectureEn":"EHIME KEN","cityEn":"OZU SHI","townEn":"SUGETACHOSUGETAOTSU"},"7950083":{"prefectureJa":"愛媛県","cityJa":"大洲市","townJa":"菅田町大竹","prefectureEn":"EHIME KEN","cityEn":"OZU SHI","townEn":"SUGETACHO ODAKE"},"7950084":{"prefectureJa":"愛媛県","cityJa":"大洲市","townJa":"菅田町宇津甲","prefectureEn":"EHIME KEN","cityEn":"OZU SHI","townEn":"SUGETACHOUZUKO"},"7950085":{"prefectureJa":"愛媛県","cityJa":"大洲市","townJa":"菅田町宇津乙","prefectureEn":"EHIME KEN","cityEn":"OZU SHI","townEn":"SUGETACHOUZUOTSU"},"7950086":{"prefectureJa":"愛媛県","cityJa":"大洲市","townJa":"成能","prefectureEn":"EHIME KEN","cityEn":"OZU SHI","townEn":"NARUNO"},"7950087":{"prefectureJa":"愛媛県","cityJa":"大洲市","townJa":"森山","prefectureEn":"EHIME KEN","cityEn":"OZU SHI","townEn":"MORIYAMA"},"7950088":{"prefectureJa":"愛媛県","cityJa":"大洲市","townJa":"宇和川","prefectureEn":"EHIME KEN","cityEn":"OZU SHI","townEn":"UWAGAWA"},"7950089":{"prefectureJa":"愛媛県","cityJa":"大洲市","townJa":"蔵川","prefectureEn":"EHIME KEN","cityEn":"OZU SHI","townEn":"KURAKAWA"},"7950301":{"prefectureJa":"愛媛県","cityJa":"喜多郡内子町","townJa":"五十崎","prefectureEn":"EHIME KEN","cityEn":"KITA GUN UCHIKO CHO","townEn":"IKAZAKI"},"7950302":{"prefectureJa":"愛媛県","cityJa":"喜多郡内子町","townJa":"大久喜","prefectureEn":"EHIME KEN","cityEn":"KITA GUN UCHIKO CHO","townEn":"OGUKI"},"7950303":{"prefectureJa":"愛媛県","cityJa":"喜多郡内子町","townJa":"平岡","prefectureEn":"EHIME KEN","cityEn":"KITA GUN UCHIKO CHO","townEn":"HIRAOKA"},"7950304":{"prefectureJa":"愛媛県","cityJa":"喜多郡内子町","townJa":"重松","prefectureEn":"EHIME KEN","cityEn":"KITA GUN UCHIKO CHO","townEn":"SHIGEMATSU"},"7950305":{"prefectureJa":"愛媛県","cityJa":"喜多郡内子町","townJa":"宿間","prefectureEn":"EHIME KEN","cityEn":"KITA GUN UCHIKO CHO","townEn":"SHUKUMA"},"7950306":{"prefectureJa":"愛媛県","cityJa":"喜多郡内子町","townJa":"福岡","prefectureEn":"EHIME KEN","cityEn":"KITA GUN UCHIKO CHO","townEn":"FUKUOKA"},"7950307":{"prefectureJa":"愛媛県","cityJa":"喜多郡内子町","townJa":"北表","prefectureEn":"EHIME KEN","cityEn":"KITA GUN UCHIKO CHO","townEn":"KITAOMOTE"},"7950308":{"prefectureJa":"愛媛県","cityJa":"喜多郡内子町","townJa":"山鳥坂","prefectureEn":"EHIME KEN","cityEn":"KITA GUN UCHIKO CHO","townEn":"YAMATOSAKA"},"7950309":{"prefectureJa":"愛媛県","cityJa":"喜多郡内子町","townJa":"只海","prefectureEn":"EHIME KEN","cityEn":"KITA GUN UCHIKO CHO","townEn":"TADANOMI"}}