{"7880000":{"prefectureJa":"高知県","cityJa":"宿毛市","townJa":"以下に掲載がない場合","prefectureEn":"KOCHI KEN","cityEn":"SUKUMO SHI","townEn":"IKANIKEISAIGANAIBAAI"},"7880001":{"prefectureJa":"高知県","cityJa":"宿毛市","townJa":"中央","prefectureEn":"KOCHI KEN","cityEn":"SUKUMO SHI","townEn":"CHUO"},"7880002":{"prefectureJa":"高知県","cityJa":"宿毛市","townJa":"南沖須賀","prefectureEn":"KOCHI KEN","cityEn":"SUKUMO SHI","townEn":"MINAMIOKISUGA"},"7880003":{"prefectureJa":"高知県","cityJa":"宿毛市","townJa":"幸町","prefectureEn":"KOCHI KEN","cityEn":"SUKUMO SHI","townEn":"SAIWAICHO"},"7880004":{"prefectureJa":"高知県","cityJa":"宿毛市","townJa":"長田町","prefectureEn":"KOCHI KEN","cityEn":"SUKUMO SHI","townEn":"NAGATACHO"},"7880005":{"prefectureJa":"高知県","cityJa":"宿毛市","townJa":"萩原","prefectureEn":"KOCHI KEN","cityEn":"SUKUMO SHI","townEn":"HAGIWARA"},"7880006":{"prefectureJa":"高知県","cityJa":"宿毛市","townJa":"桜町","prefectureEn":"KOCHI KEN","cityEn":"SUKUMO SHI","townEn":"SAKURAMACHI"},"7880007":{"prefectureJa":"高知県","cityJa":"宿毛市","townJa":"松田町","prefectureEn":"KOCHI KEN","cityEn":"SUKUMO SHI","townEn":"MATSUDAMACHI"},"7880008":{"prefectureJa":"高知県","cityJa":"宿毛市","townJa":"与市明","prefectureEn":"KOCHI KEN","cityEn":"SUKUMO SHI","townEn":"YOICHIMYO"},"7880009":{"prefectureJa":"高知県","cityJa":"宿毛市","townJa":"駅東町","prefectureEn":"KOCHI KEN","cityEn":"SUKUMO SHI","townEn":"EKIHIGASHIMACHI"},"7880010":{"prefectureJa":"高知県","cityJa":"宿毛市","townJa":"駅前町","prefectureEn":"KOCHI KEN","cityEn":"SUKUMO SHI","townEn":"EKIMAECHO"},"7880011":{"prefectureJa":"高知県","cityJa":"宿毛市","townJa":"新田","prefectureEn":"KOCHI KEN","cityEn":"SUKUMO SHI","townEn":"SHINDEN"},"7880012":{"prefectureJa":"高知県","cityJa":"宿毛市","townJa":"高砂","prefectureEn":"KOCHI KEN","cityEn":"SUKUMO SHI","townEn":"TAKASAGO"},"7880013":{"prefectureJa":"高知県","cityJa":"宿毛市","townJa":"片島","prefectureEn":"KOCHI KEN","cityEn":"SUKUMO SHI","townEn":"KATASHIMA"},"7880014":{"prefectureJa":"高知県","cityJa":"宿毛市","townJa":"大島","prefectureEn":"KOCHI KEN","cityEn":"SUKUMO SHI","townEn":"OSHIMA"},"7880015":{"prefectureJa":"高知県","cityJa":"宿毛市","townJa":"西片島","prefectureEn":"KOCHI KEN","cityEn":"SUKUMO SHI","townEn":"NISHIKATASHIMA"},"7880016":{"prefectureJa":"高知県","cityJa":"宿毛市","townJa":"希望ヶ丘","prefectureEn":"KOCHI KEN","cityEn":"SUKUMO SHI","townEn":"KIBOGAOKA"},"7880021":{"prefectureJa":"高知県","cityJa":"宿毛市","townJa":"池島","prefectureEn":"KOCHI KEN","cityEn":"SUKUMO SHI","townEn":"IKESHIMA"},"7880022":{"prefectureJa":"高知県","cityJa":"宿毛市","townJa":"藻津","prefectureEn":"KOCHI KEN","cityEn":"SUKUMO SHI","townEn":"MUKUZU"},"7880023":{"prefectureJa":"高知県","cityJa":"宿毛市","townJa":"宇須々木","prefectureEn":"KOCHI KEN","cityEn":"SUKUMO SHI","townEn":"USUSUKI"},"7880024":{"prefectureJa":"高知県","cityJa":"宿毛市","townJa":"樺","prefectureEn":"KOCHI KEN","cityEn":"SUKUMO SHI","townEn":"KABA"},"7880025":{"prefectureJa":"高知県","cityJa":"宿毛市","townJa":"西町","prefectureEn":"KOCHI KEN","cityEn":"SUKUMO SHI","townEn":"NISHIMACHI"},"7880026":{"prefectureJa":"高知県","cityJa":"宿毛市","townJa":"自由ケ丘","prefectureEn":"KOCHI KEN","cityEn":"SUKUMO SHI","townEn":"JIYUGAOKA"},"7880027":{"prefectureJa":"高知県","cityJa":"宿毛市","townJa":"港南台","prefectureEn":"KOCHI KEN","cityEn":"SUKUMO SHI","townEn":"KONANDAI"},"7880028":{"prefectureJa":"高知県","cityJa":"宿毛市","townJa":"新港","prefectureEn":"KOCHI KEN","cityEn":"SUKUMO SHI","townEn":"SHINKO"},"7880030":{"prefectureJa":"高知県","cityJa":"宿毛市","townJa":"四季の丘","prefectureEn":"KOCHI KEN","cityEn":"SUKUMO SHI","townEn":"SHIKINOKA"},"7880031":{"prefectureJa":"高知県","cityJa":"宿毛市","townJa":"貝塚","prefectureEn":"KOCHI KEN","cityEn":"SUKUMO SHI","townEn":"KAIZUKA"},"7880032":{"prefectureJa":"高知県","cityJa":"宿毛市","townJa":"錦","prefectureEn":"KOCHI KEN","cityEn":"SUKUMO SHI","townEn":"NISHIKI"},"7880033":{"prefectureJa":"高知県","cityJa":"宿毛市","townJa":"小深浦","prefectureEn":"KOCHI KEN","cityEn":"SUKUMO SHI","townEn":"KOBUKAURA"},"7880034":{"prefectureJa":"高知県","cityJa":"宿毛市","townJa":"大深浦","prefectureEn":"KOCHI KEN","cityEn":"SUKUMO SHI","townEn":"OBUKAURA"},"7880035":{"prefectureJa":"高知県","cityJa":"宿毛市","townJa":"草木薮","prefectureEn":"KOCHI KEN","cityEn":"SUKUMO SHI","townEn":"KUSAGIYABU"},"7880036":{"prefectureJa":"高知県","cityJa":"宿毛市","townJa":"野地","prefectureEn":"KOCHI KEN","cityEn":"SUKUMO SHI","townEn":"NOJI"},"7880037":{"prefectureJa":"高知県","cityJa":"宿毛市","townJa":"山北","prefectureEn":"KOCHI KEN","cityEn":"SUKUMO SHI","townEn":"YAMAKITA"},"7880038":{"prefectureJa":"高知県","cityJa":"宿毛市","townJa":"二ノ宮","prefectureEn":"KOCHI KEN","cityEn":"SUKUMO SHI","townEn":"NINOMIYA"},"7880039":{"prefectureJa":"高知県","cityJa":"宿毛市","townJa":"中角","prefectureEn":"KOCHI KEN","cityEn":"SUKUMO SHI","townEn":"NAKATSUNO"},"7880041":{"prefectureJa":"高知県","cityJa":"宿毛市","townJa":"橋上町出井","prefectureEn":"KOCHI KEN","cityEn":"SUKUMO SHI","townEn":"HASHIKAMICHOIDEI"},"7880042":{"prefectureJa":"高知県","cityJa":"宿毛市","townJa":"橋上町楠山","prefectureEn":"KOCHI KEN","cityEn":"SUKUMO SHI","townEn":"HASHIKAMICHOKUSUYAMA"},"7880043":{"prefectureJa":"高知県","cityJa":"宿毛市","townJa":"橋上町坂本","prefectureEn":"KOCHI KEN","cityEn":"SUKUMO SHI","townEn":"HASHIKAMICHOSAKAMOTO"},"7880044":{"prefectureJa":"高知県","cityJa":"宿毛市","townJa":"橋上町神有","prefectureEn":"KOCHI KEN","cityEn":"SUKUMO SHI","townEn":"HASHIKAMICHOKAMIARI"},"7880045":{"prefectureJa":"高知県","cityJa":"宿毛市","townJa":"橋上町奥奈路","prefectureEn":"KOCHI KEN","cityEn":"SUKUMO SHI","townEn":"HASHIKAMICHOOKUNARO"},"7880046":{"prefectureJa":"高知県","cityJa":"宿毛市","townJa":"橋上町橋上","prefectureEn":"KOCHI KEN","cityEn":"SUKUMO SHI","townEn":"HASHIKAMICHOHASHIKAMI"},"7880047":{"prefectureJa":"高知県","cityJa":"宿毛市","townJa":"橋上町平野","prefectureEn":"KOCHI KEN","cityEn":"SUKUMO SHI","townEn":"HASHIKAMICHOHIRANO"},"7880048":{"prefectureJa":"高知県","cityJa":"宿毛市","townJa":"橋上町京法","prefectureEn":"KOCHI KEN","cityEn":"SUKUMO SHI","townEn":"HASHIKAMICHOKYOHO"},"7880049":{"prefectureJa":"高知県","cityJa":"宿毛市","townJa":"橋上町還住薮","prefectureEn":"KOCHI KEN","cityEn":"SUKUMO SHI","townEn":"HASHIKAMICHOGENJUYABU"},"7880051":{"prefectureJa":"高知県","cityJa":"宿毛市","townJa":"押ノ川","prefectureEn":"KOCHI KEN","cityEn":"SUKUMO SHI","townEn":"OSHINOKAWA"},"7880052":{"prefectureJa":"高知県","cityJa":"宿毛市","townJa":"和田","prefectureEn":"KOCHI KEN","cityEn":"SUKUMO SHI","townEn":"WADA"},"7880053":{"prefectureJa":"高知県","cityJa":"宿毛市","townJa":"坂ノ下","prefectureEn":"KOCHI KEN","cityEn":"SUKUMO SHI","townEn":"SAKANOSHITA"},"7880054":{"prefectureJa":"高知県","cityJa":"宿毛市","townJa":"さくらが丘","prefectureEn":"KOCHI KEN","cityEn":"SUKUMO SHI","townEn":"SAKURAGAOKA"},"7880261":{"prefectureJa":"高知県","cityJa":"宿毛市","townJa":"小筑紫町田ノ浦","prefectureEn":"KOCHI KEN","cityEn":"SUKUMO SHI","townEn":"KOZUKUSHICHO TANORA"},"7880262":{"prefectureJa":"高知県","cityJa":"宿毛市","townJa":"小筑紫町小浦","prefectureEn":"KOCHI KEN","cityEn":"SUKUMO SHI","townEn":"KOZUKUSHICHO KORA"},"7880263":{"prefectureJa":"高知県","cityJa":"宿毛市","townJa":"小筑紫町内外ノ浦","prefectureEn":"KOCHI KEN","cityEn":"SUKUMO SHI","townEn":"KOZUKUSHICHO NAIGAINORA"},"7880264":{"prefectureJa":"高知県","cityJa":"宿毛市","townJa":"小筑紫町呼崎","prefectureEn":"KOCHI KEN","cityEn":"SUKUMO SHI","townEn":"KOZUKUSHICHO YOBISAKI"},"7880265":{"prefectureJa":"高知県","cityJa":"宿毛市","townJa":"小筑紫町湊","prefectureEn":"KOCHI KEN","cityEn":"SUKUMO SHI","townEn":"KOZUKUSHICHO MINATO"},"7880266":{"prefectureJa":"高知県","cityJa":"宿毛市","townJa":"小筑紫町大海","prefectureEn":"KOCHI KEN","cityEn":"SUKUMO SHI","townEn":"KOZUKUSHICHO OMI"},"7880267":{"prefectureJa":"高知県","cityJa":"宿毛市","townJa":"小筑紫町伊与野","prefectureEn":"KOCHI KEN","cityEn":"SUKUMO SHI","townEn":"KOZUKUSHICHO IYONO"},"7880268":{"prefectureJa":"高知県","cityJa":"宿毛市","townJa":"小筑紫町都賀ノ川","prefectureEn":"KOCHI KEN","cityEn":"SUKUMO SHI","townEn":"KOZUKUSHICHO TSUGANOGAWA"},"7880271":{"prefectureJa":"高知県","cityJa":"宿毛市","townJa":"小筑紫町小筑紫","prefectureEn":"KOCHI KEN","cityEn":"SUKUMO SHI","townEn":"KOZUKUSHICHO KOZUKUSHI"},"7880272":{"prefectureJa":"高知県","cityJa":"宿毛市","townJa":"小筑紫町石原","prefectureEn":"KOCHI KEN","cityEn":"SUKUMO SHI","townEn":"KOZUKUSHICHO ISHIHARA"},"7880273":{"prefectureJa":"高知県","cityJa":"宿毛市","townJa":"小筑紫町福良","prefectureEn":"KOCHI KEN","cityEn":"SUKUMO SHI","townEn":"KOZUKUSHICHO FUKURA"},"7880274":{"prefectureJa":"高知県","cityJa":"宿毛市","townJa":"小筑紫町栄喜","prefectureEn":"KOCHI KEN","cityEn":"SUKUMO SHI","townEn":"KOZUKUSHICHO SAKAKI"},"7880300":{"prefectureJa":"高知県","cityJa":"幡多郡大月町","townJa":"以下に掲載がない場合","prefectureEn":"KOCHI KEN","cityEn":"HATA GUN OTSUKI CHO","townEn":"IKANIKEISAIGANAIBAAI"},"7880302":{"prefectureJa":"高知県","cityJa":"幡多郡大月町","townJa":"弘見","prefectureEn":"KOCHI KEN","cityEn":"HATA GUN OTSUKI CHO","townEn":"HIROMI"},"7880311":{"prefectureJa":"高知県","cityJa":"幡多郡大月町","townJa":"鉾土","prefectureEn":"KOCHI KEN","cityEn":"HATA GUN OTSUKI CHO","townEn":"HOKOTSUCHI"},"7880312":{"prefectureJa":"高知県","cityJa":"幡多郡大月町","townJa":"清王","prefectureEn":"KOCHI KEN","cityEn":"HATA GUN OTSUKI CHO","townEn":"SEIO"},"7880313":{"prefectureJa":"高知県","cityJa":"幡多郡大月町","townJa":"周防形","prefectureEn":"KOCHI KEN","cityEn":"HATA GUN OTSUKI CHO","townEn":"SUOGATA"},"7880314":{"prefectureJa":"高知県","cityJa":"幡多郡大月町","townJa":"頭集","prefectureEn":"KOCHI KEN","cityEn":"HATA GUN OTSUKI CHO","townEn":"KASHIRATSUDOI"},"7880315":{"prefectureJa":"高知県","cityJa":"幡多郡大月町","townJa":"古満目","prefectureEn":"KOCHI KEN","cityEn":"HATA GUN OTSUKI CHO","townEn":"KOMAME"},"7880321":{"prefectureJa":"高知県","cityJa":"幡多郡大月町","townJa":"春遠","prefectureEn":"KOCHI KEN","cityEn":"HATA GUN OTSUKI CHO","townEn":"HARUDO"},"7880322":{"prefectureJa":"高知県","cityJa":"幡多郡大月町","townJa":"小才角","prefectureEn":"KOCHI KEN","cityEn":"HATA GUN OTSUKI CHO","townEn":"KOSAITSUNO"},"7880323":{"prefectureJa":"高知県","cityJa":"幡多郡大月町","townJa":"才角","prefectureEn":"KOCHI KEN","cityEn":"HATA GUN OTSUKI CHO","townEn":"SAITSUNO"},"7880324":{"prefectureJa":"高知県","cityJa":"幡多郡大月町","townJa":"大浦","prefectureEn":"KOCHI KEN","cityEn":"HATA GUN OTSUKI CHO","townEn":"OURA"},"7880325":{"prefectureJa":"高知県","cityJa":"幡多郡大月町","townJa":"月ケ丘","prefectureEn":"KOCHI KEN","cityEn":"HATA GUN OTSUKI CHO","townEn":"TSUKIGAOKA"},"7880331":{"prefectureJa":"高知県","cityJa":"幡多郡大月町","townJa":"口目塚","prefectureEn":"KOCHI KEN","cityEn":"HATA GUN OTSUKI CHO","townEn":"HIMENOI"},"7880332":{"prefectureJa":"高知県","cityJa":"幡多郡大月町","townJa":"赤泊","prefectureEn":"KOCHI KEN","cityEn":"HATA GUN OTSUKI CHO","townEn":"AKADOMARI"},"7880333":{"prefectureJa":"高知県","cityJa":"幡多郡大月町","townJa":"西泊","prefectureEn":"KOCHI KEN","cityEn":"HATA GUN OTSUKI CHO","townEn":"NISHIDOMARI"},"7880334":{"prefectureJa":"高知県","cityJa":"幡多郡大月町","townJa":"樫ノ浦","prefectureEn":"KOCHI KEN","cityEn":"HATA GUN OTSUKI CHO","townEn":"KASHINORA"},"7880335":{"prefectureJa":"高知県","cityJa":"幡多郡大月町","townJa":"唐岩","prefectureEn":"KOCHI KEN","cityEn":"HATA GUN OTSUKI CHO","townEn":"KARAIWA"},"7880341":{"prefectureJa":"高知県","cityJa":"幡多郡大月町","townJa":"平山","prefectureEn":"KOCHI KEN","cityEn":"HATA GUN OTSUKI CHO","townEn":"HIRAYAMA"},"7880342":{"prefectureJa":"高知県","cityJa":"幡多郡大月町","townJa":"一切","prefectureEn":"KOCHI KEN","cityEn":"HATA GUN OTSUKI CHO","townEn":"ISSAI"},"7880343":{"prefectureJa":"高知県","cityJa":"幡多郡大月町","townJa":"柏島","prefectureEn":"KOCHI KEN","cityEn":"HATA GUN OTSUKI CHO","townEn":"KASHIWAJIMA"},"7880351":{"prefectureJa":"高知県","cityJa":"幡多郡大月町","townJa":"安満地","prefectureEn":"KOCHI KEN","cityEn":"HATA GUN OTSUKI CHO","townEn":"AMAJI"},"7880352":{"prefectureJa":"高知県","cityJa":"幡多郡大月町","townJa":"橘浦","prefectureEn":"KOCHI KEN","cityEn":"HATA GUN OTSUKI CHO","townEn":"TACHIBANAURA"},"7880353":{"prefectureJa":"高知県","cityJa":"幡多郡大月町","townJa":"泊浦","prefectureEn":"KOCHI KEN","cityEn":"HATA GUN OTSUKI CHO","townEn":"TOMARIURA"},"7880361":{"prefectureJa":"高知県","cityJa":"幡多郡大月町","townJa":"龍ケ迫","prefectureEn":"KOCHI KEN","cityEn":"HATA GUN OTSUKI CHO","townEn":"TATSUGASAKO"},"7880362":{"prefectureJa":"高知県","cityJa":"幡多郡大月町","townJa":"芳ノ沢","prefectureEn":"KOCHI KEN","cityEn":"HATA GUN OTSUKI CHO","townEn":"YOSHINOSAWA"},"7880363":{"prefectureJa":"高知県","cityJa":"幡多郡大月町","townJa":"添ノ川","prefectureEn":"KOCHI KEN","cityEn":"HATA GUN OTSUKI CHO","townEn":"SOINOKAWA"},"7880677":{"prefectureJa":"高知県","cityJa":"宿毛市","townJa":"沖の島町母島","prefectureEn":"KOCHI KEN","cityEn":"SUKUMO SHI","townEn":"OKINOSHIMACHO MOSHIMA"},"7880678":{"prefectureJa":"高知県","cityJa":"宿毛市","townJa":"沖の島町弘瀬","prefectureEn":"KOCHI KEN","cityEn":"SUKUMO SHI","townEn":"OKINOSHIMACHO HIROSE"},"7880679":{"prefectureJa":"高知県","cityJa":"宿毛市","townJa":"沖の島町鵜来島","prefectureEn":"KOCHI KEN","cityEn":"SUKUMO SHI","townEn":"OKINOSHIMACHO UGURUSHIMA"},"7880781":{"prefectureJa":"高知県","cityJa":"宿毛市","townJa":"平田町黒川","prefectureEn":"KOCHI KEN","cityEn":"SUKUMO SHI","townEn":"HIRATACHOKUROKAWA"},"7880782":{"prefectureJa":"高知県","cityJa":"宿毛市","townJa":"平田町中山","prefectureEn":"KOCHI KEN","cityEn":"SUKUMO SHI","townEn":"HIRATACHONAKAYAMA"},"7880783":{"prefectureJa":"高知県","cityJa":"宿毛市","townJa":"平田町戸内","prefectureEn":"KOCHI KEN","cityEn":"SUKUMO SHI","townEn":"HIRATACHOHENAI"},"7880784":{"prefectureJa":"高知県","cityJa":"宿毛市","townJa":"山奈町山田","prefectureEn":"KOCHI KEN","cityEn":"SUKUMO SHI","townEn":"YAMANACHOYAMADA"},"7880785":{"prefectureJa":"高知県","cityJa":"宿毛市","townJa":"山奈町芳奈","prefectureEn":"KOCHI KEN","cityEn":"SUKUMO SHI","townEn":"YAMANACHOYOSHINA"},"7880786":{"prefectureJa":"高知県","cityJa":"宿毛市","townJa":"平田町東平","prefectureEn":"KOCHI KEN","cityEn":"SUKUMO SHI","townEn":"HIRATACHOHIGASHIDAIRA"}}