{"9130001":{"prefectureJa":"福井県","cityJa":"坂井市","townJa":"三国町池上","prefectureEn":"FUKUI KEN","cityEn":"SAKAI SHI","townEn":"MIKUNICHO IKEGAMI"},"9130002":{"prefectureJa":"福井県","cityJa":"坂井市","townJa":"三国町加戸","prefectureEn":"FUKUI KEN","cityEn":"SAKAI SHI","townEn":"MIKUNICHO KADO"},"9130003":{"prefectureJa":"福井県","cityJa":"坂井市","townJa":"三国町西谷","prefectureEn":"FUKUI KEN","cityEn":"SAKAI SHI","townEn":"MIKUNICHO NISHITANI"},"9130004":{"prefectureJa":"福井県","cityJa":"坂井市","townJa":"三国町平山","prefectureEn":"FUKUI KEN","cityEn":"SAKAI SHI","townEn":"MIKUNICHO HIRAYAMA"},"9130005":{"prefectureJa":"福井県","cityJa":"坂井市","townJa":"三国町浜地","prefectureEn":"FUKUI KEN","cityEn":"SAKAI SHI","townEn":"MIKUNICHO HAMAJI"},"9130011":{"prefectureJa":"福井県","cityJa":"坂井市","townJa":"三国町水居","prefectureEn":"FUKUI KEN","cityEn":"SAKAI SHI","townEn":"MIKUNICHO MIZUI"},"9130012":{"prefectureJa":"福井県","cityJa":"坂井市","townJa":"三国町西今市","prefectureEn":"FUKUI KEN","cityEn":"SAKAI SHI","townEn":"MIKUNICHO NISHIIMAICHI"},"9130013":{"prefectureJa":"福井県","cityJa":"坂井市","townJa":"三国町藤沢","prefectureEn":"FUKUI KEN","cityEn":"SAKAI SHI","townEn":"MIKUNICHO FUJISAWA"},"9130014":{"prefectureJa":"福井県","cityJa":"坂井市","townJa":"三国町玉江","prefectureEn":"FUKUI KEN","cityEn":"SAKAI SHI","townEn":"MIKUNICHO TONOE"},"9130015":{"prefectureJa":"福井県","cityJa":"坂井市","townJa":"三国町野中","prefectureEn":"FUKUI KEN","cityEn":"SAKAI SHI","townEn":"MIKUNICHO NONAKA"},"9130016":{"prefectureJa":"福井県","cityJa":"坂井市","townJa":"三国町三国東","prefectureEn":"FUKUI KEN","cityEn":"SAKAI SHI","townEn":"MIKUNICHO MIKUNIHIGASHI"},"9130017":{"prefectureJa":"福井県","cityJa":"坂井市","townJa":"三国町竹松","prefectureEn":"FUKUI KEN","cityEn":"SAKAI SHI","townEn":"MIKUNICHO TAKEMATSU"},"9130021":{"prefectureJa":"福井県","cityJa":"坂井市","townJa":"三国町楽円","prefectureEn":"FUKUI KEN","cityEn":"SAKAI SHI","townEn":"MIKUNICHO RAKUEN"},"9130022":{"prefectureJa":"福井県","cityJa":"坂井市","townJa":"三国町油屋","prefectureEn":"FUKUI KEN","cityEn":"SAKAI SHI","townEn":"MIKUNICHO ABURAYA"},"9130023":{"prefectureJa":"福井県","cityJa":"坂井市","townJa":"三国町石丸","prefectureEn":"FUKUI KEN","cityEn":"SAKAI SHI","townEn":"MIKUNICHO ISHIMARU"},"9130024":{"prefectureJa":"福井県","cityJa":"坂井市","townJa":"三国町池見","prefectureEn":"FUKUI KEN","cityEn":"SAKAI SHI","townEn":"MIKUNICHO IKEMI"},"9130025":{"prefectureJa":"福井県","cityJa":"坂井市","townJa":"三国町川崎","prefectureEn":"FUKUI KEN","cityEn":"SAKAI SHI","townEn":"MIKUNICHO KAWASAKI"},"9130026":{"prefectureJa":"福井県","cityJa":"坂井市","townJa":"三国町殿島","prefectureEn":"FUKUI KEN","cityEn":"SAKAI SHI","townEn":"MIKUNICHO TONOSHIMA"},"9130027":{"prefectureJa":"福井県","cityJa":"坂井市","townJa":"三国町汐見","prefectureEn":"FUKUI KEN","cityEn":"SAKAI SHI","townEn":"MIKUNICHO SHIOMI"},"9130031":{"prefectureJa":"福井県","cityJa":"坂井市","townJa":"三国町新保（その他）","prefectureEn":"FUKUI KEN","cityEn":"SAKAI SHI","townEn":"MIKUNICHO SHIMBO(SONOTA)"},"9130032":{"prefectureJa":"福井県","cityJa":"坂井市","townJa":"三国町山岸（その他）","prefectureEn":"FUKUI KEN","cityEn":"SAKAI SHI","townEn":"MIKUNICHO YAMAGISHI(SONOTA)"},"9130033":{"prefectureJa":"福井県","cityJa":"坂井市","townJa":"三国町下野","prefectureEn":"FUKUI KEN","cityEn":"SAKAI SHI","townEn":"MIKUNICHO SHIMONO"},"9130034":{"prefectureJa":"福井県","cityJa":"坂井市","townJa":"三国町西野中","prefectureEn":"FUKUI KEN","cityEn":"SAKAI SHI","townEn":"MIKUNICHO NISHINONAKA"},"9130035":{"prefectureJa":"福井県","cityJa":"坂井市","townJa":"三国町沖野々","prefectureEn":"FUKUI KEN","cityEn":"SAKAI SHI","townEn":"MIKUNICHO YOKOGOSHI"},"9130036":{"prefectureJa":"福井県","cityJa":"坂井市","townJa":"三国町米納津（その他）","prefectureEn":"FUKUI KEN","cityEn":"SAKAI SHI","townEn":"MIKUNICHO YONOZU(SONOTA)"},"9130037":{"prefectureJa":"福井県","cityJa":"坂井市","townJa":"三国町黒目（その他）","prefectureEn":"FUKUI KEN","cityEn":"SAKAI SHI","townEn":"MIKUNICHO KUROME(SONOTA)"},"9130038":{"prefectureJa":"福井県","cityJa":"坂井市","townJa":"三国町黒目（テクノポート）","prefectureEn":"FUKUI KEN","cityEn":"SAKAI SHI","townEn":"MIKUNICHO YONOZU (TEKUNOPOTO)"},"9130041":{"prefectureJa":"福井県","cityJa":"坂井市","townJa":"三国町覚善","prefectureEn":"FUKUI KEN","cityEn":"SAKAI SHI","townEn":"MIKUNICHO KAKUZEN"},"9130042":{"prefectureJa":"福井県","cityJa":"坂井市","townJa":"三国町中央","prefectureEn":"FUKUI KEN","cityEn":"SAKAI SHI","townEn":"MIKUNICHO CHUO"},"9130043":{"prefectureJa":"福井県","cityJa":"坂井市","townJa":"三国町錦","prefectureEn":"FUKUI KEN","cityEn":"SAKAI SHI","townEn":"MIKUNICHO NISHIKI"},"9130044":{"prefectureJa":"福井県","cityJa":"坂井市","townJa":"三国町山王","prefectureEn":"FUKUI KEN","cityEn":"SAKAI SHI","townEn":"MIKUNICHO SANNO"},"9130045":{"prefectureJa":"福井県","cityJa":"坂井市","townJa":"三国町南本町","prefectureEn":"FUKUI KEN","cityEn":"SAKAI SHI","townEn":"MIKUNICHO MINAMIHOMMACHI"},"9130046":{"prefectureJa":"福井県","cityJa":"坂井市","townJa":"三国町北本町","prefectureEn":"FUKUI KEN","cityEn":"SAKAI SHI","townEn":"MIKUNICHO KITAHOMMACHI"},"9130047":{"prefectureJa":"福井県","cityJa":"坂井市","townJa":"三国町神明","prefectureEn":"FUKUI KEN","cityEn":"SAKAI SHI","townEn":"MIKUNICHO SHIMMEI"},"9130048":{"prefectureJa":"福井県","cityJa":"坂井市","townJa":"三国町緑ケ丘","prefectureEn":"FUKUI KEN","cityEn":"SAKAI SHI","townEn":"MIKUNICHO MIDORIGAOKA"},"9130051":{"prefectureJa":"福井県","cityJa":"坂井市","townJa":"三国町嵩","prefectureEn":"FUKUI KEN","cityEn":"SAKAI SHI","townEn":"MIKUNICHO DAKE"},"9130052":{"prefectureJa":"福井県","cityJa":"坂井市","townJa":"三国町運動公園","prefectureEn":"FUKUI KEN","cityEn":"SAKAI SHI","townEn":"MIKUNICHO UNDOKOEN"},"9130053":{"prefectureJa":"福井県","cityJa":"坂井市","townJa":"三国町青葉台","prefectureEn":"FUKUI KEN","cityEn":"SAKAI SHI","townEn":"MIKUNICHO AOBADAI"},"9130054":{"prefectureJa":"福井県","cityJa":"坂井市","townJa":"三国町滝谷","prefectureEn":"FUKUI KEN","cityEn":"SAKAI SHI","townEn":"MIKUNICHO TAKIDANI"},"9130055":{"prefectureJa":"福井県","cityJa":"坂井市","townJa":"三国町つつじが丘","prefectureEn":"FUKUI KEN","cityEn":"SAKAI SHI","townEn":"MIKUNICHO TSUTSUJIGAOKA"},"9130056":{"prefectureJa":"福井県","cityJa":"坂井市","townJa":"三国町宿","prefectureEn":"FUKUI KEN","cityEn":"SAKAI SHI","townEn":"MIKUNICHO SHUKU"},"9130057":{"prefectureJa":"福井県","cityJa":"坂井市","townJa":"三国町米ケ脇","prefectureEn":"FUKUI KEN","cityEn":"SAKAI SHI","townEn":"MIKUNICHO KOMEGAWAKI"},"9130058":{"prefectureJa":"福井県","cityJa":"坂井市","townJa":"三国町新宿","prefectureEn":"FUKUI KEN","cityEn":"SAKAI SHI","townEn":"MIKUNICHO SHINSHUKU"},"9130061":{"prefectureJa":"福井県","cityJa":"坂井市","townJa":"三国町梶","prefectureEn":"FUKUI KEN","cityEn":"SAKAI SHI","townEn":"MIKUNICHO KAJI"},"9130062":{"prefectureJa":"福井県","cityJa":"坂井市","townJa":"三国町陣ケ岡","prefectureEn":"FUKUI KEN","cityEn":"SAKAI SHI","townEn":"MIKUNICHO JINGAOKA"},"9130063":{"prefectureJa":"福井県","cityJa":"坂井市","townJa":"三国町安島（東尋坊）","prefectureEn":"FUKUI KEN","cityEn":"SAKAI SHI","townEn":"MIKUNICHO ANTO (TOJIMBO)"},"9130064":{"prefectureJa":"福井県","cityJa":"坂井市","townJa":"三国町安島（その他）","prefectureEn":"FUKUI KEN","cityEn":"SAKAI SHI","townEn":"MIKUNICHO ANTO(SONOTA)"},"9130065":{"prefectureJa":"福井県","cityJa":"坂井市","townJa":"三国町崎","prefectureEn":"FUKUI KEN","cityEn":"SAKAI SHI","townEn":"MIKUNICHO SAKI"}}