{"3820000":{"prefectureJa":"長野県","cityJa":"須坂市","townJa":"以下に掲載がない場合","prefectureEn":"NAGANO KEN","cityEn":"SUZAKA SHI","townEn":"IKANIKEISAIGANAIBAAI"},"3820001":{"prefectureJa":"長野県","cityJa":"須坂市","townJa":"松川町","prefectureEn":"NAGANO KEN","cityEn":"SUZAKA SHI","townEn":"MATSUKAWAMACHI"},"3820002":{"prefectureJa":"長野県","cityJa":"須坂市","townJa":"北旭ケ丘町","prefectureEn":"NAGANO KEN","cityEn":"SUZAKA SHI","townEn":"KITAASAHIGAOKAMACHI"},"3820003":{"prefectureJa":"長野県","cityJa":"須坂市","townJa":"旭ケ丘","prefectureEn":"NAGANO KEN","cityEn":"SUZAKA SHI","townEn":"ASAHIGAOKA"},"3820004":{"prefectureJa":"長野県","cityJa":"須坂市","townJa":"高畑町","prefectureEn":"NAGANO KEN","cityEn":"SUZAKA SHI","townEn":"TAKABATAKEMACHI"},"3820005":{"prefectureJa":"長野県","cityJa":"須坂市","townJa":"新田町","prefectureEn":"NAGANO KEN","cityEn":"SUZAKA SHI","townEn":"SHINDEMMACHI"},"3820006":{"prefectureJa":"長野県","cityJa":"須坂市","townJa":"光ケ丘ニュータウン","prefectureEn":"NAGANO KEN","cityEn":"SUZAKA SHI","townEn":"HIKARIGAOKANYUTAUN"},"3820011":{"prefectureJa":"長野県","cityJa":"須坂市","townJa":"本郷町","prefectureEn":"NAGANO KEN","cityEn":"SUZAKA SHI","townEn":"HONGOCHO"},"3820012":{"prefectureJa":"長野県","cityJa":"須坂市","townJa":"大谷町","prefectureEn":"NAGANO KEN","cityEn":"SUZAKA SHI","townEn":"OYAMACHI"},"3820013":{"prefectureJa":"長野県","cityJa":"須坂市","townJa":"常盤町","prefectureEn":"NAGANO KEN","cityEn":"SUZAKA SHI","townEn":"TOKIWACHO"},"3820014":{"prefectureJa":"長野県","cityJa":"須坂市","townJa":"新町","prefectureEn":"NAGANO KEN","cityEn":"SUZAKA SHI","townEn":"SHIMMACHI"},"3820015":{"prefectureJa":"長野県","cityJa":"須坂市","townJa":"太子町","prefectureEn":"NAGANO KEN","cityEn":"SUZAKA SHI","townEn":"TAISHIMACHI"},"3820016":{"prefectureJa":"長野県","cityJa":"須坂市","townJa":"高橋町","prefectureEn":"NAGANO KEN","cityEn":"SUZAKA SHI","townEn":"TAKAHASHIMACHI"},"3820017":{"prefectureJa":"長野県","cityJa":"須坂市","townJa":"相森町","prefectureEn":"NAGANO KEN","cityEn":"SUZAKA SHI","townEn":"OMORIMACHI"},"3820021":{"prefectureJa":"長野県","cityJa":"須坂市","townJa":"豊丘町","prefectureEn":"NAGANO KEN","cityEn":"SUZAKA SHI","townEn":"TOYOKAMACHI"},"3820022":{"prefectureJa":"長野県","cityJa":"須坂市","townJa":"豊丘上町","prefectureEn":"NAGANO KEN","cityEn":"SUZAKA SHI","townEn":"TOYOKAKAMIMACHI"},"3820023":{"prefectureJa":"長野県","cityJa":"須坂市","townJa":"米子町","prefectureEn":"NAGANO KEN","cityEn":"SUZAKA SHI","townEn":"YONAKOMACHI"},"3820024":{"prefectureJa":"長野県","cityJa":"須坂市","townJa":"塩野町","prefectureEn":"NAGANO KEN","cityEn":"SUZAKA SHI","townEn":"SHIONOMACHI"},"3820025":{"prefectureJa":"長野県","cityJa":"須坂市","townJa":"大日向町","prefectureEn":"NAGANO KEN","cityEn":"SUZAKA SHI","townEn":"OBINATAMACHI"},"3820026":{"prefectureJa":"長野県","cityJa":"須坂市","townJa":"坂田町","prefectureEn":"NAGANO KEN","cityEn":"SUZAKA SHI","townEn":"SAKATAMACHI"},"3820027":{"prefectureJa":"長野県","cityJa":"須坂市","townJa":"南原町","prefectureEn":"NAGANO KEN","cityEn":"SUZAKA SHI","townEn":"MINAMIHARAMACHI"},"3820028":{"prefectureJa":"長野県","cityJa":"須坂市","townJa":"臥竜","prefectureEn":"NAGANO KEN","cityEn":"SUZAKA SHI","townEn":"GARYU"},"3820031":{"prefectureJa":"長野県","cityJa":"須坂市","townJa":"村石町","prefectureEn":"NAGANO KEN","cityEn":"SUZAKA SHI","townEn":"MURAISHIMACHI"},"3820032":{"prefectureJa":"長野県","cityJa":"須坂市","townJa":"夏端町","prefectureEn":"NAGANO KEN","cityEn":"SUZAKA SHI","townEn":"NATSUBATAMACHI"},"3820033":{"prefectureJa":"長野県","cityJa":"須坂市","townJa":"亀倉町","prefectureEn":"NAGANO KEN","cityEn":"SUZAKA SHI","townEn":"KAMEGURAMACHI"},"3820034":{"prefectureJa":"長野県","cityJa":"須坂市","townJa":"仁礼町","prefectureEn":"NAGANO KEN","cityEn":"SUZAKA SHI","townEn":"NIREIMACHI"},"3820036":{"prefectureJa":"長野県","cityJa":"須坂市","townJa":"明徳町","prefectureEn":"NAGANO KEN","cityEn":"SUZAKA SHI","townEn":"MYOTOKUMACHI"},"3820037":{"prefectureJa":"長野県","cityJa":"須坂市","townJa":"野辺町","prefectureEn":"NAGANO KEN","cityEn":"SUZAKA SHI","townEn":"NOBEMACHI"},"3820041":{"prefectureJa":"長野県","cityJa":"須坂市","townJa":"米持町","prefectureEn":"NAGANO KEN","cityEn":"SUZAKA SHI","townEn":"YONAMOCHIMACHI"},"3820042":{"prefectureJa":"長野県","cityJa":"須坂市","townJa":"望岳台","prefectureEn":"NAGANO KEN","cityEn":"SUZAKA SHI","townEn":"BOGAKUDAI"},"3820043":{"prefectureJa":"長野県","cityJa":"須坂市","townJa":"下八町","prefectureEn":"NAGANO KEN","cityEn":"SUZAKA SHI","townEn":"SHIMOHATCHO"},"3820044":{"prefectureJa":"長野県","cityJa":"須坂市","townJa":"上八町","prefectureEn":"NAGANO KEN","cityEn":"SUZAKA SHI","townEn":"KAMIHATCHO"},"3820045":{"prefectureJa":"長野県","cityJa":"須坂市","townJa":"井上","prefectureEn":"NAGANO KEN","cityEn":"SUZAKA SHI","townEn":"INOE"},"3820046":{"prefectureJa":"長野県","cityJa":"須坂市","townJa":"二睦町","prefectureEn":"NAGANO KEN","cityEn":"SUZAKA SHI","townEn":"NIBOKUMACHI"},"3820047":{"prefectureJa":"長野県","cityJa":"須坂市","townJa":"幸高町","prefectureEn":"NAGANO KEN","cityEn":"SUZAKA SHI","townEn":"KOTAKAMACHI"},"3820048":{"prefectureJa":"長野県","cityJa":"須坂市","townJa":"九反田町","prefectureEn":"NAGANO KEN","cityEn":"SUZAKA SHI","townEn":"KUTANDAMACHI"},"3820051":{"prefectureJa":"長野県","cityJa":"須坂市","townJa":"八重森町","prefectureEn":"NAGANO KEN","cityEn":"SUZAKA SHI","townEn":"YAEMORIMACHI"},"3820052":{"prefectureJa":"長野県","cityJa":"須坂市","townJa":"塩川町","prefectureEn":"NAGANO KEN","cityEn":"SUZAKA SHI","townEn":"SHIOGAWAMACHI"},"3820053":{"prefectureJa":"長野県","cityJa":"須坂市","townJa":"五閑町","prefectureEn":"NAGANO KEN","cityEn":"SUZAKA SHI","townEn":"GOKAMMACHI"},"3820054":{"prefectureJa":"長野県","cityJa":"須坂市","townJa":"高梨町","prefectureEn":"NAGANO KEN","cityEn":"SUZAKA SHI","townEn":"TAKANASHIMACHI"},"3820055":{"prefectureJa":"長野県","cityJa":"須坂市","townJa":"中島町","prefectureEn":"NAGANO KEN","cityEn":"SUZAKA SHI","townEn":"NAKAJIMAMACHI"},"3820056":{"prefectureJa":"長野県","cityJa":"須坂市","townJa":"福島町","prefectureEn":"NAGANO KEN","cityEn":"SUZAKA SHI","townEn":"FUKUJIMAMACHI"},"3820057":{"prefectureJa":"長野県","cityJa":"須坂市","townJa":"村山町","prefectureEn":"NAGANO KEN","cityEn":"SUZAKA SHI","townEn":"MURAYAMAMACHI"},"3820061":{"prefectureJa":"長野県","cityJa":"須坂市","townJa":"北相之島町","prefectureEn":"NAGANO KEN","cityEn":"SUZAKA SHI","townEn":"KITAAINOSHIMAMACHI"},"3820062":{"prefectureJa":"長野県","cityJa":"須坂市","townJa":"小島町","prefectureEn":"NAGANO KEN","cityEn":"SUZAKA SHI","townEn":"KOJIMAMACHI"},"3820063":{"prefectureJa":"長野県","cityJa":"須坂市","townJa":"西町","prefectureEn":"NAGANO KEN","cityEn":"SUZAKA SHI","townEn":"NISHIMACHI"},"3820064":{"prefectureJa":"長野県","cityJa":"須坂市","townJa":"沼目町","prefectureEn":"NAGANO KEN","cityEn":"SUZAKA SHI","townEn":"NUMAMEMACHI"},"3820065":{"prefectureJa":"長野県","cityJa":"須坂市","townJa":"相之島","prefectureEn":"NAGANO KEN","cityEn":"SUZAKA SHI","townEn":"AINOSHIMA"},"3820066":{"prefectureJa":"長野県","cityJa":"須坂市","townJa":"豊島町","prefectureEn":"NAGANO KEN","cityEn":"SUZAKA SHI","townEn":"TOYOSHIMAMACHI"},"3820071":{"prefectureJa":"長野県","cityJa":"須坂市","townJa":"小河原町","prefectureEn":"NAGANO KEN","cityEn":"SUZAKA SHI","townEn":"OGAWARAMACHI"},"3820072":{"prefectureJa":"長野県","cityJa":"須坂市","townJa":"南小河原町","prefectureEn":"NAGANO KEN","cityEn":"SUZAKA SHI","townEn":"MINAMIOGAWARACHO"},"3820073":{"prefectureJa":"長野県","cityJa":"須坂市","townJa":"田の神町","prefectureEn":"NAGANO KEN","cityEn":"SUZAKA SHI","townEn":"TANOGAMIMACHI"},"3820074":{"prefectureJa":"長野県","cityJa":"須坂市","townJa":"春木町","prefectureEn":"NAGANO KEN","cityEn":"SUZAKA SHI","townEn":"HARUKIMACHI"},"3820075":{"prefectureJa":"長野県","cityJa":"須坂市","townJa":"須坂ハイランド町","prefectureEn":"NAGANO KEN","cityEn":"SUZAKA SHI","townEn":"SUZAKAHAIRANDOMACHI"},"3820076":{"prefectureJa":"長野県","cityJa":"須坂市","townJa":"馬場町","prefectureEn":"NAGANO KEN","cityEn":"SUZAKA SHI","townEn":"BABACHO"},"3820077":{"prefectureJa":"長野県","cityJa":"須坂市","townJa":"北横町","prefectureEn":"NAGANO KEN","cityEn":"SUZAKA SHI","townEn":"KITAYOKOMACHI"},"3820081":{"prefectureJa":"長野県","cityJa":"須坂市","townJa":"横町","prefectureEn":"NAGANO KEN","cityEn":"SUZAKA SHI","townEn":"YOKOMACHI"},"3820082":{"prefectureJa":"長野県","cityJa":"須坂市","townJa":"中町","prefectureEn":"NAGANO KEN","cityEn":"SUZAKA SHI","townEn":"NAKAMACHI"},"3820083":{"prefectureJa":"長野県","cityJa":"須坂市","townJa":"上中町","prefectureEn":"NAGANO KEN","cityEn":"SUZAKA SHI","townEn":"KAMINAKAMACHI"},"3820084":{"prefectureJa":"長野県","cityJa":"須坂市","townJa":"上町","prefectureEn":"NAGANO KEN","cityEn":"SUZAKA SHI","townEn":"KAMMACHI"},"3820085":{"prefectureJa":"長野県","cityJa":"須坂市","townJa":"穀町","prefectureEn":"NAGANO KEN","cityEn":"SUZAKA SHI","townEn":"KOKUMACHI"},"3820086":{"prefectureJa":"長野県","cityJa":"須坂市","townJa":"本上町","prefectureEn":"NAGANO KEN","cityEn":"SUZAKA SHI","townEn":"HONKAMMACHI"},"3820087":{"prefectureJa":"長野県","cityJa":"須坂市","townJa":"東横町","prefectureEn":"NAGANO KEN","cityEn":"SUZAKA SHI","townEn":"HIGASHIYOKOMACHI"},"3820091":{"prefectureJa":"長野県","cityJa":"須坂市","townJa":"立町","prefectureEn":"NAGANO KEN","cityEn":"SUZAKA SHI","townEn":"TATSUMACHI"},"3820092":{"prefectureJa":"長野県","cityJa":"須坂市","townJa":"北原町","prefectureEn":"NAGANO KEN","cityEn":"SUZAKA SHI","townEn":"KITAHARAMACHI"},"3820094":{"prefectureJa":"長野県","cityJa":"須坂市","townJa":"屋部町","prefectureEn":"NAGANO KEN","cityEn":"SUZAKA SHI","townEn":"YABUMACHI"},"3820097":{"prefectureJa":"長野県","cityJa":"須坂市","townJa":"南横町","prefectureEn":"NAGANO KEN","cityEn":"SUZAKA SHI","townEn":"MINAMIYOKOMACHI"},"3820098":{"prefectureJa":"長野県","cityJa":"須坂市","townJa":"墨坂南","prefectureEn":"NAGANO KEN","cityEn":"SUZAKA SHI","townEn":"SUMISAKAMINAMI"},"3820099":{"prefectureJa":"長野県","cityJa":"須坂市","townJa":"墨坂","prefectureEn":"NAGANO KEN","cityEn":"SUZAKA SHI","townEn":"SUMISAKA"},"3820800":{"prefectureJa":"長野県","cityJa":"上高井郡高山村","townJa":"以下に掲載がない場合","prefectureEn":"NAGANO KEN","cityEn":"KAMITAKAI GUN TAKAYAMA MURA","townEn":"IKANIKEISAIGANAIBAAI"},"3820801":{"prefectureJa":"長野県","cityJa":"上高井郡高山村","townJa":"駒場","prefectureEn":"NAGANO KEN","cityEn":"KAMITAKAI GUN TAKAYAMA MURA","townEn":"KOMABA"},"3820802":{"prefectureJa":"長野県","cityJa":"上高井郡高山村","townJa":"松原","prefectureEn":"NAGANO KEN","cityEn":"KAMITAKAI GUN TAKAYAMA MURA","townEn":"MATSUHARA"},"3820803":{"prefectureJa":"長野県","cityJa":"上高井郡高山村","townJa":"桝形","prefectureEn":"NAGANO KEN","cityEn":"KAMITAKAI GUN TAKAYAMA MURA","townEn":"MASUGATA"},"3820804":{"prefectureJa":"長野県","cityJa":"上高井郡高山村","townJa":"中原","prefectureEn":"NAGANO KEN","cityEn":"KAMITAKAI GUN TAKAYAMA MURA","townEn":"NAKAHARA"},"3820805":{"prefectureJa":"長野県","cityJa":"上高井郡高山村","townJa":"三郷","prefectureEn":"NAGANO KEN","cityEn":"KAMITAKAI GUN TAKAYAMA MURA","townEn":"MISATO"},"3820806":{"prefectureJa":"長野県","cityJa":"上高井郡高山村","townJa":"なかひら","prefectureEn":"NAGANO KEN","cityEn":"KAMITAKAI GUN TAKAYAMA MURA","townEn":"NAKAHIRA"},"3820811":{"prefectureJa":"長野県","cityJa":"上高井郡高山村","townJa":"宮関","prefectureEn":"NAGANO KEN","cityEn":"KAMITAKAI GUN TAKAYAMA MURA","townEn":"MIYASEKI"},"3820813":{"prefectureJa":"長野県","cityJa":"上高井郡高山村","townJa":"蕨平","prefectureEn":"NAGANO KEN","cityEn":"KAMITAKAI GUN TAKAYAMA MURA","townEn":"WARABITAIRA"},"3820814":{"prefectureJa":"長野県","cityJa":"上高井郡高山村","townJa":"天神原","prefectureEn":"NAGANO KEN","cityEn":"KAMITAKAI GUN TAKAYAMA MURA","townEn":"TENJIMBARA"},"3820815":{"prefectureJa":"長野県","cityJa":"上高井郡高山村","townJa":"荻久保","prefectureEn":"NAGANO KEN","cityEn":"KAMITAKAI GUN TAKAYAMA MURA","townEn":"OGIKUBO"},"3820816":{"prefectureJa":"長野県","cityJa":"上高井郡高山村","townJa":"山田温泉","prefectureEn":"NAGANO KEN","cityEn":"KAMITAKAI GUN TAKAYAMA MURA","townEn":"YAMADAONSEN"},"3820817":{"prefectureJa":"長野県","cityJa":"上高井郡高山村","townJa":"山田牧場","prefectureEn":"NAGANO KEN","cityEn":"KAMITAKAI GUN TAKAYAMA MURA","townEn":"YAMADABOKUJO"},"3820821":{"prefectureJa":"長野県","cityJa":"上高井郡高山村","townJa":"牧","prefectureEn":"NAGANO KEN","cityEn":"KAMITAKAI GUN TAKAYAMA MURA","townEn":"MAKI"},"3820822":{"prefectureJa":"長野県","cityJa":"上高井郡高山村","townJa":"福井原","prefectureEn":"NAGANO KEN","cityEn":"KAMITAKAI GUN TAKAYAMA MURA","townEn":"FUKUIHARA"},"3820823":{"prefectureJa":"長野県","cityJa":"上高井郡高山村","townJa":"黒部","prefectureEn":"NAGANO KEN","cityEn":"KAMITAKAI GUN TAKAYAMA MURA","townEn":"KUROBE"},"3820824":{"prefectureJa":"長野県","cityJa":"上高井郡高山村","townJa":"緑ケ丘","prefectureEn":"NAGANO KEN","cityEn":"KAMITAKAI GUN TAKAYAMA MURA","townEn":"MIDORIGAOKA"},"3820825":{"prefectureJa":"長野県","cityJa":"上高井郡高山村","townJa":"紫","prefectureEn":"NAGANO KEN","cityEn":"KAMITAKAI GUN TAKAYAMA MURA","townEn":"MURASAKI"},"3820826":{"prefectureJa":"長野県","cityJa":"上高井郡高山村","townJa":"二ツ石","prefectureEn":"NAGANO KEN","cityEn":"KAMITAKAI GUN TAKAYAMA MURA","townEn":"FUTATSUISHI"},"3820827":{"prefectureJa":"長野県","cityJa":"上高井郡高山村","townJa":"松南","prefectureEn":"NAGANO KEN","cityEn":"KAMITAKAI GUN TAKAYAMA MURA","townEn":"MATSUNAMI"},"3820831":{"prefectureJa":"長野県","cityJa":"上高井郡高山村","townJa":"荒井原","prefectureEn":"NAGANO KEN","cityEn":"KAMITAKAI GUN TAKAYAMA MURA","townEn":"ARAIHARA"},"3820832":{"prefectureJa":"長野県","cityJa":"上高井郡高山村","townJa":"赤和","prefectureEn":"NAGANO KEN","cityEn":"KAMITAKAI GUN TAKAYAMA MURA","townEn":"AKAWA"},"3820833":{"prefectureJa":"長野県","cityJa":"上高井郡高山村","townJa":"久保","prefectureEn":"NAGANO KEN","cityEn":"KAMITAKAI GUN TAKAYAMA MURA","townEn":"KUBO"},"3820834":{"prefectureJa":"長野県","cityJa":"上高井郡高山村","townJa":"水中","prefectureEn":"NAGANO KEN","cityEn":"KAMITAKAI GUN TAKAYAMA MURA","townEn":"MIZUNAKA"},"3820835":{"prefectureJa":"長野県","cityJa":"上高井郡高山村","townJa":"千本松","prefectureEn":"NAGANO KEN","cityEn":"KAMITAKAI GUN TAKAYAMA MURA","townEn":"SEMBOMMATSU"},"3820836":{"prefectureJa":"長野県","cityJa":"上高井郡高山村","townJa":"新堀","prefectureEn":"NAGANO KEN","cityEn":"KAMITAKAI GUN TAKAYAMA MURA","townEn":"SHIMBORI"},"3820837":{"prefectureJa":"長野県","cityJa":"上高井郡高山村","townJa":"堀之内","prefectureEn":"NAGANO KEN","cityEn":"KAMITAKAI GUN TAKAYAMA MURA","townEn":"HORINOCHI"},"3820901":{"prefectureJa":"長野県","cityJa":"須坂市","townJa":"小河原","prefectureEn":"NAGANO KEN","cityEn":"SUZAKA SHI","townEn":"OGAWARA"},"3820902":{"prefectureJa":"長野県","cityJa":"須坂市","townJa":"日滝","prefectureEn":"NAGANO KEN","cityEn":"SUZAKA SHI","townEn":"HITAKI"},"3820903":{"prefectureJa":"長野県","cityJa":"須坂市","townJa":"八重森","prefectureEn":"NAGANO KEN","cityEn":"SUZAKA SHI","townEn":"YAEMORI"},"3820904":{"prefectureJa":"長野県","cityJa":"須坂市","townJa":"村山","prefectureEn":"NAGANO KEN","cityEn":"SUZAKA SHI","townEn":"MURAYAMA"},"3820905":{"prefectureJa":"長野県","cityJa":"須坂市","townJa":"沼目","prefectureEn":"NAGANO KEN","cityEn":"SUZAKA SHI","townEn":"NUMAME"},"3820906":{"prefectureJa":"長野県","cityJa":"須坂市","townJa":"小島","prefectureEn":"NAGANO KEN","cityEn":"SUZAKA SHI","townEn":"KOJIMA"},"3820907":{"prefectureJa":"長野県","cityJa":"須坂市","townJa":"北相之島","prefectureEn":"NAGANO KEN","cityEn":"SUZAKA SHI","townEn":"KITAAINOSHIMA"},"3820908":{"prefectureJa":"長野県","cityJa":"須坂市","townJa":"豊島","prefectureEn":"NAGANO KEN","cityEn":"SUZAKA SHI","townEn":"TOYOSHIMA"},"3820911":{"prefectureJa":"長野県","cityJa":"須坂市","townJa":"須坂","prefectureEn":"NAGANO KEN","cityEn":"SUZAKA SHI","townEn":"SUZAKA"},"3820912":{"prefectureJa":"長野県","cityJa":"須坂市","townJa":"小山","prefectureEn":"NAGANO KEN","cityEn":"SUZAKA SHI","townEn":"KOYAMA"},"3820913":{"prefectureJa":"長野県","cityJa":"須坂市","townJa":"野辺","prefectureEn":"NAGANO KEN","cityEn":"SUZAKA SHI","townEn":"NOBE"},"3820914":{"prefectureJa":"長野県","cityJa":"須坂市","townJa":"幸高","prefectureEn":"NAGANO KEN","cityEn":"SUZAKA SHI","townEn":"KOTAKA"},"3820915":{"prefectureJa":"長野県","cityJa":"須坂市","townJa":"米持","prefectureEn":"NAGANO KEN","cityEn":"SUZAKA SHI","townEn":"YONAMOCHI"},"3820916":{"prefectureJa":"長野県","cityJa":"須坂市","townJa":"塩川","prefectureEn":"NAGANO KEN","cityEn":"SUZAKA SHI","townEn":"SHIOGAWA"},"3820917":{"prefectureJa":"長野県","cityJa":"須坂市","townJa":"田の神","prefectureEn":"NAGANO KEN","cityEn":"SUZAKA SHI","townEn":"TANOGAMI"},"3820921":{"prefectureJa":"長野県","cityJa":"須坂市","townJa":"豊丘","prefectureEn":"NAGANO KEN","cityEn":"SUZAKA SHI","townEn":"TOYOKA"},"3820922":{"prefectureJa":"長野県","cityJa":"須坂市","townJa":"塩野","prefectureEn":"NAGANO KEN","cityEn":"SUZAKA SHI","townEn":"SHIONO"},"3820923":{"prefectureJa":"長野県","cityJa":"須坂市","townJa":"米子","prefectureEn":"NAGANO KEN","cityEn":"SUZAKA SHI","townEn":"YONAKO"},"3820924":{"prefectureJa":"長野県","cityJa":"須坂市","townJa":"亀倉","prefectureEn":"NAGANO KEN","cityEn":"SUZAKA SHI","townEn":"KAMEGURA"},"3820925":{"prefectureJa":"長野県","cityJa":"須坂市","townJa":"仁礼（その他）","prefectureEn":"NAGANO KEN","cityEn":"SUZAKA SHI","townEn":"NIREI(SONOTA)"},"3820926":{"prefectureJa":"長野県","cityJa":"須坂市","townJa":"栃倉","prefectureEn":"NAGANO KEN","cityEn":"SUZAKA SHI","townEn":"TOCHIGURA"},"3820927":{"prefectureJa":"長野県","cityJa":"須坂市","townJa":"八町","prefectureEn":"NAGANO KEN","cityEn":"SUZAKA SHI","townEn":"HATCHO"},"3820928":{"prefectureJa":"長野県","cityJa":"須坂市","townJa":"明徳","prefectureEn":"NAGANO KEN","cityEn":"SUZAKA SHI","townEn":"MYOTOKU"},"3820929":{"prefectureJa":"長野県","cityJa":"須坂市","townJa":"坂田","prefectureEn":"NAGANO KEN","cityEn":"SUZAKA SHI","townEn":"SAKATA"},"3820931":{"prefectureJa":"長野県","cityJa":"須坂市","townJa":"五閑","prefectureEn":"NAGANO KEN","cityEn":"SUZAKA SHI","townEn":"GOKAN"},"3820932":{"prefectureJa":"長野県","cityJa":"須坂市","townJa":"高梨","prefectureEn":"NAGANO KEN","cityEn":"SUZAKA SHI","townEn":"TAKANASHI"},"3820933":{"prefectureJa":"長野県","cityJa":"須坂市","townJa":"九反田","prefectureEn":"NAGANO KEN","cityEn":"SUZAKA SHI","townEn":"KUTANDA"},"3820934":{"prefectureJa":"長野県","cityJa":"須坂市","townJa":"福島","prefectureEn":"NAGANO KEN","cityEn":"SUZAKA SHI","townEn":"FUKUJIMA"},"3820935":{"prefectureJa":"長野県","cityJa":"須坂市","townJa":"中島","prefectureEn":"NAGANO KEN","cityEn":"SUZAKA SHI","townEn":"NAKAJIMA"}}