{"3200001":{"prefectureJa":"栃木県","cityJa":"宇都宮市","townJa":"横山町","prefectureEn":"TOCHIGI KEN","cityEn":"UTSUNOMIYA SHI","townEn":"YOKOYAMACHO"},"3200002":{"prefectureJa":"栃木県","cityJa":"宇都宮市","townJa":"瓦谷町","prefectureEn":"TOCHIGI KEN","cityEn":"UTSUNOMIYA SHI","townEn":"KAWARAYACHO"},"3200003":{"prefectureJa":"栃木県","cityJa":"宇都宮市","townJa":"豊郷台","prefectureEn":"TOCHIGI KEN","cityEn":"UTSUNOMIYA SHI","townEn":"TOYOSATODAI"},"3200004":{"prefectureJa":"栃木県","cityJa":"宇都宮市","townJa":"長岡町","prefectureEn":"TOCHIGI KEN","cityEn":"UTSUNOMIYA SHI","townEn":"NAGAOKACHO"},"3200005":{"prefectureJa":"栃木県","cityJa":"宇都宮市","townJa":"横山","prefectureEn":"TOCHIGI KEN","cityEn":"UTSUNOMIYA SHI","townEn":"YOKOYAMA"},"3200011":{"prefectureJa":"栃木県","cityJa":"宇都宮市","townJa":"富士見が丘","prefectureEn":"TOCHIGI KEN","cityEn":"UTSUNOMIYA SHI","townEn":"FUJIMIGAOKA"},"3200012":{"prefectureJa":"栃木県","cityJa":"宇都宮市","townJa":"山本","prefectureEn":"TOCHIGI KEN","cityEn":"UTSUNOMIYA SHI","townEn":"YAMAMOTO"},"3200013":{"prefectureJa":"栃木県","cityJa":"宇都宮市","townJa":"上大曽町","prefectureEn":"TOCHIGI KEN","cityEn":"UTSUNOMIYA SHI","townEn":"KAMIOZOMACHI"},"3200014":{"prefectureJa":"栃木県","cityJa":"宇都宮市","townJa":"大曽","prefectureEn":"TOCHIGI KEN","cityEn":"UTSUNOMIYA SHI","townEn":"OZO"},"3200015":{"prefectureJa":"栃木県","cityJa":"宇都宮市","townJa":"八幡台","prefectureEn":"TOCHIGI KEN","cityEn":"UTSUNOMIYA SHI","townEn":"HACHIMANDAI"},"3200016":{"prefectureJa":"栃木県","cityJa":"宇都宮市","townJa":"山本町","prefectureEn":"TOCHIGI KEN","cityEn":"UTSUNOMIYA SHI","townEn":"YAMAMOTOMACHI"},"3200017":{"prefectureJa":"栃木県","cityJa":"宇都宮市","townJa":"戸祭台","prefectureEn":"TOCHIGI KEN","cityEn":"UTSUNOMIYA SHI","townEn":"TOMATSURIDAI"},"3200021":{"prefectureJa":"栃木県","cityJa":"宇都宮市","townJa":"東塙田","prefectureEn":"TOCHIGI KEN","cityEn":"UTSUNOMIYA SHI","townEn":"HIGASHIHANAWADA"},"3200022":{"prefectureJa":"栃木県","cityJa":"宇都宮市","townJa":"千波町","prefectureEn":"TOCHIGI KEN","cityEn":"UTSUNOMIYA SHI","townEn":"SENNAMIMACHI"},"3200023":{"prefectureJa":"栃木県","cityJa":"宇都宮市","townJa":"仲町","prefectureEn":"TOCHIGI KEN","cityEn":"UTSUNOMIYA SHI","townEn":"NAKAMACHI"},"3200024":{"prefectureJa":"栃木県","cityJa":"宇都宮市","townJa":"栄町","prefectureEn":"TOCHIGI KEN","cityEn":"UTSUNOMIYA SHI","townEn":"SAKAECHO"},"3200025":{"prefectureJa":"栃木県","cityJa":"宇都宮市","townJa":"宮町","prefectureEn":"TOCHIGI KEN","cityEn":"UTSUNOMIYA SHI","townEn":"MIYAMACHI"},"3200026":{"prefectureJa":"栃木県","cityJa":"宇都宮市","townJa":"馬場通り","prefectureEn":"TOCHIGI KEN","cityEn":"UTSUNOMIYA SHI","townEn":"BABADORI"},"3200027":{"prefectureJa":"栃木県","cityJa":"宇都宮市","townJa":"塙田","prefectureEn":"TOCHIGI KEN","cityEn":"UTSUNOMIYA SHI","townEn":"HANAWADA"},"3200031":{"prefectureJa":"栃木県","cityJa":"宇都宮市","townJa":"戸祭元町","prefectureEn":"TOCHIGI KEN","cityEn":"UTSUNOMIYA SHI","townEn":"TOMATSURIMOTOCHO"},"3200032":{"prefectureJa":"栃木県","cityJa":"宇都宮市","townJa":"昭和","prefectureEn":"TOCHIGI KEN","cityEn":"UTSUNOMIYA SHI","townEn":"SHOWA"},"3200033":{"prefectureJa":"栃木県","cityJa":"宇都宮市","townJa":"本町","prefectureEn":"TOCHIGI KEN","cityEn":"UTSUNOMIYA SHI","townEn":"HONCHO"},"3200034":{"prefectureJa":"栃木県","cityJa":"宇都宮市","townJa":"泉町","prefectureEn":"TOCHIGI KEN","cityEn":"UTSUNOMIYA SHI","townEn":"IZUMICHO"},"3200035":{"prefectureJa":"栃木県","cityJa":"宇都宮市","townJa":"伝馬町","prefectureEn":"TOCHIGI KEN","cityEn":"UTSUNOMIYA SHI","townEn":"DEMMACHO"},"3200036":{"prefectureJa":"栃木県","cityJa":"宇都宮市","townJa":"小幡","prefectureEn":"TOCHIGI KEN","cityEn":"UTSUNOMIYA SHI","townEn":"OBATA"},"3200037":{"prefectureJa":"栃木県","cityJa":"宇都宮市","townJa":"清住","prefectureEn":"TOCHIGI KEN","cityEn":"UTSUNOMIYA SHI","townEn":"KIYOSUMI"},"3200038":{"prefectureJa":"栃木県","cityJa":"宇都宮市","townJa":"星が丘","prefectureEn":"TOCHIGI KEN","cityEn":"UTSUNOMIYA SHI","townEn":"HOSHIGAOKA"},"3200041":{"prefectureJa":"栃木県","cityJa":"宇都宮市","townJa":"松原","prefectureEn":"TOCHIGI KEN","cityEn":"UTSUNOMIYA SHI","townEn":"MATSUBARA"},"3200042":{"prefectureJa":"栃木県","cityJa":"宇都宮市","townJa":"材木町","prefectureEn":"TOCHIGI KEN","cityEn":"UTSUNOMIYA SHI","townEn":"ZAIMOKUCHO"},"3200043":{"prefectureJa":"栃木県","cityJa":"宇都宮市","townJa":"桜","prefectureEn":"TOCHIGI KEN","cityEn":"UTSUNOMIYA SHI","townEn":"SAKURA"},"3200044":{"prefectureJa":"栃木県","cityJa":"宇都宮市","townJa":"南一の沢町","prefectureEn":"TOCHIGI KEN","cityEn":"UTSUNOMIYA SHI","townEn":"MINAMIICHINOSAWAMACHI"},"3200045":{"prefectureJa":"栃木県","cityJa":"宇都宮市","townJa":"中一の沢町","prefectureEn":"TOCHIGI KEN","cityEn":"UTSUNOMIYA SHI","townEn":"NAKAICHINOSAWAMACHI"},"3200046":{"prefectureJa":"栃木県","cityJa":"宇都宮市","townJa":"西一の沢町","prefectureEn":"TOCHIGI KEN","cityEn":"UTSUNOMIYA SHI","townEn":"NISHIICHINOSAWAMACHI"},"3200047":{"prefectureJa":"栃木県","cityJa":"宇都宮市","townJa":"一の沢","prefectureEn":"TOCHIGI KEN","cityEn":"UTSUNOMIYA SHI","townEn":"ICHINOSAWA"},"3200048":{"prefectureJa":"栃木県","cityJa":"宇都宮市","townJa":"北一の沢町","prefectureEn":"TOCHIGI KEN","cityEn":"UTSUNOMIYA SHI","townEn":"KITAICHINOSAWAMACHI"},"3200049":{"prefectureJa":"栃木県","cityJa":"宇都宮市","townJa":"一ノ沢町","prefectureEn":"TOCHIGI KEN","cityEn":"UTSUNOMIYA SHI","townEn":"ICHINOSAWAMACHI"},"3200051":{"prefectureJa":"栃木県","cityJa":"宇都宮市","townJa":"上戸祭町","prefectureEn":"TOCHIGI KEN","cityEn":"UTSUNOMIYA SHI","townEn":"KAMITOMATSURICHO"},"3200052":{"prefectureJa":"栃木県","cityJa":"宇都宮市","townJa":"中戸祭町","prefectureEn":"TOCHIGI KEN","cityEn":"UTSUNOMIYA SHI","townEn":"NAKATOMATSURICHO"},"3200053":{"prefectureJa":"栃木県","cityJa":"宇都宮市","townJa":"戸祭町","prefectureEn":"TOCHIGI KEN","cityEn":"UTSUNOMIYA SHI","townEn":"TOMATSURICHO"},"3200054":{"prefectureJa":"栃木県","cityJa":"宇都宮市","townJa":"東戸祭","prefectureEn":"TOCHIGI KEN","cityEn":"UTSUNOMIYA SHI","townEn":"HIGASHITOMATSURI"},"3200055":{"prefectureJa":"栃木県","cityJa":"宇都宮市","townJa":"下戸祭","prefectureEn":"TOCHIGI KEN","cityEn":"UTSUNOMIYA SHI","townEn":"SHIMOTOMATSURI"},"3200056":{"prefectureJa":"栃木県","cityJa":"宇都宮市","townJa":"戸祭","prefectureEn":"TOCHIGI KEN","cityEn":"UTSUNOMIYA SHI","townEn":"TOMATSURI"},"3200057":{"prefectureJa":"栃木県","cityJa":"宇都宮市","townJa":"中戸祭","prefectureEn":"TOCHIGI KEN","cityEn":"UTSUNOMIYA SHI","townEn":"NAKATOMATSURI"},"3200058":{"prefectureJa":"栃木県","cityJa":"宇都宮市","townJa":"上戸祭","prefectureEn":"TOCHIGI KEN","cityEn":"UTSUNOMIYA SHI","townEn":"KAMITOMATSURI"},"3200061":{"prefectureJa":"栃木県","cityJa":"宇都宮市","townJa":"宝木町","prefectureEn":"TOCHIGI KEN","cityEn":"UTSUNOMIYA SHI","townEn":"TAKARAGICHO"},"3200062":{"prefectureJa":"栃木県","cityJa":"宇都宮市","townJa":"東宝木町","prefectureEn":"TOCHIGI KEN","cityEn":"UTSUNOMIYA SHI","townEn":"HIGASHITAKARAGICHO"},"3200063":{"prefectureJa":"栃木県","cityJa":"宇都宮市","townJa":"陽西町","prefectureEn":"TOCHIGI KEN","cityEn":"UTSUNOMIYA SHI","townEn":"YOSAICHO"},"3200064":{"prefectureJa":"栃木県","cityJa":"宇都宮市","townJa":"西の宮","prefectureEn":"TOCHIGI KEN","cityEn":"UTSUNOMIYA SHI","townEn":"NISHINOMIYA"},"3200065":{"prefectureJa":"栃木県","cityJa":"宇都宮市","townJa":"駒生町","prefectureEn":"TOCHIGI KEN","cityEn":"UTSUNOMIYA SHI","townEn":"KOMANYUMACHI"},"3200066":{"prefectureJa":"栃木県","cityJa":"宇都宮市","townJa":"駒生","prefectureEn":"TOCHIGI KEN","cityEn":"UTSUNOMIYA SHI","townEn":"KOMANYU"},"3200071":{"prefectureJa":"栃木県","cityJa":"宇都宮市","townJa":"野沢町","prefectureEn":"TOCHIGI KEN","cityEn":"UTSUNOMIYA SHI","townEn":"NOZAWAMACHI"},"3200072":{"prefectureJa":"栃木県","cityJa":"宇都宮市","townJa":"若草","prefectureEn":"TOCHIGI KEN","cityEn":"UTSUNOMIYA SHI","townEn":"WAKAKUSA"},"3200073":{"prefectureJa":"栃木県","cityJa":"宇都宮市","townJa":"細谷","prefectureEn":"TOCHIGI KEN","cityEn":"UTSUNOMIYA SHI","townEn":"HOSOYA"},"3200074":{"prefectureJa":"栃木県","cityJa":"宇都宮市","townJa":"細谷町","prefectureEn":"TOCHIGI KEN","cityEn":"UTSUNOMIYA SHI","townEn":"HOSOYACHO"},"3200075":{"prefectureJa":"栃木県","cityJa":"宇都宮市","townJa":"宝木本町","prefectureEn":"TOCHIGI KEN","cityEn":"UTSUNOMIYA SHI","townEn":"TAKARAGIHONCHO"},"3200801":{"prefectureJa":"栃木県","cityJa":"宇都宮市","townJa":"池上町","prefectureEn":"TOCHIGI KEN","cityEn":"UTSUNOMIYA SHI","townEn":"IKEGAMICHO"},"3200802":{"prefectureJa":"栃木県","cityJa":"宇都宮市","townJa":"江野町","prefectureEn":"TOCHIGI KEN","cityEn":"UTSUNOMIYA SHI","townEn":"ENOMACHI"},"3200803":{"prefectureJa":"栃木県","cityJa":"宇都宮市","townJa":"曲師町","prefectureEn":"TOCHIGI KEN","cityEn":"UTSUNOMIYA SHI","townEn":"MAGESHICHO"},"3200804":{"prefectureJa":"栃木県","cityJa":"宇都宮市","townJa":"二荒町","prefectureEn":"TOCHIGI KEN","cityEn":"UTSUNOMIYA SHI","townEn":"FUTAARAMACHI"},"3200805":{"prefectureJa":"栃木県","cityJa":"宇都宮市","townJa":"中央本町","prefectureEn":"TOCHIGI KEN","cityEn":"UTSUNOMIYA SHI","townEn":"CHUOHONCHO"},"3200806":{"prefectureJa":"栃木県","cityJa":"宇都宮市","townJa":"中央","prefectureEn":"TOCHIGI KEN","cityEn":"UTSUNOMIYA SHI","townEn":"CHUO"},"3200807":{"prefectureJa":"栃木県","cityJa":"宇都宮市","townJa":"松が峰","prefectureEn":"TOCHIGI KEN","cityEn":"UTSUNOMIYA SHI","townEn":"MATSUGAMINE"},"3200808":{"prefectureJa":"栃木県","cityJa":"宇都宮市","townJa":"宮園町","prefectureEn":"TOCHIGI KEN","cityEn":"UTSUNOMIYA SHI","townEn":"MIYAZONOCHO"},"3200811":{"prefectureJa":"栃木県","cityJa":"宇都宮市","townJa":"大通り","prefectureEn":"TOCHIGI KEN","cityEn":"UTSUNOMIYA SHI","townEn":"ODORI"},"3200812":{"prefectureJa":"栃木県","cityJa":"宇都宮市","townJa":"一番町","prefectureEn":"TOCHIGI KEN","cityEn":"UTSUNOMIYA SHI","townEn":"ICHIBANCHO"},"3200813":{"prefectureJa":"栃木県","cityJa":"宇都宮市","townJa":"二番町","prefectureEn":"TOCHIGI KEN","cityEn":"UTSUNOMIYA SHI","townEn":"NIBANCHO"},"3200814":{"prefectureJa":"栃木県","cityJa":"宇都宮市","townJa":"三番町","prefectureEn":"TOCHIGI KEN","cityEn":"UTSUNOMIYA SHI","townEn":"SAMBANCHO"},"3200815":{"prefectureJa":"栃木県","cityJa":"宇都宮市","townJa":"中河原町","prefectureEn":"TOCHIGI KEN","cityEn":"UTSUNOMIYA SHI","townEn":"NAKAGAWARAMACHI"},"3200816":{"prefectureJa":"栃木県","cityJa":"宇都宮市","townJa":"天神","prefectureEn":"TOCHIGI KEN","cityEn":"UTSUNOMIYA SHI","townEn":"TENJIN"},"3200817":{"prefectureJa":"栃木県","cityJa":"宇都宮市","townJa":"本丸町","prefectureEn":"TOCHIGI KEN","cityEn":"UTSUNOMIYA SHI","townEn":"HOMMARUCHO"},"3200818":{"prefectureJa":"栃木県","cityJa":"宇都宮市","townJa":"旭","prefectureEn":"TOCHIGI KEN","cityEn":"UTSUNOMIYA SHI","townEn":"ASAHI"},"3200821":{"prefectureJa":"栃木県","cityJa":"宇都宮市","townJa":"一条","prefectureEn":"TOCHIGI KEN","cityEn":"UTSUNOMIYA SHI","townEn":"ICHIJO"},"3200822":{"prefectureJa":"栃木県","cityJa":"宇都宮市","townJa":"河原町","prefectureEn":"TOCHIGI KEN","cityEn":"UTSUNOMIYA SHI","townEn":"KAWARAMACHI"},"3200823":{"prefectureJa":"栃木県","cityJa":"宇都宮市","townJa":"御蔵町","prefectureEn":"TOCHIGI KEN","cityEn":"UTSUNOMIYA SHI","townEn":"OKURAMACHI"},"3200824":{"prefectureJa":"栃木県","cityJa":"宇都宮市","townJa":"下河原","prefectureEn":"TOCHIGI KEN","cityEn":"UTSUNOMIYA SHI","townEn":"SHIMOGAWARA"},"3200825":{"prefectureJa":"栃木県","cityJa":"宇都宮市","townJa":"下河原町","prefectureEn":"TOCHIGI KEN","cityEn":"UTSUNOMIYA SHI","townEn":"SHIMOGAWARAMACHI"},"3200826":{"prefectureJa":"栃木県","cityJa":"宇都宮市","townJa":"西原町","prefectureEn":"TOCHIGI KEN","cityEn":"UTSUNOMIYA SHI","townEn":"NISHIHARACHO"},"3200827":{"prefectureJa":"栃木県","cityJa":"宇都宮市","townJa":"花房","prefectureEn":"TOCHIGI KEN","cityEn":"UTSUNOMIYA SHI","townEn":"HANABUSA"},"3200828":{"prefectureJa":"栃木県","cityJa":"宇都宮市","townJa":"花房本町","prefectureEn":"TOCHIGI KEN","cityEn":"UTSUNOMIYA SHI","townEn":"HANABUSAHONCHO"},"3200831":{"prefectureJa":"栃木県","cityJa":"宇都宮市","townJa":"新町","prefectureEn":"TOCHIGI KEN","cityEn":"UTSUNOMIYA SHI","townEn":"SHIMMACHI"},"3200832":{"prefectureJa":"栃木県","cityJa":"宇都宮市","townJa":"日の出","prefectureEn":"TOCHIGI KEN","cityEn":"UTSUNOMIYA SHI","townEn":"HINODE"},"3200833":{"prefectureJa":"栃木県","cityJa":"宇都宮市","townJa":"不動前","prefectureEn":"TOCHIGI KEN","cityEn":"UTSUNOMIYA SHI","townEn":"FUDOMAE"},"3200834":{"prefectureJa":"栃木県","cityJa":"宇都宮市","townJa":"陽南","prefectureEn":"TOCHIGI KEN","cityEn":"UTSUNOMIYA SHI","townEn":"YONAN"},"3200835":{"prefectureJa":"栃木県","cityJa":"宇都宮市","townJa":"宮原","prefectureEn":"TOCHIGI KEN","cityEn":"UTSUNOMIYA SHI","townEn":"MIYAHARA"},"3200836":{"prefectureJa":"栃木県","cityJa":"宇都宮市","townJa":"大和（３丁目）","prefectureEn":"TOCHIGI KEN","cityEn":"UTSUNOMIYA SHI","townEn":"YAMATO(3-CHOME)"},"3200837":{"prefectureJa":"栃木県","cityJa":"宇都宮市","townJa":"弥生","prefectureEn":"TOCHIGI KEN","cityEn":"UTSUNOMIYA SHI","townEn":"YAYOI"},"3200838":{"prefectureJa":"栃木県","cityJa":"宇都宮市","townJa":"吉野","prefectureEn":"TOCHIGI KEN","cityEn":"UTSUNOMIYA SHI","townEn":"YOSHINO"},"3200841":{"prefectureJa":"栃木県","cityJa":"宇都宮市","townJa":"六道町","prefectureEn":"TOCHIGI KEN","cityEn":"UTSUNOMIYA SHI","townEn":"ROKUDOMACHI"},"3200842":{"prefectureJa":"栃木県","cityJa":"宇都宮市","townJa":"京町","prefectureEn":"TOCHIGI KEN","cityEn":"UTSUNOMIYA SHI","townEn":"KYOMACHI"},"3200843":{"prefectureJa":"栃木県","cityJa":"宇都宮市","townJa":"花園町","prefectureEn":"TOCHIGI KEN","cityEn":"UTSUNOMIYA SHI","townEn":"HANAZONOCHO"},"3200844":{"prefectureJa":"栃木県","cityJa":"宇都宮市","townJa":"菊水町","prefectureEn":"TOCHIGI KEN","cityEn":"UTSUNOMIYA SHI","townEn":"KIKUSUICHO"},"3200845":{"prefectureJa":"栃木県","cityJa":"宇都宮市","townJa":"明保野町","prefectureEn":"TOCHIGI KEN","cityEn":"UTSUNOMIYA SHI","townEn":"AKEBONOCHO"},"3200846":{"prefectureJa":"栃木県","cityJa":"宇都宮市","townJa":"滝の原","prefectureEn":"TOCHIGI KEN","cityEn":"UTSUNOMIYA SHI","townEn":"TAKINOHARA"},"3200847":{"prefectureJa":"栃木県","cityJa":"宇都宮市","townJa":"滝谷町","prefectureEn":"TOCHIGI KEN","cityEn":"UTSUNOMIYA SHI","townEn":"TAKIYACHO"},"3200848":{"prefectureJa":"栃木県","cityJa":"宇都宮市","townJa":"幸町","prefectureEn":"TOCHIGI KEN","cityEn":"UTSUNOMIYA SHI","townEn":"SAIWAICHO"},"3200851":{"prefectureJa":"栃木県","cityJa":"宇都宮市","townJa":"鶴田町","prefectureEn":"TOCHIGI KEN","cityEn":"UTSUNOMIYA SHI","townEn":"TSURUTAMACHI"},"3200852":{"prefectureJa":"栃木県","cityJa":"宇都宮市","townJa":"下砥上町","prefectureEn":"TOCHIGI KEN","cityEn":"UTSUNOMIYA SHI","townEn":"SHIMOTOKAMICHO"},"3200853":{"prefectureJa":"栃木県","cityJa":"宇都宮市","townJa":"下欠町","prefectureEn":"TOCHIGI KEN","cityEn":"UTSUNOMIYA SHI","townEn":"SHIMOKAKEMACHI"},"3200854":{"prefectureJa":"栃木県","cityJa":"宇都宮市","townJa":"鷺の谷町","prefectureEn":"TOCHIGI KEN","cityEn":"UTSUNOMIYA SHI","townEn":"SAGINOYAMACHI"},"3200855":{"prefectureJa":"栃木県","cityJa":"宇都宮市","townJa":"上欠町","prefectureEn":"TOCHIGI KEN","cityEn":"UTSUNOMIYA SHI","townEn":"KAMIKAKEMACHI"},"3200856":{"prefectureJa":"栃木県","cityJa":"宇都宮市","townJa":"砥上町","prefectureEn":"TOCHIGI KEN","cityEn":"UTSUNOMIYA SHI","townEn":"TOKAMICHO"},"3200857":{"prefectureJa":"栃木県","cityJa":"宇都宮市","townJa":"鶴田","prefectureEn":"TOCHIGI KEN","cityEn":"UTSUNOMIYA SHI","townEn":"TSURUTA"},"3200861":{"prefectureJa":"栃木県","cityJa":"宇都宮市","townJa":"西","prefectureEn":"TOCHIGI KEN","cityEn":"UTSUNOMIYA SHI","townEn":"NISHI"},"3200862":{"prefectureJa":"栃木県","cityJa":"宇都宮市","townJa":"西原","prefectureEn":"TOCHIGI KEN","cityEn":"UTSUNOMIYA SHI","townEn":"NISHIHARA"},"3200863":{"prefectureJa":"栃木県","cityJa":"宇都宮市","townJa":"操町","prefectureEn":"TOCHIGI KEN","cityEn":"UTSUNOMIYA SHI","townEn":"MISAOCHO"},"3200864":{"prefectureJa":"栃木県","cityJa":"宇都宮市","townJa":"住吉町","prefectureEn":"TOCHIGI KEN","cityEn":"UTSUNOMIYA SHI","townEn":"SUMIYOSHICHO"},"3200865":{"prefectureJa":"栃木県","cityJa":"宇都宮市","townJa":"睦町","prefectureEn":"TOCHIGI KEN","cityEn":"UTSUNOMIYA SHI","townEn":"MUTSUMICHO"},"3200866":{"prefectureJa":"栃木県","cityJa":"宇都宮市","townJa":"西大寛","prefectureEn":"TOCHIGI KEN","cityEn":"UTSUNOMIYA SHI","townEn":"NISHIDAIKAN"},"3200867":{"prefectureJa":"栃木県","cityJa":"宇都宮市","townJa":"大寛","prefectureEn":"TOCHIGI KEN","cityEn":"UTSUNOMIYA SHI","townEn":"DAIKAN"}}