{"8170000":{"prefectureJa":"長崎県","cityJa":"対馬市","townJa":"以下に掲載がない場合","prefectureEn":"NAGASAKI KEN","cityEn":"TSUSHIMA SHI","townEn":"IKANIKEISAIGANAIBAAI"},"8170001":{"prefectureJa":"長崎県","cityJa":"対馬市","townJa":"厳原町小浦","prefectureEn":"NAGASAKI KEN","cityEn":"TSUSHIMA SHI","townEn":"IZUHARAMACHI KORA"},"8170002":{"prefectureJa":"長崎県","cityJa":"対馬市","townJa":"厳原町曲","prefectureEn":"NAGASAKI KEN","cityEn":"TSUSHIMA SHI","townEn":"IZUHARAMACHI MAGARI"},"8170003":{"prefectureJa":"長崎県","cityJa":"対馬市","townJa":"厳原町南室","prefectureEn":"NAGASAKI KEN","cityEn":"TSUSHIMA SHI","townEn":"IZUHARAMACHI NAMURO"},"8170005":{"prefectureJa":"長崎県","cityJa":"対馬市","townJa":"厳原町桟原","prefectureEn":"NAGASAKI KEN","cityEn":"TSUSHIMA SHI","townEn":"IZUHARAMACHI SAJIKIBARA"},"8170006":{"prefectureJa":"長崎県","cityJa":"対馬市","townJa":"厳原町北里","prefectureEn":"NAGASAKI KEN","cityEn":"TSUSHIMA SHI","townEn":"IZUHARAMACHI KITAZATO"},"8170011":{"prefectureJa":"長崎県","cityJa":"対馬市","townJa":"厳原町宮谷","prefectureEn":"NAGASAKI KEN","cityEn":"TSUSHIMA SHI","townEn":"IZUHARAMACHI MIYADANI"},"8170012":{"prefectureJa":"長崎県","cityJa":"対馬市","townJa":"厳原町日吉","prefectureEn":"NAGASAKI KEN","cityEn":"TSUSHIMA SHI","townEn":"IZUHARAMACHI HIYOSHI"},"8170013":{"prefectureJa":"長崎県","cityJa":"対馬市","townJa":"厳原町中村","prefectureEn":"NAGASAKI KEN","cityEn":"TSUSHIMA SHI","townEn":"IZUHARAMACHI NAKAMURA"},"8170014":{"prefectureJa":"長崎県","cityJa":"対馬市","townJa":"厳原町天道茂","prefectureEn":"NAGASAKI KEN","cityEn":"TSUSHIMA SHI","townEn":"IZUHARAMACHI TENDOSHIGE"},"8170015":{"prefectureJa":"長崎県","cityJa":"対馬市","townJa":"厳原町西里","prefectureEn":"NAGASAKI KEN","cityEn":"TSUSHIMA SHI","townEn":"IZUHARAMACHI NISHIZATO"},"8170016":{"prefectureJa":"長崎県","cityJa":"対馬市","townJa":"厳原町東里","prefectureEn":"NAGASAKI KEN","cityEn":"TSUSHIMA SHI","townEn":"IZUHARAMACHI HIGASHIZATO"},"8170021":{"prefectureJa":"長崎県","cityJa":"対馬市","townJa":"厳原町今屋敷","prefectureEn":"NAGASAKI KEN","cityEn":"TSUSHIMA SHI","townEn":"IZUHARAMACHI IMAYASHIKI"},"8170022":{"prefectureJa":"長崎県","cityJa":"対馬市","townJa":"厳原町国分","prefectureEn":"NAGASAKI KEN","cityEn":"TSUSHIMA SHI","townEn":"IZUHARAMACHI KOKUBU"},"8170023":{"prefectureJa":"長崎県","cityJa":"対馬市","townJa":"厳原町田渕","prefectureEn":"NAGASAKI KEN","cityEn":"TSUSHIMA SHI","townEn":"IZUHARAMACHI TABUCHI"},"8170024":{"prefectureJa":"長崎県","cityJa":"対馬市","townJa":"厳原町大手橋","prefectureEn":"NAGASAKI KEN","cityEn":"TSUSHIMA SHI","townEn":"IZUHARAMACHI OTEBASHI"},"8170031":{"prefectureJa":"長崎県","cityJa":"対馬市","townJa":"厳原町久田道","prefectureEn":"NAGASAKI KEN","cityEn":"TSUSHIMA SHI","townEn":"IZUHARAMACHI KUTAMICHI"},"8170032":{"prefectureJa":"長崎県","cityJa":"対馬市","townJa":"厳原町久田","prefectureEn":"NAGASAKI KEN","cityEn":"TSUSHIMA SHI","townEn":"IZUHARAMACHI KUTA"},"8170033":{"prefectureJa":"長崎県","cityJa":"対馬市","townJa":"厳原町尾浦","prefectureEn":"NAGASAKI KEN","cityEn":"TSUSHIMA SHI","townEn":"IZUHARAMACHI ORA"},"8170034":{"prefectureJa":"長崎県","cityJa":"対馬市","townJa":"厳原町安神","prefectureEn":"NAGASAKI KEN","cityEn":"TSUSHIMA SHI","townEn":"IZUHARAMACHI AGAMI"},"8170035":{"prefectureJa":"長崎県","cityJa":"対馬市","townJa":"厳原町久和","prefectureEn":"NAGASAKI KEN","cityEn":"TSUSHIMA SHI","townEn":"IZUHARAMACHI KUWA"},"8170151":{"prefectureJa":"長崎県","cityJa":"対馬市","townJa":"厳原町与良内院","prefectureEn":"NAGASAKI KEN","cityEn":"TSUSHIMA SHI","townEn":"IZUHARAMACHI YORANAIIN"},"8170152":{"prefectureJa":"長崎県","cityJa":"対馬市","townJa":"厳原町豆酘内院","prefectureEn":"NAGASAKI KEN","cityEn":"TSUSHIMA SHI","townEn":"IZUHARAMACHI TSUTSUNAIIN"},"8170153":{"prefectureJa":"長崎県","cityJa":"対馬市","townJa":"厳原町浅藻","prefectureEn":"NAGASAKI KEN","cityEn":"TSUSHIMA SHI","townEn":"IZUHARAMACHI AZAMO"},"8170154":{"prefectureJa":"長崎県","cityJa":"対馬市","townJa":"厳原町豆酘","prefectureEn":"NAGASAKI KEN","cityEn":"TSUSHIMA SHI","townEn":"IZUHARAMACHI TSUTSU"},"8170155":{"prefectureJa":"長崎県","cityJa":"対馬市","townJa":"厳原町豆酘瀬","prefectureEn":"NAGASAKI KEN","cityEn":"TSUSHIMA SHI","townEn":"IZUHARAMACHI TSUTSUSE"},"8170156":{"prefectureJa":"長崎県","cityJa":"対馬市","townJa":"厳原町佐須瀬","prefectureEn":"NAGASAKI KEN","cityEn":"TSUSHIMA SHI","townEn":"IZUHARAMACHI SASUSE"},"8170157":{"prefectureJa":"長崎県","cityJa":"対馬市","townJa":"厳原町内山","prefectureEn":"NAGASAKI KEN","cityEn":"TSUSHIMA SHI","townEn":"IZUHARAMACHI UCHIYAMA"},"8170241":{"prefectureJa":"長崎県","cityJa":"対馬市","townJa":"厳原町阿連","prefectureEn":"NAGASAKI KEN","cityEn":"TSUSHIMA SHI","townEn":"IZUHARAMACHI ARE"},"8170242":{"prefectureJa":"長崎県","cityJa":"対馬市","townJa":"厳原町下原","prefectureEn":"NAGASAKI KEN","cityEn":"TSUSHIMA SHI","townEn":"IZUHARAMACHI SHIMOBARU"},"8170243":{"prefectureJa":"長崎県","cityJa":"対馬市","townJa":"厳原町樫根","prefectureEn":"NAGASAKI KEN","cityEn":"TSUSHIMA SHI","townEn":"IZUHARAMACHI KASHINE"},"8170244":{"prefectureJa":"長崎県","cityJa":"対馬市","townJa":"厳原町久根浜","prefectureEn":"NAGASAKI KEN","cityEn":"TSUSHIMA SHI","townEn":"IZUHARAMACHI KUNEHAMA"},"8170245":{"prefectureJa":"長崎県","cityJa":"対馬市","townJa":"厳原町久根田舎","prefectureEn":"NAGASAKI KEN","cityEn":"TSUSHIMA SHI","townEn":"IZUHARAMACHI KUNEINAKA"},"8170246":{"prefectureJa":"長崎県","cityJa":"対馬市","townJa":"厳原町上槻","prefectureEn":"NAGASAKI KEN","cityEn":"TSUSHIMA SHI","townEn":"IZUHARAMACHI KOTSUKI"},"8170247":{"prefectureJa":"長崎県","cityJa":"対馬市","townJa":"厳原町椎根","prefectureEn":"NAGASAKI KEN","cityEn":"TSUSHIMA SHI","townEn":"IZUHARAMACHI SHIINE"},"8170248":{"prefectureJa":"長崎県","cityJa":"対馬市","townJa":"厳原町小茂田","prefectureEn":"NAGASAKI KEN","cityEn":"TSUSHIMA SHI","townEn":"IZUHARAMACHI KOMODA"},"8170321":{"prefectureJa":"長崎県","cityJa":"対馬市","townJa":"美津島町洲藻","prefectureEn":"NAGASAKI KEN","cityEn":"TSUSHIMA SHI","townEn":"MITSUSHIMAMACHI SUMO"},"8170322":{"prefectureJa":"長崎県","cityJa":"対馬市","townJa":"美津島町鶏知","prefectureEn":"NAGASAKI KEN","cityEn":"TSUSHIMA SHI","townEn":"MITSUSHIMAMACHI KECHI"},"8170323":{"prefectureJa":"長崎県","cityJa":"対馬市","townJa":"美津島町大船越","prefectureEn":"NAGASAKI KEN","cityEn":"TSUSHIMA SHI","townEn":"MITSUSHIMAMACHI OFUNAKOSHI"},"8170324":{"prefectureJa":"長崎県","cityJa":"対馬市","townJa":"美津島町久須保","prefectureEn":"NAGASAKI KEN","cityEn":"TSUSHIMA SHI","townEn":"MITSUSHIMAMACHI KUSUBO"},"8170325":{"prefectureJa":"長崎県","cityJa":"対馬市","townJa":"美津島町緒方","prefectureEn":"NAGASAKI KEN","cityEn":"TSUSHIMA SHI","townEn":"MITSUSHIMAMACHI OKATA"},"8170326":{"prefectureJa":"長崎県","cityJa":"対馬市","townJa":"美津島町根緒","prefectureEn":"NAGASAKI KEN","cityEn":"TSUSHIMA SHI","townEn":"MITSUSHIMAMACHI NEO"},"8170431":{"prefectureJa":"長崎県","cityJa":"対馬市","townJa":"美津島町尾崎","prefectureEn":"NAGASAKI KEN","cityEn":"TSUSHIMA SHI","townEn":"MITSUSHIMAMACHI OSAKI"},"8170432":{"prefectureJa":"長崎県","cityJa":"対馬市","townJa":"美津島町今里","prefectureEn":"NAGASAKI KEN","cityEn":"TSUSHIMA SHI","townEn":"MITSUSHIMAMACHI IMAZATO"},"8170433":{"prefectureJa":"長崎県","cityJa":"対馬市","townJa":"美津島町加志","prefectureEn":"NAGASAKI KEN","cityEn":"TSUSHIMA SHI","townEn":"MITSUSHIMAMACHI KASHI"},"8170434":{"prefectureJa":"長崎県","cityJa":"対馬市","townJa":"美津島町吹崎","prefectureEn":"NAGASAKI KEN","cityEn":"TSUSHIMA SHI","townEn":"MITSUSHIMAMACHI FUKUZAKI"},"8170435":{"prefectureJa":"長崎県","cityJa":"対馬市","townJa":"美津島町箕形","prefectureEn":"NAGASAKI KEN","cityEn":"TSUSHIMA SHI","townEn":"MITSUSHIMAMACHI MIKATA"},"8170511":{"prefectureJa":"長崎県","cityJa":"対馬市","townJa":"美津島町竹敷","prefectureEn":"NAGASAKI KEN","cityEn":"TSUSHIMA SHI","townEn":"MITSUSHIMAMACHI TAKESHIKI"},"8170512":{"prefectureJa":"長崎県","cityJa":"対馬市","townJa":"美津島町黒瀬","prefectureEn":"NAGASAKI KEN","cityEn":"TSUSHIMA SHI","townEn":"MITSUSHIMAMACHI KUROSE"},"8170513":{"prefectureJa":"長崎県","cityJa":"対馬市","townJa":"美津島町昼ケ浦","prefectureEn":"NAGASAKI KEN","cityEn":"TSUSHIMA SHI","townEn":"MITSUSHIMAMACHI HIRUGAURA"},"8170514":{"prefectureJa":"長崎県","cityJa":"対馬市","townJa":"美津島町島山","prefectureEn":"NAGASAKI KEN","cityEn":"TSUSHIMA SHI","townEn":"MITSUSHIMAMACHI SHIMAYAMA"},"8171101":{"prefectureJa":"長崎県","cityJa":"対馬市","townJa":"美津島町小船越","prefectureEn":"NAGASAKI KEN","cityEn":"TSUSHIMA SHI","townEn":"MITSUSHIMAMACHI KOFUNAKOSHI"},"8171102":{"prefectureJa":"長崎県","cityJa":"対馬市","townJa":"美津島町芦浦","prefectureEn":"NAGASAKI KEN","cityEn":"TSUSHIMA SHI","townEn":"MITSUSHIMAMACHI YOSHIGAURA"},"8171103":{"prefectureJa":"長崎県","cityJa":"対馬市","townJa":"美津島町賀谷","prefectureEn":"NAGASAKI KEN","cityEn":"TSUSHIMA SHI","townEn":"MITSUSHIMAMACHI GAYA"},"8171104":{"prefectureJa":"長崎県","cityJa":"対馬市","townJa":"美津島町濃部","prefectureEn":"NAGASAKI KEN","cityEn":"TSUSHIMA SHI","townEn":"MITSUSHIMAMACHI NOBU"},"8171105":{"prefectureJa":"長崎県","cityJa":"対馬市","townJa":"美津島町大山","prefectureEn":"NAGASAKI KEN","cityEn":"TSUSHIMA SHI","townEn":"MITSUSHIMAMACHI OYAMA"},"8171106":{"prefectureJa":"長崎県","cityJa":"対馬市","townJa":"美津島町犬吠","prefectureEn":"NAGASAKI KEN","cityEn":"TSUSHIMA SHI","townEn":"MITSUSHIMAMACHI INUBOE"},"8171107":{"prefectureJa":"長崎県","cityJa":"対馬市","townJa":"美津島町鴨居瀬","prefectureEn":"NAGASAKI KEN","cityEn":"TSUSHIMA SHI","townEn":"MITSUSHIMAMACHI KAMOISE"},"8171201":{"prefectureJa":"長崎県","cityJa":"対馬市","townJa":"豊玉町仁位","prefectureEn":"NAGASAKI KEN","cityEn":"TSUSHIMA SHI","townEn":"TOYOTAMAMACHI NII"},"8171202":{"prefectureJa":"長崎県","cityJa":"対馬市","townJa":"豊玉町和板","prefectureEn":"NAGASAKI KEN","cityEn":"TSUSHIMA SHI","townEn":"TOYOTAMAMACHI WAITA"},"8171212":{"prefectureJa":"長崎県","cityJa":"対馬市","townJa":"豊玉町曽","prefectureEn":"NAGASAKI KEN","cityEn":"TSUSHIMA SHI","townEn":"TOYOTAMAMACHI SO"},"8171213":{"prefectureJa":"長崎県","cityJa":"対馬市","townJa":"豊玉町千尋藻","prefectureEn":"NAGASAKI KEN","cityEn":"TSUSHIMA SHI","townEn":"TOYOTAMAMACHI CHIROMO"},"8171214":{"prefectureJa":"長崎県","cityJa":"対馬市","townJa":"豊玉町鑓川","prefectureEn":"NAGASAKI KEN","cityEn":"TSUSHIMA SHI","townEn":"TOYOTAMAMACHI YARIKAWA"},"8171223":{"prefectureJa":"長崎県","cityJa":"対馬市","townJa":"豊玉町横浦","prefectureEn":"NAGASAKI KEN","cityEn":"TSUSHIMA SHI","townEn":"TOYOTAMAMACHI YOKORA"},"8171231":{"prefectureJa":"長崎県","cityJa":"対馬市","townJa":"豊玉町糸瀬","prefectureEn":"NAGASAKI KEN","cityEn":"TSUSHIMA SHI","townEn":"TOYOTAMAMACHI ITOSE"},"8171232":{"prefectureJa":"長崎県","cityJa":"対馬市","townJa":"豊玉町嵯峨","prefectureEn":"NAGASAKI KEN","cityEn":"TSUSHIMA SHI","townEn":"TOYOTAMAMACHI SAGA"},"8171233":{"prefectureJa":"長崎県","cityJa":"対馬市","townJa":"豊玉町貝鮒","prefectureEn":"NAGASAKI KEN","cityEn":"TSUSHIMA SHI","townEn":"TOYOTAMAMACHI KAIFUNA"},"8171234":{"prefectureJa":"長崎県","cityJa":"対馬市","townJa":"豊玉町佐志賀","prefectureEn":"NAGASAKI KEN","cityEn":"TSUSHIMA SHI","townEn":"TOYOTAMAMACHI SASHIKA"},"8171241":{"prefectureJa":"長崎県","cityJa":"対馬市","townJa":"豊玉町貝口","prefectureEn":"NAGASAKI KEN","cityEn":"TSUSHIMA SHI","townEn":"TOYOTAMAMACHI KAIGUCHI"},"8171245":{"prefectureJa":"長崎県","cityJa":"対馬市","townJa":"豊玉町唐洲","prefectureEn":"NAGASAKI KEN","cityEn":"TSUSHIMA SHI","townEn":"TOYOTAMAMACHI KARASU"},"8171246":{"prefectureJa":"長崎県","cityJa":"対馬市","townJa":"豊玉町廻","prefectureEn":"NAGASAKI KEN","cityEn":"TSUSHIMA SHI","townEn":"TOYOTAMAMACHI MAWARI"},"8171251":{"prefectureJa":"長崎県","cityJa":"対馬市","townJa":"豊玉町田","prefectureEn":"NAGASAKI KEN","cityEn":"TSUSHIMA SHI","townEn":"TOYOTAMAMACHI TA"},"8171252":{"prefectureJa":"長崎県","cityJa":"対馬市","townJa":"豊玉町大綱","prefectureEn":"NAGASAKI KEN","cityEn":"TSUSHIMA SHI","townEn":"TOYOTAMAMACHI OTSUNA"},"8171253":{"prefectureJa":"長崎県","cityJa":"対馬市","townJa":"豊玉町卯麦","prefectureEn":"NAGASAKI KEN","cityEn":"TSUSHIMA SHI","townEn":"TOYOTAMAMACHI UMUGI"},"8171254":{"prefectureJa":"長崎県","cityJa":"対馬市","townJa":"豊玉町佐保","prefectureEn":"NAGASAKI KEN","cityEn":"TSUSHIMA SHI","townEn":"TOYOTAMAMACHI SAHO"},"8171255":{"prefectureJa":"長崎県","cityJa":"対馬市","townJa":"豊玉町志多浦","prefectureEn":"NAGASAKI KEN","cityEn":"TSUSHIMA SHI","townEn":"TOYOTAMAMACHI SHITANORA"},"8171256":{"prefectureJa":"長崎県","cityJa":"対馬市","townJa":"豊玉町小綱","prefectureEn":"NAGASAKI KEN","cityEn":"TSUSHIMA SHI","townEn":"TOYOTAMAMACHI KOZUNA"},"8171257":{"prefectureJa":"長崎県","cityJa":"対馬市","townJa":"豊玉町銘","prefectureEn":"NAGASAKI KEN","cityEn":"TSUSHIMA SHI","townEn":"TOYOTAMAMACHI MEI"},"8171301":{"prefectureJa":"長崎県","cityJa":"対馬市","townJa":"峰町三根","prefectureEn":"NAGASAKI KEN","cityEn":"TSUSHIMA SHI","townEn":"MINEMACHI MINE"},"8171302":{"prefectureJa":"長崎県","cityJa":"対馬市","townJa":"峰町狩尾","prefectureEn":"NAGASAKI KEN","cityEn":"TSUSHIMA SHI","townEn":"MINEMACHI KARIO"},"8171303":{"prefectureJa":"長崎県","cityJa":"対馬市","townJa":"峰町木坂","prefectureEn":"NAGASAKI KEN","cityEn":"TSUSHIMA SHI","townEn":"MINEMACHI KISAKA"},"8171304":{"prefectureJa":"長崎県","cityJa":"対馬市","townJa":"峰町青海","prefectureEn":"NAGASAKI KEN","cityEn":"TSUSHIMA SHI","townEn":"MINEMACHI OMI"},"8171305":{"prefectureJa":"長崎県","cityJa":"対馬市","townJa":"峰町津柳","prefectureEn":"NAGASAKI KEN","cityEn":"TSUSHIMA SHI","townEn":"MINEMACHI TSUYANAGI"},"8171306":{"prefectureJa":"長崎県","cityJa":"対馬市","townJa":"峰町吉田","prefectureEn":"NAGASAKI KEN","cityEn":"TSUSHIMA SHI","townEn":"MINEMACHI YOSHIDA"},"8171307":{"prefectureJa":"長崎県","cityJa":"対馬市","townJa":"峰町賀佐","prefectureEn":"NAGASAKI KEN","cityEn":"TSUSHIMA SHI","townEn":"MINEMACHI KASA"},"8171411":{"prefectureJa":"長崎県","cityJa":"対馬市","townJa":"峰町櫛","prefectureEn":"NAGASAKI KEN","cityEn":"TSUSHIMA SHI","townEn":"MINEMACHI KUSHI"},"8171412":{"prefectureJa":"長崎県","cityJa":"対馬市","townJa":"峰町佐賀","prefectureEn":"NAGASAKI KEN","cityEn":"TSUSHIMA SHI","townEn":"MINEMACHI SAKA"},"8171413":{"prefectureJa":"長崎県","cityJa":"対馬市","townJa":"峰町志多賀","prefectureEn":"NAGASAKI KEN","cityEn":"TSUSHIMA SHI","townEn":"MINEMACHI SHITAKA"},"8171511":{"prefectureJa":"長崎県","cityJa":"対馬市","townJa":"上県町鹿見","prefectureEn":"NAGASAKI KEN","cityEn":"TSUSHIMA SHI","townEn":"KAMIAGATAMACHI SHISHIMI"},"8171512":{"prefectureJa":"長崎県","cityJa":"対馬市","townJa":"上県町久原","prefectureEn":"NAGASAKI KEN","cityEn":"TSUSHIMA SHI","townEn":"KAMIAGATAMACHI KUBARA"},"8171513":{"prefectureJa":"長崎県","cityJa":"対馬市","townJa":"上県町女連","prefectureEn":"NAGASAKI KEN","cityEn":"TSUSHIMA SHI","townEn":"KAMIAGATAMACHI UNATSURA"},"8171521":{"prefectureJa":"長崎県","cityJa":"対馬市","townJa":"上県町飼所","prefectureEn":"NAGASAKI KEN","cityEn":"TSUSHIMA SHI","townEn":"KAMIAGATAMACHI KAIDOKORO"},"8171522":{"prefectureJa":"長崎県","cityJa":"対馬市","townJa":"上県町樫滝","prefectureEn":"NAGASAKI KEN","cityEn":"TSUSHIMA SHI","townEn":"KAMIAGATAMACHI KASHITAKI"},"8171523":{"prefectureJa":"長崎県","cityJa":"対馬市","townJa":"上県町瀬田","prefectureEn":"NAGASAKI KEN","cityEn":"TSUSHIMA SHI","townEn":"KAMIAGATAMACHI SETA"},"8171524":{"prefectureJa":"長崎県","cityJa":"対馬市","townJa":"上県町犬ケ浦","prefectureEn":"NAGASAKI KEN","cityEn":"TSUSHIMA SHI","townEn":"KAMIAGATAMACHI INUGAURA"},"8171525":{"prefectureJa":"長崎県","cityJa":"対馬市","townJa":"上県町御園","prefectureEn":"NAGASAKI KEN","cityEn":"TSUSHIMA SHI","townEn":"KAMIAGATAMACHI MISO"},"8171531":{"prefectureJa":"長崎県","cityJa":"対馬市","townJa":"上県町越高","prefectureEn":"NAGASAKI KEN","cityEn":"TSUSHIMA SHI","townEn":"KAMIAGATAMACHI KOSHITAKA"},"8171532":{"prefectureJa":"長崎県","cityJa":"対馬市","townJa":"上県町伊奈","prefectureEn":"NAGASAKI KEN","cityEn":"TSUSHIMA SHI","townEn":"KAMIAGATAMACHI INA"},"8171533":{"prefectureJa":"長崎県","cityJa":"対馬市","townJa":"上県町志多留","prefectureEn":"NAGASAKI KEN","cityEn":"TSUSHIMA SHI","townEn":"KAMIAGATAMACHI SHITARU"},"8171601":{"prefectureJa":"長崎県","cityJa":"対馬市","townJa":"上県町西津屋","prefectureEn":"NAGASAKI KEN","cityEn":"TSUSHIMA SHI","townEn":"KAMIAGATAMACHI NISHITSUYA"},"8171602":{"prefectureJa":"長崎県","cityJa":"対馬市","townJa":"上県町佐須奈","prefectureEn":"NAGASAKI KEN","cityEn":"TSUSHIMA SHI","townEn":"KAMIAGATAMACHI SASUNA"},"8171603":{"prefectureJa":"長崎県","cityJa":"対馬市","townJa":"上県町佐護","prefectureEn":"NAGASAKI KEN","cityEn":"TSUSHIMA SHI","townEn":"KAMIAGATAMACHI SAGO"},"8171701":{"prefectureJa":"長崎県","cityJa":"対馬市","townJa":"上対馬町比田勝","prefectureEn":"NAGASAKI KEN","cityEn":"TSUSHIMA SHI","townEn":"KAMITSUSHIMAMACHI HITAKATSU"},"8171702":{"prefectureJa":"長崎県","cityJa":"対馬市","townJa":"上対馬町古里","prefectureEn":"NAGASAKI KEN","cityEn":"TSUSHIMA SHI","townEn":"KAMITSUSHIMAMACHI FURUSATO"},"8171703":{"prefectureJa":"長崎県","cityJa":"対馬市","townJa":"上対馬町西泊","prefectureEn":"NAGASAKI KEN","cityEn":"TSUSHIMA SHI","townEn":"KAMITSUSHIMAMACHI NISHIDOMARI"},"8171704":{"prefectureJa":"長崎県","cityJa":"対馬市","townJa":"上対馬町網代","prefectureEn":"NAGASAKI KEN","cityEn":"TSUSHIMA SHI","townEn":"KAMITSUSHIMAMACHI AJIRO"},"8171711":{"prefectureJa":"長崎県","cityJa":"対馬市","townJa":"上対馬町冨浦","prefectureEn":"NAGASAKI KEN","cityEn":"TSUSHIMA SHI","townEn":"KAMITSUSHIMAMACHI TOMIGAURA"},"8171712":{"prefectureJa":"長崎県","cityJa":"対馬市","townJa":"上対馬町唐舟志","prefectureEn":"NAGASAKI KEN","cityEn":"TSUSHIMA SHI","townEn":"KAMITSUSHIMAMACHI TOJUSHI"},"8171713":{"prefectureJa":"長崎県","cityJa":"対馬市","townJa":"上対馬町浜久須","prefectureEn":"NAGASAKI KEN","cityEn":"TSUSHIMA SHI","townEn":"KAMITSUSHIMAMACHI HAMAGUSU"},"8171714":{"prefectureJa":"長崎県","cityJa":"対馬市","townJa":"上対馬町玖須","prefectureEn":"NAGASAKI KEN","cityEn":"TSUSHIMA SHI","townEn":"KAMITSUSHIMAMACHI KUSU"},"8171715":{"prefectureJa":"長崎県","cityJa":"対馬市","townJa":"上対馬町大増","prefectureEn":"NAGASAKI KEN","cityEn":"TSUSHIMA SHI","townEn":"KAMITSUSHIMAMACHI OMASU"},"8171721":{"prefectureJa":"長崎県","cityJa":"対馬市","townJa":"上対馬町河内","prefectureEn":"NAGASAKI KEN","cityEn":"TSUSHIMA SHI","townEn":"KAMITSUSHIMAMACHI KAWACHI"},"8171722":{"prefectureJa":"長崎県","cityJa":"対馬市","townJa":"上対馬町大浦","prefectureEn":"NAGASAKI KEN","cityEn":"TSUSHIMA SHI","townEn":"KAMITSUSHIMAMACHI OURA"},"8171723":{"prefectureJa":"長崎県","cityJa":"対馬市","townJa":"上対馬町鰐浦","prefectureEn":"NAGASAKI KEN","cityEn":"TSUSHIMA SHI","townEn":"KAMITSUSHIMAMACHI WANIURA"},"8171724":{"prefectureJa":"長崎県","cityJa":"対馬市","townJa":"上対馬町豊","prefectureEn":"NAGASAKI KEN","cityEn":"TSUSHIMA SHI","townEn":"KAMITSUSHIMAMACHI TOYO"},"8171725":{"prefectureJa":"長崎県","cityJa":"対馬市","townJa":"上対馬町泉","prefectureEn":"NAGASAKI KEN","cityEn":"TSUSHIMA SHI","townEn":"KAMITSUSHIMAMACHI IZUMI"},"8172241":{"prefectureJa":"長崎県","cityJa":"対馬市","townJa":"上対馬町小鹿","prefectureEn":"NAGASAKI KEN","cityEn":"TSUSHIMA SHI","townEn":"KAMITSUSHIMAMACHI OSHIKA"},"8172242":{"prefectureJa":"長崎県","cityJa":"対馬市","townJa":"上対馬町一重","prefectureEn":"NAGASAKI KEN","cityEn":"TSUSHIMA SHI","townEn":"KAMITSUSHIMAMACHI HITOE"},"8172243":{"prefectureJa":"長崎県","cityJa":"対馬市","townJa":"上対馬町芦見","prefectureEn":"NAGASAKI KEN","cityEn":"TSUSHIMA SHI","townEn":"KAMITSUSHIMAMACHI ASHIMI"},"8172331":{"prefectureJa":"長崎県","cityJa":"対馬市","townJa":"上対馬町琴","prefectureEn":"NAGASAKI KEN","cityEn":"TSUSHIMA SHI","townEn":"KAMITSUSHIMAMACHI KIN"},"8172332":{"prefectureJa":"長崎県","cityJa":"対馬市","townJa":"上対馬町五根緒","prefectureEn":"NAGASAKI KEN","cityEn":"TSUSHIMA SHI","townEn":"KAMITSUSHIMAMACHI GONEO"},"8172333":{"prefectureJa":"長崎県","cityJa":"対馬市","townJa":"上対馬町舟志","prefectureEn":"NAGASAKI KEN","cityEn":"TSUSHIMA SHI","townEn":"KAMITSUSHIMAMACHI SHUSHI"}}