{"5090101":{"prefectureJa":"岐阜県","cityJa":"各務原市","townJa":"須衛","prefectureEn":"GIFU KEN","cityEn":"KAKAMIGAHARA SHI","townEn":"SUE"},"5090102":{"prefectureJa":"岐阜県","cityJa":"各務原市","townJa":"各務車洞","prefectureEn":"GIFU KEN","cityEn":"KAKAMIGAHARA SHI","townEn":"KAKAMI KURUMAHORA"},"5090103":{"prefectureJa":"岐阜県","cityJa":"各務原市","townJa":"各務東町","prefectureEn":"GIFU KEN","cityEn":"KAKAMIGAHARA SHI","townEn":"KAKAMI HIGASHIMACHI"},"5090104":{"prefectureJa":"岐阜県","cityJa":"各務原市","townJa":"各務おがせ町","prefectureEn":"GIFU KEN","cityEn":"KAKAMIGAHARA SHI","townEn":"KAKAMI OGASECHO"},"5090105":{"prefectureJa":"岐阜県","cityJa":"各務原市","townJa":"各務山の前町","prefectureEn":"GIFU KEN","cityEn":"KAKAMIGAHARA SHI","townEn":"KAKAMI YAMANOMAECHO"},"5090106":{"prefectureJa":"岐阜県","cityJa":"各務原市","townJa":"各務西町","prefectureEn":"GIFU KEN","cityEn":"KAKAMIGAHARA SHI","townEn":"KAKAMI NISHIMACHI"},"5090107":{"prefectureJa":"岐阜県","cityJa":"各務原市","townJa":"各務船山町","prefectureEn":"GIFU KEN","cityEn":"KAKAMIGAHARA SHI","townEn":"KAKAMI FUNAYAMACHO"},"5090108":{"prefectureJa":"岐阜県","cityJa":"各務原市","townJa":"須衛町","prefectureEn":"GIFU KEN","cityEn":"KAKAMIGAHARA SHI","townEn":"SUECHO"},"5090109":{"prefectureJa":"岐阜県","cityJa":"各務原市","townJa":"テクノプラザ","prefectureEn":"GIFU KEN","cityEn":"KAKAMIGAHARA SHI","townEn":"TEKUNOPURAZA"},"5090111":{"prefectureJa":"岐阜県","cityJa":"各務原市","townJa":"鵜沼","prefectureEn":"GIFU KEN","cityEn":"KAKAMIGAHARA SHI","townEn":"UNUMA"},"5090112":{"prefectureJa":"岐阜県","cityJa":"各務原市","townJa":"緑苑北","prefectureEn":"GIFU KEN","cityEn":"KAKAMIGAHARA SHI","townEn":"RYOKUEN KITA"},"5090113":{"prefectureJa":"岐阜県","cityJa":"各務原市","townJa":"緑苑東","prefectureEn":"GIFU KEN","cityEn":"KAKAMIGAHARA SHI","townEn":"RYOKUEN HIGASHI"},"5090114":{"prefectureJa":"岐阜県","cityJa":"各務原市","townJa":"緑苑中","prefectureEn":"GIFU KEN","cityEn":"KAKAMIGAHARA SHI","townEn":"RYOKUEN NAKA"},"5090115":{"prefectureJa":"岐阜県","cityJa":"各務原市","townJa":"緑苑南","prefectureEn":"GIFU KEN","cityEn":"KAKAMIGAHARA SHI","townEn":"RYOKUEN MINAMI"},"5090116":{"prefectureJa":"岐阜県","cityJa":"各務原市","townJa":"緑苑西","prefectureEn":"GIFU KEN","cityEn":"KAKAMIGAHARA SHI","townEn":"RYOKUEN NISHI"},"5090117":{"prefectureJa":"岐阜県","cityJa":"各務原市","townJa":"鵜沼大安寺町","prefectureEn":"GIFU KEN","cityEn":"KAKAMIGAHARA SHI","townEn":"UNUMA DAIANJICHO"},"5090118":{"prefectureJa":"岐阜県","cityJa":"各務原市","townJa":"各務山","prefectureEn":"GIFU KEN","cityEn":"KAKAMIGAHARA SHI","townEn":"KAKAMIYAMA"},"5090121":{"prefectureJa":"岐阜県","cityJa":"各務原市","townJa":"鵜沼台","prefectureEn":"GIFU KEN","cityEn":"KAKAMIGAHARA SHI","townEn":"UNUMADAI"},"5090122":{"prefectureJa":"岐阜県","cityJa":"各務原市","townJa":"新鵜沼台","prefectureEn":"GIFU KEN","cityEn":"KAKAMIGAHARA SHI","townEn":"SHINUNUMADAI"},"5090123":{"prefectureJa":"岐阜県","cityJa":"各務原市","townJa":"鵜沼宝積寺町","prefectureEn":"GIFU KEN","cityEn":"KAKAMIGAHARA SHI","townEn":"UNUMA HOSHAKUJICHO"},"5090124":{"prefectureJa":"岐阜県","cityJa":"各務原市","townJa":"鵜沼山崎町","prefectureEn":"GIFU KEN","cityEn":"KAKAMIGAHARA SHI","townEn":"UNUMA YAMAZAKICHO"},"5090125":{"prefectureJa":"岐阜県","cityJa":"各務原市","townJa":"鵜沼南町","prefectureEn":"GIFU KEN","cityEn":"KAKAMIGAHARA SHI","townEn":"UNUMA MINAMIMACHI"},"5090126":{"prefectureJa":"岐阜県","cityJa":"各務原市","townJa":"鵜沼東町","prefectureEn":"GIFU KEN","cityEn":"KAKAMIGAHARA SHI","townEn":"UNUMA HIGASHIMACHI"},"5090127":{"prefectureJa":"岐阜県","cityJa":"各務原市","townJa":"桜木町","prefectureEn":"GIFU KEN","cityEn":"KAKAMIGAHARA SHI","townEn":"SAKURAGICHO"},"5090131":{"prefectureJa":"岐阜県","cityJa":"各務原市","townJa":"つつじが丘","prefectureEn":"GIFU KEN","cityEn":"KAKAMIGAHARA SHI","townEn":"TSUTSUJIGAOKA"},"5090132":{"prefectureJa":"岐阜県","cityJa":"各務原市","townJa":"鵜沼西町","prefectureEn":"GIFU KEN","cityEn":"KAKAMIGAHARA SHI","townEn":"UNUMA NISHIMACHI"},"5090133":{"prefectureJa":"岐阜県","cityJa":"各務原市","townJa":"鵜沼古市場町","prefectureEn":"GIFU KEN","cityEn":"KAKAMIGAHARA SHI","townEn":"UNUMA FURUICHIBACHO"},"5090134":{"prefectureJa":"岐阜県","cityJa":"各務原市","townJa":"鵜沼真名越町","prefectureEn":"GIFU KEN","cityEn":"KAKAMIGAHARA SHI","townEn":"UNUMA MANAGOSHICHO"},"5090135":{"prefectureJa":"岐阜県","cityJa":"各務原市","townJa":"鵜沼羽場町","prefectureEn":"GIFU KEN","cityEn":"KAKAMIGAHARA SHI","townEn":"UNUMA HABACHO"},"5090136":{"prefectureJa":"岐阜県","cityJa":"各務原市","townJa":"松が丘","prefectureEn":"GIFU KEN","cityEn":"KAKAMIGAHARA SHI","townEn":"MATSUGAOKA"},"5090141":{"prefectureJa":"岐阜県","cityJa":"各務原市","townJa":"鵜沼各務原町","prefectureEn":"GIFU KEN","cityEn":"KAKAMIGAHARA SHI","townEn":"UNUMA KAKAMIGAHARACHO"},"5090142":{"prefectureJa":"岐阜県","cityJa":"各務原市","townJa":"鵜沼丸子町","prefectureEn":"GIFU KEN","cityEn":"KAKAMIGAHARA SHI","townEn":"UNUMA MARUKOCHO"},"5090143":{"prefectureJa":"岐阜県","cityJa":"各務原市","townJa":"鵜沼小伊木町","prefectureEn":"GIFU KEN","cityEn":"KAKAMIGAHARA SHI","townEn":"UNUMA KOIGICHO"},"5090144":{"prefectureJa":"岐阜県","cityJa":"各務原市","townJa":"鵜沼大伊木町","prefectureEn":"GIFU KEN","cityEn":"KAKAMIGAHARA SHI","townEn":"UNUMA OIGICHO"},"5090145":{"prefectureJa":"岐阜県","cityJa":"各務原市","townJa":"鵜沼朝日町","prefectureEn":"GIFU KEN","cityEn":"KAKAMIGAHARA SHI","townEn":"UNUMA ASAHIMACHI"},"5090146":{"prefectureJa":"岐阜県","cityJa":"各務原市","townJa":"鵜沼三ツ池町","prefectureEn":"GIFU KEN","cityEn":"KAKAMIGAHARA SHI","townEn":"UNUMA MITSUIKECHO"},"5090147":{"prefectureJa":"岐阜県","cityJa":"各務原市","townJa":"鵜沼川崎町","prefectureEn":"GIFU KEN","cityEn":"KAKAMIGAHARA SHI","townEn":"UNUMA KAWASAKICHO"},"5090200":{"prefectureJa":"岐阜県","cityJa":"可児市","townJa":"以下に掲載がない場合","prefectureEn":"GIFU KEN","cityEn":"KANI SHI","townEn":"IKANIKEISAIGANAIBAAI"},"5090201":{"prefectureJa":"岐阜県","cityJa":"可児市","townJa":"川合","prefectureEn":"GIFU KEN","cityEn":"KANI SHI","townEn":"KAWAI"},"5090202":{"prefectureJa":"岐阜県","cityJa":"可児市","townJa":"中恵土","prefectureEn":"GIFU KEN","cityEn":"KANI SHI","townEn":"NAKAEDO"},"5090203":{"prefectureJa":"岐阜県","cityJa":"可児市","townJa":"下恵土","prefectureEn":"GIFU KEN","cityEn":"KANI SHI","townEn":"SHIMOEDO"},"5090204":{"prefectureJa":"岐阜県","cityJa":"可児市","townJa":"禅台寺","prefectureEn":"GIFU KEN","cityEn":"KANI SHI","townEn":"ZENDAIJI"},"5090205":{"prefectureJa":"岐阜県","cityJa":"可児市","townJa":"徳野南","prefectureEn":"GIFU KEN","cityEn":"KANI SHI","townEn":"TOKUNOMINAMI"},"5090206":{"prefectureJa":"岐阜県","cityJa":"可児市","townJa":"土田","prefectureEn":"GIFU KEN","cityEn":"KANI SHI","townEn":"DOTA"},"5090207":{"prefectureJa":"岐阜県","cityJa":"可児市","townJa":"今渡","prefectureEn":"GIFU KEN","cityEn":"KANI SHI","townEn":"IMAWATARI"},"5090208":{"prefectureJa":"岐阜県","cityJa":"可児市","townJa":"川合北","prefectureEn":"GIFU KEN","cityEn":"KANI SHI","townEn":"KAWAIKITA"},"5090209":{"prefectureJa":"岐阜県","cityJa":"可児市","townJa":"下恵土（１、２丁目）","prefectureEn":"GIFU KEN","cityEn":"KANI SHI","townEn":"SHIMOEDO(1.2-CHOME)"},"5090211":{"prefectureJa":"岐阜県","cityJa":"可児市","townJa":"渕之上","prefectureEn":"GIFU KEN","cityEn":"KANI SHI","townEn":"FUCHINOE"},"5090212":{"prefectureJa":"岐阜県","cityJa":"可児市","townJa":"柿田","prefectureEn":"GIFU KEN","cityEn":"KANI SHI","townEn":"KAKIDA"},"5090213":{"prefectureJa":"岐阜県","cityJa":"可児市","townJa":"瀬田","prefectureEn":"GIFU KEN","cityEn":"KANI SHI","townEn":"SETA"},"5090214":{"prefectureJa":"岐阜県","cityJa":"可児市","townJa":"広見","prefectureEn":"GIFU KEN","cityEn":"KANI SHI","townEn":"HIROMI"},"5090215":{"prefectureJa":"岐阜県","cityJa":"可児市","townJa":"石井","prefectureEn":"GIFU KEN","cityEn":"KANI SHI","townEn":"ISHII"},"5090216":{"prefectureJa":"岐阜県","cityJa":"可児市","townJa":"石森","prefectureEn":"GIFU KEN","cityEn":"KANI SHI","townEn":"ISHIMORI"},"5090217":{"prefectureJa":"岐阜県","cityJa":"可児市","townJa":"平貝戸","prefectureEn":"GIFU KEN","cityEn":"KANI SHI","townEn":"HIRAGAITO"},"5090218":{"prefectureJa":"岐阜県","cityJa":"可児市","townJa":"松伏","prefectureEn":"GIFU KEN","cityEn":"KANI SHI","townEn":"MATSUBUSE"},"5090219":{"prefectureJa":"岐阜県","cityJa":"可児市","townJa":"あけち","prefectureEn":"GIFU KEN","cityEn":"KANI SHI","townEn":"AKECHI"},"5090221":{"prefectureJa":"岐阜県","cityJa":"可児市","townJa":"広眺ケ丘","prefectureEn":"GIFU KEN","cityEn":"KANI SHI","townEn":"HIROMIGAOKA"},"5090222":{"prefectureJa":"岐阜県","cityJa":"可児市","townJa":"羽崎","prefectureEn":"GIFU KEN","cityEn":"KANI SHI","townEn":"HAZAKI"},"5090223":{"prefectureJa":"岐阜県","cityJa":"可児市","townJa":"羽生ケ丘","prefectureEn":"GIFU KEN","cityEn":"KANI SHI","townEn":"HANYUGAOKA"},"5090224":{"prefectureJa":"岐阜県","cityJa":"可児市","townJa":"久々利","prefectureEn":"GIFU KEN","cityEn":"KANI SHI","townEn":"KUKURI"},"5090230":{"prefectureJa":"岐阜県","cityJa":"可児市","townJa":"星見台","prefectureEn":"GIFU KEN","cityEn":"KANI SHI","townEn":"HOSHIMIDAI"},"5090231":{"prefectureJa":"岐阜県","cityJa":"可児市","townJa":"緑ケ丘","prefectureEn":"GIFU KEN","cityEn":"KANI SHI","townEn":"MIDORIGAOKA"},"5090232":{"prefectureJa":"岐阜県","cityJa":"可児市","townJa":"二野","prefectureEn":"GIFU KEN","cityEn":"KANI SHI","townEn":"NINO"},"5090233":{"prefectureJa":"岐阜県","cityJa":"可児市","townJa":"柿下","prefectureEn":"GIFU KEN","cityEn":"KANI SHI","townEn":"KAKISHITA"},"5090234":{"prefectureJa":"岐阜県","cityJa":"可児市","townJa":"久々利柿下入会","prefectureEn":"GIFU KEN","cityEn":"KANI SHI","townEn":"KUKURI KAKISHITANYUKAI"},"5090235":{"prefectureJa":"岐阜県","cityJa":"可児市","townJa":"桜ケ丘","prefectureEn":"GIFU KEN","cityEn":"KANI SHI","townEn":"SAKURAGAOKA"},"5090236":{"prefectureJa":"岐阜県","cityJa":"可児市","townJa":"皐ケ丘","prefectureEn":"GIFU KEN","cityEn":"KANI SHI","townEn":"SATSUKIGAOKA"},"5090237":{"prefectureJa":"岐阜県","cityJa":"可児市","townJa":"桂ケ丘","prefectureEn":"GIFU KEN","cityEn":"KANI SHI","townEn":"KATSURAGAOKA"},"5090238":{"prefectureJa":"岐阜県","cityJa":"可児市","townJa":"大森","prefectureEn":"GIFU KEN","cityEn":"KANI SHI","townEn":"OMORI"},"5090239":{"prefectureJa":"岐阜県","cityJa":"可児市","townJa":"大森台","prefectureEn":"GIFU KEN","cityEn":"KANI SHI","townEn":"OMORIDAI"},"5090240":{"prefectureJa":"岐阜県","cityJa":"可児市","townJa":"みずきケ丘","prefectureEn":"GIFU KEN","cityEn":"KANI SHI","townEn":"MIZUKIGAOKA"},"5090241":{"prefectureJa":"岐阜県","cityJa":"可児市","townJa":"坂戸","prefectureEn":"GIFU KEN","cityEn":"KANI SHI","townEn":"SAKADO"},"5090242":{"prefectureJa":"岐阜県","cityJa":"可児市","townJa":"谷迫間","prefectureEn":"GIFU KEN","cityEn":"KANI SHI","townEn":"YABASAMA"},"5090245":{"prefectureJa":"岐阜県","cityJa":"可児市","townJa":"下切","prefectureEn":"GIFU KEN","cityEn":"KANI SHI","townEn":"SHIMOGIRI"},"5090246":{"prefectureJa":"岐阜県","cityJa":"可児市","townJa":"今","prefectureEn":"GIFU KEN","cityEn":"KANI SHI","townEn":"IMA"},"5090247":{"prefectureJa":"岐阜県","cityJa":"可児市","townJa":"塩河","prefectureEn":"GIFU KEN","cityEn":"KANI SHI","townEn":"SHUGA"},"5090248":{"prefectureJa":"岐阜県","cityJa":"可児市","townJa":"清水ケ丘","prefectureEn":"GIFU KEN","cityEn":"KANI SHI","townEn":"SHIMIZUGAOKA"},"5090249":{"prefectureJa":"岐阜県","cityJa":"可児市","townJa":"姫ケ丘","prefectureEn":"GIFU KEN","cityEn":"KANI SHI","townEn":"HIMEGAOKA"},"5090250":{"prefectureJa":"岐阜県","cityJa":"可児市","townJa":"美里ケ丘","prefectureEn":"GIFU KEN","cityEn":"KANI SHI","townEn":"MISATOGAOKA"},"5090251":{"prefectureJa":"岐阜県","cityJa":"可児市","townJa":"塩","prefectureEn":"GIFU KEN","cityEn":"KANI SHI","townEn":"SHIO"},"5090252":{"prefectureJa":"岐阜県","cityJa":"可児市","townJa":"矢戸","prefectureEn":"GIFU KEN","cityEn":"KANI SHI","townEn":"YATO"},"5090253":{"prefectureJa":"岐阜県","cityJa":"可児市","townJa":"室原","prefectureEn":"GIFU KEN","cityEn":"KANI SHI","townEn":"MUROHARA"},"5090254":{"prefectureJa":"岐阜県","cityJa":"可児市","townJa":"長洞","prefectureEn":"GIFU KEN","cityEn":"KANI SHI","townEn":"NAGAHORA"},"5090255":{"prefectureJa":"岐阜県","cityJa":"可児市","townJa":"光陽台","prefectureEn":"GIFU KEN","cityEn":"KANI SHI","townEn":"KOYODAI"},"5090256":{"prefectureJa":"岐阜県","cityJa":"可児市","townJa":"東帷子","prefectureEn":"GIFU KEN","cityEn":"KANI SHI","townEn":"HIGASHIKATABIRA"},"5090257":{"prefectureJa":"岐阜県","cityJa":"可児市","townJa":"長坂","prefectureEn":"GIFU KEN","cityEn":"KANI SHI","townEn":"NAGASAKA"},"5090258":{"prefectureJa":"岐阜県","cityJa":"可児市","townJa":"若葉台","prefectureEn":"GIFU KEN","cityEn":"KANI SHI","townEn":"WAKABADAI"},"5090259":{"prefectureJa":"岐阜県","cityJa":"可児市","townJa":"愛岐ケ丘","prefectureEn":"GIFU KEN","cityEn":"KANI SHI","townEn":"AIGIGAOKA"},"5090261":{"prefectureJa":"岐阜県","cityJa":"可児市","townJa":"虹ケ丘","prefectureEn":"GIFU KEN","cityEn":"KANI SHI","townEn":"NIJIGAOKA"},"5090262":{"prefectureJa":"岐阜県","cityJa":"可児市","townJa":"菅刈","prefectureEn":"GIFU KEN","cityEn":"KANI SHI","townEn":"SUGEKARI"},"5090263":{"prefectureJa":"岐阜県","cityJa":"可児市","townJa":"緑","prefectureEn":"GIFU KEN","cityEn":"KANI SHI","townEn":"MIDORI"},"5090264":{"prefectureJa":"岐阜県","cityJa":"可児市","townJa":"鳩吹台","prefectureEn":"GIFU KEN","cityEn":"KANI SHI","townEn":"HATOFUKIDAI"},"5090265":{"prefectureJa":"岐阜県","cityJa":"可児市","townJa":"西帷子","prefectureEn":"GIFU KEN","cityEn":"KANI SHI","townEn":"NISHIKATABIRA"},"5090266":{"prefectureJa":"岐阜県","cityJa":"可児市","townJa":"帷子新町","prefectureEn":"GIFU KEN","cityEn":"KANI SHI","townEn":"KATABIRASHIMMACHI"},"5090300":{"prefectureJa":"岐阜県","cityJa":"加茂郡川辺町","townJa":"以下に掲載がない場合","prefectureEn":"GIFU KEN","cityEn":"KAMO GUN KAWABE CHO","townEn":"IKANIKEISAIGANAIBAAI"},"5090301":{"prefectureJa":"岐阜県","cityJa":"加茂郡川辺町","townJa":"下麻生","prefectureEn":"GIFU KEN","cityEn":"KAMO GUN KAWABE CHO","townEn":"SHIMOASO"},"5090302":{"prefectureJa":"岐阜県","cityJa":"加茂郡川辺町","townJa":"上川辺","prefectureEn":"GIFU KEN","cityEn":"KAMO GUN KAWABE CHO","townEn":"KAMIKAWABE"},"5090303":{"prefectureJa":"岐阜県","cityJa":"加茂郡川辺町","townJa":"石神","prefectureEn":"GIFU KEN","cityEn":"KAMO GUN KAWABE CHO","townEn":"ISHIGAMI"},"5090304":{"prefectureJa":"岐阜県","cityJa":"加茂郡川辺町","townJa":"中川辺","prefectureEn":"GIFU KEN","cityEn":"KAMO GUN KAWABE CHO","townEn":"NAKAKAWABE"},"5090305":{"prefectureJa":"岐阜県","cityJa":"加茂郡川辺町","townJa":"西栃井","prefectureEn":"GIFU KEN","cityEn":"KAMO GUN KAWABE CHO","townEn":"NISHITOCHII"},"5090306":{"prefectureJa":"岐阜県","cityJa":"加茂郡川辺町","townJa":"下川辺","prefectureEn":"GIFU KEN","cityEn":"KAMO GUN KAWABE CHO","townEn":"SHIMOKAWABE"},"5090307":{"prefectureJa":"岐阜県","cityJa":"加茂郡川辺町","townJa":"鹿塩","prefectureEn":"GIFU KEN","cityEn":"KAMO GUN KAWABE CHO","townEn":"KASHIO"},"5090311":{"prefectureJa":"岐阜県","cityJa":"加茂郡川辺町","townJa":"下吉田","prefectureEn":"GIFU KEN","cityEn":"KAMO GUN KAWABE CHO","townEn":"SHIMOYOSHIDA"},"5090312":{"prefectureJa":"岐阜県","cityJa":"加茂郡川辺町","townJa":"中野","prefectureEn":"GIFU KEN","cityEn":"KAMO GUN KAWABE CHO","townEn":"NAKANO"},"5090313":{"prefectureJa":"岐阜県","cityJa":"加茂郡川辺町","townJa":"下飯田","prefectureEn":"GIFU KEN","cityEn":"KAMO GUN KAWABE CHO","townEn":"SHIMOIIDA"},"5090314":{"prefectureJa":"岐阜県","cityJa":"加茂郡川辺町","townJa":"福島","prefectureEn":"GIFU KEN","cityEn":"KAMO GUN KAWABE CHO","townEn":"FUKUSHIMA"},"5090315":{"prefectureJa":"岐阜県","cityJa":"加茂郡川辺町","townJa":"比久見","prefectureEn":"GIFU KEN","cityEn":"KAMO GUN KAWABE CHO","townEn":"HIKUMI"},"5090400":{"prefectureJa":"岐阜県","cityJa":"加茂郡七宗町","townJa":"以下に掲載がない場合","prefectureEn":"GIFU KEN","cityEn":"KAMO GUN HICHISO CHO","townEn":"IKANIKEISAIGANAIBAAI"},"5090401":{"prefectureJa":"岐阜県","cityJa":"加茂郡七宗町","townJa":"上麻生","prefectureEn":"GIFU KEN","cityEn":"KAMO GUN HICHISO CHO","townEn":"KAMIASO"},"5090402":{"prefectureJa":"岐阜県","cityJa":"加茂郡七宗町","townJa":"川並","prefectureEn":"GIFU KEN","cityEn":"KAMO GUN HICHISO CHO","townEn":"KAWANAMI"},"5090403":{"prefectureJa":"岐阜県","cityJa":"加茂郡七宗町","townJa":"中麻生","prefectureEn":"GIFU KEN","cityEn":"KAMO GUN HICHISO CHO","townEn":"NAKAASO"},"5090511":{"prefectureJa":"岐阜県","cityJa":"加茂郡七宗町","townJa":"神渕","prefectureEn":"GIFU KEN","cityEn":"KAMO GUN HICHISO CHO","townEn":"KABUCHI"},"5091100":{"prefectureJa":"岐阜県","cityJa":"加茂郡白川町","townJa":"以下に掲載がない場合","prefectureEn":"GIFU KEN","cityEn":"KAMO GUN SHIRAKAWA CHO","townEn":"IKANIKEISAIGANAIBAAI"},"5091101":{"prefectureJa":"岐阜県","cityJa":"加茂郡白川町","townJa":"白山","prefectureEn":"GIFU KEN","cityEn":"KAMO GUN SHIRAKAWA CHO","townEn":"SHIRAYAMA"},"5091102":{"prefectureJa":"岐阜県","cityJa":"加茂郡白川町","townJa":"中川","prefectureEn":"GIFU KEN","cityEn":"KAMO GUN SHIRAKAWA CHO","townEn":"NAKAGAWA"},"5091103":{"prefectureJa":"岐阜県","cityJa":"加茂郡白川町","townJa":"水戸野","prefectureEn":"GIFU KEN","cityEn":"KAMO GUN SHIRAKAWA CHO","townEn":"MIDONO"},"5091104":{"prefectureJa":"岐阜県","cityJa":"加茂郡白川町","townJa":"和泉","prefectureEn":"GIFU KEN","cityEn":"KAMO GUN SHIRAKAWA CHO","townEn":"IZUMI"},"5091105":{"prefectureJa":"岐阜県","cityJa":"加茂郡白川町","townJa":"河岐","prefectureEn":"GIFU KEN","cityEn":"KAMO GUN SHIRAKAWA CHO","townEn":"KAWAMATA"},"5091106":{"prefectureJa":"岐阜県","cityJa":"加茂郡白川町","townJa":"坂ノ東","prefectureEn":"GIFU KEN","cityEn":"KAMO GUN SHIRAKAWA CHO","townEn":"SAKANOHIGASHI"},"5091107":{"prefectureJa":"岐阜県","cityJa":"加茂郡白川町","townJa":"河東","prefectureEn":"GIFU KEN","cityEn":"KAMO GUN SHIRAKAWA CHO","townEn":"KATO"},"5091108":{"prefectureJa":"岐阜県","cityJa":"加茂郡白川町","townJa":"広野","prefectureEn":"GIFU KEN","cityEn":"KAMO GUN SHIRAKAWA CHO","townEn":"HIRONO"},"5091111":{"prefectureJa":"岐阜県","cityJa":"加茂郡白川町","townJa":"切井","prefectureEn":"GIFU KEN","cityEn":"KAMO GUN SHIRAKAWA CHO","townEn":"KIRII"},"5091112":{"prefectureJa":"岐阜県","cityJa":"加茂郡白川町","townJa":"赤河","prefectureEn":"GIFU KEN","cityEn":"KAMO GUN SHIRAKAWA CHO","townEn":"AKO"},"5091113":{"prefectureJa":"岐阜県","cityJa":"加茂郡白川町","townJa":"三川","prefectureEn":"GIFU KEN","cityEn":"KAMO GUN SHIRAKAWA CHO","townEn":"MIKAWA"},"5091221":{"prefectureJa":"岐阜県","cityJa":"加茂郡白川町","townJa":"上佐見","prefectureEn":"GIFU KEN","cityEn":"KAMO GUN SHIRAKAWA CHO","townEn":"KAMISAMI"},"5091222":{"prefectureJa":"岐阜県","cityJa":"加茂郡白川町","townJa":"下佐見","prefectureEn":"GIFU KEN","cityEn":"KAMO GUN SHIRAKAWA CHO","townEn":"SHIMOSAMI"},"5091300":{"prefectureJa":"岐阜県","cityJa":"加茂郡東白川村","townJa":"以下に掲載がない場合","prefectureEn":"GIFU KEN","cityEn":"KAMO GUN HIGASHISHIRAKAWA MURA","townEn":"IKANIKEISAIGANAIBAAI"},"5091301":{"prefectureJa":"岐阜県","cityJa":"加茂郡東白川村","townJa":"越原","prefectureEn":"GIFU KEN","cityEn":"KAMO GUN HIGASHISHIRAKAWA MURA","townEn":"OPPARA"},"5091302":{"prefectureJa":"岐阜県","cityJa":"加茂郡東白川村","townJa":"神土","prefectureEn":"GIFU KEN","cityEn":"KAMO GUN HIGASHISHIRAKAWA MURA","townEn":"KANDO"},"5091303":{"prefectureJa":"岐阜県","cityJa":"加茂郡東白川村","townJa":"五加","prefectureEn":"GIFU KEN","cityEn":"KAMO GUN HIGASHISHIRAKAWA MURA","townEn":"GOKA"},"5091431":{"prefectureJa":"岐阜県","cityJa":"加茂郡白川町","townJa":"黒川","prefectureEn":"GIFU KEN","cityEn":"KAMO GUN SHIRAKAWA CHO","townEn":"KUROKAWA"},"5091601":{"prefectureJa":"岐阜県","cityJa":"下呂市","townJa":"金山町弓掛","prefectureEn":"GIFU KEN","cityEn":"GERO SHI","townEn":"KANAYAMACHO YUGAKE"},"5091602":{"prefectureJa":"岐阜県","cityJa":"下呂市","townJa":"金山町卯野原","prefectureEn":"GIFU KEN","cityEn":"GERO SHI","townEn":"KANAYAMACHO UNOHARA"},"5091603":{"prefectureJa":"岐阜県","cityJa":"下呂市","townJa":"金山町岩瀬","prefectureEn":"GIFU KEN","cityEn":"GERO SHI","townEn":"KANAYAMACHO IWASE"},"5091604":{"prefectureJa":"岐阜県","cityJa":"下呂市","townJa":"金山町東沓部","prefectureEn":"GIFU KEN","cityEn":"GERO SHI","townEn":"KANAYAMACHO HIGASHIKUTSUBE"},"5091605":{"prefectureJa":"岐阜県","cityJa":"下呂市","townJa":"金山町戸部","prefectureEn":"GIFU KEN","cityEn":"GERO SHI","townEn":"KANAYAMACHO TOBE"},"5091606":{"prefectureJa":"岐阜県","cityJa":"下呂市","townJa":"金山町祖師野","prefectureEn":"GIFU KEN","cityEn":"GERO SHI","townEn":"KANAYAMACHO SOSHINO"},"5091607":{"prefectureJa":"岐阜県","cityJa":"下呂市","townJa":"金山町乙原","prefectureEn":"GIFU KEN","cityEn":"GERO SHI","townEn":"KANAYAMACHO OPPARA"},"5091611":{"prefectureJa":"岐阜県","cityJa":"下呂市","townJa":"金山町中切","prefectureEn":"GIFU KEN","cityEn":"GERO SHI","townEn":"KANAYAMACHO NAKAGIRI"},"5091612":{"prefectureJa":"岐阜県","cityJa":"下呂市","townJa":"金山町福来","prefectureEn":"GIFU KEN","cityEn":"GERO SHI","townEn":"KANAYAMACHO FUKURAI"},"5091613":{"prefectureJa":"岐阜県","cityJa":"下呂市","townJa":"金山町中津原","prefectureEn":"GIFU KEN","cityEn":"GERO SHI","townEn":"KANAYAMACHO NAKATSUHARA"},"5091614":{"prefectureJa":"岐阜県","cityJa":"下呂市","townJa":"金山町大船渡","prefectureEn":"GIFU KEN","cityEn":"GERO SHI","townEn":"KANAYAMACHO OFUNATO"},"5091615":{"prefectureJa":"岐阜県","cityJa":"下呂市","townJa":"金山町田島","prefectureEn":"GIFU KEN","cityEn":"GERO SHI","townEn":"KANAYAMACHO TAJIMA"},"5091616":{"prefectureJa":"岐阜県","cityJa":"下呂市","townJa":"金山町下原町","prefectureEn":"GIFU KEN","cityEn":"GERO SHI","townEn":"KANAYAMACHO SHIMOHARAMACHI"},"5091621":{"prefectureJa":"岐阜県","cityJa":"下呂市","townJa":"金山町渡","prefectureEn":"GIFU KEN","cityEn":"GERO SHI","townEn":"KANAYAMACHO WATARI"},"5091622":{"prefectureJa":"岐阜県","cityJa":"下呂市","townJa":"金山町金山","prefectureEn":"GIFU KEN","cityEn":"GERO SHI","townEn":"KANAYAMACHO KANAYAMA"},"5091623":{"prefectureJa":"岐阜県","cityJa":"下呂市","townJa":"金山町菅田桐洞","prefectureEn":"GIFU KEN","cityEn":"GERO SHI","townEn":"KANAYAMACHO SUGATAKIRIHORA"},"5091624":{"prefectureJa":"岐阜県","cityJa":"下呂市","townJa":"金山町菅田笹洞","prefectureEn":"GIFU KEN","cityEn":"GERO SHI","townEn":"KANAYAMACHO SUGATASASAHORA"},"5092131":{"prefectureJa":"岐阜県","cityJa":"下呂市","townJa":"久野川","prefectureEn":"GIFU KEN","cityEn":"GERO SHI","townEn":"KUNOGAWA"},"5092132":{"prefectureJa":"岐阜県","cityJa":"下呂市","townJa":"火打","prefectureEn":"GIFU KEN","cityEn":"GERO SHI","townEn":"HIUCHI"},"5092133":{"prefectureJa":"岐阜県","cityJa":"下呂市","townJa":"和佐","prefectureEn":"GIFU KEN","cityEn":"GERO SHI","townEn":"WASA"},"5092134":{"prefectureJa":"岐阜県","cityJa":"下呂市","townJa":"焼石","prefectureEn":"GIFU KEN","cityEn":"GERO SHI","townEn":"YAKEISHI"},"5092135":{"prefectureJa":"岐阜県","cityJa":"下呂市","townJa":"三ツ渕","prefectureEn":"GIFU KEN","cityEn":"GERO SHI","townEn":"MITSUBUCHI"},"5092136":{"prefectureJa":"岐阜県","cityJa":"下呂市","townJa":"瀬戸","prefectureEn":"GIFU KEN","cityEn":"GERO SHI","townEn":"SETO"},"5092137":{"prefectureJa":"岐阜県","cityJa":"下呂市","townJa":"保井戸","prefectureEn":"GIFU KEN","cityEn":"GERO SHI","townEn":"HOIDO"},"5092138":{"prefectureJa":"岐阜県","cityJa":"下呂市","townJa":"門原","prefectureEn":"GIFU KEN","cityEn":"GERO SHI","townEn":"KADOHARA"},"5092200":{"prefectureJa":"岐阜県","cityJa":"下呂市","townJa":"以下に掲載がない場合","prefectureEn":"GIFU KEN","cityEn":"GERO SHI","townEn":"IKANIKEISAIGANAIBAAI"},"5092201":{"prefectureJa":"岐阜県","cityJa":"下呂市","townJa":"東上田","prefectureEn":"GIFU KEN","cityEn":"GERO SHI","townEn":"HIGASHIUEDA"},"5092202":{"prefectureJa":"岐阜県","cityJa":"下呂市","townJa":"森","prefectureEn":"GIFU KEN","cityEn":"GERO SHI","townEn":"MORI"},"5092203":{"prefectureJa":"岐阜県","cityJa":"下呂市","townJa":"小川","prefectureEn":"GIFU KEN","cityEn":"GERO SHI","townEn":"OGAWA"},"5092204":{"prefectureJa":"岐阜県","cityJa":"下呂市","townJa":"三原","prefectureEn":"GIFU KEN","cityEn":"GERO SHI","townEn":"SAMBARA"},"5092205":{"prefectureJa":"岐阜県","cityJa":"下呂市","townJa":"少ケ野","prefectureEn":"GIFU KEN","cityEn":"GERO SHI","townEn":"SHOGANO"},"5092206":{"prefectureJa":"岐阜県","cityJa":"下呂市","townJa":"幸田","prefectureEn":"GIFU KEN","cityEn":"GERO SHI","townEn":"KODEN"},"5092207":{"prefectureJa":"岐阜県","cityJa":"下呂市","townJa":"湯之島","prefectureEn":"GIFU KEN","cityEn":"GERO SHI","townEn":"YUNOSHIMA"},"5092311":{"prefectureJa":"岐阜県","cityJa":"下呂市","townJa":"乗政","prefectureEn":"GIFU KEN","cityEn":"GERO SHI","townEn":"NORIMASA"},"5092312":{"prefectureJa":"岐阜県","cityJa":"下呂市","townJa":"御厩野","prefectureEn":"GIFU KEN","cityEn":"GERO SHI","townEn":"MIMAYANO"},"5092313":{"prefectureJa":"岐阜県","cityJa":"下呂市","townJa":"野尻","prefectureEn":"GIFU KEN","cityEn":"GERO SHI","townEn":"NOJIRI"},"5092314":{"prefectureJa":"岐阜県","cityJa":"下呂市","townJa":"宮地","prefectureEn":"GIFU KEN","cityEn":"GERO SHI","townEn":"MIYAJI"},"5092421":{"prefectureJa":"岐阜県","cityJa":"下呂市","townJa":"夏焼","prefectureEn":"GIFU KEN","cityEn":"GERO SHI","townEn":"NATSUYAKE"},"5092422":{"prefectureJa":"岐阜県","cityJa":"下呂市","townJa":"田口","prefectureEn":"GIFU KEN","cityEn":"GERO SHI","townEn":"TAGUCHI"},"5092423":{"prefectureJa":"岐阜県","cityJa":"下呂市","townJa":"蛇之尾","prefectureEn":"GIFU KEN","cityEn":"GERO SHI","townEn":"HEBINO"},"5092424":{"prefectureJa":"岐阜県","cityJa":"下呂市","townJa":"門和佐","prefectureEn":"GIFU KEN","cityEn":"GERO SHI","townEn":"KADOWASA"},"5092501":{"prefectureJa":"岐阜県","cityJa":"下呂市","townJa":"萩原町山之口","prefectureEn":"GIFU KEN","cityEn":"GERO SHI","townEn":"HAGIWARACHO YAMANOKUCHI"},"5092502":{"prefectureJa":"岐阜県","cityJa":"下呂市","townJa":"萩原町四美","prefectureEn":"GIFU KEN","cityEn":"GERO SHI","townEn":"HAGIWARACHO SHIMI"},"5092503":{"prefectureJa":"岐阜県","cityJa":"下呂市","townJa":"萩原町西上田","prefectureEn":"GIFU KEN","cityEn":"GERO SHI","townEn":"HAGIWARACHO NISHIUEDA"},"5092504":{"prefectureJa":"岐阜県","cityJa":"下呂市","townJa":"萩原町跡津","prefectureEn":"GIFU KEN","cityEn":"GERO SHI","townEn":"HAGIWARACHO ATOTSU"},"5092505":{"prefectureJa":"岐阜県","cityJa":"下呂市","townJa":"萩原町古関","prefectureEn":"GIFU KEN","cityEn":"GERO SHI","townEn":"HAGIWARACHO FURUSEKI"},"5092506":{"prefectureJa":"岐阜県","cityJa":"下呂市","townJa":"萩原町羽根","prefectureEn":"GIFU KEN","cityEn":"GERO SHI","townEn":"HAGIWARACHO HANE"},"5092507":{"prefectureJa":"岐阜県","cityJa":"下呂市","townJa":"萩原町野上","prefectureEn":"GIFU KEN","cityEn":"GERO SHI","townEn":"HAGIWARACHO NOGAMI"},"5092508":{"prefectureJa":"岐阜県","cityJa":"下呂市","townJa":"萩原町尾崎","prefectureEn":"GIFU KEN","cityEn":"GERO SHI","townEn":"HAGIWARACHO OSAKI"},"5092511":{"prefectureJa":"岐阜県","cityJa":"下呂市","townJa":"萩原町宮田","prefectureEn":"GIFU KEN","cityEn":"GERO SHI","townEn":"HAGIWARACHO MIYADA"},"5092512":{"prefectureJa":"岐阜県","cityJa":"下呂市","townJa":"萩原町大ヶ洞","prefectureEn":"GIFU KEN","cityEn":"GERO SHI","townEn":"HAGIWARACHO OKAHORA"},"5092513":{"prefectureJa":"岐阜県","cityJa":"下呂市","townJa":"萩原町桜洞","prefectureEn":"GIFU KEN","cityEn":"GERO SHI","townEn":"HAGIWARACHO SAKURABORA"},"5092514":{"prefectureJa":"岐阜県","cityJa":"下呂市","townJa":"萩原町中呂","prefectureEn":"GIFU KEN","cityEn":"GERO SHI","townEn":"HAGIWARACHO CHURO"},"5092515":{"prefectureJa":"岐阜県","cityJa":"下呂市","townJa":"萩原町花池","prefectureEn":"GIFU KEN","cityEn":"GERO SHI","townEn":"HAGIWARACHO HANAIKE"},"5092516":{"prefectureJa":"岐阜県","cityJa":"下呂市","townJa":"萩原町上村","prefectureEn":"GIFU KEN","cityEn":"GERO SHI","townEn":"HAGIWARACHO UWAMURA"},"5092517":{"prefectureJa":"岐阜県","cityJa":"下呂市","townJa":"萩原町萩原","prefectureEn":"GIFU KEN","cityEn":"GERO SHI","townEn":"HAGIWARACHO HAGIWARA"},"5092518":{"prefectureJa":"岐阜県","cityJa":"下呂市","townJa":"萩原町上呂","prefectureEn":"GIFU KEN","cityEn":"GERO SHI","townEn":"HAGIWARACHO JORO"},"5092519":{"prefectureJa":"岐阜県","cityJa":"下呂市","townJa":"萩原町奥田洞","prefectureEn":"GIFU KEN","cityEn":"GERO SHI","townEn":"HAGIWARACHO OKUDABORA"},"5092601":{"prefectureJa":"岐阜県","cityJa":"下呂市","townJa":"馬瀬川上","prefectureEn":"GIFU KEN","cityEn":"GERO SHI","townEn":"MAZE KAORE"},"5092602":{"prefectureJa":"岐阜県","cityJa":"下呂市","townJa":"馬瀬黒石","prefectureEn":"GIFU KEN","cityEn":"GERO SHI","townEn":"MAZE KUROISHI"},"5092603":{"prefectureJa":"岐阜県","cityJa":"下呂市","townJa":"馬瀬数河","prefectureEn":"GIFU KEN","cityEn":"GERO SHI","townEn":"MAZE SUGO"},"5092604":{"prefectureJa":"岐阜県","cityJa":"下呂市","townJa":"馬瀬中切","prefectureEn":"GIFU KEN","cityEn":"GERO SHI","townEn":"MAZE NAKAGIRI"},"5092611":{"prefectureJa":"岐阜県","cityJa":"下呂市","townJa":"馬瀬堀之内","prefectureEn":"GIFU KEN","cityEn":"GERO SHI","townEn":"MAZE HORINOCHI"},"5092612":{"prefectureJa":"岐阜県","cityJa":"下呂市","townJa":"馬瀬名丸","prefectureEn":"GIFU KEN","cityEn":"GERO SHI","townEn":"MAZE NAMARU"},"5092613":{"prefectureJa":"岐阜県","cityJa":"下呂市","townJa":"馬瀬井谷","prefectureEn":"GIFU KEN","cityEn":"GERO SHI","townEn":"MAZE IDANI"},"5092614":{"prefectureJa":"岐阜県","cityJa":"下呂市","townJa":"馬瀬惣島","prefectureEn":"GIFU KEN","cityEn":"GERO SHI","townEn":"MAZE SOJIMA"},"5092615":{"prefectureJa":"岐阜県","cityJa":"下呂市","townJa":"馬瀬西村","prefectureEn":"GIFU KEN","cityEn":"GERO SHI","townEn":"MAZE NISHIMURA"},"5092701":{"prefectureJa":"岐阜県","cityJa":"高山市","townJa":"清見町楢谷","prefectureEn":"GIFU KEN","cityEn":"TAKAYAMA SHI","townEn":"KIYOMICHO NARADANI"},"5092702":{"prefectureJa":"岐阜県","cityJa":"高山市","townJa":"清見町大原","prefectureEn":"GIFU KEN","cityEn":"TAKAYAMA SHI","townEn":"KIYOMICHO OPPARA"},"5093101":{"prefectureJa":"岐阜県","cityJa":"下呂市","townJa":"小坂町岩崎","prefectureEn":"GIFU KEN","cityEn":"GERO SHI","townEn":"OSAKACHO IWASAKI"},"5093102":{"prefectureJa":"岐阜県","cityJa":"下呂市","townJa":"小坂町門坂","prefectureEn":"GIFU KEN","cityEn":"GERO SHI","townEn":"OSAKACHO KADOSAKA"},"5093103":{"prefectureJa":"岐阜県","cityJa":"下呂市","townJa":"小坂町大垣内","prefectureEn":"GIFU KEN","cityEn":"GERO SHI","townEn":"OSAKACHO OGAITO"},"5093104":{"prefectureJa":"岐阜県","cityJa":"下呂市","townJa":"小坂町小坂町","prefectureEn":"GIFU KEN","cityEn":"GERO SHI","townEn":"OSAKACHO OSAKAMACHI"},"5093105":{"prefectureJa":"岐阜県","cityJa":"下呂市","townJa":"小坂町坂下","prefectureEn":"GIFU KEN","cityEn":"GERO SHI","townEn":"OSAKACHO SAKORE"},"5093106":{"prefectureJa":"岐阜県","cityJa":"下呂市","townJa":"小坂町大島","prefectureEn":"GIFU KEN","cityEn":"GERO SHI","townEn":"OSAKACHO OSHIMA"},"5093107":{"prefectureJa":"岐阜県","cityJa":"下呂市","townJa":"小坂町無数原","prefectureEn":"GIFU KEN","cityEn":"GERO SHI","townEn":"OSAKACHO MUSUBARA"},"5093111":{"prefectureJa":"岐阜県","cityJa":"下呂市","townJa":"小坂町落合","prefectureEn":"GIFU KEN","cityEn":"GERO SHI","townEn":"OSAKACHO OCHIAI"},"5093112":{"prefectureJa":"岐阜県","cityJa":"下呂市","townJa":"小坂町大洞","prefectureEn":"GIFU KEN","cityEn":"GERO SHI","townEn":"OSAKACHO OBORA"},"5093113":{"prefectureJa":"岐阜県","cityJa":"下呂市","townJa":"小坂町湯屋","prefectureEn":"GIFU KEN","cityEn":"GERO SHI","townEn":"OSAKACHO YUYA"},"5093114":{"prefectureJa":"岐阜県","cityJa":"下呂市","townJa":"小坂町赤沼田","prefectureEn":"GIFU KEN","cityEn":"GERO SHI","townEn":"OSAKACHO AKANTA"},"5093115":{"prefectureJa":"岐阜県","cityJa":"下呂市","townJa":"小坂町長瀬","prefectureEn":"GIFU KEN","cityEn":"GERO SHI","townEn":"OSAKACHO NAGASE"},"5093201":{"prefectureJa":"岐阜県","cityJa":"高山市","townJa":"久々野町大西","prefectureEn":"GIFU KEN","cityEn":"TAKAYAMA SHI","townEn":"KUGUNOCHO ONISHI"},"5093202":{"prefectureJa":"岐阜県","cityJa":"高山市","townJa":"久々野町小屋名","prefectureEn":"GIFU KEN","cityEn":"TAKAYAMA SHI","townEn":"KUGUNOCHO KOYANA"},"5093203":{"prefectureJa":"岐阜県","cityJa":"高山市","townJa":"久々野町柳島","prefectureEn":"GIFU KEN","cityEn":"TAKAYAMA SHI","townEn":"KUGUNOCHO YANAJIMA"},"5093204":{"prefectureJa":"岐阜県","cityJa":"高山市","townJa":"久々野町久須母","prefectureEn":"GIFU KEN","cityEn":"TAKAYAMA SHI","townEn":"KUGUNOCHO KUSUMO"},"5093205":{"prefectureJa":"岐阜県","cityJa":"高山市","townJa":"久々野町久々野","prefectureEn":"GIFU KEN","cityEn":"TAKAYAMA SHI","townEn":"KUGUNOCHO KUGUNO"},"5093206":{"prefectureJa":"岐阜県","cityJa":"高山市","townJa":"久々野町山梨","prefectureEn":"GIFU KEN","cityEn":"TAKAYAMA SHI","townEn":"KUGUNOCHO YAMANASHI"},"5093207":{"prefectureJa":"岐阜県","cityJa":"高山市","townJa":"久々野町辻","prefectureEn":"GIFU KEN","cityEn":"TAKAYAMA SHI","townEn":"KUGUNOCHO TSUJI"},"5093211":{"prefectureJa":"岐阜県","cityJa":"高山市","townJa":"久々野町小坊","prefectureEn":"GIFU KEN","cityEn":"TAKAYAMA SHI","townEn":"KUGUNOCHO KOBO"},"5093212":{"prefectureJa":"岐阜県","cityJa":"高山市","townJa":"久々野町阿多粕","prefectureEn":"GIFU KEN","cityEn":"TAKAYAMA SHI","townEn":"KUGUNOCHO ATAGASU"},"5093213":{"prefectureJa":"岐阜県","cityJa":"高山市","townJa":"久々野町渚","prefectureEn":"GIFU KEN","cityEn":"TAKAYAMA SHI","townEn":"KUGUNOCHO NAGISA"},"5093214":{"prefectureJa":"岐阜県","cityJa":"高山市","townJa":"久々野町無数河","prefectureEn":"GIFU KEN","cityEn":"TAKAYAMA SHI","townEn":"KUGUNOCHO MUSUGO"},"5093215":{"prefectureJa":"岐阜県","cityJa":"高山市","townJa":"久々野町引下","prefectureEn":"GIFU KEN","cityEn":"TAKAYAMA SHI","townEn":"KUGUNOCHO HIKISAGE"},"5093216":{"prefectureJa":"岐阜県","cityJa":"高山市","townJa":"久々野町木賊洞","prefectureEn":"GIFU KEN","cityEn":"TAKAYAMA SHI","townEn":"KUGUNOCHO TOKUSABORA"},"5093217":{"prefectureJa":"岐阜県","cityJa":"高山市","townJa":"久々野町長淀","prefectureEn":"GIFU KEN","cityEn":"TAKAYAMA SHI","townEn":"KUGUNOCHO NAGATORO"},"5093218":{"prefectureJa":"岐阜県","cityJa":"高山市","townJa":"久々野町有道","prefectureEn":"GIFU KEN","cityEn":"TAKAYAMA SHI","townEn":"KUGUNOCHO UTO"},"5093301":{"prefectureJa":"岐阜県","cityJa":"高山市","townJa":"朝日町青屋","prefectureEn":"GIFU KEN","cityEn":"TAKAYAMA SHI","townEn":"ASAHICHO AOYA"},"5093302":{"prefectureJa":"岐阜県","cityJa":"高山市","townJa":"朝日町寺附","prefectureEn":"GIFU KEN","cityEn":"TAKAYAMA SHI","townEn":"ASAHICHO TERAZUKI"},"5093303":{"prefectureJa":"岐阜県","cityJa":"高山市","townJa":"朝日町浅井","prefectureEn":"GIFU KEN","cityEn":"TAKAYAMA SHI","townEn":"ASAHICHO ASAI"},"5093304":{"prefectureJa":"岐阜県","cityJa":"高山市","townJa":"朝日町立岩","prefectureEn":"GIFU KEN","cityEn":"TAKAYAMA SHI","townEn":"ASAHICHO TATEIWA"},"5093305":{"prefectureJa":"岐阜県","cityJa":"高山市","townJa":"朝日町小瀬","prefectureEn":"GIFU KEN","cityEn":"TAKAYAMA SHI","townEn":"ASAHICHO KOSE"},"5093306":{"prefectureJa":"岐阜県","cityJa":"高山市","townJa":"朝日町見座","prefectureEn":"GIFU KEN","cityEn":"TAKAYAMA SHI","townEn":"ASAHICHO MIZA"},"5093311":{"prefectureJa":"岐阜県","cityJa":"高山市","townJa":"朝日町一之宿","prefectureEn":"GIFU KEN","cityEn":"TAKAYAMA SHI","townEn":"ASAHICHO ICHINOSHUKU"},"5093312":{"prefectureJa":"岐阜県","cityJa":"高山市","townJa":"朝日町桑之島","prefectureEn":"GIFU KEN","cityEn":"TAKAYAMA SHI","townEn":"ASAHICHO KUWANOSHIMA"},"5093313":{"prefectureJa":"岐阜県","cityJa":"高山市","townJa":"朝日町胡桃島","prefectureEn":"GIFU KEN","cityEn":"TAKAYAMA SHI","townEn":"ASAHICHO KURUMISHIMA"},"5093314":{"prefectureJa":"岐阜県","cityJa":"高山市","townJa":"朝日町西洞（スズラン高原）","prefectureEn":"GIFU KEN","cityEn":"TAKAYAMA SHI","townEn":"ASAHICHO NISHIBORA(SUZURANKOGEN)"},"5093315":{"prefectureJa":"岐阜県","cityJa":"高山市","townJa":"朝日町宮之前","prefectureEn":"GIFU KEN","cityEn":"TAKAYAMA SHI","townEn":"ASAHICHO MIYANOMAE"},"5093316":{"prefectureJa":"岐阜県","cityJa":"高山市","townJa":"朝日町黍生谷","prefectureEn":"GIFU KEN","cityEn":"TAKAYAMA SHI","townEn":"ASAHICHO KIBYUDANI"},"5093317":{"prefectureJa":"岐阜県","cityJa":"高山市","townJa":"朝日町小瀬ケ洞","prefectureEn":"GIFU KEN","cityEn":"TAKAYAMA SHI","townEn":"ASAHICHO KOSEGAHORA"},"5093321":{"prefectureJa":"岐阜県","cityJa":"高山市","townJa":"朝日町黒川","prefectureEn":"GIFU KEN","cityEn":"TAKAYAMA SHI","townEn":"ASAHICHO KUROKAWA"},"5093322":{"prefectureJa":"岐阜県","cityJa":"高山市","townJa":"朝日町大廣","prefectureEn":"GIFU KEN","cityEn":"TAKAYAMA SHI","townEn":"ASAHICHO OHIRO"},"5093323":{"prefectureJa":"岐阜県","cityJa":"高山市","townJa":"朝日町寺澤","prefectureEn":"GIFU KEN","cityEn":"TAKAYAMA SHI","townEn":"ASAHICHO TERAZAWA"},"5093324":{"prefectureJa":"岐阜県","cityJa":"高山市","townJa":"朝日町上ケ見","prefectureEn":"GIFU KEN","cityEn":"TAKAYAMA SHI","townEn":"ASAHICHO AGEMI"},"5093325":{"prefectureJa":"岐阜県","cityJa":"高山市","townJa":"朝日町万石","prefectureEn":"GIFU KEN","cityEn":"TAKAYAMA SHI","townEn":"ASAHICHO MANGOKU"},"5093326":{"prefectureJa":"岐阜県","cityJa":"高山市","townJa":"朝日町甲","prefectureEn":"GIFU KEN","cityEn":"TAKAYAMA SHI","townEn":"ASAHICHO KABUTO"},"5093327":{"prefectureJa":"岐阜県","cityJa":"高山市","townJa":"朝日町小谷","prefectureEn":"GIFU KEN","cityEn":"TAKAYAMA SHI","townEn":"ASAHICHO KODANI"},"5093401":{"prefectureJa":"岐阜県","cityJa":"高山市","townJa":"高根町阿多野郷","prefectureEn":"GIFU KEN","cityEn":"TAKAYAMA SHI","townEn":"TAKANEMACHI ATANOGO"},"5093402":{"prefectureJa":"岐阜県","cityJa":"高山市","townJa":"高根町野麦","prefectureEn":"GIFU KEN","cityEn":"TAKAYAMA SHI","townEn":"TAKANEMACHI NOMUGI"},"5093403":{"prefectureJa":"岐阜県","cityJa":"高山市","townJa":"高根町日和田","prefectureEn":"GIFU KEN","cityEn":"TAKAYAMA SHI","townEn":"TAKANEMACHI HIWADA"},"5093404":{"prefectureJa":"岐阜県","cityJa":"高山市","townJa":"高根町小日和田","prefectureEn":"GIFU KEN","cityEn":"TAKAYAMA SHI","townEn":"TAKANEMACHI KOHIWADA"},"5093405":{"prefectureJa":"岐阜県","cityJa":"高山市","townJa":"高根町留之原","prefectureEn":"GIFU KEN","cityEn":"TAKAYAMA SHI","townEn":"TAKANEMACHI TOMENOHARA"},"5093411":{"prefectureJa":"岐阜県","cityJa":"高山市","townJa":"高根町上ケ洞","prefectureEn":"GIFU KEN","cityEn":"TAKAYAMA SHI","townEn":"TAKANEMACHI KAMIGAHORA"},"5093412":{"prefectureJa":"岐阜県","cityJa":"高山市","townJa":"高根町大古井","prefectureEn":"GIFU KEN","cityEn":"TAKAYAMA SHI","townEn":"TAKANEMACHI OBURUI"},"5093413":{"prefectureJa":"岐阜県","cityJa":"高山市","townJa":"高根町下之向","prefectureEn":"GIFU KEN","cityEn":"TAKAYAMA SHI","townEn":"TAKANEMACHI SHIMONOMUKAI"},"5093414":{"prefectureJa":"岐阜県","cityJa":"高山市","townJa":"高根町中之宿","prefectureEn":"GIFU KEN","cityEn":"TAKAYAMA SHI","townEn":"TAKANEMACHI NAKANOSHUKU"},"5093415":{"prefectureJa":"岐阜県","cityJa":"高山市","townJa":"高根町猪之鼻","prefectureEn":"GIFU KEN","cityEn":"TAKAYAMA SHI","townEn":"TAKANEMACHI INOHANA"},"5093416":{"prefectureJa":"岐阜県","cityJa":"高山市","townJa":"高根町中洞","prefectureEn":"GIFU KEN","cityEn":"TAKAYAMA SHI","townEn":"TAKANEMACHI NAKABORA"},"5093417":{"prefectureJa":"岐阜県","cityJa":"高山市","townJa":"高根町池ケ洞","prefectureEn":"GIFU KEN","cityEn":"TAKAYAMA SHI","townEn":"TAKANEMACHI IKEGAHORA"},"5093418":{"prefectureJa":"岐阜県","cityJa":"高山市","townJa":"高根町黍生","prefectureEn":"GIFU KEN","cityEn":"TAKAYAMA SHI","townEn":"TAKANEMACHI KIBYU"},"5093419":{"prefectureJa":"岐阜県","cityJa":"高山市","townJa":"高根町日影","prefectureEn":"GIFU KEN","cityEn":"TAKAYAMA SHI","townEn":"TAKANEMACHI HIKAGE"},"5093505":{"prefectureJa":"岐阜県","cityJa":"高山市","townJa":"一之宮町","prefectureEn":"GIFU KEN","cityEn":"TAKAYAMA SHI","townEn":"ICHINOMIYAMACHI"},"5094101":{"prefectureJa":"岐阜県","cityJa":"高山市","townJa":"国府町桐谷","prefectureEn":"GIFU KEN","cityEn":"TAKAYAMA SHI","townEn":"KOKUFUCHO KIRIDANI"},"5094102":{"prefectureJa":"岐阜県","cityJa":"高山市","townJa":"国府町八日町","prefectureEn":"GIFU KEN","cityEn":"TAKAYAMA SHI","townEn":"KOKUFUCHO YOKAMACHI"},"5094103":{"prefectureJa":"岐阜県","cityJa":"高山市","townJa":"国府町宮地","prefectureEn":"GIFU KEN","cityEn":"TAKAYAMA SHI","townEn":"KOKUFUCHO MIYAJI"},"5094104":{"prefectureJa":"岐阜県","cityJa":"高山市","townJa":"国府町今","prefectureEn":"GIFU KEN","cityEn":"TAKAYAMA SHI","townEn":"KOKUFUCHO IMA"},"5094105":{"prefectureJa":"岐阜県","cityJa":"高山市","townJa":"国府町蓑輪","prefectureEn":"GIFU KEN","cityEn":"TAKAYAMA SHI","townEn":"KOKUFUCHO MINOWA"},"5094106":{"prefectureJa":"岐阜県","cityJa":"高山市","townJa":"国府町漆垣内","prefectureEn":"GIFU KEN","cityEn":"TAKAYAMA SHI","townEn":"KOKUFUCHO URUSHIGAITO"},"5094107":{"prefectureJa":"岐阜県","cityJa":"高山市","townJa":"国府町西門前","prefectureEn":"GIFU KEN","cityEn":"TAKAYAMA SHI","townEn":"KOKUFUCHO NISHIMONZEN"},"5094108":{"prefectureJa":"岐阜県","cityJa":"高山市","townJa":"国府町東門前","prefectureEn":"GIFU KEN","cityEn":"TAKAYAMA SHI","townEn":"KOKUFUCHO HIGASHIMONZEN"},"5094111":{"prefectureJa":"岐阜県","cityJa":"高山市","townJa":"国府町山本","prefectureEn":"GIFU KEN","cityEn":"TAKAYAMA SHI","townEn":"KOKUFUCHO YAMAMOTO"},"5094112":{"prefectureJa":"岐阜県","cityJa":"高山市","townJa":"国府町鶴巣","prefectureEn":"GIFU KEN","cityEn":"TAKAYAMA SHI","townEn":"KOKUFUCHO TSURUSU"},"5094113":{"prefectureJa":"岐阜県","cityJa":"高山市","townJa":"国府町木曽垣内","prefectureEn":"GIFU KEN","cityEn":"TAKAYAMA SHI","townEn":"KOKUFUCHO KISOGAITO"},"5094114":{"prefectureJa":"岐阜県","cityJa":"高山市","townJa":"国府町半田","prefectureEn":"GIFU KEN","cityEn":"TAKAYAMA SHI","townEn":"KOKUFUCHO HANDA"},"5094115":{"prefectureJa":"岐阜県","cityJa":"高山市","townJa":"国府町三日町","prefectureEn":"GIFU KEN","cityEn":"TAKAYAMA SHI","townEn":"KOKUFUCHO MIKKAMACHI"},"5094116":{"prefectureJa":"岐阜県","cityJa":"高山市","townJa":"国府町上広瀬","prefectureEn":"GIFU KEN","cityEn":"TAKAYAMA SHI","townEn":"KOKUFUCHO KAMIHIROSE"},"5094117":{"prefectureJa":"岐阜県","cityJa":"高山市","townJa":"国府町三川","prefectureEn":"GIFU KEN","cityEn":"TAKAYAMA SHI","townEn":"KOKUFUCHO SANGAWA"},"5094119":{"prefectureJa":"岐阜県","cityJa":"高山市","townJa":"国府町広瀬町（桜野）","prefectureEn":"GIFU KEN","cityEn":"TAKAYAMA SHI","townEn":"KOKUFUCHO HIROSEMACHI(SAKURANO)"},"5094121":{"prefectureJa":"岐阜県","cityJa":"高山市","townJa":"国府町宇津江","prefectureEn":"GIFU KEN","cityEn":"TAKAYAMA SHI","townEn":"KOKUFUCHO UTSUE"},"5094122":{"prefectureJa":"岐阜県","cityJa":"高山市","townJa":"国府町名張","prefectureEn":"GIFU KEN","cityEn":"TAKAYAMA SHI","townEn":"KOKUFUCHO NABARI"},"5094123":{"prefectureJa":"岐阜県","cityJa":"高山市","townJa":"国府町金桶","prefectureEn":"GIFU KEN","cityEn":"TAKAYAMA SHI","townEn":"KOKUFUCHO KANEOKE"},"5094124":{"prefectureJa":"岐阜県","cityJa":"高山市","townJa":"国府町村山","prefectureEn":"GIFU KEN","cityEn":"TAKAYAMA SHI","townEn":"KOKUFUCHO MURAYAMA"},"5094125":{"prefectureJa":"岐阜県","cityJa":"高山市","townJa":"国府町糠塚","prefectureEn":"GIFU KEN","cityEn":"TAKAYAMA SHI","townEn":"KOKUFUCHO NUKAZUKA"},"5094126":{"prefectureJa":"岐阜県","cityJa":"高山市","townJa":"国府町瓜巣","prefectureEn":"GIFU KEN","cityEn":"TAKAYAMA SHI","townEn":"KOKUFUCHO URISU"},"5094201":{"prefectureJa":"岐阜県","cityJa":"飛騨市","townJa":"古川町数河","prefectureEn":"GIFU KEN","cityEn":"HIDA SHI","townEn":"FURUKAWACHO SUGO"},"5094202":{"prefectureJa":"岐阜県","cityJa":"飛騨市","townJa":"古川町戸市","prefectureEn":"GIFU KEN","cityEn":"HIDA SHI","townEn":"FURUKAWACHO TOICHI"},"5094203":{"prefectureJa":"岐阜県","cityJa":"飛騨市","townJa":"古川町袈裟丸","prefectureEn":"GIFU KEN","cityEn":"HIDA SHI","townEn":"FURUKAWACHO KESAMARU"},"5094204":{"prefectureJa":"岐阜県","cityJa":"飛騨市","townJa":"古川町野口","prefectureEn":"GIFU KEN","cityEn":"HIDA SHI","townEn":"FURUKAWACHO NOGUCHI"},"5094205":{"prefectureJa":"岐阜県","cityJa":"飛騨市","townJa":"古川町末真","prefectureEn":"GIFU KEN","cityEn":"HIDA SHI","townEn":"FURUKAWACHO SUEZANE"},"5094211":{"prefectureJa":"岐阜県","cityJa":"飛騨市","townJa":"古川町太江","prefectureEn":"GIFU KEN","cityEn":"HIDA SHI","townEn":"FURUKAWACHO TAIE"},"5094212":{"prefectureJa":"岐阜県","cityJa":"飛騨市","townJa":"古川町上気多","prefectureEn":"GIFU KEN","cityEn":"HIDA SHI","townEn":"FURUKAWACHO KAMIKITA"},"5094213":{"prefectureJa":"岐阜県","cityJa":"飛騨市","townJa":"古川町下気多","prefectureEn":"GIFU KEN","cityEn":"HIDA SHI","townEn":"FURUKAWACHO SHIMOKITA"},"5094214":{"prefectureJa":"岐阜県","cityJa":"飛騨市","townJa":"古川町沼町","prefectureEn":"GIFU KEN","cityEn":"HIDA SHI","townEn":"FURUKAWACHO NUMAMACHI"},"5094215":{"prefectureJa":"岐阜県","cityJa":"飛騨市","townJa":"古川町杉崎","prefectureEn":"GIFU KEN","cityEn":"HIDA SHI","townEn":"FURUKAWACHO SUGISAKI"},"5094221":{"prefectureJa":"岐阜県","cityJa":"飛騨市","townJa":"古川町若宮","prefectureEn":"GIFU KEN","cityEn":"HIDA SHI","townEn":"FURUKAWACHO WAKAMIYA"},"5094222":{"prefectureJa":"岐阜県","cityJa":"飛騨市","townJa":"古川町片原町","prefectureEn":"GIFU KEN","cityEn":"HIDA SHI","townEn":"FURUKAWACHO KATAHARACHO"},"5094223":{"prefectureJa":"岐阜県","cityJa":"飛騨市","townJa":"古川町東町","prefectureEn":"GIFU KEN","cityEn":"HIDA SHI","townEn":"FURUKAWACHO HIGASHIMACHI"},"5094224":{"prefectureJa":"岐阜県","cityJa":"飛騨市","townJa":"古川町殿町","prefectureEn":"GIFU KEN","cityEn":"HIDA SHI","townEn":"FURUKAWACHO TONOMACHI"},"5094225":{"prefectureJa":"岐阜県","cityJa":"飛騨市","townJa":"古川町金森町","prefectureEn":"GIFU KEN","cityEn":"HIDA SHI","townEn":"FURUKAWACHO KANAMORICHO"},"5094231":{"prefectureJa":"岐阜県","cityJa":"飛騨市","townJa":"古川町新栄町","prefectureEn":"GIFU KEN","cityEn":"HIDA SHI","townEn":"FURUKAWACHO SHINSAKAEMACHI"},"5094232":{"prefectureJa":"岐阜県","cityJa":"飛騨市","townJa":"古川町本町","prefectureEn":"GIFU KEN","cityEn":"HIDA SHI","townEn":"FURUKAWACHO HOMMACHI"},"5094233":{"prefectureJa":"岐阜県","cityJa":"飛騨市","townJa":"古川町末広町","prefectureEn":"GIFU KEN","cityEn":"HIDA SHI","townEn":"FURUKAWACHO SUEHIROCHO"},"5094234":{"prefectureJa":"岐阜県","cityJa":"飛騨市","townJa":"古川町壱之町","prefectureEn":"GIFU KEN","cityEn":"HIDA SHI","townEn":"FURUKAWACHO ICHINOMACHI"},"5094235":{"prefectureJa":"岐阜県","cityJa":"飛騨市","townJa":"古川町弐之町","prefectureEn":"GIFU KEN","cityEn":"HIDA SHI","townEn":"FURUKAWACHO NINOMACHI"},"5094236":{"prefectureJa":"岐阜県","cityJa":"飛騨市","townJa":"古川町三之町","prefectureEn":"GIFU KEN","cityEn":"HIDA SHI","townEn":"FURUKAWACHO SANNOMACHI"},"5094237":{"prefectureJa":"岐阜県","cityJa":"飛騨市","townJa":"古川町栄","prefectureEn":"GIFU KEN","cityEn":"HIDA SHI","townEn":"FURUKAWACHO SAKAE"},"5094241":{"prefectureJa":"岐阜県","cityJa":"飛騨市","townJa":"古川町向町","prefectureEn":"GIFU KEN","cityEn":"HIDA SHI","townEn":"FURUKAWACHO MUKAIMACHI"},"5094242":{"prefectureJa":"岐阜県","cityJa":"飛騨市","townJa":"古川町増島町","prefectureEn":"GIFU KEN","cityEn":"HIDA SHI","townEn":"FURUKAWACHO MASUSHIMACHO"},"5094243":{"prefectureJa":"岐阜県","cityJa":"飛騨市","townJa":"古川町貴船町","prefectureEn":"GIFU KEN","cityEn":"HIDA SHI","townEn":"FURUKAWACHO KIFUNECHO"},"5094244":{"prefectureJa":"岐阜県","cityJa":"飛騨市","townJa":"古川町是重","prefectureEn":"GIFU KEN","cityEn":"HIDA SHI","townEn":"FURUKAWACHO KORESHIGE"},"5094245":{"prefectureJa":"岐阜県","cityJa":"飛騨市","townJa":"古川町幸栄町","prefectureEn":"GIFU KEN","cityEn":"HIDA SHI","townEn":"FURUKAWACHO KOEICHO"},"5094251":{"prefectureJa":"岐阜県","cityJa":"飛騨市","townJa":"古川町宮城町","prefectureEn":"GIFU KEN","cityEn":"HIDA SHI","townEn":"FURUKAWACHO MIYAGICHO"},"5094252":{"prefectureJa":"岐阜県","cityJa":"飛騨市","townJa":"古川町朝開町","prefectureEn":"GIFU KEN","cityEn":"HIDA SHI","townEn":"FURUKAWACHO ASABIRAKIMACHI"},"5094253":{"prefectureJa":"岐阜県","cityJa":"飛騨市","townJa":"古川町南成町","prefectureEn":"GIFU KEN","cityEn":"HIDA SHI","townEn":"FURUKAWACHO NANSEICHO"},"5094254":{"prefectureJa":"岐阜県","cityJa":"飛騨市","townJa":"古川町上町","prefectureEn":"GIFU KEN","cityEn":"HIDA SHI","townEn":"FURUKAWACHO KAMMACHI"},"5094255":{"prefectureJa":"岐阜県","cityJa":"飛騨市","townJa":"古川町大野町","prefectureEn":"GIFU KEN","cityEn":"HIDA SHI","townEn":"FURUKAWACHO ONOCHO"},"5094256":{"prefectureJa":"岐阜県","cityJa":"飛騨市","townJa":"古川町高野","prefectureEn":"GIFU KEN","cityEn":"HIDA SHI","townEn":"FURUKAWACHO TAKANO"},"5094261":{"prefectureJa":"岐阜県","cityJa":"飛騨市","townJa":"古川町下野","prefectureEn":"GIFU KEN","cityEn":"HIDA SHI","townEn":"FURUKAWACHO SHIMONO"},"5094262":{"prefectureJa":"岐阜県","cityJa":"飛騨市","townJa":"古川町中野","prefectureEn":"GIFU KEN","cityEn":"HIDA SHI","townEn":"FURUKAWACHO NAKANO"},"5094263":{"prefectureJa":"岐阜県","cityJa":"飛騨市","townJa":"古川町上野","prefectureEn":"GIFU KEN","cityEn":"HIDA SHI","townEn":"FURUKAWACHO KAMINO"},"5094264":{"prefectureJa":"岐阜県","cityJa":"飛騨市","townJa":"古川町平岩","prefectureEn":"GIFU KEN","cityEn":"HIDA SHI","townEn":"FURUKAWACHO HIRAIWA"},"5094265":{"prefectureJa":"岐阜県","cityJa":"飛騨市","townJa":"古川町畦畑","prefectureEn":"GIFU KEN","cityEn":"HIDA SHI","townEn":"FURUKAWACHO UNEHATA"},"5094271":{"prefectureJa":"岐阜県","cityJa":"飛騨市","townJa":"古川町谷","prefectureEn":"GIFU KEN","cityEn":"HIDA SHI","townEn":"FURUKAWACHO TANI"},"5094272":{"prefectureJa":"岐阜県","cityJa":"飛騨市","townJa":"古川町信包","prefectureEn":"GIFU KEN","cityEn":"HIDA SHI","townEn":"FURUKAWACHO NOBUKA"},"5094273":{"prefectureJa":"岐阜県","cityJa":"飛騨市","townJa":"古川町寺地","prefectureEn":"GIFU KEN","cityEn":"HIDA SHI","townEn":"FURUKAWACHO TERAJI"},"5094274":{"prefectureJa":"岐阜県","cityJa":"飛騨市","townJa":"古川町笹ケ洞","prefectureEn":"GIFU KEN","cityEn":"HIDA SHI","townEn":"FURUKAWACHO SASAGAHORA"},"5094275":{"prefectureJa":"岐阜県","cityJa":"飛騨市","townJa":"古川町黒内","prefectureEn":"GIFU KEN","cityEn":"HIDA SHI","townEn":"FURUKAWACHO KUROCHI"},"5094301":{"prefectureJa":"岐阜県","cityJa":"飛騨市","townJa":"河合町角川","prefectureEn":"GIFU KEN","cityEn":"HIDA SHI","townEn":"KAWAICHO TSUNOGAWA"},"5094302":{"prefectureJa":"岐阜県","cityJa":"飛騨市","townJa":"河合町小無雁","prefectureEn":"GIFU KEN","cityEn":"HIDA SHI","townEn":"KAWAICHO KOMUKARI"},"5094303":{"prefectureJa":"岐阜県","cityJa":"飛騨市","townJa":"河合町有家","prefectureEn":"GIFU KEN","cityEn":"HIDA SHI","townEn":"KAWAICHO UKE"},"5094304":{"prefectureJa":"岐阜県","cityJa":"飛騨市","townJa":"河合町羽根","prefectureEn":"GIFU KEN","cityEn":"HIDA SHI","townEn":"KAWAICHO HANE"},"5094305":{"prefectureJa":"岐阜県","cityJa":"飛騨市","townJa":"河合町保木林","prefectureEn":"GIFU KEN","cityEn":"HIDA SHI","townEn":"KAWAICHO HOKIBAYASHI"},"5094306":{"prefectureJa":"岐阜県","cityJa":"飛騨市","townJa":"河合町中沢上","prefectureEn":"GIFU KEN","cityEn":"HIDA SHI","townEn":"KAWAICHO NAKAZORE"},"5094311":{"prefectureJa":"岐阜県","cityJa":"飛騨市","townJa":"河合町大谷","prefectureEn":"GIFU KEN","cityEn":"HIDA SHI","townEn":"KAWAICHO OTANI"},"5094312":{"prefectureJa":"岐阜県","cityJa":"飛騨市","townJa":"河合町稲越","prefectureEn":"GIFU KEN","cityEn":"HIDA SHI","townEn":"KAWAICHO INAGOE"},"5094313":{"prefectureJa":"岐阜県","cityJa":"飛騨市","townJa":"河合町保","prefectureEn":"GIFU KEN","cityEn":"HIDA SHI","townEn":"KAWAICHO HO"},"5094314":{"prefectureJa":"岐阜県","cityJa":"飛騨市","townJa":"河合町月ケ瀬","prefectureEn":"GIFU KEN","cityEn":"HIDA SHI","townEn":"KAWAICHO TSUKIGASE"},"5094315":{"prefectureJa":"岐阜県","cityJa":"飛騨市","townJa":"河合町天生","prefectureEn":"GIFU KEN","cityEn":"HIDA SHI","townEn":"KAWAICHO AMO"},"5094316":{"prefectureJa":"岐阜県","cityJa":"飛騨市","townJa":"河合町元田","prefectureEn":"GIFU KEN","cityEn":"HIDA SHI","townEn":"KAWAICHO GENDA"},"5094317":{"prefectureJa":"岐阜県","cityJa":"飛騨市","townJa":"河合町上ケ島","prefectureEn":"GIFU KEN","cityEn":"HIDA SHI","townEn":"KAWAICHO JOGASHIMA"},"5094318":{"prefectureJa":"岐阜県","cityJa":"飛騨市","townJa":"河合町新名","prefectureEn":"GIFU KEN","cityEn":"HIDA SHI","townEn":"KAWAICHO SHIMMYO"},"5094401":{"prefectureJa":"岐阜県","cityJa":"飛騨市","townJa":"宮川町菅沼","prefectureEn":"GIFU KEN","cityEn":"HIDA SHI","townEn":"MIYAGAWACHO SUGANUMA"},"5094402":{"prefectureJa":"岐阜県","cityJa":"飛騨市","townJa":"宮川町種蔵","prefectureEn":"GIFU KEN","cityEn":"HIDA SHI","townEn":"MIYAGAWACHO TANEKURA"},"5094403":{"prefectureJa":"岐阜県","cityJa":"飛騨市","townJa":"宮川町三川原","prefectureEn":"GIFU KEN","cityEn":"HIDA SHI","townEn":"MIYAGAWACHO SANGAWARA"},"5094404":{"prefectureJa":"岐阜県","cityJa":"飛騨市","townJa":"宮川町巣之内","prefectureEn":"GIFU KEN","cityEn":"HIDA SHI","townEn":"MIYAGAWACHO SUNOCHI"},"5094405":{"prefectureJa":"岐阜県","cityJa":"飛騨市","townJa":"宮川町丸山","prefectureEn":"GIFU KEN","cityEn":"HIDA SHI","townEn":"MIYAGAWACHO MARUYAMA"},"5094406":{"prefectureJa":"岐阜県","cityJa":"飛騨市","townJa":"宮川町牧戸","prefectureEn":"GIFU KEN","cityEn":"HIDA SHI","townEn":"MIYAGAWACHO MAKIDO"},"5094411":{"prefectureJa":"岐阜県","cityJa":"飛騨市","townJa":"宮川町野首","prefectureEn":"GIFU KEN","cityEn":"HIDA SHI","townEn":"MIYAGAWACHO NOKUBI"},"5094412":{"prefectureJa":"岐阜県","cityJa":"飛騨市","townJa":"宮川町岸奥","prefectureEn":"GIFU KEN","cityEn":"HIDA SHI","townEn":"MIYAGAWACHO KISHIOKU"},"5094413":{"prefectureJa":"岐阜県","cityJa":"飛騨市","townJa":"宮川町小谷","prefectureEn":"GIFU KEN","cityEn":"HIDA SHI","townEn":"MIYAGAWACHO KODANI"},"5094414":{"prefectureJa":"岐阜県","cityJa":"飛騨市","townJa":"宮川町大無雁","prefectureEn":"GIFU KEN","cityEn":"HIDA SHI","townEn":"MIYAGAWACHO OMUKARI"},"5094415":{"prefectureJa":"岐阜県","cityJa":"飛騨市","townJa":"宮川町落合","prefectureEn":"GIFU KEN","cityEn":"HIDA SHI","townEn":"MIYAGAWACHO OCHIAI"},"5094421":{"prefectureJa":"岐阜県","cityJa":"飛騨市","townJa":"宮川町高牧","prefectureEn":"GIFU KEN","cityEn":"HIDA SHI","townEn":"MIYAGAWACHO TAKAMAKI"},"5094422":{"prefectureJa":"岐阜県","cityJa":"飛騨市","townJa":"宮川町西忍","prefectureEn":"GIFU KEN","cityEn":"HIDA SHI","townEn":"MIYAGAWACHO NISHISHINOBI"},"5094423":{"prefectureJa":"岐阜県","cityJa":"飛騨市","townJa":"宮川町林","prefectureEn":"GIFU KEN","cityEn":"HIDA SHI","townEn":"MIYAGAWACHO HAYASHI"},"5094424":{"prefectureJa":"岐阜県","cityJa":"飛騨市","townJa":"宮川町森安","prefectureEn":"GIFU KEN","cityEn":"HIDA SHI","townEn":"MIYAGAWACHO MORIYASU"},"5094531":{"prefectureJa":"岐阜県","cityJa":"飛騨市","townJa":"宮川町鮎飛","prefectureEn":"GIFU KEN","cityEn":"HIDA SHI","townEn":"MIYAGAWACHO SUNODANI"},"5094532":{"prefectureJa":"岐阜県","cityJa":"飛騨市","townJa":"宮川町洞","prefectureEn":"GIFU KEN","cityEn":"HIDA SHI","townEn":"MIYAGAWACHO HORA"},"5094533":{"prefectureJa":"岐阜県","cityJa":"飛騨市","townJa":"宮川町塩屋","prefectureEn":"GIFU KEN","cityEn":"HIDA SHI","townEn":"MIYAGAWACHO SHIOYA"},"5094534":{"prefectureJa":"岐阜県","cityJa":"飛騨市","townJa":"宮川町中沢上","prefectureEn":"GIFU KEN","cityEn":"HIDA SHI","townEn":"MIYAGAWACHO NAKAZORE"},"5094535":{"prefectureJa":"岐阜県","cityJa":"飛騨市","townJa":"宮川町祢宜ケ沢上","prefectureEn":"GIFU KEN","cityEn":"HIDA SHI","townEn":"MIYAGAWACHO NEGASORE"},"5094541":{"prefectureJa":"岐阜県","cityJa":"飛騨市","townJa":"宮川町小豆沢","prefectureEn":"GIFU KEN","cityEn":"HIDA SHI","townEn":"MIYAGAWACHO AZUKIZAWA"},"5094542":{"prefectureJa":"岐阜県","cityJa":"飛騨市","townJa":"宮川町杉原","prefectureEn":"GIFU KEN","cityEn":"HIDA SHI","townEn":"MIYAGAWACHO SUGIHARA"},"5094543":{"prefectureJa":"岐阜県","cityJa":"飛騨市","townJa":"宮川町桑野","prefectureEn":"GIFU KEN","cityEn":"HIDA SHI","townEn":"MIYAGAWACHO KUWANO"},"5094544":{"prefectureJa":"岐阜県","cityJa":"飛騨市","townJa":"宮川町戸谷","prefectureEn":"GIFU KEN","cityEn":"HIDA SHI","townEn":"MIYAGAWACHO TODANI"},"5094545":{"prefectureJa":"岐阜県","cityJa":"飛騨市","townJa":"宮川町打保","prefectureEn":"GIFU KEN","cityEn":"HIDA SHI","townEn":"MIYAGAWACHO UTSUBO"},"5095100":{"prefectureJa":"岐阜県","cityJa":"土岐市","townJa":"以下に掲載がない場合","prefectureEn":"GIFU KEN","cityEn":"TOKI SHI","townEn":"IKANIKEISAIGANAIBAAI"},"5095101":{"prefectureJa":"岐阜県","cityJa":"土岐市","townJa":"泉町河合","prefectureEn":"GIFU KEN","cityEn":"TOKI SHI","townEn":"IZUMICHO KAWAI"},"5095102":{"prefectureJa":"岐阜県","cityJa":"土岐市","townJa":"泉町定林寺","prefectureEn":"GIFU KEN","cityEn":"TOKI SHI","townEn":"IZUMICHO JORINJI"},"5095103":{"prefectureJa":"岐阜県","cityJa":"土岐市","townJa":"泉東窯町","prefectureEn":"GIFU KEN","cityEn":"TOKI SHI","townEn":"IZUMI HIGASHIGAMACHO"},"5095104":{"prefectureJa":"岐阜県","cityJa":"土岐市","townJa":"泉中窯町","prefectureEn":"GIFU KEN","cityEn":"TOKI SHI","townEn":"IZUMI NAKAGAMACHO"},"5095105":{"prefectureJa":"岐阜県","cityJa":"土岐市","townJa":"泉西窯町","prefectureEn":"GIFU KEN","cityEn":"TOKI SHI","townEn":"IZUMI NISHIGAMACHO"},"5095106":{"prefectureJa":"岐阜県","cityJa":"土岐市","townJa":"泉仲森町","prefectureEn":"GIFU KEN","cityEn":"TOKI SHI","townEn":"IZUMI NAKAMORICHO"},"5095107":{"prefectureJa":"岐阜県","cityJa":"土岐市","townJa":"泉梅ノ木町","prefectureEn":"GIFU KEN","cityEn":"TOKI SHI","townEn":"IZUMI UMENOKICHO"},"5095111":{"prefectureJa":"岐阜県","cityJa":"土岐市","townJa":"肥田浅野双葉町","prefectureEn":"GIFU KEN","cityEn":"TOKI SHI","townEn":"HIDAASANO FUTABACHO"},"5095112":{"prefectureJa":"岐阜県","cityJa":"土岐市","townJa":"肥田浅野笠神町","prefectureEn":"GIFU KEN","cityEn":"TOKI SHI","townEn":"HIDAASANO KASAGAMICHO"},"5095113":{"prefectureJa":"岐阜県","cityJa":"土岐市","townJa":"肥田浅野元町","prefectureEn":"GIFU KEN","cityEn":"TOKI SHI","townEn":"HIDAASANO MOTOMACHI"},"5095114":{"prefectureJa":"岐阜県","cityJa":"土岐市","townJa":"肥田町浅野","prefectureEn":"GIFU KEN","cityEn":"TOKI SHI","townEn":"HIDACHO ASANO"},"5095115":{"prefectureJa":"岐阜県","cityJa":"土岐市","townJa":"肥田町肥田（その他）","prefectureEn":"GIFU KEN","cityEn":"TOKI SHI","townEn":"HIDACHO HIDA(SONOTA)"},"5095116":{"prefectureJa":"岐阜県","cityJa":"土岐市","townJa":"肥田浅野矢落町","prefectureEn":"GIFU KEN","cityEn":"TOKI SHI","townEn":"HIDAASANO YAOCHICHO"},"5095117":{"prefectureJa":"岐阜県","cityJa":"土岐市","townJa":"肥田浅野朝日町","prefectureEn":"GIFU KEN","cityEn":"TOKI SHI","townEn":"HIDAASANO ASAHIMACHI"},"5095118":{"prefectureJa":"岐阜県","cityJa":"土岐市","townJa":"肥田浅野梅ノ木町","prefectureEn":"GIFU KEN","cityEn":"TOKI SHI","townEn":"HIDAASANO UMENOKICHO"},"5095121":{"prefectureJa":"岐阜県","cityJa":"土岐市","townJa":"土岐津町高山","prefectureEn":"GIFU KEN","cityEn":"TOKI SHI","townEn":"TOKITSUCHO TAKAYAMA"},"5095122":{"prefectureJa":"岐阜県","cityJa":"土岐市","townJa":"土岐津町土岐口","prefectureEn":"GIFU KEN","cityEn":"TOKI SHI","townEn":"TOKITSUCHO TOKIGUCHI"},"5095123":{"prefectureJa":"岐阜県","cityJa":"土岐市","townJa":"土岐口南町","prefectureEn":"GIFU KEN","cityEn":"TOKI SHI","townEn":"TOKIGUCHI MINAMIMACHI"},"5095124":{"prefectureJa":"岐阜県","cityJa":"土岐市","townJa":"土岐口中町","prefectureEn":"GIFU KEN","cityEn":"TOKI SHI","townEn":"TOKIGUCHI NAKAMACHI"},"5095125":{"prefectureJa":"岐阜県","cityJa":"土岐市","townJa":"御幸町","prefectureEn":"GIFU KEN","cityEn":"TOKI SHI","townEn":"MIYUKICHO"},"5095126":{"prefectureJa":"岐阜県","cityJa":"土岐市","townJa":"土岐口北町","prefectureEn":"GIFU KEN","cityEn":"TOKI SHI","townEn":"TOKIGUCHI KITAMACHI"},"5095127":{"prefectureJa":"岐阜県","cityJa":"土岐市","townJa":"土岐ヶ丘","prefectureEn":"GIFU KEN","cityEn":"TOKI SHI","townEn":"TOKIGAOKA"},"5095131":{"prefectureJa":"岐阜県","cityJa":"土岐市","townJa":"泉寺田町","prefectureEn":"GIFU KEN","cityEn":"TOKI SHI","townEn":"IZUMI TERADACHO"},"5095132":{"prefectureJa":"岐阜県","cityJa":"土岐市","townJa":"泉町大富","prefectureEn":"GIFU KEN","cityEn":"TOKI SHI","townEn":"IZUMICHO OTOMI"},"5095133":{"prefectureJa":"岐阜県","cityJa":"土岐市","townJa":"泉神栄町","prefectureEn":"GIFU KEN","cityEn":"TOKI SHI","townEn":"IZUMI SHINEICHO"},"5095134":{"prefectureJa":"岐阜県","cityJa":"土岐市","townJa":"泉島田町","prefectureEn":"GIFU KEN","cityEn":"TOKI SHI","townEn":"IZUMI SHIMADACHO"},"5095135":{"prefectureJa":"岐阜県","cityJa":"土岐市","townJa":"泉森下町","prefectureEn":"GIFU KEN","cityEn":"TOKI SHI","townEn":"IZUMI MORISHITACHO"},"5095136":{"prefectureJa":"岐阜県","cityJa":"土岐市","townJa":"泉大島町","prefectureEn":"GIFU KEN","cityEn":"TOKI SHI","townEn":"IZUMI OSHIMACHO"},"5095141":{"prefectureJa":"岐阜県","cityJa":"土岐市","townJa":"泉岩畑町","prefectureEn":"GIFU KEN","cityEn":"TOKI SHI","townEn":"IZUMI IWABATACHO"},"5095142":{"prefectureJa":"岐阜県","cityJa":"土岐市","townJa":"泉町久尻","prefectureEn":"GIFU KEN","cityEn":"TOKI SHI","townEn":"IZUMICHO KUJIRI"},"5095143":{"prefectureJa":"岐阜県","cityJa":"土岐市","townJa":"泉日之出町","prefectureEn":"GIFU KEN","cityEn":"TOKI SHI","townEn":"IZUMIHINODECHO"},"5095144":{"prefectureJa":"岐阜県","cityJa":"土岐市","townJa":"泉池ノ上町","prefectureEn":"GIFU KEN","cityEn":"TOKI SHI","townEn":"IZUMI IKENOECHO"},"5095145":{"prefectureJa":"岐阜県","cityJa":"土岐市","townJa":"泉大沼町","prefectureEn":"GIFU KEN","cityEn":"TOKI SHI","townEn":"IZUMI ONUMACHO"},"5095146":{"prefectureJa":"岐阜県","cityJa":"土岐市","townJa":"泉明治町","prefectureEn":"GIFU KEN","cityEn":"TOKI SHI","townEn":"IZUMI MEIJIMACHI"},"5095147":{"prefectureJa":"岐阜県","cityJa":"土岐市","townJa":"泉郷町","prefectureEn":"GIFU KEN","cityEn":"TOKI SHI","townEn":"IZUMI GOMACHI"},"5095151":{"prefectureJa":"岐阜県","cityJa":"土岐市","townJa":"泉大坪町","prefectureEn":"GIFU KEN","cityEn":"TOKI SHI","townEn":"IZUMI OTSUBOCHO"},"5095152":{"prefectureJa":"岐阜県","cityJa":"土岐市","townJa":"泉寺下町","prefectureEn":"GIFU KEN","cityEn":"TOKI SHI","townEn":"IZUMI TERASHITACHO"},"5095153":{"prefectureJa":"岐阜県","cityJa":"土岐市","townJa":"泉西原町","prefectureEn":"GIFU KEN","cityEn":"TOKI SHI","townEn":"IZUMI NISHIHARACHO"},"5095154":{"prefectureJa":"岐阜県","cityJa":"土岐市","townJa":"泉西山町","prefectureEn":"GIFU KEN","cityEn":"TOKI SHI","townEn":"IZUMI NISHIYAMACHO"},"5095161":{"prefectureJa":"岐阜県","cityJa":"土岐市","townJa":"泉が丘町","prefectureEn":"GIFU KEN","cityEn":"TOKI SHI","townEn":"IZUMIGAOKACHO"},"5095171":{"prefectureJa":"岐阜県","cityJa":"土岐市","townJa":"泉北山町","prefectureEn":"GIFU KEN","cityEn":"TOKI SHI","townEn":"IZUMI KITAYAMACHO"},"5095201":{"prefectureJa":"岐阜県","cityJa":"土岐市","townJa":"下石阿庄町","prefectureEn":"GIFU KEN","cityEn":"TOKI SHI","townEn":"OROSHI ASHOCHO"},"5095202":{"prefectureJa":"岐阜県","cityJa":"土岐市","townJa":"下石町","prefectureEn":"GIFU KEN","cityEn":"TOKI SHI","townEn":"OROSHICHO"},"5095203":{"prefectureJa":"岐阜県","cityJa":"土岐市","townJa":"下石陶史台","prefectureEn":"GIFU KEN","cityEn":"TOKI SHI","townEn":"OROSHI TOSHIDAI"},"5095301":{"prefectureJa":"岐阜県","cityJa":"土岐市","townJa":"妻木町","prefectureEn":"GIFU KEN","cityEn":"TOKI SHI","townEn":"TSUMAGICHO"},"5095302":{"prefectureJa":"岐阜県","cityJa":"土岐市","townJa":"妻木平成町","prefectureEn":"GIFU KEN","cityEn":"TOKI SHI","townEn":"TSUMAGI HEISEICHO"},"5095311":{"prefectureJa":"岐阜県","cityJa":"土岐市","townJa":"鶴里町細野","prefectureEn":"GIFU KEN","cityEn":"TOKI SHI","townEn":"TSURUSATOCHO HOSONO"},"5095312":{"prefectureJa":"岐阜県","cityJa":"土岐市","townJa":"鶴里町柿野","prefectureEn":"GIFU KEN","cityEn":"TOKI SHI","townEn":"TSURUSATOCHO KAKINO"},"5095401":{"prefectureJa":"岐阜県","cityJa":"土岐市","townJa":"駄知町","prefectureEn":"GIFU KEN","cityEn":"TOKI SHI","townEn":"DACHICHO"},"5095402":{"prefectureJa":"岐阜県","cityJa":"土岐市","townJa":"曽木町","prefectureEn":"GIFU KEN","cityEn":"TOKI SHI","townEn":"SOGICHO"},"5095403":{"prefectureJa":"岐阜県","cityJa":"土岐市","townJa":"肥田町肥田（２８６～２８７番地）","prefectureEn":"GIFU KEN","cityEn":"TOKI SHI","townEn":"HIDACHO HIDA(286-287-BANCHI)"},"5096100":{"prefectureJa":"岐阜県","cityJa":"瑞浪市","townJa":"以下に掲載がない場合","prefectureEn":"GIFU KEN","cityEn":"MIZUNAMI SHI","townEn":"IKANIKEISAIGANAIBAAI"},"5096101":{"prefectureJa":"岐阜県","cityJa":"瑞浪市","townJa":"土岐町","prefectureEn":"GIFU KEN","cityEn":"MIZUNAMI SHI","townEn":"TOKICHO"},"5096102":{"prefectureJa":"岐阜県","cityJa":"瑞浪市","townJa":"稲津町萩原","prefectureEn":"GIFU KEN","cityEn":"MIZUNAMI SHI","townEn":"INATSUCHO HAGIWARA"},"5096103":{"prefectureJa":"岐阜県","cityJa":"瑞浪市","townJa":"稲津町小里","prefectureEn":"GIFU KEN","cityEn":"MIZUNAMI SHI","townEn":"INATSUCHO ORI"},"5096104":{"prefectureJa":"岐阜県","cityJa":"瑞浪市","townJa":"山田町","prefectureEn":"GIFU KEN","cityEn":"MIZUNAMI SHI","townEn":"YAMADACHO"},"5096105":{"prefectureJa":"岐阜県","cityJa":"瑞浪市","townJa":"明賀台","prefectureEn":"GIFU KEN","cityEn":"MIZUNAMI SHI","townEn":"MYOGADAI"},"5096106":{"prefectureJa":"岐阜県","cityJa":"瑞浪市","townJa":"学園台","prefectureEn":"GIFU KEN","cityEn":"MIZUNAMI SHI","townEn":"GAKUENDAI"},"5096107":{"prefectureJa":"岐阜県","cityJa":"瑞浪市","townJa":"穂並","prefectureEn":"GIFU KEN","cityEn":"MIZUNAMI SHI","townEn":"HONAMI"},"5096108":{"prefectureJa":"岐阜県","cityJa":"瑞浪市","townJa":"益見町","prefectureEn":"GIFU KEN","cityEn":"MIZUNAMI SHI","townEn":"MASUMICHO"},"5096111":{"prefectureJa":"岐阜県","cityJa":"瑞浪市","townJa":"下沖町","prefectureEn":"GIFU KEN","cityEn":"MIZUNAMI SHI","townEn":"SHITAOKICHO"},"5096112":{"prefectureJa":"岐阜県","cityJa":"瑞浪市","townJa":"小田町","prefectureEn":"GIFU KEN","cityEn":"MIZUNAMI SHI","townEn":"ODACHO"},"5096113":{"prefectureJa":"岐阜県","cityJa":"瑞浪市","townJa":"和合町","prefectureEn":"GIFU KEN","cityEn":"MIZUNAMI SHI","townEn":"WAGOCHO"},"5096114":{"prefectureJa":"岐阜県","cityJa":"瑞浪市","townJa":"西小田町","prefectureEn":"GIFU KEN","cityEn":"MIZUNAMI SHI","townEn":"NISHIODACHO"},"5096115":{"prefectureJa":"岐阜県","cityJa":"瑞浪市","townJa":"北小田町","prefectureEn":"GIFU KEN","cityEn":"MIZUNAMI SHI","townEn":"KITAODACHO"},"5096116":{"prefectureJa":"岐阜県","cityJa":"瑞浪市","townJa":"南小田町","prefectureEn":"GIFU KEN","cityEn":"MIZUNAMI SHI","townEn":"MINAMIODACHO"},"5096121":{"prefectureJa":"岐阜県","cityJa":"瑞浪市","townJa":"寺河戸町","prefectureEn":"GIFU KEN","cityEn":"MIZUNAMI SHI","townEn":"TERAKAWADOCHO"},"5096122":{"prefectureJa":"岐阜県","cityJa":"瑞浪市","townJa":"上平町","prefectureEn":"GIFU KEN","cityEn":"MIZUNAMI SHI","townEn":"UEDAIRACHO"},"5096123":{"prefectureJa":"岐阜県","cityJa":"瑞浪市","townJa":"樽上町","prefectureEn":"GIFU KEN","cityEn":"MIZUNAMI SHI","townEn":"TARUECHO"},"5096124":{"prefectureJa":"岐阜県","cityJa":"瑞浪市","townJa":"一色町","prefectureEn":"GIFU KEN","cityEn":"MIZUNAMI SHI","townEn":"ISHIKICHO"},"5096125":{"prefectureJa":"岐阜県","cityJa":"瑞浪市","townJa":"上野町","prefectureEn":"GIFU KEN","cityEn":"MIZUNAMI SHI","townEn":"UENOMACHI"},"5096126":{"prefectureJa":"岐阜県","cityJa":"瑞浪市","townJa":"高月町","prefectureEn":"GIFU KEN","cityEn":"MIZUNAMI SHI","townEn":"TAKATSUKICHO"},"5096127":{"prefectureJa":"岐阜県","cityJa":"瑞浪市","townJa":"須野志町","prefectureEn":"GIFU KEN","cityEn":"MIZUNAMI SHI","townEn":"SUNOSHICHO"},"5096128":{"prefectureJa":"岐阜県","cityJa":"瑞浪市","townJa":"宮前町","prefectureEn":"GIFU KEN","cityEn":"MIZUNAMI SHI","townEn":"MIYAMAECHO"},"5096131":{"prefectureJa":"岐阜県","cityJa":"瑞浪市","townJa":"明世町月吉","prefectureEn":"GIFU KEN","cityEn":"MIZUNAMI SHI","townEn":"AKIYOCHO TSUKIYOSHI"},"5096132":{"prefectureJa":"岐阜県","cityJa":"瑞浪市","townJa":"明世町山野内","prefectureEn":"GIFU KEN","cityEn":"MIZUNAMI SHI","townEn":"AKIYOCHO YAMANOCHI"},"5096133":{"prefectureJa":"岐阜県","cityJa":"瑞浪市","townJa":"明世町戸狩","prefectureEn":"GIFU KEN","cityEn":"MIZUNAMI SHI","townEn":"AKIYOCHO TOGARI"},"5096134":{"prefectureJa":"岐阜県","cityJa":"瑞浪市","townJa":"松ケ瀬町","prefectureEn":"GIFU KEN","cityEn":"MIZUNAMI SHI","townEn":"MATSUGASECHO"},"5096135":{"prefectureJa":"岐阜県","cityJa":"瑞浪市","townJa":"薬師町","prefectureEn":"GIFU KEN","cityEn":"MIZUNAMI SHI","townEn":"YAKUSHICHO"},"5096251":{"prefectureJa":"岐阜県","cityJa":"瑞浪市","townJa":"日吉町","prefectureEn":"GIFU KEN","cityEn":"MIZUNAMI SHI","townEn":"HIYOSHICHO"},"5096361":{"prefectureJa":"岐阜県","cityJa":"瑞浪市","townJa":"陶町猿爪","prefectureEn":"GIFU KEN","cityEn":"MIZUNAMI SHI","townEn":"SUECHO MASHIZUME"},"5096362":{"prefectureJa":"岐阜県","cityJa":"瑞浪市","townJa":"陶町水上","prefectureEn":"GIFU KEN","cityEn":"MIZUNAMI SHI","townEn":"SUECHO MIZUKAMI"},"5096363":{"prefectureJa":"岐阜県","cityJa":"瑞浪市","townJa":"陶町大川","prefectureEn":"GIFU KEN","cityEn":"MIZUNAMI SHI","townEn":"SUECHO OKAWA"},"5096471":{"prefectureJa":"岐阜県","cityJa":"瑞浪市","townJa":"大湫町","prefectureEn":"GIFU KEN","cityEn":"MIZUNAMI SHI","townEn":"OKUTECHO"},"5096472":{"prefectureJa":"岐阜県","cityJa":"瑞浪市","townJa":"釜戸町","prefectureEn":"GIFU KEN","cityEn":"MIZUNAMI SHI","townEn":"KAMADOCHO"},"5097121":{"prefectureJa":"岐阜県","cityJa":"恵那市","townJa":"武並町藤","prefectureEn":"GIFU KEN","cityEn":"ENA SHI","townEn":"TAKENAMICHO FUJI"},"5097122":{"prefectureJa":"岐阜県","cityJa":"恵那市","townJa":"武並町竹折","prefectureEn":"GIFU KEN","cityEn":"ENA SHI","townEn":"TAKENAMICHO TAKEORI"},"5097123":{"prefectureJa":"岐阜県","cityJa":"恵那市","townJa":"三郷町野井","prefectureEn":"GIFU KEN","cityEn":"ENA SHI","townEn":"MISATOCHO NOI"},"5097124":{"prefectureJa":"岐阜県","cityJa":"恵那市","townJa":"三郷町佐々良木","prefectureEn":"GIFU KEN","cityEn":"ENA SHI","townEn":"MISATOCHO SAZARAGI"},"5097125":{"prefectureJa":"岐阜県","cityJa":"恵那市","townJa":"三郷町椋実","prefectureEn":"GIFU KEN","cityEn":"ENA SHI","townEn":"MISATOCHO MUKUNOMI"},"5097126":{"prefectureJa":"岐阜県","cityJa":"恵那市","townJa":"武並町新竹折","prefectureEn":"GIFU KEN","cityEn":"ENA SHI","townEn":"TAKENAMICHO SHINTAKEORI"},"5097200":{"prefectureJa":"岐阜県","cityJa":"恵那市","townJa":"以下に掲載がない場合","prefectureEn":"GIFU KEN","cityEn":"ENA SHI","townEn":"IKANIKEISAIGANAIBAAI"},"5097201":{"prefectureJa":"岐阜県","cityJa":"恵那市","townJa":"大井町","prefectureEn":"GIFU KEN","cityEn":"ENA SHI","townEn":"OICHO"},"5097202":{"prefectureJa":"岐阜県","cityJa":"恵那市","townJa":"東野","prefectureEn":"GIFU KEN","cityEn":"ENA SHI","townEn":"HIGASHINO"},"5097203":{"prefectureJa":"岐阜県","cityJa":"恵那市","townJa":"長島町正家","prefectureEn":"GIFU KEN","cityEn":"ENA SHI","townEn":"OSASHIMACHO SHOGE"},"5097204":{"prefectureJa":"岐阜県","cityJa":"恵那市","townJa":"長島町永田","prefectureEn":"GIFU KEN","cityEn":"ENA SHI","townEn":"OSASHIMACHO NAGATA"},"5097205":{"prefectureJa":"岐阜県","cityJa":"恵那市","townJa":"長島町中野","prefectureEn":"GIFU KEN","cityEn":"ENA SHI","townEn":"OSASHIMACHO NAKANO"},"5097206":{"prefectureJa":"岐阜県","cityJa":"恵那市","townJa":"長島町久須見","prefectureEn":"GIFU KEN","cityEn":"ENA SHI","townEn":"OSASHIMACHO KUSUMI"},"5097207":{"prefectureJa":"岐阜県","cityJa":"恵那市","townJa":"笠置町河合","prefectureEn":"GIFU KEN","cityEn":"ENA SHI","townEn":"KASAGICHO KAWAI"},"5097208":{"prefectureJa":"岐阜県","cityJa":"恵那市","townJa":"笠置町姫栗","prefectureEn":"GIFU KEN","cityEn":"ENA SHI","townEn":"KASAGICHO HIMEGURI"},"5097209":{"prefectureJa":"岐阜県","cityJa":"恵那市","townJa":"笠置町毛呂窪","prefectureEn":"GIFU KEN","cityEn":"ENA SHI","townEn":"KASAGICHO KEROKUBO"},"5097211":{"prefectureJa":"岐阜県","cityJa":"恵那市","townJa":"長島町鍋山","prefectureEn":"GIFU KEN","cityEn":"ENA SHI","townEn":"OSASHIMACHO NABEYAMA"},"5097321":{"prefectureJa":"岐阜県","cityJa":"中津川市","townJa":"阿木（その他）","prefectureEn":"GIFU KEN","cityEn":"NAKATSUGAWA SHI","townEn":"AGI(SONOTA)"},"5097322":{"prefectureJa":"岐阜県","cityJa":"中津川市","townJa":"飯沼","prefectureEn":"GIFU KEN","cityEn":"NAKATSUGAWA SHI","townEn":"IINUMA"},"5097401":{"prefectureJa":"岐阜県","cityJa":"恵那市","townJa":"岩村町飯羽間","prefectureEn":"GIFU KEN","cityEn":"ENA SHI","townEn":"IWAMURACHO IIBAMA"},"5097402":{"prefectureJa":"岐阜県","cityJa":"恵那市","townJa":"岩村町富田","prefectureEn":"GIFU KEN","cityEn":"ENA SHI","townEn":"IWAMURACHO TOMIDA"},"5097403":{"prefectureJa":"岐阜県","cityJa":"恵那市","townJa":"岩村町","prefectureEn":"GIFU KEN","cityEn":"ENA SHI","townEn":"IWAMURACHO"},"5097501":{"prefectureJa":"岐阜県","cityJa":"恵那市","townJa":"上矢作町（木ノ実）","prefectureEn":"GIFU KEN","cityEn":"ENA SHI","townEn":"KAMIYAHAGICHO(KINOMI)"},"5097502":{"prefectureJa":"岐阜県","cityJa":"恵那市","townJa":"上矢作町（飯田洞）","prefectureEn":"GIFU KEN","cityEn":"ENA SHI","townEn":"KAMIYAHAGICHO(IIDABORA)"},"5097503":{"prefectureJa":"岐阜県","cityJa":"恵那市","townJa":"上矢作町（達原）","prefectureEn":"GIFU KEN","cityEn":"ENA SHI","townEn":"KAMIYAHAGICHO(TATSUBARA)"},"5097504":{"prefectureJa":"岐阜県","cityJa":"恵那市","townJa":"上矢作町（小笹原）","prefectureEn":"GIFU KEN","cityEn":"ENA SHI","townEn":"KAMIYAHAGICHO(KOZASAHARA)"},"5097505":{"prefectureJa":"岐阜県","cityJa":"恵那市","townJa":"上矢作町（島）","prefectureEn":"GIFU KEN","cityEn":"ENA SHI","townEn":"KAMIYAHAGICHO(SHIMA)"},"5097506":{"prefectureJa":"岐阜県","cityJa":"恵那市","townJa":"上矢作町（本郷）","prefectureEn":"GIFU KEN","cityEn":"ENA SHI","townEn":"KAMIYAHAGICHO(HONGO)"},"5097507":{"prefectureJa":"岐阜県","cityJa":"恵那市","townJa":"上矢作町（横道）","prefectureEn":"GIFU KEN","cityEn":"ENA SHI","townEn":"KAMIYAHAGICHO(YOKOMICHI)"},"5097511":{"prefectureJa":"岐阜県","cityJa":"恵那市","townJa":"上矢作町漆原","prefectureEn":"GIFU KEN","cityEn":"ENA SHI","townEn":"KAMIYAHAGICHO URUSHIHARA"},"5097512":{"prefectureJa":"岐阜県","cityJa":"恵那市","townJa":"上矢作町下","prefectureEn":"GIFU KEN","cityEn":"ENA SHI","townEn":"KAMIYAHAGICHO SHIMO"},"5097513":{"prefectureJa":"岐阜県","cityJa":"恵那市","townJa":"上矢作町小田子","prefectureEn":"GIFU KEN","cityEn":"ENA SHI","townEn":"KAMIYAHAGICHO KODAKO"},"5097521":{"prefectureJa":"岐阜県","cityJa":"恵那市","townJa":"上矢作町","prefectureEn":"GIFU KEN","cityEn":"ENA SHI","townEn":"KAMIYAHAGICHO"},"5097601":{"prefectureJa":"岐阜県","cityJa":"恵那市","townJa":"山岡町久保原","prefectureEn":"GIFU KEN","cityEn":"ENA SHI","townEn":"YAMAOKACHO KUBOHARA"},"5097602":{"prefectureJa":"岐阜県","cityJa":"恵那市","townJa":"山岡町馬場山田","prefectureEn":"GIFU KEN","cityEn":"ENA SHI","townEn":"YAMAOKACHO BABAYAMADA"},"5097603":{"prefectureJa":"岐阜県","cityJa":"恵那市","townJa":"山岡町上手向","prefectureEn":"GIFU KEN","cityEn":"ENA SHI","townEn":"YAMAOKACHO KAMITOGE"},"5097604":{"prefectureJa":"岐阜県","cityJa":"恵那市","townJa":"山岡町釜屋","prefectureEn":"GIFU KEN","cityEn":"ENA SHI","townEn":"YAMAOKACHO KAMAYA"},"5097605":{"prefectureJa":"岐阜県","cityJa":"恵那市","townJa":"山岡町原","prefectureEn":"GIFU KEN","cityEn":"ENA SHI","townEn":"YAMAOKACHO HARA"},"5097606":{"prefectureJa":"岐阜県","cityJa":"恵那市","townJa":"山岡町田代","prefectureEn":"GIFU KEN","cityEn":"ENA SHI","townEn":"YAMAOKACHO TASHIRO"},"5097607":{"prefectureJa":"岐阜県","cityJa":"恵那市","townJa":"山岡町下手向","prefectureEn":"GIFU KEN","cityEn":"ENA SHI","townEn":"YAMAOKACHO SHIMOTOGE"},"5097608":{"prefectureJa":"岐阜県","cityJa":"恵那市","townJa":"山岡町田沢","prefectureEn":"GIFU KEN","cityEn":"ENA SHI","townEn":"YAMAOKACHO TAZAWA"},"5097701":{"prefectureJa":"岐阜県","cityJa":"恵那市","townJa":"明智町野志","prefectureEn":"GIFU KEN","cityEn":"ENA SHI","townEn":"AKECHICHO NOSHI"},"5097702":{"prefectureJa":"岐阜県","cityJa":"恵那市","townJa":"明智町杉野","prefectureEn":"GIFU KEN","cityEn":"ENA SHI","townEn":"AKECHICHO SUGINO"},"5097703":{"prefectureJa":"岐阜県","cityJa":"恵那市","townJa":"明智町（市場町）","prefectureEn":"GIFU KEN","cityEn":"ENA SHI","townEn":"AKECHICHO(ICHIBACHO)"},"5097704":{"prefectureJa":"岐阜県","cityJa":"恵那市","townJa":"明智町（駅前町）","prefectureEn":"GIFU KEN","cityEn":"ENA SHI","townEn":"AKECHICHO(EKIMAECHO)"},"5097705":{"prefectureJa":"岐阜県","cityJa":"恵那市","townJa":"明智町（新町）","prefectureEn":"GIFU KEN","cityEn":"ENA SHI","townEn":"AKECHICHO(SHIMMACHI)"},"5097706":{"prefectureJa":"岐阜県","cityJa":"恵那市","townJa":"明智町（向町）","prefectureEn":"GIFU KEN","cityEn":"ENA SHI","townEn":"AKECHICHO(MUKAIMACHI)"},"5097707":{"prefectureJa":"岐阜県","cityJa":"恵那市","townJa":"明智町（滝坂住宅）","prefectureEn":"GIFU KEN","cityEn":"ENA SHI","townEn":"AKECHICHO(TAKIZAKAJUTAKU)"},"5097708":{"prefectureJa":"岐阜県","cityJa":"恵那市","townJa":"明智町（新井町）","prefectureEn":"GIFU KEN","cityEn":"ENA SHI","townEn":"AKECHICHO(ARAICHO)"},"5097711":{"prefectureJa":"岐阜県","cityJa":"恵那市","townJa":"明智町東方","prefectureEn":"GIFU KEN","cityEn":"ENA SHI","townEn":"AKECHICHO HIGASHIGATA"},"5097712":{"prefectureJa":"岐阜県","cityJa":"恵那市","townJa":"明智町（的場町）","prefectureEn":"GIFU KEN","cityEn":"ENA SHI","townEn":"AKECHICHO(MATOBACHO)"},"5097713":{"prefectureJa":"岐阜県","cityJa":"恵那市","townJa":"明智町（片平町）","prefectureEn":"GIFU KEN","cityEn":"ENA SHI","townEn":"AKECHICHO(KATAHIRACHO)"},"5097714":{"prefectureJa":"岐阜県","cityJa":"恵那市","townJa":"明智町（常盤町）","prefectureEn":"GIFU KEN","cityEn":"ENA SHI","townEn":"AKECHICHO(TOKIWACHO)"},"5097715":{"prefectureJa":"岐阜県","cityJa":"恵那市","townJa":"明智町（東町）","prefectureEn":"GIFU KEN","cityEn":"ENA SHI","townEn":"AKECHICHO(HIGASHIMACHI)"},"5097716":{"prefectureJa":"岐阜県","cityJa":"恵那市","townJa":"明智町（本町）","prefectureEn":"GIFU KEN","cityEn":"ENA SHI","townEn":"AKECHICHO(HOMMACHI)"},"5097717":{"prefectureJa":"岐阜県","cityJa":"恵那市","townJa":"明智町（宮町）","prefectureEn":"GIFU KEN","cityEn":"ENA SHI","townEn":"AKECHICHO(MIYAMACHI)"},"5097718":{"prefectureJa":"岐阜県","cityJa":"恵那市","townJa":"明智町（東山町）","prefectureEn":"GIFU KEN","cityEn":"ENA SHI","townEn":"AKECHICHO(HIGASHIYAMACHO)"},"5097721":{"prefectureJa":"岐阜県","cityJa":"恵那市","townJa":"明智町大泉","prefectureEn":"GIFU KEN","cityEn":"ENA SHI","townEn":"AKECHICHO OIZUMI"},"5097722":{"prefectureJa":"岐阜県","cityJa":"恵那市","townJa":"明智町（徳間町）","prefectureEn":"GIFU KEN","cityEn":"ENA SHI","townEn":"AKECHICHO(TOKUMACHO)"},"5097723":{"prefectureJa":"岐阜県","cityJa":"恵那市","townJa":"明智町大田","prefectureEn":"GIFU KEN","cityEn":"ENA SHI","townEn":"AKECHICHO OTA"},"5097724":{"prefectureJa":"岐阜県","cityJa":"恵那市","townJa":"明智町横通","prefectureEn":"GIFU KEN","cityEn":"ENA SHI","townEn":"AKECHICHO YOKODORI"},"5097725":{"prefectureJa":"岐阜県","cityJa":"恵那市","townJa":"明智町阿妻","prefectureEn":"GIFU KEN","cityEn":"ENA SHI","townEn":"AKECHICHO AZUMA"},"5097726":{"prefectureJa":"岐阜県","cityJa":"恵那市","townJa":"明智町吉良見","prefectureEn":"GIFU KEN","cityEn":"ENA SHI","townEn":"AKECHICHO KIRAMI"},"5097731":{"prefectureJa":"岐阜県","cityJa":"恵那市","townJa":"明智町","prefectureEn":"GIFU KEN","cityEn":"ENA SHI","townEn":"AKECHICHO"},"5097801":{"prefectureJa":"岐阜県","cityJa":"恵那市","townJa":"串原（中沢）","prefectureEn":"GIFU KEN","cityEn":"ENA SHI","townEn":"KUSHIHARA(NAKASAWA)"},"5097802":{"prefectureJa":"岐阜県","cityJa":"恵那市","townJa":"串原（平山）","prefectureEn":"GIFU KEN","cityEn":"ENA SHI","townEn":"KUSHIHARA(TAIRAYAMA)"},"5097803":{"prefectureJa":"岐阜県","cityJa":"恵那市","townJa":"串原（松本）","prefectureEn":"GIFU KEN","cityEn":"ENA SHI","townEn":"KUSHIHARA(MATSUMOTO)"},"5097804":{"prefectureJa":"岐阜県","cityJa":"恵那市","townJa":"串原（戸中）","prefectureEn":"GIFU KEN","cityEn":"ENA SHI","townEn":"KUSHIHARA(TOCHU)"},"5097805":{"prefectureJa":"岐阜県","cityJa":"恵那市","townJa":"串原（峯）","prefectureEn":"GIFU KEN","cityEn":"ENA SHI","townEn":"KUSHIHARA(MINE)"},"5097806":{"prefectureJa":"岐阜県","cityJa":"恵那市","townJa":"串原（松林）","prefectureEn":"GIFU KEN","cityEn":"ENA SHI","townEn":"KUSHIHARA(MATSUBAYASHI)"},"5097811":{"prefectureJa":"岐阜県","cityJa":"恵那市","townJa":"串原（福原）","prefectureEn":"GIFU KEN","cityEn":"ENA SHI","townEn":"KUSHIHARA(FUKUBARA)"},"5097812":{"prefectureJa":"岐阜県","cityJa":"恵那市","townJa":"串原（森上）","prefectureEn":"GIFU KEN","cityEn":"ENA SHI","townEn":"KUSHIHARA(MORIAGE)"},"5097813":{"prefectureJa":"岐阜県","cityJa":"恵那市","townJa":"串原（大竹）","prefectureEn":"GIFU KEN","cityEn":"ENA SHI","townEn":"KUSHIHARA(OTAKE)"},"5097814":{"prefectureJa":"岐阜県","cityJa":"恵那市","townJa":"串原（相走）","prefectureEn":"GIFU KEN","cityEn":"ENA SHI","townEn":"KUSHIHARA(AIBASHIRI)"},"5097815":{"prefectureJa":"岐阜県","cityJa":"恵那市","townJa":"串原（大野）","prefectureEn":"GIFU KEN","cityEn":"ENA SHI","townEn":"KUSHIHARA(ONO)"},"5097816":{"prefectureJa":"岐阜県","cityJa":"恵那市","townJa":"串原（岩倉）","prefectureEn":"GIFU KEN","cityEn":"ENA SHI","townEn":"KUSHIHARA(IWAKURA)"},"5097821":{"prefectureJa":"岐阜県","cityJa":"恵那市","townJa":"串原（大平）","prefectureEn":"GIFU KEN","cityEn":"ENA SHI","townEn":"KUSHIHARA(ODAIRA)"},"5097822":{"prefectureJa":"岐阜県","cityJa":"恵那市","townJa":"串原（柿畑）","prefectureEn":"GIFU KEN","cityEn":"ENA SHI","townEn":"KUSHIHARA(KAKIBATA)"},"5097823":{"prefectureJa":"岐阜県","cityJa":"恵那市","townJa":"串原（閑羅瀬）","prefectureEn":"GIFU KEN","cityEn":"ENA SHI","townEn":"KUSHIHARA(SHIZURASE)"},"5097824":{"prefectureJa":"岐阜県","cityJa":"恵那市","townJa":"串原（大簗）","prefectureEn":"GIFU KEN","cityEn":"ENA SHI","townEn":"KUSHIHARA(OYANA)"},"5097825":{"prefectureJa":"岐阜県","cityJa":"恵那市","townJa":"串原（川ケ渡）","prefectureEn":"GIFU KEN","cityEn":"ENA SHI","townEn":"KUSHIHARA(KAWAKADO)"},"5097826":{"prefectureJa":"岐阜県","cityJa":"恵那市","townJa":"串原（木根）","prefectureEn":"GIFU KEN","cityEn":"ENA SHI","townEn":"KUSHIHARA(KINE)"},"5097831":{"prefectureJa":"岐阜県","cityJa":"恵那市","townJa":"串原","prefectureEn":"GIFU KEN","cityEn":"ENA SHI","townEn":"KUSHIHARA"},"5098231":{"prefectureJa":"岐阜県","cityJa":"恵那市","townJa":"中野方町","prefectureEn":"GIFU KEN","cityEn":"ENA SHI","townEn":"NAKANOHOCHO"},"5098232":{"prefectureJa":"岐阜県","cityJa":"恵那市","townJa":"飯地町","prefectureEn":"GIFU KEN","cityEn":"ENA SHI","townEn":"IIJICHO"},"5098301":{"prefectureJa":"岐阜県","cityJa":"中津川市","townJa":"蛭川","prefectureEn":"GIFU KEN","cityEn":"NAKATSUGAWA SHI","townEn":"HIRUKAWA"},"5099131":{"prefectureJa":"岐阜県","cityJa":"中津川市","townJa":"千旦林","prefectureEn":"GIFU KEN","cityEn":"NAKATSUGAWA SHI","townEn":"SENDAMBAYASHI"},"5099132":{"prefectureJa":"岐阜県","cityJa":"中津川市","townJa":"茄子川","prefectureEn":"GIFU KEN","cityEn":"NAKATSUGAWA SHI","townEn":"NASUBIGAWA"},"5099201":{"prefectureJa":"岐阜県","cityJa":"中津川市","townJa":"川上","prefectureEn":"GIFU KEN","cityEn":"NAKATSUGAWA SHI","townEn":"KAWAUE"},"5099231":{"prefectureJa":"岐阜県","cityJa":"中津川市","townJa":"上野","prefectureEn":"GIFU KEN","cityEn":"NAKATSUGAWA SHI","townEn":"UENO"},"5099232":{"prefectureJa":"岐阜県","cityJa":"中津川市","townJa":"坂下","prefectureEn":"GIFU KEN","cityEn":"NAKATSUGAWA SHI","townEn":"SAKASHITA"}}